S00C0000627462722E737265636E
S1134000E03F001035980000F1980000B15D000019
S1134010D95D0000015E0000295E00000000000080
S1134020000000000000000000000000F198000003
S1134030F198000000000000F1980000F1980000E1
S1134040F1980000998A0000F1980000F1980000AE
S1134050F1980000F1980000F1980000F198000038
S1134060F1980000F1980000F1980000F198000028
S1134070F1980000F1980000F1980000F198000018
S1134080F1980000F1980000F1980000F198000008
S1134090F198000031910000F1980000F1980000BF
S11340A031980000F198000079420000F198000076
S11340B0F1980000F1980000F1980000F1980000D8
S11340C0F1980000F1980000F1980000844641EA5C
S11340D0000313F0030349D1403A23D30B68036070
S11340E04B6843608B688360CB68C3600B69036172
S11340F04B6943618B698361CB69C3610B6A03625A
S11341004B6A43628B6A8362CB6AC3620B6B036341
S11341104B6B43638B6B8363CB6BC3634030403126
S1134120403ADBD230320BD30B6803604B684360F8
S11341308B688360CB68C36010301031103AF3D2BF
S11341400C3205D351F8043B40F8043B043AF9D24D
S1134150043208D0D2071CBF11F8013B00F8013B20
S113416001D30B8803806046704700BF082A13D32D
S11341708B07B1D010F00303AED0C3F10403D21AFD
S1134180DB071CBF11F8013B00F8013BA4D331F855
S1134190023B20F8023B9FE7043AD9D3013A11F8D5
S11341A0013B00F8013BF9D20B7803704B78437064
S11341B08B7883706046704770B503460446800769
S11341C08E4607D0002A3ED003F801EB990702F18E
S11341D0FF32F7D1032A2BD95FFA8EFC0CEB0C2C9F
S11341E00F2A0CEB0C4134D99C46002015090130F0
S11341F0A842CCE90011CCE902110CF1100CF6D361
S1134200681E103312F00C0F03EB001302F00F00C2
S11342101BD0021F032A196005D9A0F10802032A42
S1134220596088BF996000F0030220F00300034442
S11342304AB1013A83F800E005D0012A83F801E08D
S113424018BF83F802E0204670BD0246002AF0D170
S1134250F9E71046DDE700BF38B5054C054DAC4223
S113426004D054F8043B9847AC42FAD138BD00BF9F
S1134270000000000000000010B5044C0448216850
S113428001F062FEFF23A360236110BD00400050D3
S113429078AF000030B54FF0E02100224FF0FF0C62
S11342A04FF080650124DFF854E0154BDEF8C400BC
S11342B040F00050CEF8C400D1F8180440F478005F
S11342C0C1F81804C1F80051C3F81021C3F8302113
S11342D0C3F85021C3F87021C3F89021C3F8B0216A
S11342E0C3F8D021C3F8F021C3F808C0C3F810C044
S11342F01C631A6BD207FCD530BD00BF00C00F4051
S11343000040005010B582B04FF0805E4FF0000CBA
S1134310012002210F4A104CC2F898E062680F4B4A
S113432022F002026260C4F824C0C3F810C198608D
S1134330186199601961E3685A0708D5084801F0C3
S113434003FEA3688DF80730E3685B07F6D402B078
S113435010BD00BF00C00920000003400040005011
S113436084AF000000B54FF080504FF0010E0C22D6
S11343700A4B0B49DFF82CC0C1F89800C3F824E0BD
S11343805A605A6842F002025A60DCF8103143EA7B
S11343900E03CCF81031C1F89C0000BD00000340AE
S11343A000C009200040005010B54FF0000C41F24D
S11343B006020A4B0A4CDFF82CE041F0006141F49C
S11343C080512060C3F800E1C3F80401C3F808C1B8
S11343D0C3F80C11C3F8102110BD00BF00400050F9
S11343E08801001008000340034A044BD2F804017A
S11343F01B68C01A704700BF0040005088010010BD
S113440010B582B0D0F802C0094CCDF800C0B0F8A5
S113441006C00B46246869461268ADF804C04078AB
S1134420A047A0F10100B0FA80F0400902B010BD2D
S1134430A801001010B592B0402202A9052006F090
S1134440F5F82E4C014663689DF80820EBB1432A29
S113445049D198685A8803F10C0CA0EB0C0CA2EB20
S11344600C029142D8BF01F1FF32811899600DF11D
S11344700901FFF72BFE61688B684A8801F10C0083
S11344801B1A9A4221D012B010BD532A32D1BDF862
S11344900A20019002F10C00009201F0DDFB0346BA
S11344A00199009AA1F1030C0C309445C3E9010071
S11344B05A80636003DC04398A4218DB0A46811897
S11344C0996003A9FFF702FED5E7EFF3108372B6F4
S11344D00B48009302F088FB009B83F310880023B1
S11344E0636012B010BD1146064801F03DFC064859
S11344F001F03AFC1146054801F036FCA801001011
S1134500BC020010D8AF0000BCAF00008CAF0000AC
S113451010B588B0044601A902A805F0FBFD9DF87A
S113452008C0BCF1000F1CD1204602A90DF1180EE1
S113453011F8013F80F87DC01A099F2B03F00F0387
S11345408CBF57323032092B8CBF573330338E45F2
S113455080F87C2080F87E3080F87FC000F1040071
S1134560E6D108B010BD00BF10B5044605F0E2FE68
S11345700F48FFF7CDFF0E4806F04AFA0D4A022015
S113458042F8084B0C4905F0CBFE05200B4905F019
S113459037FF4FF0E0234FF080720949C3F8002140
S11345A0FF2006F01DFA012005F07CFF002010BD5D
S11345B020000010A8010010014400003544000050
S11345C008B0000038B54FF0E0234FF08072044685
S11345D00D46C3F88021822005F08AFF10F0600F99
S11345E0F9D1402D2A462146A8BF4022822005F059
S11345F0D3FF06F0C1F84FF0E0234FF08072C3F808
S1134600002138BD2DE9F04393B04FF0E0234FF083
S113461080728220C3F8802105F06AFF00F06003F5
S1134620602B044672D04A4DD5F80C31002B6FD064
S113463043224FF03F0E01208DF808208046724639
S11346409E685968A6EB010C624504F020072EDC35
S1134650002F3AD102AA40279146104401EB0E06DE
S113466072465E60FFF732FD3A464946822005F005
S113467093FF4322D5F80C318DF80820D3E90112B9
S1134680521A3E2A1EDC002A5ED106F075F8D5F8CF
S11346900C01D0E901329A422ED001204FF0E023E0
S11346A04FF08072C3F8002113B0BDE8F083BCF171
S11346B0000FEAD037BB02AAE6469146104408EB45
S11346C00C07CDE701203F2280466406DDD48C1818
S11346D05C6002AC20440192FFF7F8FC019A214689
S11346E04244822005F058FF06F046F8D5F80C0144
S11346F0D0E901329A42D0D101F0D2FA0023C5F8B0
S11347000C31CAE764066246BFD4E0E70020C5E77F
S1134710EFF3108672B60F4802F050FA034686F3A0
S11347201088C5F80C010028F0D0D0E901165322F6
S11347304FF03C0E0420A6EB010CADF80820804697
S11347407246ADF80AC07FE701208046BDE700BF8E
S1134750A8010010E402001010B582B0232825D867
S1134760DFE810F0D10024002400C900C200BA0020
S1134770E200D400DC00B200AB0024002400A80056
S1134780A3009E0096008F00870080002400240070
S11347902400240079005A00240024004D00440021
S11347A02400240024002D0024002700002002B04F
S11347B010BD012111701960012002B010BD4FF02D
S11347C000015C4811800193009206F0A7FB844627
S11347D0009A5FFA8CF4D01C82F802C05549224634
S11347E0FFF774FC019BE21C1A60E5E709880729BE
S11347F0DCD8052041F0080105F032F9DCE705209A
S1134800CDE9002305F0FAF80121009A019B00F09C
S1134810070010701960CFE74FF4BA70464B474A4F
S11348201A6001F019FA014614234FF4B47001F12F
S11348300C0C01F11002C1F804C048808A600B73AB
S1134840EFF3108372B63E48009302F0CDF9009B5B
S113485083F31088B0E7009305F0B0FC0022009BBE
S11348601A60A9E70B884FF4807273B1354B9A65CF
S1134870A2E701203349496DC1F30021117018608A
S11348809AE70B888022002BF0D12E4BDA6593E750
S113489001202C49496DC1F3C011117018608BE7D8
S11348A01946104605F016FC86E71946104605F031
S11348B031FC81E74FF4BA70B3E70B884FF4007210
S11348C0B3B1204B9A6377E701201E49496BC1F3CA
S11348D04021117018606FE701201A49496BC1F338
S11348E000111170186067E70B880222002BE8D1D1
S11348F0144BDA6360E701201249496BC1F34001AC
S11349001170186058E700221A6055E701200D491C
S1134910496BC1F30021117018604DE70B884FF407
S11349208072002BE4D0CCE70B881022002BDFD060
S1134930C7E700BF30B000001C00001021BB0543D6
S1134940BC02001000C009202DE9F04383B00446E6
S11349508946EFF3108772B6444D2B78052B55D852
S1134960434E444A56F82310002908BF114605282F
S113497024D856F82420DFF8FC803F48002A08BFDA
S11349804246019301F0E0FA019B34B92C7087F39D
S11349901088F3B903B0BDE8F083032C3BD0ABB16E
S11349A087F31088052B55D856F82310314B00296E
S11349B008BF1946052C4ED9304A46E02F4A2E48E6
S11349C0019301F0C1FA019B002B4BD12C7087F3AA
S11349D010884FF4BA7001F03FF94FF4B4730146F4
S11349E029220C304B8001F1120348600A738B605A
S11349F00C7481F81190EFF3108472B6204802F021
S1134A00F3F884F3108803B0BDE8F083052813D8C5
S1134A101A49174EADE7022BD8D0052BD6D0032B5D
S1134A20D4D087F31088052B12D856F82310002908
S1134A3008BF4146134A08E0104A0F48114601F0E6
S1134A4083FA87F310880D490A460F4801F08CF960
S1134A500A49EFE7094956F82420064B002A08BF03
S1134A601A46F2E787F310889EE700BFB8020010E9
S1134A7024B700003CB0000058B0000044B000006F
S1134A80E40200104CB0000068B00000F8B5EFF389
S1134A90108572B65E4802F091F8044685F31088DA
S1134AA0E0B1017B202912D8DFE801F028111111AF
S1134AB011111111111111111111111111111111E2
S1134AC06F5EA447442E58724E1B957C510051488A
S1134AD001F03AFA204601F0E3F80120F8BD01F0B4
S1134AE0DFF8EFF3108572B64B4802F067F885F3F0
S1134AF010880028F3D102F0A3FCEBE7474804F147
S1134B00100101F021FAE5E7016921F07F460F0E5B
S1134B1001E001F0C5F8EFF3108572B63E4802F0EB
S1134B204DF885F310880028F3D13946304604F057
S1134B3045FACFE702F0F8FFCCE700F11001D1E924
S1134B40000104F0BDF8C5E703F0F4FEC2E700F18C
S1134B501001D1E9000102F0F7FEBBE7008A00F082
S1134B60030004F06DFBB5E700210846FFF7ECFEF7
S1134B702B4B9D689B681E359D42ABD9FFF742FDC8
S1134B80274B9B689D42F9D8A4E705F061FAA1E799
S1134B90EFF3108572B62048214602F025F885F31C
S1134BA010889AE7EFF3108372B61E4D1E46037DFC
S1134BB000F115010A2205F1850085F88430FFF71C
S1134BC085FA00231849206905F1840203F008FFDF
S1134BD086F310887EE7134D2B788BB9E86F08B104
S1134BE001F05EF8114801F0AFF904F11003C5E9D2
S1134BF01F4372E7008A00F03F0004F005FB69E7F9
S1134C000B4801F0A1F9204601F04AF865E700BF1E
S1134C10BC020010CCB000000C03001090B00000E7
S1134C2000800040B8020010F96C0000BCB0000025
S1134C30A0B0000010B50023084C201DC4E91F33A8
S1134C40237001F0EBFF04F12C0001F0E7FF04F105
S1134C505400BDE8104001F0E1BF00BFB8020010ED
S1134C6070B54FF0E0234FF4E022C3F8242D05F093
S1134C70B1F90C48FFF778FC4FF4486500F09EFF4B
S1134C80FFF7D8FF04F044F8074EB468A54203D8F0
S1134C9001F0DEF804F54865FFF7B4FCFFF7F6FE13
S1134CA0F3E700BF594700000080004030B50023FF
S1134CB04FF4000E0446DFF824C0094809494EFAAF
S1134CC003F2224203F1010303D0DCE900526840FD
S1134CD05140182B0CF1080CF1D130BD40D7000025
S1134CE07E0E82C7020000B000B5026000229DF86B
S1134CF008C0019980F808C09DF818C003F00303A8
S1134D0043EA81034FEA8C0C4FEA911E63F30702D6
S1134D100CF0040C8B0BC1F381516EF30F2241EAAA
S1134D200C0163F3174261F06F0161F31F6242608B
S1134D309DF81420049B8273BDF80C20C372427248
S1134D40120A82721A0A1B0C0273437300BD00BF5D
S1134D500023827B4FEA511C02F0070242EAC1029F
S1134D6062F307036CF30F234A0B62F31743C1F397
S1134D70445161F31F63C0F80E30704710B590F8CA
S1134D800EE0C37B4FEADE0242EA4312037C04795D
S1134D9042EA4332437C90F807C05B0503F0787322
S1134DA01A4343794FEA8C5C9B0143EA9403847968
S1134DB00CF4400C43EA843343EA0C0390F808C033
S1134DC0B0F809000EF0070E43EA0C63C1E90030A5
S1134DD08A6081F80CE010BD2DE9F04782B08A4664
S1134DE051785A4B8E0833F8169092F800E00E0171
S1134DF00446107906F03006D57846EA1E164FEAC6
S1134E00900E000100F03000977840EA1510AD00D4
S1134E1005F03C0533F81E8007F03F0133F810E03D
S1134E2045EA97159079D77992F805C03F01820039
S1134E3033F8111007F0300702F03C0247EA10176C
S1134E4042EA9C120CF03F0C33F81C0033F8166055
S1134E5033F812C033F8155033F8173009EB010753
S1134E60474407440A010101B819284442EA890267
S1134E7041EA88017044324341EA0E016044184417
S1134E8042EA851241EA8C11D2B2C9B2DBB2B0F562
S1134E90803F8DF804208DF805108DF8063052D22D
S1134EA0606800283CD100201B0443EA012313431B
S1134EB003F00706C3F3C30166F30700C3F38725B2
S1134EC0C3F3090261F30F20C3F3C21363F3174062
S1134ED065F31F60CAF8000023781D48C65C1D48AE
S1134EE082EA060303F01F03C35C83EA561383EAD2
S1134EF0521202F01F0285EA5315835C6B405B0675
S1134F0021D13A20144D01EB410315F8132005EB90
S1134F104303636160628AB1002002B0BDE8F08798
S1134F2001A91222084604F10C0300F053FA9DF87B
S1134F3004209DF805109DF80630B4E7074801F0F9
S1134F4003F86561E8E74FF0FF30E6E720E500008D
S1134F50C0E70000A0E5000000D800001CB100007C
S1134F60F0B585B0044692F800C015461F46537844
S1134F709278DB00D20102F4607203F078033E48B9
S1134F80134322780CF0070C43EA0C0310F802C018
S1134F900E4683EA0C00394900F01F00085C626881
S1134FA080EA5C1080EA531C0CF01F0C11F80C1002
S1134FB081EA501143EA8123ADF80C301B0C8DF8C3
S1134FC00E3003A9002A43D112233046042237703D
S1134FD000F028FD3A2363626978294E01F00F033B
S1134FE003EB430316F8135006EB4302626125B347
S1134FF0508810B10A9B002B3AD053785679157912
S1135000A26801466AB10B44A16106B1023323626E
S1135010E5B103EB43039B004133DB08E36105B0D7
S1135020F0BD012B1DD0022BEDD10A9A1188C1F3DA
S1135030C9018842E7D20021E6E7124800F084FF64
S1135040A36866618BB12B46A5612562DB00E3E7AB
S11350500846122204F10C03019100F0BBF90199F6
S1135060B2E70A9A1178C908E3E72B46A561CEE7AF
S11350701146054800F078FEC0E70000A0E50000F6
S113508000D800001CB100002CB100002DE9F04351
S113509095B004468846816A006A451A43D0666919
S11350A0A268B146194412BB727902B3022D1ED90B
S11350B001F1FF3CAA1E502A94BF0CEB020E0CF126
S11350C0500EE6891CF8012F1F4F7240D2B237F8F8
S11350D01220F44582EA1626F4D11844E68100F839
S11350E0026C226A1344E289120A03F8012C502D3F
S11350F028BF50256368EE00C3B96F46626A99F809
S1135100043008EBD20002F00702BBB13346394643
S113511000F098F905EB4506B600D4E909322A44B3
S11351203344C4E9093215B0BDE8F0836846324619
S113513004F10C036F4600F04DF9DFE739462B46C6
S113514000F012F9E9E700BFC0E500002DE9F043E3
S113515083B0466904467288884682B3876A5FB31F
S1135160056A002D00F0A380AF4228D0ED1B0A2D64
S113517028BF0A2501EB0709626A0A99D2EBC10C20
S113518000F192803179F1B105EB45018800BCEB67
S1135190810F00903ADB19464846EB00019300F07A
S11351A047FB6268019BE2B11A464946484604F14E
S11351B00C0300F00FF914E089460A25DCE701200E
S11351C003B0BDE8F083E900BCEBC50F00911DDB23
S11351D0194648462B4600F0A5F86268EB00002A01
S11351E0E2D1636AA06A009A284413446362A0620D
S11351F087B1A368226A13B97179002930D190422A
S113520034BF0020012003B0BDE8F083022003B0C6
S1135210BDE8F08361694F8817B1B8F1000F49D038
S1135220A3683D464A785BB9012A39D0022A07D1DE
S1135230B8F80050C5F3C905BD4201D9002500E006
S11352402A44A56122624D790DB1023222620979A4
S113525021B302EB420189004131C908E161CAE787
S1135260961E864228BF0646B4F810C0B6EB0C075B
S1135270C5D01946E589DFF844E0C4441CF80110A0
S113528001336940C9B23EF811109BB29F4281EAD2
S113529015251946F2D8E5812682B0E7D100DBE76F
S11352A098F80050ED08C7E7054800F05DFD054893
S11352B000F05AFD044800F057FD00BFC0E50000AF
S11352C068B100004CB100002CB1000008B5836A3D
S11352D0D0F820C063451DD38368E646ABB9436963
S11352E05B799BB1614411F8013C11F8021CACF1EB
S11352F0020E41EA0321C389A2F800E05B1AB3FA63
S113530083F35B09DB00184608BD00231846A2F8A6
S113531000E008BD62461946014800F025FD00BFC3
S113532088B1000008B59BB1C2F3C70E12F00702A2
S113533071440ED0022A11D101380B440A7811F8B5
S113534001CF920842EA8C128B4200F8012FF5D16A
S113535008BD1A46BDE80840FEF7B8BE114601482C
S113536000F002FDA8B1000010B58C462BB3C2F3C7
S1135370C70E12F0070200EB0E041FD0022A23D13D
S1135380097810F80E20012B42EA810200F80E2061
S11353900FD0A6460CF1FF3119449CF800201CF8EC
S11353A0010F920942EA800261450EF8012FF4D1FF
S11353B08C469CF800209209E25410BD2046BDE8BA
S11353C010401A46FEF782BE1146014800F0CCFC9C
S11353D0C4B100002DE9F04393F800C05FEAE2098C
S11353E01D46074688460CF07F0C02F0070611D0D4
S11353F04A1E1349431E02EB090412F801EF11F887
S11354000C00A2428C448EEA000E9CF800C403F8FF
S113541001EFF2D186B10122094818F8093000EBF6
S1135420C61110F80C00B24061444340013A1340E5
S113543091F800C007F8093085F800C0BDE8F08392
S113544060D800002DE9F0430933092B0C4642D9FA
S11354504FF0000C6049614DA1FB0331C908C1EB59
S113546001114FEADC060CF0070EA35D771CBEF1B8
S1135470060F00F29980DFE80EF0918A837C756E46
S11354800400E65D9B0943EA8603EE1896F88074EF
S113549002F0070ED60843EA872300EBD208771CF4
S11354A0BEF1060F00F28B80DFE80EF051483C306D
S11354B02418040010F806E04EEA831E00F806E003
S11354C09E089B0AC65588F802300CF10A0C614507
S11354D002F10F02C5D80020BDE8F08310F806E001
S11354E04EEA431E00F806E0DE08DB0AC65588F8DB
S11354F00230EAE710F806E04EEA031E00F806E080
S11355001E091B0BC65588F80230DEE710F806E0CA
S11355104EEAC30E00F806E05E095B0BC65588F838
S11355200230D2E710F806E04EEA830E00F806E0F7
S11355309E099B0BC65588F80230C6E710F806E0B2
S11355404EEA430EDB0900F806E0C355BDE7835578
S11355501B0AC355B9E7E65DF60006F47E7646EA13
S1135560531392E7E65D360106F47C7646EA13139C
S11355708BE7E65D760106F4787646EAD30384E7A2
S1135580E65DB60106F4707646EA93037DE7E65DD0
S1135590F60106F4607646EA530376E7E65D3602E2
S11355A006F44076334370E72644B678E75D760226
S11355B0DB0943EA470306F40076334365E710F852
S11355C006E04EEAC31E00F806E05E085B0AC65514
S11355D088F8023079E700BFCDCCCCCC60D800008D
S11355E02DE9F04F89B04A7891F805C00D78920101
S11355F091F804B042EA95024FEADC154FEA0C2C0C
S113560000270CF4FE4C91F807808C794BEA0C0CC3
S1135610CDF804C091F808C045EA44054FEA48248F
S11356204FEA981891F802E091F8099048EA8C083A
S113563091F80CC091F803A091F80AB0CDF814C009
S1135640CDF80C8004F4FC444FEA5E084FEA591C80
S1135650254348EACA18CC7A91F80DA04CEACB0C41
S11356604FEA8E3E91F80EB0C97B704B0EF4804E1B
S113567042EA0E0E4903C2F30902CDF818B001F450
S1135680C04B991891F88014CDF808A081EA9E21A6
S113569001F01F0103EB4101B1F88018C5F3090AB9
S11356A04A4003EB0A0191F88014DDF814E081EA22
S11356B0952101F01F0103EB4101B1F88058210944
S11356C0E40204F4F04441EA0E114CEA040ECDF86D
S11356D014E04FEA8929DDF804E009F4F849CDF82B
S11356E01090CEF30904C8F30909019403EB0904EB
S11356F094F880443E4684EA982404F01F0403EBA3
S1135700440407908AEA0505B4F880A83846039C47
S113571089EA0A0A62F30707C2F3012242EA8A020B
S113572062F30F271A19DDF8109092F88024CAF357
S1135730831A82EA992202F01F0203EB4202B2F8B2
S11357408088DDF8189084EA0808029CCCF3090CE0
S1135750E20842EA4912DDF804902403994499F8D6
S1135760809404F4E04489EA9E2909F01F0903EBBC
S11357704909DDF804E0B9F880980C438EEA090978
S11357804AEA091AC9F3051949EA8519AD1065F3FE
S1135790070603EB0C0595F88054DDF814E0C1F31B
S11357A0090185EA9E2505F01F0503EB4505B5F8BB
S11357B0805842EA0B0B8CEA050C5D1895F880546E
S11357C0C2F3090285EA942404F01F0403EB4404A1
S11357D0B4F8804868F30F2661409C1894F880441C
S11357E0C8F3012884EA9B2404F01F0403EB440358
S11357F0B3F8803848EA8C08CCF3831C079C4CEA45
S1135800011C5A406AF3174768F31746C1F30511A0
S113581041EA821169F31F676CF31F6692102760D7
S113582066602172627209B0BDE8F08F60D8000032
S11358302DE9F047144603EB83034FEA4308774FFF
S113584008F10908A7FB0837FF08FA1D0E46D2081D
S113585000210546FEF7B0FC04F00703022B00F01C
S1135860B3804FF00008B8454FF000004BDADFF882
S1135870B0C1E208B11804F0070316F802E04A7850
S1135880062B00F2C180DFE803F099958B81776DD8
S113589004008B7892009B0242EA9E1203F4F843C0
S11358A043EA020ECEF309020CEB020393F88034B0
S11358B04FEAE80183EA9E2303F01F030CEB430342
S11358C0B3F8803805EBE80E534008F0070240EACD
S11358D0932001F10109C3F30903062A00F2898028
S11358E0DFE802F03B332B231B1304006A5C42EA1B
S11358F083129B086A5405F8093008F10A08B84570
S113590004F10F04B5DBBDE8F0876A5C42EA431298
S1135910DB086A5405F80930EFE76A5C42EA0312CF
S11359201B096A5405F80930E7E76A5C42EAC302D6
S11359305B096A5405F80930DFE76A5C42EA8302CE
S11359409B096A5405F80930D7E76A5C42EA4302C6
S1135950DB096A5405F80930CFE76B541B0A05F8D4
S11359600930CAE78B78D200DB0242EA5E1203F404
S1135970F04343EA020E95E78B7812011B0342EAD7
S11359801E1203F4E04343EA020E8BE78B785201C4
S11359905B0342EADE0203F4C04343EA020E81E7FA
S11359A08B7892019B0342EA9E0203F4804343EA0C
S11359B0020E77E7D20142EA5E0E73E7120202F4A6
S11359C0FE4242EA0E0E6DE7B8F5487FFFF449AF98
S11359D04FF00008A7F14F0906EBD40105EBE800EE
S11359E008F15008FFF7FCFDC84504F17804F3DB27
S11359F039E76A5C42EAC3126A545A085B0A05F83A
S1135A0009208EF8023078E7897853004A0243EA85
S1135A10DE1302F4FC4242EA030E43E7CDCCCCCCC5
S1135A2060D800002DE9F04F42EA030E1EF0010E8B
S1135A300E461D4640F0BC80072B47D9DFF878811D
S1135A4023F0070712E04FEA132B4FEA134A002909
S1135A5040F0818000F804C089F801B089F802A000
S1135A600EF1080EBE4502F118022DD24FEADE04F3
S1135A7016F804C002F0070108EB8C0CDCF8C038FF
S1135A8002294FEAD2045FFA83FC00EBD2094DD01D
S1135A900429D8D1002110F804900EF1080E49EA27
S1135AA00C1C6CF307014FEA131C6CF30F214FEA33
S1135AB0133C6CF31741C3F3035363F31F61BE45F7
S1135AC0015102F11802D1D3A5EB0E055DB30123F8
S1135AD04FEADE0E16F80E40374905EB450501EB9B
S1135AE08401D1F8C068AB4002F00701013B3340A8
S1135AF002294FEAD204DDB200EBD2024FD00429CE
S1135B0044D0E9B30022015D9E0841EA85119D0A53
S1135B10C3F3854361F3070266F30F2265F317426B
S1135B2063F31F6202510020BDE8F08F002110F8DA
S1135B3004904FEA931A49EA8C0C6CF307014FEA7C
S1135B4093396AF30F21C3F3815369F3174163F364
S1135B501F61015184E7002110F804904FEA930A71
S1135B6049EA8C1969F307014FEA932B6AF30F2171
S1135B70C3F3854C6BF317416CF31F6101516FE75D
S1135B80190A1B0C055551709370CCE7015D1E0971
S1135B9041EA051100221D0BC3F30353BAE7015D6B
S1135BA09E0941EA850100229D0BC3F38153B1E7AD
S1135BB04FF0FF30B8E700BF60D8000000B5002008
S1135BC00121224BDFF888C003F58052C2F8100689
S1135BD003F10800C3E900101E480CF5BC7E00F573
S1135BE0BC71C2F8981403F58E61C3F8F81203F57A
S1135BF0EC61C2F82003C3F8E81503F53E7003F521
S1135C002561C3F8B8CEC3F8800103F5BD6C03F673
S1135C10D800C3F8D81803F55461C2F830E0C3F8CB
S1135C2070C403F5C07E03F6C83CC3F86007C3F82C
S1135C30C81B03F6B86003F59951C3F808E0C3F82C
S1135C4050CAC3F8400DC2F8A81100BD48030010A3
S1135C5078130010E017001008B5EFF3108172B646
S1135C600B4B1A6852B1B0F5BA7F0DD8586840B1E1
S1135C7050F8042B5A6081F3108808BD054800F0E1
S1135C8073F8054800F070F80146044800F06CF819
S1135C9048030010E0B1000014B20000FCB10000A1
S1135CA0011FEFF3108272B6044BD3F804C040F81E
S1135CB004CC596082F31088704700BF4803001079
S1135CC0F0B585B04FF0E0241C4B1D4D0393D4F880
S1135CD0281D1C4800F04AF9D4F82C1D1A4800F07D
S1135CE045F91A4895F8281000F040F9184895F835
S1135CF0291000F03BF9698D164889B200F036F995
S1135D00154FD4F8381D154803AC00F02FF921467F
S1135D10134824F00F0400F029F9BC420CD2226885
S1135D206368A568E6682146CDE900560D4810343D
S1135D3000F01CF9BC42F2D305B0F0BDEFBEADDEFD
S1135D4000ED00E02CB2000038B2000044B20000C4
S1135D5050B200005CB20000E03F001068B20000E6
S1135D6074B2000088B200000FB400B593B04022B2
S1135D70002114AC02A854F8045BFEF71DFAEFF3FB
S1135D80108372B64FF0500C3F2123462A460DF182
S1135D90090001948DF808C000F0F0FE411C02A82F
S1135DA0FEF710FC6421052000F006F9FAE700BFB5
S1135DB008B57146074800F0D9F8FFF781FF4FF4A2
S1135DC0FA71022000F0F8F86421192000F0F4F8C8
S1135DD0F5E700BFA4B2000008B57146074800F01B
S1135DE0C5F8FFF76DFF4FF4FA71042000F0E4F8F2
S1135DF064210C2000F0E0F8F5E700BFB8B2000021
S1135E0008B57146074800F0B1F8FFF759FF4FF4A1
S1135E10FA71082000F0D0F86421062000F0CCF8D4
S1135E20F5E700BFCCB2000008B57146074800F0A2
S1135E309DF8FFF745FF4FF4FA71082000F0BCF815
S1135E406421062000F0B8F8F5E700BFDCB20000DA
S1135E5030B583B0EFF3108572B6124C2168B1B13E
S1135E608A68488801F10C03D31A984213DD531C45
S1135E708B6000231370EFF3108372B60A4801930A
S1135E8000F0B2FE019B83F3108838B9206085F3DB
S1135E90108803B030BD0548FFF766FF0448FFF7DC
S1135EA063FF00BFD01A0010E4020010BCAF000072
S1135EB0F0B2000010B582B00246EFF3108472B65F
S1135EC01D4B1868F8B18368B0F802C000F10C01EA
S1135ED0A3EB010EF4452BDD03F1010C0A2AC0F8F3
S1135EE008C01A7009D082684388521A9B1A012B81
S1135EF003D084F3108802B010BDFFF7A9FF84F328
S1135F00108802B010BD4FF4BA700192FFF7A4FEDE
S1135F1000214FF4B47C084B0173186000F10C01AC
S1135F2000F11003019A4160A0F802C08360CFE73A
S1135F300248FFF719FF00BFD01A0010BCAF0000E1
S1135F400846FFF7B7BF00BF0FB400B583B004AB7A
S1135F5053F8042B00200449019300F063F903B0C3
S1135F605DF804EB04B07047415F00000FB430B536
S1135F7095B018AB53F8042B15460193EFF3108436
S1135F8072B64022002104A8FEF716F95020019BA6
S1135F902A468DF810003F210DF11100039300F003
S1135FA0EDFD411C04A8FEF70DFB84F3108815B029
S1135FB0BDE8304004B0704710B4B0F1000C0EDD01
S1135FC00022022410204FF48071064B01329445C4
S1135FD09C6398639963DC63D863D963F6D110BC7E
S1135FE0704700BF00C009202DE9F84FD2E903989B
S1135FF0484571F10003934607460E46CA464FF0E2
S113600001054FF0000411D309FB04F3A5FB095467
S11360101C44384631462A46234604F0D9FD4845F7
S113602071F10001F0D255EA040353D023462A4605
S11360303846314604F0CCFD0346002B27DC2AE029
S11360409BF8003013F0040F14BF37235723034485
S1136050554508F8013B74F100033BD32A46234617
S11360603846314604F0B4FD284617461E465246CB
S11360700023214604F0ACFD0B4602463146384667
S11360801C46154604F0A4FD0346DBF80CA0092BBE
S1136090D6DC3023DBE74D4574F1000317D32A46E1
S11360A038463146234604F093FD284617461E46DB
S11360B0214600234A4604F08BFD0B460246314636
S11360C038461C46154604F083FD0346B5E73030D8
S11360D008F8010B002388F80030BDE8F88F00BFF2
S11360E02DE9F041174612690E46117805467B6882
S11360F039B1013203E012F8011B013B09B1002B55
S1136100F9DC397A3A78002938D1940758D5F868F7
S1136110102864D01C46082808BF04F1FF3412F08C
S1136120090F37D009B12846B0473A78910708D506
S1136130FB68102B5ED0082B03D130212846B047D2
S11361403A78D30708D5002C04F1FF3404DD30215C
S11361502846B047013CFAD23B69197803F101089B
S113616029B12846B04718F8011B0029F9D13B781A
S113617003F00903082B28D0BDE8F081900703F150
S1136180FF3415D5F8681028C5D112F0090FA3F112
S11361900304C8D12346002B04F1FF34C2DD2021BF
S11361A02846B047013CFAD2397A0029BBD1BCE772
S11361B012F0090FB7D1002CA3F10204EFDCB2E70F
S11361C012F0090F11D01C46BBE7002CD4DD013CB2
S11361D020212846B047013CFAD2BDE8F08112F0F4
S11361E0090FA3F10204A1D1D4E7002B03F1FF347A
S11361F0D5DC9BE730212846B0473B78284613F08E
S1136200040F0CBF78215821B0473A7899E700BFB2
S113621083680268934202D24268D154836801338E
S1136220836070472DE9F0478CB092F800900546E2
S11362300E46B9F1000F00F091801F464FF00008A0
S1136240541C0DE0B9F10A0F02D10D212846B047C4
S113625049462846B04714F8019BB9F1000F7DD098
S1136260B9F1250FEED19DF80430CDF8088023F064
S11362700B038DF804308DF80C8014F8011B0029F1
S11362806CD02D2960D0302972D0232969D0A1F196
S11362903002D3B2092B76D92E2900F032827A2922
S11362A06DD06C2900F01D8200237829D3D857299A
S11362B040F21E82A1F15802202ACCD801A050F845
S11362C022F000BF6B6400005762000057620000B8
S11362D057620000576200005762000057620000D6
S11362E057620000576200005762000057620000C6
S11362F005650000CB630000576200005762000090
S11363005762000057620000CB6300005762000030
S11363105762000057620000576200005762000095
S11363206B660000B365000057620000576200000E
S1136330A16500005762000011650000576200006B
S1136340576200006B6400009DF8043043F00803BA
S11363508DF8043014F8011B002992D10CB0BDE86B
S1136360F0879DF8043043F002038DF8043084E78D
S11363709DF8043043F001038DF804307DE70123D8
S113638014F8011B91E700230FE0BEF1050F00F2A2
S11363907E82A1F137020A2A15D114F8011B03EBFE
S11363A0830302EB4303A1F13002D0B20928A1F127
S11363B0610CA1F1410EF0D9BCF1050FE5D8A1F1B2
S11363C057020A2AE9D0029369E70A22022B0492AF
S11363D000F0C981012B07F1040100F03E833A6803
S11363E0002A03DA2D2352428DF80C30092A104674
S11363F04FF0010709DD07EB87035F00B2FBF7F3FA
S1136400092BF8D8002F00F0B0839DF80430C34A5C
S11364105B0700F1F081B0FBF7F3A2FB07CE002B82
S113642007FB13004FEADE0E40F357820DF1180903
S1136430CC46DFF8E8A208E0B0FBFEF3AAFB0E723C
S11364400EFB130077464FEAD20E092BCCBF57221E
S11364503022092F1A440CF8012BEDD800238CF8B4
S113646000300F460DF1040A44E01022A1F1580156
S1136470B1FA81F104929DF80420490961F3820282
S1136480022B8DF8042000F08181012B40F09B80C9
S113649057F8041B0F2940F266831B01B1FBF3F28A
S11364A00F2AFAD8002B00F0CA819DF8040003FBE0
S11364B0121110F0040F4FEA131040F08181002AEA
S11364C040F3E7810DF118094B4604E0B1FBF0F20B
S11364D000FB12110009092ACCBF4FF0570C4FF0F2
S11364E0300C624403F8012B0028EFD100220DF197
S11364F0040A1A70524631462846CDF81490FFF724
S1136500EFFDA8E657F8041B2846C9B2B047A2E637
S11365100A22022B049200F03981012B57F8042B34
S113652000F0E281092A4FF0010009D900EB800351
S11365305800B2FBF0F3092BF8D8002800F0898248
S11365409DF80430590740F130827449B2FBF0FAE7
S1136550A1FB00C3BAF1000F00FB1A224FEAD303D8
S113656040F3A8810DF11809CC46DFF8B0E107E04B
S1136570B2FBF3FAAEFB030103FB1A221846CB0865
S1136580BAF1090FCCBF37213021092851440CF846
S1136590011BEDD800230DF1040A8CF80030A9E7A3
S11365A057F8043B3146284601AA0593FFF798FDA6
S11365B051E6102304939DF8043023F0060343F0BE
S11365C002038DF8043057F8042B01210F2A40F2FE
S11365D0C8820901B2FBF1F30F2BFAD8002900F0AD
S11365E02E819DF8040001FB132210F0040F4FEAE2
S11365F0111023D1002B40F326810DF11809CC464C
S113660005E09C46B2FBF0F300FB13220009092BC2
S1136610CCBF572130211944634603F8011B0028DD
S1136620EFD163E70F2940F24081002800F0078191
S1136630B2FBF0F3014600FB13220009002BF1DD4D
S11366400DF11809CC4605E09C46B2FBF0F300FBC3
S113665013220009092BCCBF37213021194463468A
S113666003F8011B0028EFD140E7082357F8041B67
S113667001220729049340F2EA81D200B1FBF2F32C
S1136680072BFAD8002A00F068829DF8040002FB68
S1136690131110F0040F4FEAD2004AD1002B40F33B
S11366A0E6800DF118094A4605E01A46B1FBF0F3FD
S11366B000FB1311C008092BCCBF4FF0570C4FF04F
S11366C0300C9C44134603F801CB0028EDD1002282
S11366D031461A70284601AACDF81490FFF700FD40
S11366E0B9E521786C2900F0CE8001230134DCE582
S11366F000293FF433AE25297FF4ADAD2846B047D9
S1136700A9E59DF8043043F001038DF8043014F832
S1136710011BA1F13003092BF9D9C0E5CDCCCCCCB8
S1136720002800F01A82B1FBF0F3024600FB1311BB
S1136730C008002B40F392800DF118094A4605E089
S11367401A46B1FBF0F300FB1311C008092BCCBFB0
S11367504FF0370C4FF0300C9C44134603F801CB38
S11367600028EDD1B3E7073727F00707796857F812
S1136770080B0029C0F264810DF1040A0DF1180917
S11367805246CDF81490FFF72FFCB3E60DF118092B
S1136790073727F007070DF1040ACDF81490524685
S11367A0F7E80201FFF720FCA4E60F2B40F2338147
S11367B0002844D0B1FBF0F2034600FB121100099B
S11367C0002AF2DD0DF118094B4604E0B1FBF0F2AA
S11367D000FB12110009092ACCBF4FF0370C4FF00F
S11367E0300C624403F8012B0028EFD17EE6092F18
S11367F040F21B811F46B0FBF7FEA2FB07C3BEF1AC
S1136800000F07FB1E004FEAD303F0DD0DF118095A
S1136810CC46DFF8F0A207E0B0FBF3FEAAFB03725C
S113682003FB1E001F46D308BEF1090FCCBF37225D
S11368303022092F72440CF8012BEDD80EE60DF12D
S113684018094B4652E60F293CD90028F7D0B2FB71
S1136850F0F3014600FB13220009CBE6072A3FF6BA
S11368605FAF0DF118094A464FF0300C74E7072A60
S11368702DD9002800F07181B1FBF0F3024600FB32
S11368801311C0080AE76178022302340DE502936C
S113689002E50F2B40F2B9800028D0D0B1FBF0F212
S11368A0034600FB1211000909E60DF11809CC4654
S11368B03021D3E6092800F2B6800AF1300A8DF8B7
S11368C018A09DE00DF11809CC463021A3E60DF186
S11368D018094A464FF0300CF3E6092F00F2AE8057
S11368E030338DF81830A4E0092A09D903EB830367
S11368F05B00B2FBF3F10929F8D8002B00F0A98062
S11369009DF80410DFF8FCC1480729D4B2FBF3F06A
S1136910ACFB03E1002803FB10224FEAD10140F352
S113692008810DF11809CC46DFF8D8A108E0B2FBC4
S1136930F1F0AAFB013E01FB10220B464FEADE01F7
S11369400928CCBF4FF0570E4FF0300E092B70447E
S11369500CF8010BEBD81DE6092B40F2EE800B4638
S1136960B2FBF3F0ACFB03E1002803FB10224FEA77
S1136970D101F1DD0DF11809CC46DFF888A108E05A
S1136980B2FBF1F0AAFB013E01FB10220B464FEAD9
S1136990DE010928CCBF4FF0370E4FF0300E092B23
S11369A070440CF8010BEBD8F4E5564BB2FBF0FA4B
S11369B0A3FB001EBAF1000F00FB1A224FEADE0E01
S11369C018DD0DF11809CC464E4B08E0B2FBFEFA77
S11369D0A3FB0E010EFB1A2270464FEAD10EBAF148
S11369E0090FCCBF57213021092851440CF8011B51
S11369F0ECD8CFE5092814D80AF130038DF8183003
S1136A000DF1190C0DF11809C4E50DF118094B46E7
S1136A104FF0300C65E50DF118094B464FF0300C82
S1136A20DFE67046C2E7184690E50EF1300E8DF8A9
S1136A3018E00DF1190C0DF118090FE57746EAE499
S1136A402D23404261EB41018DF80C3094E60B4656
S1136A501BE60DF11809CC469CE53868002803DADA
S1136A602D2340428DF80C30092884464FF0010351
S1136A7008DD03EB83035B00B0FBF3F2092AF8D8CB
S1136A80002B76D09DF8042012F0040F1D4A29D162
S1136A90BCFBF3F7A2FB03E0002F03FB17CC4FEA88
S1136AA0D0004EDD0DF118094A46DFF858A008E081
S1136AB0BCFBF0F7AAFB003E00FB17CC03464FEAF1
S1136AC0DE00092FCCBF4FF0570E4FF0300E092BCC
S1136AD0774402F8017BEBD800231370C1E4092B3F
S1136AE033D90346BCFBF3F7A2FB03E0002F03FBFF
S1136AF017CC4FEAD000F2DD0DF118094A46DFF851
S1136B0004A00AE0CDCCCCCCBCFBF0F7AAFB003E41
S1136B1000FB17CC03464FEADE00092FCCBF4FF031
S1136B20370E4FF0300E092B774402F8017BEBD877
S1136B30D2E7092B01D90B46E8E630308DF818006E
S1136B405EE7092B01D90346A2E730378DF81870A8
S1136B500DF119020DF11809BEE70DF118094B46A4
S1136B60B5E513463DE50A469FE40DF11809CC4608
S1136B7074E40DF118094A46AEE700BF00B585B0CC
S1136B8011B9084605B000BD4FF0000C0139CDE93C
S1136B90011001A80849CDF80CC0FFF743FBDDE95B
S1136BA00131039A9A4235BF002300228B54CA5400
S1136BB0039805B000BD00BF11620000D0E90023B6
S1136BC09A4201460DD0531C584200F0070003F0CE
S1136BD0070302F1020258BF434251F822000B603E
S1136BE070470020704700BF02464068431CD3F141
S1136BF0000C0CF0070C03F0070358BFCCF10003A2
S1136C00D2F800C0634505D0023042F820100020BD
S1136C10536070474FF0FF30704700BF0023C0E956
S1136C20003370472DE9F0410022304904463048D2
S1136C3001F14F0EA0FB02C39B0903EB830CC3EBD2
S1136C400C13D31A01F8013F714502F10202F1D18C
S1136C5000214FF04F0E8C46C4F3C700C4F3071550
S1136C6000F0080305F010071F4304F001031F435D
S1136C70E30900F0040803F04000A309C4F3870209
S1136C8003F02003034302F0020002F00402C4F301
S1136C9047063A43C4F3C45767F3070148EA0000C0
S1136CA006F0010738440344600905F0080500F0C4
S1136CB010002843034406F00206C4F3C3403243E1
S1136CC060F30F2162F3174163F31F61094BC4F3AF
S1136CD08824DA1D196083F806C083F8A6C083F8F7
S1136CE0ACE0C3F8A8209C80BDE8F081DA1A00105B
S1136CF0A97464CFD41A0010F8B50578064615F0C7
S1136D00010523D01848FFF71FF90020174901F1A6
S1136D104F078C1F11F8012F04EB000E06EBD20372
S1136D205B7802F0070C43FA0CF3DB0744BF8EF8E0
S1136D30562001308F42EDD10D4B84F8A50084F824
S1136D40AC0084F8A650C4F8A830F8BD0948FFF791
S1136D50FBF84F20084B83F8A50083F89F50DC1FF5
S1136D60C4F8A830F8BD00BF0CB30000DA1A001054
S1136D702A1B001014B30000DB1A001070B5274959
S1136D80044691F8A630002B44D1C0F3400E40F3E2
S1136D9040034FEA4E1E224891F8ACC000EAD400EA
S1136DA0B0FBFCF28D780CFB1200C4F304426A4081
S1136DB08E885340C4F3C81272405B020D78C2F34C
S1136DC0080203F478531343C4F344526A40C4F3EF
S1136DD0840422444C78DD09624002F01F02114C05
S1136DE042EA4512A55C5A0102F47E622A43CB783A
S1136DF0144404F58054227818440EEB0003134421
S1136E00DBB2B3FBFCF00CFB1033D1F8A820DBB2EF
S1136E10D05C70BD4FF0000E7346BCE7D41A00106E
S1136E20F0FFFF013CB7000008B5224B1978032995
S1136E3006D90B1F012B39D8BDE80840FFF79EBFC8
S1136E401D4A40F3400C9378918883EA0C035B025B
S1136E50C1F3080103F4785392F800E00B439179ED
S1136E60C0F3400C50787144414001F01F01D8092F
S1136E7041EA401111485B01415C03F47E630B431A
S1136E80184400F58050D378007803EB4C13034486
S1136E900B49DBB2A1FB0301890901EB8100C1EBC2
S1136EA000115B1ADBB21A44D07908BD0548FEF71D
S1136EB05BFF00BF98210010D41A00103CB70000FB
S1136EC0A97464CF1CB30000044A012390680449E8
S1136ED0C043002200F0030001F02CBB98210010F5
S1136EE0E56E000000B587B0294B01461B78032BE3
S1136EF021D1437DDB0713D4264801F03DFB011E5D
S1136F0023DB254B01299B682CD0D8430022012385
S1136F10224900F0030001F00DFB002007B000BD82
S1136F200390104601F02EFE03991A4801F024FB49
S1136F30011EE6DA09E00390164801F00DFC0398FF
S1136F40FEF7AEFE002007B000BD1248039101F029
S1136F5003FC039900204942C9B2FDF7F5FC002067
S1136F6007B000BD05AA04A90A48039301F0B6FBC3
S1136F70039B0022C3F101000949DDE9043C00F050
S1136F800300CDF800C000F0E3FB002007B000BD13
S1136F90B8020010941B001098210010E56E000048
S1136FA0C96E000070B51546114C020EC4E900010B
S1136FB020F07F410520257201F038FE2A46002189
S1136FC004F10C0001F0D6FB0A48FEF7BDFF0221D4
S1136FD00320FDF7B9FCBDE87040074A012390681F
S1136FE00649C04300F003000022043001F0A2BAB5
S1136FF0881B001038B3000098210010E56E0000D3
S11370000123044A044950680022181A00F00300BE
S113701001F090BA982100101D70000000B587B0EF
S1137020214B01461B78032B07D0FEF739FE1F487E
S113703001F092FB002007B000BD1C4801F09CFA4F
S1137040011E0FDB1A4B01295B6818D0C3F1010044
S113705000220123174900F0030001F06BFA00201D
S113706007B000BD1148039101F076FB039900209D
S11370704942C9B2FDF768FC002007B000BD05AA6B
S113708004A90A48039301F029FB039B0022D84377
S1137090DDE9043C0849CDF800C000F0030000F02D
S11370A057FB002007B000BDB8020010B81B001049
S11370B0982100101D7000000170000010B584B00C
S11370C0134C042094F83820616B01F0AFFD0122C9
S11370D01048114601F04EFB0F48FEF735FF636878
S11370E003AADB4303F0030302A91C1D094801F0B2
S11370F0F5FA2046DDE9023400220849009400F044
S113710027FB0221032004B0BDE81040FDF71CBC9E
S113711098210010B81B001048B300000170000053
S113712000B585B04FF04022224902E04B6D5B0769
S11371302BD59368F92BF9D91F4BDA68987A013269
S1137140DA6050BB082A0CD06FF0020C03460246EA
S113715000901A49CDF804C0012002F079F905B075
S113716000BD0393642002F0F5FC4FF4807C1020F2
S1137170039B10491A68C1F83CC0C863BAB1596886
S1137180987A05B05DF804EB104701210A4B90682A
S1137190DA6818810A44DA60997200211889084A69
S11371A0A0F262200393916001F0ECFCDAE7054859
S11371B0FEF7DAFD00C00920DC1B00103972000064
S11371C09821001058B3000008B50020FFF72CFEEA
S11371D000F66210002180B202F024F90022134B61
S11371E061209A721A81DA6002F0B4FC40F2E14143
S11371F00F4B20205B8841EA433189B202F030FC16
S11372004FF45761082002F02BFC622002F0A2FC2C
S11372101022084B9A630E2002F0F0FB00F01F00CE
S11372201028F8D1FFF77CFF002008BDDC1B0010FC
S1137230FC21001000C0092008B5FFF771FF0020F1
S113724008BD00BF00B583B06FF0020C0023DFF867
S113725028E0CDF804C09EF806C008480CF1010CE3
S113726001600093064942608EF806C01A46012068
S113727002F0EEF803B000BDD41A0010DC1B0010BD
S1137280C971000010B582B0084C0948227BA3687C
S1137290CDE90032D4E90023FEF756FED4E900011B
S11372A0227B02B0BDE81040FFF77CBEF01B00104B
S11372B074B3000010B584B02E4B04461B78052B24
S11372C023D1427D12F008020BD0417E022925D041
S11372D02948FEF739FE2046FEF7E2FC002004B000
S11372E010BD264B26491B69896803F53B3303F51A
S11372F00073994235D210462249FFF7A3FF204676
S1137300FEF7CEFC002004B010BD1F48FEF71CFEA3
S11373102046FEF7C5FC002004B010BD17491C3000
S1137320FDF72CFD0023DFF864C0144AD4F810E004
S11373309068DCF80820164902EB8002C2F10100D3
S11373407044A2EB0E02009300F00300CCF8082076
S11373501A4600F0FDF92046FEF7A2FC002004B016
S113736010BD0C480392FEF7EFFD01210398FDF7D1
S1137370EBFAB0E7B8020010A8B30000F01B00104D
S1137380008000409973000094B30000982100101D
S113739085720000B8B3000000B585B0204B0246EA
S11373A01B78052B2AD178B91E4B1F491B698968A4
S11373B003F53B3303F50073994225D21B4905B00D
S11373C05DF804EBFFF73EBF2120FEF773FD0022BA
S11373D0174B114698681346C0F1010000F00300F2
S11373E00092039000F0B4F901230022039811499C
S11373F0023005B05DF804EB01F09CB80E4805B00E
S11374005DF804EBFEF7A0BD03900C48FEF79CFD6D
S11374100121039805B05DF804EBFDF795BA00BFB0
S1137420B8020010F01B00100080004099730000A7
S113743098210010B572000094B30000B8B30000A6
S113744008B5134B032093F83820596B01F0EEFB79
S113745000210520FDF778FA0E4A0F4893689168D9
S113746003F53B3202F2012201339142036106D259
S1137470BDE80840002201200849FFF7E3BE0848A0
S1137480FEF762FDBDE8084001210020FDF75CBA6B
S11374909821001000800040F01B00109973000038
S11374A0B8B3000038B54FF0402540F2DB5406E095
S11374B00E2002F0A3FA00F01F000F2802D0AB68E0
S11374C0A342F5D9642002F045FB4FF480711022E9
S11374D0084BD963DA6301F079FE0022064B196880
S11374E09A609A63C3F84C2209B15868884700200F
S11374F038BD00BF00C00920081C0010F0B583B0DF
S1137500454E3378032B76D8012B79D9B5680135EC
S11375102846FFF789FC00F66210012180B201F0D1
S113752081FF612002F016FB40F6E141202002F0C9
S113753097FA3A4C44F67051082002F091FA04216B
S1137540374801F0F7FEA368002B62D0284601F00B
S113755051FB00210122337EC4E90421314A237303
S1137560D35C04F140071B024FF4037220763846C3
S1137570C4E90811C4E90A11A18321636163638327
S1137580FCF71AFEA06B96F82830A26839460090E2
S113759004F10C00FDF7E4FCA66A226AA36BC4F8AC
S11375A04C72E6631578002B31D004F10C00394697
S11375B0A268FDF76BFDE66BD4F84C021C2E28BFC5
S11375C01C26314601F0B6FED4F84C22E36B32445B
S11375D09B1B6800C4F84C22E363C0B200246FF024
S11375E002022346019210492246009401F030FF22
S11375F0204603B0F0BD052B88D07568013587E7B8
S11376000A4A7568937901350133937180E73846E6
S1137610D4E70220E2E700BF98210010081C001004
S1137620C5210010C0E70000A5740000D41A0010A2
S113763010B582B0134CD4F84C02E16BF8B11029A8
S113764028BF1021019101F075FED4F84C22E36BA0
S113765001990A445B1AC4F84C22E36323B902B0CB
S1137660BDE8104001F0B2BDA36BA26804F1400173
S113767004F10C0002B0BDE81040FDF707BD02485C
S1137680FEF772FB081C0010CCB3000000B583B0F9
S113769002F018FA10F0040328D0632002F05AFA1A
S11376A04FF480711E4B1F4ADB6B9163A3B91E4BD1
S11376B01A78032A07D8012A07D99A68D1072DD442
S11376C0002003B000BD052AF7D05A68D207F7D5C9
S11376D059681648FEF748FB01220021144801F0BE
S11376E041FD114B1A78032AEDD8E4E711480193C0
S11376F0FEF72AFC01F06AFD019B094A64209360AD
S11377009363C2F84C3202F025FA4FF480711022D0
S11377100020044BD963DA6303B000BD9968D8E74D
S1137720081C001000C009209821001004B40000B7
S113773031760000F0B3000008B501F047FD0022E7
S1137740024B9A609A63C3F84C2208BD081C0010CF
S113775010B5DFF82CC01446DCF80820DDF808E08A
S11377605AB9CCE90014CCF838E00649C0B2BDE8F7
S11377701040CCF8083001F0A3BE0348FEF7F4FA39
S1137780081C0010C0E800001CB4000010B582B052
S1137790084C0948227BA368CDE90032D4E90023D0
S11377A0FEF7D2FBD4E9000101F0A0FC002002B0F6
S11377B010BD00BF581E001074B3000030B585B072
S11377C02E4D04462B78052B26D1437D1A070BD565
S11377D0417E02292CD02A48FEF7B6FB2046FEF74C
S11377E05FFA002005B030BD9B0705D5407E18B177
S11377F03030C0B2FEF75EFB224B234A1B6992680D
S113780003F53B3303F500739A4209D200221F4962
S11378101046FFF717FDE1E71D48FEF795FBDDE78E
S11378201C48FEF791FB01210020FDF78DF8D5E7F8
S113783014491C30FDF7A2FA6FF00202002311492B
S11378400192154889680093826802EB81022169DC
S1137850521A826011491A46012001F0F9FDEFF332
S1137860108372B6214605F12C000393FFF7BCF98F
S1137870039B83F31088002005B030BDB8020010CC
S1137880A8B30000581E001000800040A17800003A
S113789038B400004CB40000982100108D7700002B
S11378A000B585B0204B02461B78052B2AD178B948
S11378B01E4B1F491B69896803F53B3303F50073AD
S11378C0994225D21B4905B05DF804EBFFF7BABC19
S11378D02120FEF7EFFA0022174B11469868134651
S11378E0C0F1010000F0030000920390FFF730FFA5
S11378F00123002203981149023005B05DF804EB1E
S113790000F018BE0E4805B05DF804EBFEF71CBB92
S113791003900C48FEF718FB0121039805B05DF8AD
S113792004EBFDF711B800BFB8020010581E001098
S113793000800040A178000098210010BD7700006D
S113794038B400004CB4000008B501F0B9F9134B89
S1137950032093F83820596B01F068F900210520C1
S1137960FCF7F2FF0E4A0F489368916803F53B3227
S113797002F2012201339142036106D2BDE80840BC
S1137980002201200849FFF75DBC0848FEF7DCFA35
S1137990BDE8084001210020FCF7D6BF9821001063
S11379A000800040581E0010A17800004CB4000074
S11379B010B582B001F0F8F8134B14495A68D44357
S11379C004F00304201D13180B6003F53B3303F587
S11379D000739A420ED20022134611460092FFF71A
S11379E0B7FEA01D01230022094900F0A3FD0020D9
S11379F002B010BD0748FEF7A7FA01210020FCF7EA
S1137A00A3FF002002B010BD98210010701E0010CA
S1137A10197A000060B4000030B585B03A4B0446D2
S1137A201D78012D52D1037B282B6AD1427D12F09F
S1137A3008022AD0407E02285DD0344B344A1B68A9
S1137A40506803F53B3303F50073984243D2002298
S1137A50C0431346114600F0030000920390FFF761
S1137A6077FE03982B4600222A49023000F062FD7B
S1137A70EFF3108572B628482146FFF7B5F885F371
S1137A80108828B32548FEF76FF90392FEF708F92A
S1137A901E4B1F491B68486803F53B3303F500730D
S1137AA09842039A1FD2C04300F0030413461146C0
S1137AB0204600920392FFF74BFEA01C2B46039A2C
S1137AC0144900F037FD002005B030BDFEF7E8F89A
S1137AD0002005B030BD1248FEF736FA29460020D2
S1137AE0FCF732FFC4E70E48FEF72EFA2946039846
S1137AF0FCF72AFFECE72B460022064900F01AFDAA
S1137B00B6E70848FEF730F9B8020010701E0010FE
S1137B1098210010197A0000E402001090B40000CB
S1137B2060B4000074B4000000B583B000220A49B8
S1137B30104601F07BF800236FF00202074901921E
S1137B4000931A46022001F083FC0021012003B0B7
S1137B505DF804EBFCF7F8BE338B9E00B1790000AE
S1137B6070B53D4E3378032B67D8012B6AD87468FF
S1137B7001342046FFF758F9054600F6621000214B
S1137B8080B201F04FFC612001F0E4FF40F2E141DA
S1137B90324B20205B8841EA433189B201F060FF17
S1137BA04FF45761082001F05BFF622001F0D2FF1F
S1137BB010222B4B4FF4BA709A63FEF74DF803462C
S1137BC000F10C0242604FF4B472057528210025BF
S1137BD01C612046234C5A8003F11C0219739D75C5
S1137BE0DD755D75A3609A601033E36001F002F8FF
S1137BF094F856220021A261012220770020337ECE
S1137C006261194A2374D35CC4E90A01C4E90C0112
S1137C101B0204F13D004FF40471E3832584656283
S1137C20A563A4F84E5284F85452C4F85052FCF799
S1137C30BBFBFCF797FB284670BD052B97D1B468B6
S1137C40013496E7B468032B04F1010491D1074A87
S1137C509379013393718CE798210010FC21001073
S1137C6000C00920781E0010C0E70000D41A0010DC
S1137C702DE9F04F87B0734D6420D5E9027401F00B
S1137C8069FF4FF4807110226F4BD963DA63FCF7FC
S1137C9039FB002C00F0D2802E68002E00F0CB803F
S1137CA0637913F002031ED1A371E3710C23AA6854
S1137CB01C4402F10C039C4204D351880B449C42A3
S1137CC098BF94604FF000084FF0000938463346DF
S1137CD0B5F84E226968A2F26222C5E9028907B0AA
S1137CE0BDE8F04F1847FCF77FFBD5F85012064665
S1137CF0884240F28F80A0EB010C0CF1FF33062B7D
S1137D0040F297802CF0070E01F13D03CDE9007499
S1137D10CDE9021ECDE904C02B444C4A03EB0E0B03
S1137D2000211878083312F800A013F8040C12F894
S1137D3000C013F8070C12F8009013F8030C175C3A
S1137D4013F8060C12F8008013F8020C165C13F8F2
S1137D50050C12F800E013F8010C5B45145C0846AE
S1137D606AF307016CF3070069F30F2167F30F202F
S1137D7068F3174166F317406EF31F6164F31F60E5
S1137D8043F8081C43F8040CCAD1DDE9021EDDE9FE
S1137D9004C6DDE90074E6453CD071446B1893F8E1
S1137DA03D00105C83F83D004B1C9E4232D92B44AD
S1137DB093F83D00105C83F83D008B1C9E4229D94A
S1137DC02B4493F83D00105C83F83D00CB1C9E428D
S1137DD020D92B4493F83D00105C83F83D000B1D23
S1137DE09E4217D92B4493F83D00105C83F83D0064
S1137DF04B1D9E420ED92B4493F83D000631105C76
S1137E008E4283F83D0005D9294491F83D30D35C76
S1137E1081F83D300E48A21D04F10C01C5F85062F2
S1137E20FDF754FA63792E681843E38860710C33C4
S1137E303DE7064AB2E70748FDF796FF0648FDF717
S1137E4093FF00BF781E001000C00920C0E70000A7
S1137E50881E0010C4B40000ACB400002DE9F04F3B
S1137E6089B0DFF840A00E20DAF80C4001F0C6FD1E
S1137E7000F01F00102840F08C814FF0402240F2A7
S1137E80C521094802E0436D5D070FD593688B4215
S1137E90F9D96379DB0710D4FFF7EAFE002009B0B3
S1137EA0BDE8F08F781E001000C009209368AAF87E
S1137EB04E32637943F0010363719AF83C30002B2E
S1137EC0EAD0DAF80C60C64C0496FCF78DFADAF8BE
S1137ED05022904240F28380861A731E062B40F291
S1137EE06181254602F13D03CDE90262534426F047
S1137EF007078346F8180022597893F800C01E79C2
S1137F0014F80190597914F80C8014F806C0665CD2
S1137F109978083314F801E011466CF3070166F30D
S1137F200F2113F8026C68F30702A65D69F30F22B0
S1137F3066F3174113F8016C6EF31742A65D834292
S1137F4066F31F6113F8056CA65D43F8041C66F321
S1137F501F6243F8082CCED1DDE90262BE425846C6
S1137F603DD03A440AEB020393F83D10695C83F870
S1137F703D10531C984232D9534493F83D10695C28
S1137F8083F83D10931C984229D9534493F83D102B
S1137F90695C83F83D10D31C984220D9534493F86C
S1137FA03D10695C83F83D10131D984217D9534462
S1137FB093F83D10695C83F83D10531D98420ED927
S1137FC0534493F83D100632695C904283F83D10A7
S1137FD005D9524492F83D30EB5C82F83D300428D8
S1137FE0034638BF0423043B072BCAF850027FF62C
S1137FF06CAF049E7B4A06F10801A2F13100FCF744
S1138000EBFE00287FF448AFDAF824207379507926
S113801043F00401002818BF0B4643F002037371B8
S11380205388002B3FF438AFDAF80C50DFF8B091E6
S11380300795FCF7D9F9DAF85022904240F28E8085
S1138040851A6B1E062B40F2AF8025F0070602F15D
S11380503D03CDE90225CDE90469534406EB030B46
S1138060069000221978083319F8018013F8041CCB
S113807019F8016013F8071C19F801E013F8031C40
S113808019F8015013F8061C19F801C013F8021C62
S113809019F8014013F8051C19F8017013F8011CB4
S11380A09B4519F80100114668F3070266F30701BE
S11380B06EF30F2265F30F216CF3174264F317413B
S11380C067F31F6260F31F6143F8082C43F8041C34
S11380D0C7D1DDE90225DDE90464B54206983DD047
S11380E032440AEB020393F83D10615C83F83D10BF
S11380F0531C834232D2534493F83D10615C83F89D
S11381003D10931C984229D9534493F83D10615C67
S113811083F83D10D31C984220D9534493F83D1062
S1138120615C83F83D10131D984217D9534493F8AA
S11381303D10615C83F83D10531D98420ED95344A1
S113814093F83D100632615C904283F83D1005D9E6
S1138150524492F83D30E35C82F83D3004280346F3
S113816038BF04231A1F162ACAF850027FF661AFDB
S1138170079D1C4B009205F10C0105F10802A3F1C7
S11381803100FCF7E3FF88B1012823D18AF85402B7
S113819082E61548FDF7D8FEFFF76AFD002009B016
S11381A0BDE8F08F0E4DDDE60D4C9AE79AF8543297
S11381B0002B7FF471AEDAF8242001201178CDE988
S11381C00033490001398AF855121A46074901F06B
S11381D03FF963E60246697A0548FDF7C5FD00BF2D
S11381E0C0E70000B91E0010DCB40000F5810000F7
S11381F0F0B400002DE9F04F89B0DFF80CB39BF820
S11382005532DBF80C80013BDFB28BF85572FCF77A
S1138210EBF8DBF85012884240F28980451A6B1E55
S1138220062B40F26F8101F13D03CDE902785B44F6
S113823025F00706B54A03EB060E00241F78083321
S113824012F807A013F8047C12F8078013F8077CCF
S113825012F8079013F8037C12F807C0274668F356
S113826007076CF30F2713F806CC6AF3070412F818
S11382700CC069F30F246CF3174413F802CC12F802
S11382800CC06CF3174713F805CC12F80CC06CF350
S11382901F6413F801CC12F80CC043F8084C6CF3BB
S11382A01F6743F8047C9E45C7D1DDE90278B542D7
S11382B03DD031440BEB010393F83D40145D83F84A
S11382C03D404B1C984232D95B4493F83D40145DC9
S11382D083F83D408B1C984229D95B4493F83D4078
S11382E0145D83F83D40CB1C984220D95B4493F83D
S11382F03D40145D83F83D400B1D984217D95B4403
S113830093F83D40145D83F83D404B1D98420ED9CF
S11383105B4493F83D400631145D884283F83D4048
S113832005D9594491F83D30D35C81F83D30042897
S1138330044638BF0424DBF82C30043C1A1B0F2AF3
S1138340CBF850021DD9E7B108F1080508F10C0873
S11383506F4B2A464146A3F131000094FCF7F6FE28
S11383600028F5D0012800F0C780002369491A4687
S1138370CDE90033012001F06BF8002009B0BDE81D
S1138380F08F4FF0402240F2DB5192688A42DBD8F2
S11383909C42DFF878A1CDF81C8080F0A880FCF71F
S11383A023F8DBF85022904240F28E80851A6B1E2F
S11383B0062B40F29F8025F0070602F13D03CDE92C
S11383C00252CDE9046A5B4406EB030906900022DD
S11383D0197808331AF8018013F8041C1AF801609C
S11383E013F8071C1AF801E013F8031C1AF80150DB
S11383F013F8061C1AF801C013F8021C1AF80140FD
S113840013F8051C1AF8017013F8011C4B451AF8EF
S11384100100114668F3070266F307016EF30F22A9
S113842065F30F216CF3174264F3174167F31F627E
S113843060F31F6143F8082C43F8041CC7D1DDE93D
S11384400252DDE90464B54206983DD032440BEB98
S1138450020191F83D50531C655D984281F83D50EE
S113846032D95B4493F83D50911C655D884283F892
S11384703D5029D9594491F83D30E35C81F83D30B1
S1138480D31C984220D95B4493F83D10615C83F877
S11384903D10131D984217D95B4493F83D10615C5D
S11384A083F83D10531D98420ED95B4493F83D1058
S11384B00632615C904283F83D1005D95A4492F823
S11384C03D30E35C82F83D304FF04023042840F215
S11384D0DB52044638BF04249B68043C9342CBF827
S11384E0500204D8DBF82C309C42FFF458AFDDF87E
S11384F01C8029E7054CAAE7FFF7BAFB002009B066
S1138500BDE8F08F014AD5E6781E0010C0E70000F0
S1138510B91E0010F581000008B5054B986830B10C
S1138520FDF7BEFB00200021014BC3E9020108BD99
S1138530781E001008B5DFF834C09646DCF8082031
S11385408AB9CCF8001003F0010103F002038CF89F
S11385503C108CF85632CCF804E00549C0B2BDE8B2
S1138560084000F0ADBF0348FDF7FEFB781E001085
S1138570FCE8000008B5000070B582B045780A7BBD
S11385802E1E18BF0126282A03460C4640F093806D
S11385904A7D900748D51A78B2B14A4A28461178DC
S11385A0032921D8012921D992689A60DA68013215
S11385B0DA60E8B9217E1A7C914219D02046FDF791
S11385C06FFB304602B070BD0122197C1A7049015C
S11385D0032001F0E0010193FCF7B6F9394A019B4D
S11385E0117858780329DDD90529DDD05268DCE7F4
S11385F0A27E91070CD5986950B10193FDF750FB09
S11386000021019B9A7C996182F001029A74A27EF6
S1138610617D480726D5587CC2F3800290421FD062
S11386200122DA740126C9E7264A1178032925D9DB
S1138630052925D191689868091AB1F5486FBDD903
S1138640926859682048511AA1F54861A0FB0101BC
S1138650DA681E48890AFDF777FC4FF0FF36ADE76C
S11386600A0715D45A78002ADCD1627E012AD9D0AF
S1138670DB7C2B4314BF012600269FE70129D9D8B0
S113868051689868091AB1F5486F97D95268D8E7C4
S11386900193EFF3108572B60D482146FEF7A4FA54
S11386A085F31088019B48B901215A7C0E464A4043
S11386B05A74D97485E70748FDF756FB0648FDF759
S11386C053FB00BF982100101F85EB513CB50000FF
S11386D0E402001024B5000060B5000010B584B0B9
S11386E004468069A8B1037B1B2B2DD100F1100C2B
S11386F01430C1F800C000211060A37CE27C9B0010
S113870043EA420343F001038CF80230E17404B0FD
S113871010BDCDE90212EFF3108372B60C48019339
S1138720FEF74CFA019B83F31088A061DDE9021285
S11387300028D8D1237C04F1140C237563781B1A08
S113874018BF01236375D4E70248FDF70DFB00BF92
S11387500C0300107CB5000000B583B003468069AB
S113876028B10193FDF79CFA0022019B9A6103B0A2
S113877000BD00BF00B500234FF0010EDFF83CC080
S113878003708361C36062F307039CF800206EF3F7
S11387900F236EF31743032A4170036106D8724511
S11387A006D9DCF80830C0E9013300BD052AF8D049
S11387B0DCF80430C0E9013300BD00BF982100108B
S11387C000B585B01F4B02461B78042B29D178B91C
S11387D01D4B1E491B68896803F53B3303F5007381
S11387E0994224D21A4905B05DF804EBFEF72ABD7C
S11387F02120FDF75FFB174B1748596802318908A0
S1138800FCF7A6FA134B14489B680022C3F1010C31
S11388100090031F11490CF00300FEF799FF05B007
S113882000BD0F4805B05DF804EBFDF78DBB039068
S11388300C48FDF789FB0121039805B05DF804EBB2
S1138840FCF782B8B8020010D0200010008000406D
S1138850C187000098210010D8200010B1880000C2
S11388609CB50000B0B5000008B50D4B0D4A1B685F
S1138870926803F53B3303F500739A4206D2BDE8D0
S11388800840002201200849FEF7DCBC0748FDF738
S11388905BFBBDE8084001210020FCF755B800BF90
S11388A0D020001000800040C1870000B0B5000057
S11388B000B585B0184BD3F880307BB1174A03F16B
S11388C0040C90681649C0F101000022CDF800C0E4
S11388D000F00300FEF73CFF05B000BD114A124949
S11388E01268896802F53B3202F50072914207D2A0
S11388F01A4601200D4905B05DF804EBFEF7A2BC51
S11389000B480393FDF720FB0121039805B05DF8A4
S113891004EBFCF719B800BFB8020010982100104E
S113892069880000D020001000800040C18700004A
S1138930B0B5000030B587B00024002202202049E1
S113894000F074F900210420FBF7FEFF1D4B4FF4E7
S11389500071D3F880301C481B1B18BF0123CDE9DC
S113896003041A4D1A4AA980AC710593518F92F8E9
S1138970383005F10800CDE90131516B2346126C02
S11389800091FCF7B1F9134B9A68511C29609B685C
S113899002F53B3202F20122934207D22246012021
S11389A00D4907B0BDE83040FEF74CBC0B48FDF75D
S11389B0CBFA0121204607B0BDE83040FBF7C4BF25
S11389C0338B9E00B80200100C025A00D020001015
S11389D09821001000800040C1870000B0B500005D
S11389E010B5DFF8A0C01C46DCF800E0BEF10A0FA9
S11389F044D0DCF80830EBB1DCF818302BB3DCF8E9
S1138A0028302BB3DCF838302BB3DCF848302BB3E8
S1138A10DCF858302BB3DCF868302BB3DCF8783052
S1138A202BB3DCF888302BB3DCF8983023B316482A
S1138A30FDF79AF90CF10403C3E900011C730EF16C
S1138A4001019A60CCF8001010BD0CF11403F3E797
S1138A500CF12403F0E70CF13403EDE70CF14403CB
S1138A60EAE70CF15403E7E70CF16403E4E70CF1E3
S1138A707403E1E7054BDFE7054BDDE70548FDF748
S1138A8073F900BFF0200010E0B50000742100105D
S1138A9084210010C8B50000F0B583B04FF0402326
S1138AA01A68D20701D403B0F0BD01243249D1E9D8
S1138AB02B0222442044C1E92B02D1F8B8201C60C7
S1138AC02AB140F6344000229861C1F8B82091F8E8
S1138AD0A830032B34D9052B34D1D1F8B0700B68EE
S1138AE0002B32D0244C002204F1A00617E010D24F
S1138AF0237C0192002B38D02048FDF725FAD4E9D5
S1138B0002309847019A1C490023A3600B68013B7B
S1138B100B6001329A4218D21034B44215D0A568C1
S1138B20002DF7D06068B842E1D1E0680192A8470F
S1138B3000231149A3600B68019A013B0B60E8E72D
S1138B40012BCAD8D1F8AC70C9E74FF0402400F02B
S1138B501BFD00F00DFD2368002BA4D04F20FDF772
S1138B60A9F90123236003B0F0BD0548FDF7ECF932
S1138B700149019AC8E700BFF0200010F8B50000D1
S1138B80FCB5000000B54FF0402C0121054B00F668
S1138B90344ED3F8B420CCF818E00244C3E92D21B4
S1138BA000BD00BFF020001010B51049104BD1F8E3
S1138BB0B42040F6354483FB023C01234FF0402EA1
S1138BC0D017C1F8B830C0EB2C2304FB13231A448C
S1138BD003F63443C1F8B420CEF81830D1F8AC30E1
S1138BE0C0EB2C200344C1F8AC3010BDF0200010C1
S1138BF089B5F81408B50A4B93F8A810032907D9C6
S1138C000B1F012B09D8C0F3470040F0400008BDFA
S1138C10044B987940F0600008BD0348FDF7A4F8C0
S1138C20F0200010D41A00100CB600002DE9F04119
S1138C308046084616460D46FCF738F80022914255
S1138C40ACBF05230A231C4CDFF870C0C0F3072710
S1138C5084F8D030C3B21CF803301CF807E0C0F32A
S1138C6007474EEA032E030E1CF80330C4E9320111
S1138C70C4F8D1001CF8070061F3070243EA00209E
S1138C800B0A63F30F220B0C63F31742090E40EA3D
S1138C900E4061F31F62C4F8D520C4F8BC5084F8B8
S1138CA0C06000F0D9FA45EA0660FDF7BBFF84F81E
S1138CB0A880BDE8F08100BFF0200010C0E70000EC
S1138CC02DE9104885B002460B460E4C110E20F0DB
S1138CD07F400392A4F8E2300293C4F8DC0084F8E5
S1138CE0E010FBF7E3FFDDE9023283468C460648D9
S1138CF0CDE900BCC4E93ABCFDF726F905B0BDE8EE
S1138D00108800BFF020001028B60000000000000A
S1138D10F0B583B000F0B2FC00254FF040234FF0D3
S1138D20E02102204FF0040C2B4C2C4AC1F88001A6
S1138D30C4F8AC50C1F880C15D605560C3F80CC084
S1138D4040F6344C6FF0010EC3F818C001264FF002
S1138D50030C43F60857C3F814C0D760C2F818E0F0
S1138D605061C1F8000156605E6000F081FAFEF7C0
S1138D70E3FCFFF7D1FB002200233321C4E93223B3
S1138D8041F222131648A4F8E23084F8E01025607A
S1138D90A560A561A562A563A564A565A566A5678B
S1138DA0C4F88850C4F89850C4F8DC00FBF77EFF80
S1138DB007A3D3E9002306460F460A48CDE9006716
S1138DC0C4E93A67FDF7C0F803B0F0BDAFF3008023
S1138DD06655443322110000F0200010008000404A
S1138DE06655440028B6000030B585B0264B0446CD
S1138DF01B78022B1ED1254A437D516813F00103D1
S1138E006FEA010202F00305284619D00131294412
S1138E101F488908FBF79CFF00221D481146031FC9
S1138E2000902846FEF794FC00231A491A46A81C11
S1138E30FFF780FB2046FCF733FF002005B030BD70
S1138E40154A126802F50C3202F52072914211D2D1
S1138E501A46194600930393FEF77AFC039B0F49C5
S1138E601A46A81CFFF766FB2046FCF719FF0020F2
S1138E7005B030BD0A480393FDF766F80121039855
S1138E80FBF762FDD6E700BFB8020010982100107E
S1138E90E82100100D8F0000E0210010E98D000092
S1138EA044B6000010B582B0FFF77EFE134B1449A0
S1138EB05A68D44304F00304201D13180B6003F50F
S1138EC00C3303F520739A420ED200231A46194636
S1138ED00093FEF73DFC0023A01D1A460949FFF745
S1138EE029FB002002B010BD0748FDF72DF8012131
S1138EF00020FBF729FD002002B010BD98210010CE
S1138F00E0210010E98D000044B6000010B584B0E3
S1138F10234B04461B78022B23D1437D13F001031A
S1138F2025D120480293FDF70FF81F4A1F49126804
S1138F30486802F50C3202F520729042029B21D25D
S1138F40C0431A46194600F00300009303930290AD
S1138F50FEF7FEFB039B02981A4615490230FFF701
S1138F60E9FA2046FCF79CFE002004B010BD11482D
S1138F70FCF7EAFFFEF7A2F82046FCF791FE00207A
S1138F8004B010BD0C48FCF7DFFF01210298FBF789
S1138F90DBFC2046FCF784FE002004B010BD00BFBB
S1138FA0B80200105CB60000E02100109821001007
S1138FB0E98D000054B6000044B6000010B586B038
S1138FC00A4601460120FFF731FE002401214FF437
S1138FD00073CDE90414DFF848C0124A1248CDF8F2
S1138FE00CC0518F838092F838308471CDE90131FF
S1138FF0516B2346126C08300091FBF775FE6FF03D
S1139000020223460192094922460094022000F0FC
S11390101FFA2146022006B0BDE81040FBF794BCBD
S11390200C025A0098210010E0210010A58E0000C7
S113903010B582B0254B04461B78032B1FD1037B4C
S1139040282B40D1437DD80709D52169890735D517
S11390509A0704D5617E022926D95B0714D42046D9
S1139060FCF71EFE1A4A032390681A49C0430022E3
S113907000F00100FFF75EFA002002B010BDFCF71B
S11390800FFE002002B010BDEFF3108372B6124839
S113909021460193FDF7A8FD019B83F31088002866
S11390A0E0D00E48FCF760FE22690D48A37E415CC7
S11390B0D2B20C48FCF748FF637DCEE71046FFF7B9
S11390C061FD637DC4E70848FCF74EFEB80200105A
S11390D09821001031900000E40200108CB60000CA
S11390E0A0B6000080B6000068B6000010B5020EFD
S11390F020F07F410520FFF799FD0A48FCF724FF83
S113910002210320FBF720FCBDE81040064A03239C
S113911090680649C04300F0010000220230FFF7C6
S113912009BA00BFA4B600009821001031900000D5
S113913010B50949094AD1F8AC3043F00403C1F829
S1139140AC30536823B1BDE81040536890681847A9
S11391500348FCF709FE00BF00800240FC21001018
S1139160B8B6000010B54FF400144FF0E02C154BC6
S1139170CCF88042D3F8AC40DFF84CE044F004046F
S1139180C3F8AC40CEF80400CEF8081062B1D3F8AE
S1139190B02042F00402C3F8B0204FF0E0234FF4B3
S11391A00012C3F8002110BDD3F8B42042F0040229
S11391B0C3F8B4204FF0E0234FF40012C3F80021A9
S11391C010BD00BF00800240FC2100104FF0E021E0
S11391D04FF400100B4BC1F88001D3F8B02022F0FB
S11391E00402C3F8B020D3F8B42022F00402C3F878
S11391F0B420D3F8AC2042F00402C3F8AC20C1F888
S1139200800270470080024038B50346EFF31085B2
S113921072B6094C032023802188C90141F0290139
S113922089B200F01DFC85F310882188034889B2B7
S1139230BDE83840FCF788BEFC210010D0B6000021
S11392400346034A03485380518889B2FCF77CBE25
S1139250FC210010E4B6000010B504462C20A1B295
S113926000F0FEFB210C2D20BDE8104000F0F8BBFF
S113927010B5FBF70FF800F03DFB01232A4C6420E6
S1139280638000F067FC4FF480711022274BD96390
S1139290DA630E2000F0B2FB00F01F000128F8D1C1
S11392A047F6FF710D2000F0DBFB42F6223112205D
S11392B000F0D6FB41F24B31142000F0D1FB0B211E
S11392C0052000F0CDFB21880320C90141F02901CC
S11392D089B200F0C5FB1021232000F0C1FB4FF040
S11392E0E0204FF4001C4FF0800E4FF48074104BBC
S11392F0C0F880C1D3F8B0200C4922F00402C3F8AE
S1139300B020D3F8B42022F00402C3F8B420D3F878
S1139310AC2042F00402C3F8AC20C0F880C2C1F80B
S113932058E08C6510BD00BFFC21001000C009206E
S11393300080024010B483B0102201244FF0200CAE
S1139340374B11F0FF01C3F85CC0DC659A65DA6540
S11393509C659A65DA659C659A65DA659C659A658B
S1139360DA65DC659A65DA65DC659A65DA65DC657B
S11393709A65DA65DC659A65DA653ED001395FFA8B
S113938081FC8444013810F8011F11F0010F0CBF57
S1139390DC659C6511F0020F9A65DA650CBFDC652B
S11393A09C6511F0040F9A65DA650CBFDC659C6559
S11393B011F0080F9A65DA650CBFDC659C6511F045
S11393C0100F9A65DA650CBFDC659C6511F0200FFF
S11393D09A65DA650CBFDC659C6511F0400F9A65EF
S11393E0DA650CBFDC659C65C9099A65DA6511D13B
S11393F08445DC659A65DA65C5D10A230193019B2E
S1139400013B0193002BFAD12022054B9A6503B04E
S113941010BC704784459C659A65DA65B3D1ECE766
S113942000C0092038B504460D460E2000F0E6FAC7
S113943000F01F000128F8D1611E89B2002D18BF69
S11394402146BDE83840022000F00ABB00207047E6
S11394502DE9F04198463423DFF85CE017469EF886
S11394604023BDF8184000EB020C0CF00F0C03FB7A
S11394700CFC0EEB0C0292F83030BDF91C60032B8F
S113948014D8002003EB43050CEB850C4EF80C10AC
S11394900133E6448EF804708EF80580AEF8064079
S11394A082F83030AEF80860BDE8F0810348FCF77C
S11394B04BFD4FF0FF30F7E708220010F8B600002C
S11394C02DE9F04F83B0DFF89C800B68924643454A
S11394D0024644D000208B464FF03409224ECDE999
S11394E0000296F84073174407F00F071BB309FBFB
S11394F007F4351995F8302002EB420004EB8000A4
S1139500032A304423D80C225946FAF7DFFD95F894
S1139510302002EB420004EB80043444013285F82D
S11395203020A4F806A05BF80C3F4345DED1009838
S113953003B0BDE8F08F019B96F8407301331F44DC
S11395400193009B07F00F0701330093EBE70748F3
S1139550FCF7FAFC4FF0FF3003B0BDE8F08F0020B9
S1139560E6E700BF4D94000008220010F8B60000A2
S1139570044A92F84033013303F00F0382F8403376
S1139580704700BF082200102DE9F04F87B04FF05C
S1139590340C0323022200200121374DCDE904239A
S11395A095F84093CDE902010CFB09FC05EB0C0393
S11395B093F830402746002C51D002AE37460023A2
S11395C006EB8408CDF804900133A34226DA38462A
S11395D050F804EBBB4601460EEB4E0E0CEB8E0E20
S11395E0AE4451F8047BBEF908A007EB47020CEB2C
S11395F08209A944B9F908900CEB8202CA4507DD37
S1139600DBF8009005EB020ECBF8007041F8049CE7
S11396104145E6D10133A3420746D8DB29D14FF0B7
S1139620340ADDF8049000270AFB09FA05EB0A085E
S113963001E098F83040BC4211DD56F8273001377C
S113964003EB43030AEB8303E818C2884179EB5820
S1139650007998470028ECDA07B0BDE8F08F34228F
S11396600023384602FB095585F8303007B0BDE8C1
S1139670F08F0437A8E700BF082200106B4B93F863
S11396804013002944D00022012983F830201ED140
S113969083F8982083F8CC2083F8002183F83421C0
S11396A083F8682183F89C210022092983F8D021BA
S11396B01DD183F8382283F86C2283F8A02283F822
S11396C0D42283F80823002283F83C23704702291C
S11396D083F864205AD183F8CC2083F8002183F8DE
S11396E0342183F8682183F89C2183F8D021002257
S11396F00A2983F8042259D183F86C2283F8A02222
S113970083F8D42200220F2983F80823DBD1704781
S113971083F8641083F898100022042983F8CC207D
S113972019D183F8342183F8682183F89C2183F8C4
S1139730D02183F8042283F8382200220C2983F8EC
S11397406C2218D1002283F8D42283F80823002243
S113975083F83C237047052983F8002131D183F82D
S1139760682183F89C2183F8D02183F8042283F8AC
S1139770382283F86C2200220D2983F8A022E4D039
S113978000220E2983F8D4229DD0BBE7032983F855
S11397909820C1D183F8002183F8342183F868210B
S11397A083F89C2183F8D02183F8042200220B291A
S11397B083F83822C1D183F8A022002283F8D4226E
S11397C0C3E7062983F8342112D183F89C2183F856
S11397D0D02183F8042283F8382283F86C2283F89A
S11397E0A02200220E2983F8D4223FF46CAF89E72B
S11397F0072983F8682108D183F8D02183F804224B
S113980083F8382283F86C22B5E7082983F89C2171
S11398107FF44AAF83F8042283F8382283F86C2259
S113982083F8A02283F8D4226CE700BF082200103A
S113983000F0A2BF38B5284C284B9C4222D2013BF1
S11398401B1B032B2246264D1AD94FEA930C2B4699
S11398500CF1010C4FEA5C0E05EBCE0ED3E90001CE
S113986008339E45C2E9000102F10802F6D11CF05A
S1139870010F07D02CF0010C04EB8C0405EB8C05D4
S11398802B682360174C184B9C4218D2013B191BC0
S1139890032923461DD9002289080131480804EB15
S11398A0C000C3E9002208338342FAD1CB0706D5AE
S11398B021F0010104EB810C0023CCF80030FAF70D
S11398C0CBFC4FF0E023094AC3F8082DFBF7C8F995
S11398D0FEE7A446F0E700BF200000108601001058
S11398E068E9000088010010E52500100040000030
S11398F0FEE700BF4FF0805CC7200C21104B1A68B4
S113990022F4404242F400421A601A6822F440529F
S113991042F400521A601A6822F4403242F40032CF
S11399201A601A6822F4402242F400221A60054A9E
S113993003F58043C2F898C018605960704700BFAF
S113994000C0024000C0092010B54FF4007412207A
S1139950264B27495A6822F470125A600A6822F08A
S1139960C0620A605A6C42F420125A645A6C22F49F
S1139970A0125A641F4A8C6310601368013B136081
S1139980002BFAD14FF0200C4FF4804E1823012401
S11399901020174A1849C2F858C0C2F838E0C2F873
S11399A05CC003F1FF3C0B020FD594659065D2F8BF
S11399B054E01CF0FF03D065CEF3400E12D04EEA03
S11399C0410103F1FF3C0B02EFD4D46590651CF018
S11399D0FF03D2F854C0D065CCF3400C02D04CEA5B
S11399E04101DEE72022024B9A6510BD00C002400F
S11399F000C009204C250010FF7F0D0000B54FF07A
S1139A00200C102118234FF0010E144A40F080005E
S1139A10C2F85CC0884003F1FF3C030210D5C2F8D1
S1139A2058E09165536DD165C3F3400343EA4000A8
S1139A301CF0FF03EFD12022084B80B29A6500BDD1
S1139A40C2F85CE091651CF0FF03D2F854C0D16504
S1139A50CCF3400C4CEA4000DDD1ECE700C0092017
S1139A6010B54FF0200C41EA0041182301241020C6
S1139A70134AC2F85CC003F1FF3C0B020FD5946596
S1139A809065D2F854E01CF0FF03D065CEF3400E8D
S1139A9012D04EEA410103F1FF3C0B02EFD4D4652E
S1139AA090651CF0FF03D2F854C0D065CCF3400C91
S1139AB002D04CEA4101DEE72022014B9A6510BD39
S1139AC000C0092010B5102201212024204BDC65A0
S1139AD0D9659A65586DDA65D9659A6500F0020E04
S1139AE0586DDA65D9659A65C0F3400C586DDA652E
S1139AF0D9659A654CEA0E0CC0F3400E586DDA65D0
S1139B00D9659A654EEA4C0EC0F3400C586DDA657F
S1139B10D9659A654CEA4E0CC0F3400E586DDA656F
S1139B20D9659A654EEA4C0EC0F3400C586DDA655F
S1139B30D9659A65C0F34001586D4CEA4E0C41EA70
S1139B404C01C0F34000DA6540EA41009C6510BD59
S1139B5000C0092020223F4B0106DA654FF00102C4
S1139B604FF0100154BFDA659A653A4A4FF0200C61
S1139B709165536DD1650121C3F3400343EA40036A
S1139B80180654BFD16591651021324A9165506D14
S1139B90D165C0F3400040EA4300012301064FF0C1
S1139BA0100154BFD36593652A4A9165536DD165FD
S1139BB0C3F34003012143EA400318064FF01000A9
S1139BC054BFD1659165234988654A6DC865C2F360
S1139BD0400242EA4302012310064FF0100054BF32
S1139BE0CB658B651B4988654B6DC865C3F3400322
S1139BF043EA4203012218064FF0100054BFCA651D
S1139C008A65144988654A6DC865C2F3400242EA10
S1139C104302012310064FF0100054BFCB658B653F
S1139C200C4988654B6DC865C3F3400343EA42039E
S1139C30012218064CBF8A65CA651021054A916540
S1139C40506DD165C0F3400040EA4300C2F858C0EB
S1139C50C0B2704700C0092070B42024182300212A
S1139C6001261020504AD4650D0203F1FF340ED5AD
S1139C7096659065556D14F0FF03D065C5F34005F6
S1139C8011D045EA41010D0203F1FF34F0D4D66549
S1139C90906514F0FF03546DD065C4F3400402D002
S1139CA044EA4101E0E72026012510203E4A96655A
S1139CB018234FF40001D6655C1E0B0234D595655C
S1139CC09065536DD065C3F3400343EA410114F03A
S1139CD0FF03F1D189B296650029E9D1D66518232D
S1139CE04FF40040012610222F49050203F1FF34EE
S1139CF00ED58E658A654D6D14F0FF03CA65C5F3F4
S1139D00400521D045EA4000050203F1FF34F0D4B8
S1139D10CE658A6514F0FF034C6DCA65C4F3400434
S1139D2012D044EA4000E0E7D565906514F0FF03E3
S1139D30546DD065C4F3400444EA4101BCD189B2F6
S1139D4096650029B4D1C9E7202601251020164ABA
S1139D50966518234FF40001D6655C1E0B0211D5DD
S1139D6095659065536DD065C3F3400343EA4101A3
S1139D7014F0FF03F1D189B2B1F5004F9665E8D133
S1139D8070BC7047D565906514F0FF03546DD065C1
S1139D90C4F3400C4CEA4101DFD189B2B1F5004F64
S1139DA09665D6D1ECE700BF00C0092038B5002283
S1139DB044F23A04AA205521824B1C60C3F80C21BA
S1139DC0D3F8802022F00202C3F88020C3F88C006C
S1139DD0C3F88C10D3F888209201FBD4AA24552010
S1139DE0D3F88010774A21F00101C3F88010C3F83A
S1139DF08C40C3F88C00D2F8883013F08073FAD109
S1139E00C2F804312025FFF727FF0124182310206E
S1139E106D4A6E49D5650D0203F1FF3C0ED594657C
S1139E209065556D1CF0FF03D065C5F3400E11D04D
S1139E304EEA41010D0203F1FF3CF0D4D465906574
S1139E40556D1CF0FF03D065C5F3400C02D04CEAFD
S1139E504101E0E71022012120205B4B9865D86581
S1139E60D9659A655C6DDA6599659A655C6DDA65A4
S1139E7099659A655C6DDA65D9659A655C6DDA6594
S1139E80D9659A655C6DDA65D9659A655C6DDA6544
S1139E90D9659A655C6DDA65D9659A655C6DDA6534
S1139EA09865D865D9659A655C6DDA65D9659A65F2
S1139EB05D6DDA65D9659A655C6DDA65D9659A6513
S1139EC05C6DDA65D9659A655C6DDA65D9659A6504
S1139ED05C6DDA65D9659A655C6DDA65D9659A65F4
S1139EE05C6DAC07DA659865DBD5364BC3F8A00129
S1139EF0D3F8A0215206FBD5AA2455204FF0010C1B
S1139F0028254FF4005E324AC3F8A851C3F8ACE1E7
S1139F10C3F80CC1C3F88420C3F88C40C3F88C0088
S1139F20D3F88020274942EA0C02C3F88020C3F802
S1139F308C40C3F88C00D1F88830DD01FBD50323B5
S1139F40AA245520C1F80431D1F880301D4A43F0C9
S1139F500203C1F88030C1F88C40C1F88C00D2F8FB
S1139F6088309C01FBD5AA2455202223C2F8A430B2
S1139F70C2F8AC40C2F8AC00D2F8A030114943F0AA
S1139F800103C2F8A030C2F8AC40C2F8AC00D1F86A
S1139F90A830D805FBD50B4AD2F8A8305905FBD513
S1139FA0AA245520D2F8A030064943F00203C2F88F
S1139FB0A030C2F8AC40C2F8AC00D1F8A8309B0580
S1139FC0FBD538BD00C00F4000C009207015080043
S1139FD01800010008B500234CF2127E40F2B11CB7
S1139FE04FF04050184A19490B604B608B60CB60AE
S1139FF00B61CB614B628B62136013621364136653
S113A000C2F880300B644B648B64CB640B65CB6506
S113A0104B665361536353655367C2F894301360BE
S113A020C2F820E0C2F840C01366C2F88000536151
S113A030536353655367C2F89430FFF785FCBDE85A
S113A0400840FFF7B3BE00BF00C0092000C00240B3
S113A05070B5002302264FF0804CAA2555241949D7
S113A06019480B604B608B60CB600B61CB614B621A
S113A0708B620360036203640366C0F880300B6480
S113A0804B648B64CB640B65CB654B664361436364
S113A09043654367C0F89430C663DCF800300B4A6C
S113A0A0DFF82CE043F00303CCF80030CCF8085080
S113A0B0CCF80840C2F800E01368013B1360002BA1
S113A0C0FAD170BD00C0024000C009204C25001028
S113A0D01D1A060030B58BB0362204460D4668467C
S113A0E005A900920A4B9847DDE9050300220521E2
S113A0F060F3070263F30F22180A60F31742180C87
S113A10060F31F621B0E2260237129600BB030BD07
S113A110F11FFF1F2DE9F0438BB000273A220446BC
S113A1208946684605A900923E46234B9847DDE9D7
S113A1300601BE46BC461125089A059B4FEA1068E5
S113A14068F307064FEA116863F3070768F3070E1D
S113A1504FEA126860F30F2768F3070C4FEA1028E0
S113A16068F31747000C60F31F6761F30F26080AB2
S113A17060F31746090C099B61F31F6662F30F2E07
S113A180110A61F3174E120C62F31F6E63F30F2C66
S113A1901A0A62F3174C1A0C62F31F6C1B0E276029
S113A1A06660C4F808E0C4F80CC02374C9F8005011
S113A1B00BB0BDE8F08300BFF11FFF1F00B58BB0EB
S113A1C039226846024B05A9009298470BB000BD9E
S113A1D0F11FFF1F30B585B0002830D111F0040104
S113A1E04D4C30D1E269002A59DDA16800F01EFA15
S113A1F000286CDBA368E1690344091AA360E161E8
S113A200F9B92378C3F3411204EB8203DB68022A11
S113A2101546A36062D004EB85035B6A002B56D01D
S113A2203E4A02F11801A2F10800984700284ED0D6
S113A230E2698020402AA8BF4022A1683BE0802830
S113A24033D005B030BD0822214600F0EFF9227862
S113A250E388C2F341110D4604EB8101C968E3614F
S113A260A16023620BB1D209EBD0022D43D004EBE1
S113A27085035B6A5BB3294A02F11801A2F1080065
S113A280984720B3E388226A80209342A8BF1346EC
S113A290402B1A46A168A8BF4022E3610BE00A469E
S113A2A005B0BDE8304000F0C1B91B4CE269A168BB
S113A2B0402AA8BF4022019200F06EF9A168E36928
S113A2C0019A11449B1AA160E36105B030BD0121DC
S113A2D0802005B0BDE8304000F032B9039120463B
S113A2E004F1080304F1200203A900F03DFB002857
S113A2F091D003989AE74FF0000C084B03A903F19F
S113A3001802A3F10800CDF80CC000F02DFB0028C2
S113A310ADD00398B5E700BF542500105C250010AC
S113A320024B03EB80004162C26070475425001069
S113A330704700BF08B500F0ABFA0D4800F080F894
S113A34000200C4900F05CF880200A4900F058F81D
S113A3504021002000F014F84021802000F010F883
S113A3600020054A0549FFF7DBFF012008BD00BFB7
S113A37031A30000D5A10000882500101DAA00000B
S113A38000B54FF0010C1D4A00FA0CF303F01E0354
S113A390D2F844E243EAD0100CFA00FC4CEA0E0373
S113A3A0C2F84432C2F84802C2F84C12D2F8003261
S113A3B0D905FBD54FF4807E4FF0300C030443F4F1
S113A3C0800343F4A0630D49C2F808E2C2F808C24E
S113A3D0C2F81032D1F80032DA06FBD510204FF45F
S113A3E08073064AC1F80802C1F81032D2F800326C
S113A3F0DB06FBD51023C2F8083200BD00C00050B4
S113A40010B50122DFF830C000FA02F30B4C03F060
S113A4101E03DCF834E244F8131043EAD0139A40E4
S113A42042EA0E02CCF83422DCF8043243F004038E
S113A430CCF8043210BD00BF00C0005090250010BD
S113A440044A0549D2F8043243F00803C2F804323E
S113A4500864704700C000509025001030210F4A56
S113A4600F4BC2F8081240F08000C2F81032D2F844
S113A4700032D906FBD54FF0100C00FA0CF343F46C
S113A48080730649C2F808C2C2F81032D1F800320B
S113A490DB06FBD51023C1F80832704700C000501A
S113A4A00005D0003021003818BF01200E4A0F4BA0
S113A4B0C2F80812C2F81032D2F80032D906FBD51D
S113A4C04FF0100C00FA0CF343F480730649C2F801
S113A4D008C2C2F81032D1F80032DB06FBD51023D3
S113A4E0C1F80832704700BF00C000500005FE00EC
S113A4F03021430003F01E0343EAD0100F4A000446
S113A50040F4A063C2F80812C2F81032D2F8003244
S113A510D906FBD5102340F400700849C2F808326C
S113A520C2F81002D1F800329B06FBD52023C1F8F3
S113A5300832D1F81402C0B2704700BF00C0005006
S113A5404FF0300C003918BF0121430003F01E0303
S113A55043EAD0131B040F4A43F4800343F4A0637B
S113A560C2F808C2C2F81032D2F80032D806FBD5BD
S113A5701020814041F480730649C2F80802C2F8F1
S113A5801032D1F80032DB06FBD51023C1F80832B3
S113A590704700BF00C0005000B5864610464FEA21
S113A5A08E02204B02F03C0242F00202C3F8282241
S113A5B0C3F82402D3F828224FEA4E0C0CF01E0CE8
S113A5C092074CEADE1C07D551F8042BC3F81C2271
S113A5D0D3F828229207F7D44FF0000E3022114905
S113A5E04FEA0C4C4CF4A063C1F828E2C1F80822ED
S113A5F0C1F81032D1F80032DA06FBD54FF0100E54
S113A6004FF0300C084B074AC1F808E2C1F808C201
S113A610C1F81032D2F80032DB06FBD51023C2F8A1
S113A620083200BD00C000500005FA0030B58300B8
S113A6303C4C03F03C0343F00103C4F82832D4F843
S113A64020321D05FBD55C0569D54FEA400C0CF0A2
S113A6501E0CC3F309034CEAD01493B3002953D05E
S113A6602AB34FF0000E93421D46F44628BF154608
S113A67001391CF0030F0DD12A480CF1010CD0F85C
S113A6801802654501F8010F0DD91CF0030F4FEABC
S113A690102EF1D00CF1010CAC4501F801EF02D2FF
S113A6A04FEA1E2EE5E7934288BF2A4609D91D4981
S113A6B012F0030F02F1010208BFD1F8180293420D
S113A6C0F6D8002530201749220442F4A062C1F8CC
S113A6D02852C1F80802C1F81022D1F80022D0068D
S113A6E0FBD510243020104A0E4DC1F80842C1F8A1
S113A6F00802C1F81022D5F80022D206FBD5102298
S113A7001846C5F8082230BD064A11F0030F01F1BE
S113A710010108BFD2F818028B42F6D1D1E74FF0FD
S113A720FF3030BD00C000500005F2003021003879
S113A73018BF01200E4A0F4BC2F80812C2F810329B
S113A740D2F80032D906FBD54FF0100C00FA0CF306
S113A75043F480730649C2F808C2C2F81032D1F833
S113A7600032DB06FBD51023C1F80832704700BF66
S113A77000C000500005D800F8B53F4BD3F80042A4
S113A780E10721D501223D49496CC3F80822D9B11A
S113A79030203B4AC3F80802C3F81022D3F8002241
S113A7A0D206FBD510253748334AC3F80852C3F8FC
S113A7B01002D2F800329F06FBD52023C2F80832DB
S113A7C0D2F81402C0B28847260720D508203021C9
S113A7D0294A2D4BC2F80802C2F80812C2F81032F6
S113A7E0D2F80032DD06FBD51020284B2249C2F8EE
S113A7F00802C2F81032D1F800329806FBD52023A3
S113A800C1F80832D1F8140210F01A0F2CD16207E3
S113A81029D50423184D00240127184EC5F8083201
S113A82002E00134202C1ED0D5F8302207FA04F3BC
S113A8301A42F6D0C5F83832D5F800329B06FBD55B
S113A8402022601056F82030C5F80822D5F81412DA
S113A850002BE6D040EAC41001F01F01C0B201345D
S113A8609847202CE0D1F8BD044B1B6C002BCED0B4
S113A87000F015009847CAE700C00050902500106A
S113A8800005F5000002F5000005FE000002FE00D0
S113A89000B5314B31481969314A21F4402141F462
S113A8A080211961D96821F0300141F01001D9608B
S113A8B0D96821F0405141F00051D960596821F024
S113A8C0406141F080615960596821F0405141F084
S113A8D080515960D0F8C43043F00043C0F8C4300C
S113A8E0D2F8F43F43F01203C2F8F43FD2F8F83F31
S113A8F09807FBD51A4AD2F8F83FD906FBD50023AE
S113A9004FF0FF304FF0300EDFF858C01449C2F852
S113A9100432C2F80802C2F82C32C2F83432C2F847
S113A9203802C2F84032C2F808E2C2F810C2D1F8C4
S113A9300032DA06FBD510204FF48073084AC1F8C0
S113A9400802C1F81032D2F80032DB06FBD510231E
S113A9500120C2F8083200BD00C0024000C00F4010
S113A96000C000500005F30010B5DFF868C09CF883
S113A97000C0BCF1000F03D090F801E0E64501D01F
S113A980002010BD4FF0000EB0F804C0C1F800E084
S113A990BCF1040F19D0BCF1050F14D14FF0920E85
S113A9A00D4CB0F802C0C0884FEA1C2CBEEB0C4F13
S113A9B01C60C2F800E006DB70451C60A8BF70464E
S113A9C0012310600B60012010BD4FF0280E034CD2
S113A9D0E7E700BFD8250010E000001038E90000C8
S113A9E0094B187071B14B1E0848253103E08B42A6
S113A9F000F8022B03D013F8012F002AF7D100230B
S113AA0003708370704700BFD82500102201001026
S113AA10014B5860704700BFD82500102DE9F04164
S113AA2082B0694D0446AB680F4616460BB1984791
S113AA3078B9237803F01F03012B3CD0022B27D0D5
S113AA405BB1002002B0BDE8F0816388002BF8D12F
S113AA503B60012002B0BDE8F08163783268092BC5
S113AA60EFD801A151F823F04DAB000043AA000038
S113AA7043AA000043AA000043AA000045AB00001B
S113AA8011AB000043AA000007AB0000CFAA0000EE
S113AA906578012D69D0032D5ED0002DD1D12079A8
S113AAA001933468FFF724FD019BC0F340006570F7
S113AAB020703B60CDE7627831680A2A5AD00B2AAD
S113AAC0C3D0002ABDD102230A803B60C1E7A3782A
S113AAD01F46002B64D06B681A78002A5AD04FF0B6
S113AAE0FF08FF2609E0052947D0022901D1597939
S113AAF00E4613441A78002A4CD059780429F2D10E
S113AB00D9788846F5E70123297B11703B60A0E7DB
S113AB1040F2EE3362889A424ED06B68187800286F
S113AB2098D04FEA122C00246146D5B203E00344C6
S113AB30187800288ED05A788A42F8D1A54233D0AA
S113AB400134F4E7A078FFF789FC82E74FF00001B5
S113AB50022311803B607CE76388002B7FF471AF94
S113AB6001212079FFF7ECFC73E7618800297FF469
S113AB7068AFF6E700220A706AE7BE42B9D1B8F1BD
S113AB80000FB6D1998898780193FFF7F9FB019BE0
S113AB901A78AEE70120FFF7C9FD63882B7358E7E5
S113ABA01846FFF7C3FDF8E73360BCF1020F0CBF92
S113ABB05B881B783B604CE71222044B2978943362
S113ABC0197433603A6044E7D8250010E00000109F
S113ABD053B94AB9002908BF00281CBF4FF0FF3100
S113ABE04FF0FF3000F098B9ADF1080C6DE904CED8
S113ABF000F006F8DDF804E0DDE9022304B0704754
S113AC002DE9F047074616460846BC460D46089A05
S113AC10002B4FD18E42B64669D9B6FA86F44CB1B0
S113AC20C4F12003A54027FA03F306FA04FE1D43EA
S113AC3007FA04FC4FEA1E47B5FBF7F107FB115571
S113AC401FFA8EF04FEA1C4343EA054301FB00F56B
S113AC509D420AD91EEB030301F1FF3680F0F68012
S113AC609D4240F2F380023973445B1BB3FBF7F55A
S113AC7007FB153305FB00F01FFA8CFC4CEA034C70
S113AC8060450AD91EEB0C0C05F1FF3380F0E0801F
S113AC90604540F2DD80F444023DACEB000C45EA33
S113ACA00140002122B12CFA04F30024C2E900344B
S113ACB0BDE8F0878B4206D90AB1C2E900710021D0
S113ACC00846BDE8F087B3FA83F100294CD18342EA
S113ACD002D3BE4200F20F81B7EB060C60EB030314
S113ACE001201D46002AE3D0C2E900C5E0E7002E9A
S113ACF000F095801C46B6FA86F3002B40F0AA803B
S113AD008D1B0121370CB6B2B5FBF7F007FB1055CC
S113AD104FEA1C4343EA054306FB00F59D4208D96C
S113AD201EEB030300F1FF3802D29D4200F2E880DB
S113AD3040465B1BB3FBF7F507FB15331FFA8CFC8E
S113AD404CEA034C06FB05F3634508D91EEB0C0CD7
S113AD5005F1FF3602D2634500F2CF803546ACEBF5
S113AD60030C45EA00409DE7C1F120058B4026FA1B
S113AD7005FC4CEA030C20FA05F44FEA1C4E06FAD3
S113AD8001F9B4FBFEF6884027FA05F303430EFBF2
S113AD9016401FFA8CF807FA01FA1F0C47EA004420
S113ADA006FB08F0A0420AD91CEB040406F1FF37A5
S113ADB080F09F80A04240F29C80023E6444241AAA
S113ADC0B4FBFEF00EFB104400FB08FE9BB243EA0A
S113ADD004439E450AD91CEB030300F1FF3480F0C1
S113ADE086809E4540F283800238634440EA0640F0
S113ADF0A0FB0974A3EB0E03A342BE46264665D30B
S113AE0062D052B1BAEB0E0463EB060303FA05F504
S113AE10CC402543CB40C2E90053002148E77B08DE
S113AE2043EAC1734C08190C41EA04419BB2B4FBD8
S113AE30F6F04FEAC77C43EA01433546B1FBF6F12D
S113AE4037461F245D1B41EA00415DE731460CE7AC
S113AE501D4622E71C4606FA03FEC3F1200321FA2D
S113AE6003F5A04027FA03F307FA04FC4FEA1E4750
S113AE700343B5FBF7F007FB10551FFA8EF6190CC8
S113AE8041EA054100FB06F58D423ED91EEB010166
S113AE9001D28D4221D8491BB1FBF7F5A84605FB29
S113AEA006F5013807FB18119BB243EA0143AB4294
S113AEB029D21EEB030308F1FF31C3D2AB42C1D246
S113AEC0A8F102017344BDE7BA459AD2B7EB090E63
S113AED064EB0C040138264693E7AEEB05052944E0
S113AEE0B1FBF7F50238A84605FB06F5DAE720467C
S113AEF07CE73E4663E70846F4E6F444023D2EE769
S113AF000238734415E741469CE7491BB1FBF7F54A
S113AF10A84605FB06F5C5E7704700BF20F003010E
S113AF2010F00300C0F1000051F8043B00F1040CE0
S113AF304FEACC0C6FF000021CBF22FA0CF2134350
S113AF404FF0010C4CEA0C2C4CEA0C4CA3EB0C0219
S113AF5022EA030212EACC1204BF51F8043B043083
S113AF60F4D0C2F1000102EA0102B2FA82F2C2F1A3
S113AF701F0200EBD2007047444D41492025780A56
S113AF8000000000737370206E650A004449457C1C
S113AF90556E657870656374656420747970652096
S113AFA02563207768696C652077616974696E67C9
S113AFB02072785F6D73670A0A0000004449457C7B
S113AFC06D73675F7075743A2073686F7274206272
S113AFD075660A0A000000004449457C496E7661A2
S113AFE06C69642074797065202564207768696CC5
S113AFF0652077616974696E672072785F6D736725
S113B00020636F6E740A0A007B38616334376138D9
S113B010382D636332362D346161392D3838376207
S113B0202D3432636138636630376136337D000016
S113B030323032302D31322D52310000544F444FD2
S113B04000000000496E76616C696400434F4E4E07
S113B05045435445440000005374617465202573CE
S113B060202D3E2025730A004449457C496E7661B3
S113B0706C6964207374617465207472616E7369A1
S113B08074696F6E202573202D3E2025730A0A00F3
S113B0906465627567207265713A2025730A000041
S113B0A043616E6E6F74206368616E6765206569C5
S113B0B0725F6D7367206E6F770A000045495220F6
S113B0C0757064617465640A00000000496E7661FD
S113B0D06C6964206D65737361676520747970654C
S113B0E02025640A000000005354414E4442590094
S113B0F0494E5155495259005041474500000000FE
S113B100494E51554952595F5343414E0000000086
S113B110504147455F5343414E000000284E796932
S113B12020706C7420256429000000004449457C8B
S113B1304E6F207061796C6F616420666F72207449
S113B1407970652025700A0A000000004449457C96
S113B1506465635F6E633A20756E6B20706C206C5F
S113B160656E0A0A000000004449457C6465635F1B
S113B1706E633A206572726F7220617620256420B6
S113B1806F662025640A0A004449457C506B74208C
S113B1906E6F74206465636F6465643F2025643A50
S113B1A025640A0A000000004449457C6E79692040
S113B1B0756E616C69676E656420696E2025640A2A
S113B1C00A0000004449457C6E796920756E616C03
S113B1D069676E6564206F75742025640A0A00002F
S113B1E04449457C706F6F6C206E7920696E697478
S113B1F0616C697A65640A0A000000004449457C70
S113B20043616E6E6F7420616C6C6F632025640AF9
S113B2100A0000004449457C4E6F206D6F72652022
S113B220627566666572730A0A00000043465352EB
S113B2303D253038780A0000484653523D253038C1
S113B240780A00004D4D53523D253038780A0000ED
S113B250424653523D253038780A00005546535231
S113B2603D253038780A0000424641523D253038A9
S113B270780A00000A537461636B2064756D702052
S113B280287E2570293A0A0025703A20253038781E
S113B2902025303878202530387820253038780A31
S113B2A000000000486172644661756C742061742A
S113B2B020307825780A00004D4D4661756C742065
S113B2C0617420307825780A0000000042757346C6
S113B2D061756C742061742025780A005573616768
S113B2E0654661756C742061742025780A0000003D
S113B2F04449457C7478712066756C6C20696E20B5
S113B300636F6E736F6C650A0A000000282B616618
S113B31068290000282D6166682900004449457C9D
S113B320496E76616C696420686F70206D6F646526
S113B3302025640A0A000000736C6176652073742A
S113B34061727465640A00006D61737465722073C0
S113B3507461727465640A004449457C6E6F2063AD
S113B3606220696E207363616E207461736B0A0AD4
S113B370000000006668733A2062613D256C6C78B9
S113B38020636C6B32375F323D2578206C74613DED
S113B39025640A0070616765207363616E206361D0
S113B3A06E63656C65640A00286261642074797058
S113B3B0652025642900000070616765207363615E
S113B3C06E2074696D656F75740A00004449457C8C
S113B3D04E6F207020696E2074785F6669666F5FB7
S113B3E06362202873697A65202564290A0A0000AB
S113B3F054583A205246206E6F742046535F4F4E85
S113B4000A0000004449457C7478653A2077726FDD
S113B4106E6720636C6B6E2025780A004449457C76
S113B4207478733A20616C726561647920676F7413
S113B43020706B740A0000006D6F6E69746F723156
S113B4402063616E63656C65640A00006D6F6E69EC
S113B450746F72312074696D656F75740A00000031
S113B460696E71756972792074696D656F75740A96
S113B470000000004449457C706167696E67203AAA
S113B480206578706563742061636C2072780A00AB
S113B4904449457C7478712066756C6C20696E2013
S113B4A0696E71756972790A0A0000004449457C25
S113B4B072786E643A206E6F2072785F706B740AD3
S113B4C0000000004449457C72786E643A206E6F37
S113B4D020706B745F63620A0000000072786E650E
S113B4E03A205246206E6F74207264790A0000007C
S113B4F04449457C646563206864722025643A206D
S113B50072633D25640A0A004449457C72785F737E
S113B51063686564756C653A2072785F6D73672142
S113B5203D300A004449457C7278203A20657870A1
S113B53065637420727820706B740A004C53205435
S113B5406F2028636F6E20666F72202564207365F8
S113B550632C20256420706B74207278290A000003
S113B5604449457C7478712066756C6C20696E2042
S113B5706D61737465720A0A000000004449457CD9
S113B580425443544C5F54585F41434C5F524551BD
S113B5902065787065637465640A0A00696E7120B9
S113B5A07363616E2063616E63656C65640A000099
S113B5B0696E7175697279207363616E2074696D47
S113B5C0656F75740A0000004449457C746F6F20F0
S113B5D06D616E792074696D6572730A00000000F4
S113B5E04449457C74696D657273206F7665726633
S113B5F06C6F770A0000000028582900286D6973D1
S113B6007365642074696D65722900004449457C42
S113B610496E76616C6964207278206D6F64652070
S113B62025640A0A000000005365742062646164A2
S113B630647220256C6C78202D3E20737720256C55
S113B6406C780A00706167696E672074696D656F54
S113B65075740A0049442833290A00006E6F204992
S113B660442833290A0000004449457C7278203A72
S113B670206578706563742061636C2072780A00B9
S113B6802825632C25782C25782900004449457CFD
S113B6906D6F6E323A207478712066756C6C0A0096
S113B6A04E5046006D6F6E69746F72322073746110
S113B6B0727465640A0000004449457C4E6F207032
S113B6C0687920696E742068616E646C65720A0022
S113B6D066726571206F6666207265673A2025641C
S113B6E00A0000006D6178206163206572726F72D8
S113B6F0733A2025640A000074646D615F736368A3
S113B7006564756C65206275636B6574206F76651E
S113B71072666C6F770A00000A28253275290000CA
S113B72025753A00E8B00000F0B00000F8B0000061
S113B7304CB0000000B1000010B100000001020391
S113B7400405060708090A0B0C0D0E0F101112133D
S113B7501415161718191A1B1C1D1E1F00010203AD
S113B76004050607101112131415161708090A0BFD
S113B7700C0D0E0F18191A1B1C1D1E1F0001101191
S113B78004051415080918190C0D1C1D02031213C5
S113B790060716170A0B1A1B0E0F1E1F00010809B5
S113B7A004050C0D1011181914151C1D02030A0BA5
S113B7B006070E0F12131A1B16171E1F0008020A83
S113B7C0040C060E0109030B050D070F1018121ABD
S113B7D0141C161E1119131B151D171F001002121D
S113B7E004140616011103130515071708180A1A7D
S113B7F00C1C0E1E09190B1B0D1D0F1F0008101821
S113B800040C141C01091119050D151D020A121A44
S113B810060E161E030B131B070F171F0010081824
S113B82004140C1C0111091905150D1D02120A1A24
S113B83006160E1E03130B1B07170F1F000102032E
S113B8401011121308090A0B18191A1B040506070C
S113B850141516170C0D0E0F1C1D1E1F00010203DC
S113B86008090A0B1011121318191A1B04050607EC
S113B8700C0D0E0F141516171C1D1E1F00011011A0
S113B88002031213080918190A0B1A1B04051415CC
S113B890060716170C0D1C1D0E0F1E1F00010809AC
S113B8A002030A0B1011181912131A1B04050C0DAC
S113B8B006070E0F14151C1D16171E1F0008020A7A
S113B8C01018121A0109030B1119131B040C060E8C
S113B8D0141C161E050D070F151D171F001002124C
S113B8E008180A1A0111031309190B1B041406166C
S113B8F00C1C0E1E051507170D1D0F1F0008101830
S113B900020A121A01091119030B131B040C141C4B
S113B910060E161E050D151D070F171F001008181B
S113B92002120A1A0111091903130B1B04140C1C2B
S113B93006160E1E05150D1D07170F1F0001080919
S113B94004050C0D02030A0B06070E0F101118193B
S113B95014151C1D12131A1B16171E1F000110119B
S113B96004051415020312130607161708091819FB
S113B9700C0D1C1D0A0B1A1B0E0F1E1F00010809BB
S113B98004050C0D1011181914151C1D02030A0BC3
S113B99006070E0F12131A1B16171E1F0001101193
S113B9A004051415080918190C0D1C1D02031213A3
S113B9B0060716170A0B1A1B0E0F1E1F0008010993
S113B9C0040C050D020A030B060E070F10181119BB
S113B9D0141C151D121A131B161E171F001001111B
S113B9E0041405150212031306160717081809197B
S113B9F00C1C0D1D0A1A0B1B0E1E0F1F000801093B
S113BA00040C050D10181119141C151D020A030B42
S113BA10060E070F121A131B161E171F0010011112
S113BA2004140515081809190C1C0D1D0212031322
S113BA30061607170A1A0B1B0E1E0F1F0001080912
S113BA401011181902030A0B12131A1B04050C0D0A
S113BA5014151C1D06070E0F16171E1F00011011CA
S113BA6008091819020312130A0B1A1B04051415EA
S113BA700C0D1C1D060716170E0F1E1F00010809CA
S113BA8002030A0B1011181912131A1B04050C0DCA
S113BA9006070E0F14151C1D16171E1F000110118A
S113BAA002031213080918190A0B1A1B04051415AA
S113BAB0060716170C0D1C1D0E0F1E1F000801098A
S113BAC010181119020A030B121A131B040C050D8A
S113BAD0141C151D060E070F161E171F001001114A
S113BAE008180919021203130A1A0B1B041405156A
S113BAF00C1C0D1D061607170E1E0F1F000801094A
S113BB00020A030B10181119121A131B040C050D49
S113BB10060E070F141C151D161E171F0010011109
S113BB2002120313081809190A1A0B1B0414051529
S113BB30061607170C1C0D1D0E1E0F1F0008020A07
S113BB40040C060E0109030B050D070F1018121A39
S113BB50141C161E1119131B151D171F0010021299
S113BB6004140616011103130515071708180A1AF9
S113BB700C1C0E1E09190B1B0D1D0F1F000810189D
S113BB80040C141C01091119050D151D020A121AC1
S113BB90060E161E030B131B070F171F00100818A1
S113BBA004140C1C0111091905150D1D02120A1AA1
S113BBB006160E1E03130B1B07170F1F00010203AB
S113BBC00405060708090A0B0C0D0E0F10111213B9
S113BBD01415161718191A1B1C1D1E1F0001020329
S113BBE004050607101112131415161708090A0B79
S113BBF00C0D0E0F18191A1B1C1D1E1F000110110D
S113BC0004051415080918190C0D1C1D0203121340
S113BC10060716170A0B1A1B0E0F1E1F0001080930
S113BC2004050C0D1011181914151C1D02030A0B20
S113BC3006070E0F12131A1B16171E1F0008020AFE
S113BC401018121A0109030B1119131B040C060E08
S113BC50141C161E050D070F151D171F00100212C8
S113BC6008180A1A0111031309190B1B04140616E8
S113BC700C1C0E1E051507170D1D0F1F00081018AC
S113BC80020A121A01091119030B131B040C141CC8
S113BC90060E161E050D151D070F171F0010081898
S113BCA002120A1A0111091903130B1B04140C1CA8
S113BCB006160E1E05150D1D07170F1F00010203A2
S113BCC01011121308090A0B18191A1B0405060788
S113BCD0141516170C0D0E0F1C1D1E1F0001020358
S113BCE008090A0B1011121318191A1B0405060768
S113BCF00C0D0E0F141516171C1D1E1F000110111C
S113BD0002031213080918190A0B1A1B0405141547
S113BD10060716170C0D1C1D0E0F1E1F0001080927
S113BD2002030A0B1011181912131A1B04050C0D27
S113BD3006070E0F14151C1D16171E1F0002080AF5
S113BD4004060C0E0103090B05070D0F1012181A37
S113BD5014161C1E1113191B15171D1F0002101297
S113BD60040614160103111305071517080A181AF7
S113BD700C0E1C1E090B191B0D0F1D1F001008189B
S113BD8004140C1C0111091905150D1D02120A1ABF
S113BD9006160E1E03130B1B07170F1F000810189F
S113BDA0040C141C01091119050D151D020A121A9F
S113BDB0060E161E030B131B070F171F00020103A9
S113BDC004060507080A090B0C0E0D0F10121113B7
S113BDD014161517181A191B1C1E1D1F0002010327
S113BDE0040605071012111314161517080A090B77
S113BDF00C0E0D0F181A191B1C1E1D1F001001110B
S113BE0004140515081809190C1C0D1D021203133E
S113BE10061607170A1A0B1B0E1E0F1F000801092E
S113BE20040C050D10181119141C151D020A030B1E
S113BE30060E070F121A131B161E171F0002080AFC
S113BE401012181A0103090B1113191B04060C0E06
S113BE5014161C1E05070D0F15171D1F00021012C6
S113BE60080A181A01031113090B191B04061416E6
S113BE700C0E1C1E050715170D0F1D1F00100818AA
S113BE8002120A1A0111091903130B1B04140C1CC6
S113BE9006160E1E05150D1D07170F1F0008101896
S113BEA0020A121A01091119030B131B040C141CA6
S113BEB0060E161E050D151D070F171F00020103A0
S113BEC010121113080A090B181A191B0406050786
S113BED0141615170C0E0D0F1C1E1D1F0002010356
S113BEE0080A090B10121113181A191B0406050766
S113BEF00C0E0D0F141615171C1E1D1F001001111A
S113BF0002120313081809190A1A0B1B0414051545
S113BF10061607170C1C0D1D0E1E0F1F0008010925
S113BF20020A030B10181119121A131B040C050D25
S113BF30060E070F141C151D161E171F00010405FD
S113BF400203060708090C0D0A0B0E0F1011141535
S113BF501213161718191C1D1A1B1E1F00010405A5
S113BF6002030607101114151213161708090C0DF5
S113BF700A0B0E0F18191C1D1A1B1E1F00010405A5
S113BF801011141508090C0D18191C1D02030607BD
S113BF90121316170A0B0E0F1A1B1E1F000104059D
S113BFA008090C0D1011141518191C1D020306079D
S113BFB00A0B0E0F121316171A1B1E1F0008040C6F
S113BFC0020A060E0109050D030B070F1018141CB5
S113BFD0121A161E1119151D131B171F0010041415
S113BFE002120616011105150313071708180C1C75
S113BFF00A1A0E1E09190D1D0B1B0F1F0008040C35
S113C0001018141C0109050D1119151D020A060E3C
S113C010121A161E030B070F131B171F001004140C
S113C02008180C1C0111051509190D1D021206161C
S113C0300A1A0E1E031307170B1B0F1F0001101102
S113C04002031213080918190A0B1A1B0405141504
S113C050060716170C0D1C1D0E0F1E1F00010809E4
S113C06002030A0B1011181912131A1B04050C0DE4
S113C07006070E0F14151C1D16171E1F00010203C0
S113C0801011121308090A0B18191A1B04050607C4
S113C090141516170C0D0E0F1C1D1E1F0001020394
S113C0A008090A0B1011121318191A1B04050607A4
S113C0B00C0D0E0F141516171C1D1E1F000810184A
S113C0C0020A121A01091119030B131B040C141C84
S113C0D0060E161E050D151D070F171F0010081854
S113C0E002120A1A0111091903130B1B04140C1C64
S113C0F006160E1E05150D1D07170F1F0008020A50
S113C1001018121A0109030B1119131B040C060E43
S113C110141C161E050D070F151D171F0010021203
S113C12008180A1A0111031309190B1B0414061623
S113C1300C1C0E1E051507170D1D0F1F000104050D
S113C14008090C0D020306070A0B0E0F1011141533
S113C15018191C1D121316171A1B1E1F00010405A3
S113C16010111415020306071213161708090C0DF3
S113C17018191C1D0A0B0E0F1A1B1E1F00010405A3
S113C18008090C0D1011141518191C1D02030607BB
S113C1900A0B0E0F121316171A1B1E1F000104059B
S113C1A01011141508090C0D18191C1D020306079B
S113C1B0121316170A0B0E0F1A1B1E1F0008040C6D
S113C1C00109050D020A060E030B070F1018141CB3
S113C1D01119151D121A161E131B171F0010041413
S113C1E001110515021206160313071708180C1C73
S113C1F009190D1D0A1A0E1E0B1B0F1F0008040C33
S113C2000109050D1018141C1119151D020A060E3A
S113C210030B070F121A161E131B171F001004140A
S113C2200111051508180C1C09190D1D021206161A
S113C230031307170A1A0E1E0B1B0F1F0001101100
S113C24008091819020312130A0B1A1B0405141502
S113C2500C0D1C1D060716170E0F1E1F00010809E2
S113C2601011181902030A0B12131A1B04050C0DE2
S113C27014151C1D06070E0F16171E1F00010203BE
S113C28008090A0B1011121318191A1B04050607C2
S113C2900C0D0E0F141516171C1D1E1F0001020392
S113C2A01011121308090A0B18191A1B04050607A2
S113C2B0141516170C0D0E0F1C1D1E1F0008101848
S113C2C001091119020A121A030B131B040C141C82
S113C2D0050D151D060E161E070F171F0010081852
S113C2E00111091902120A1A03130B1B04140C1C62
S113C2F005150D1D06160E1E07170F1F0008020A4E
S113C3000109030B1018121A1119131B040C060E41
S113C310050D070F141C161E151D171F0010021201
S113C3200111031308180A1A09190B1B0414061621
S113C330051507170C1C0E1E0D1D0F1F0008040CFD
S113C340020A060E0109050D030B070F1018141C31
S113C350121A161E1119151D131B171F0010041491
S113C36002120616011105150313071708180C1CF1
S113C3700A1A0E1E09190D1D0B1B0F1F0008040CB1
S113C3801018141C0109050D1119151D020A060EB9
S113C390121A161E030B070F131B171F0010041489
S113C3A008180C1C0111051509190D1D0212061699
S113C3B00A1A0E1E031307170B1B0F1F0001040597
S113C3C00203060708090C0D0A0B0E0F10111415B1
S113C3D01213161718191C1D1A1B1E1F0001040521
S113C3E002030607101114151213161708090C0D71
S113C3F00A0B0E0F18191C1D1A1B1E1F0001040521
S113C4001011141508090C0D18191C1D0203060738
S113C410121316170A0B0E0F1A1B1E1F0001040518
S113C42008090C0D1011141518191C1D0203060718
S113C4300A0B0E0F121316171A1B1E1F00081018D2
S113C440020A121A01091119030B131B040C141C00
S113C450060E161E050D151D070F171F00100818D0
S113C46002120A1A0111091903130B1B04140C1CE0
S113C47006160E1E05150D1D07170F1F0008020ACC
S113C4801018121A0109030B1119131B040C060EC0
S113C490141C161E050D070F151D171F0010021280
S113C4A008180A1A0111031309190B1B04140616A0
S113C4B00C1C0E1E051507170D1D0F1F0001101172
S113C4C002031213080918190A0B1A1B0405141580
S113C4D0060716170C0D1C1D0E0F1E1F0001080960
S113C4E002030A0B1011181912131A1B04050C0D60
S113C4F006070E0F14151C1D16171E1F000102033C
S113C5001011121308090A0B18191A1B040506073F
S113C510141516170C0D0E0F1C1D1E1F000102030F
S113C52008090A0B1011121318191A1B040506071F
S113C5300C0D0E0F141516171C1D1E1F00020406E9
S113C540080A0C0E01030507090B0D0F101214162F
S113C550181A1C1E11131517191B1D1F000204069F
S113C560101214160103050711131517080A0C0EEF
S113C570181A1C1E090B0D0F191B1D1F0010041483
S113C58008180C1C0111051509190D1D02120616B7
S113C5900A1A0E1E031307170B1B0F1F0008040CA7
S113C5A01018141C0109050D1119151D020A060E97
S113C5B0121A161E030B070F131B171F0002040683
S113C5C001030507080A0C0E090B0D0F10121416AF
S113C5D011131517181A1C1E191B1D1F000204061F
S113C5E0010305071012141611131517080A0C0E6F
S113C5F0090B0D0F181A1C1E191B1D1F0010041403
S113C6000111051508180C1C09190D1D0212061636
S113C610031307170A1A0E1E0B1B0F1F0008040C26
S113C6200109050D1018141C1119151D020A060E16
S113C630030B070F121A161E131B171F00021012EA
S113C640080A181A01031113090B191B04061416FE
S113C6500C0E1C1E050715170D0F1D1F0002080ADE
S113C6601012181A0103090B1113191B04060C0EDE
S113C67014161C1E05070D0F15171D1F001002129E
S113C68008180A1A0111031309190B1B04140616BE
S113C6900C1C0E1E051507170D1D0F1F0008020A9E
S113C6A01018121A0109030B1119131B040C060E9E
S113C6B0141C161E050D070F151D171F000210125E
S113C6C001031113080A181A090B191B040614167E
S113C6D0050715170C0E1C1E0D0F1D1F0002080A5E
S113C6E00103090B1012181A1113191B04060C0E5E
S113C6F005070D0F14161C1E15171D1F001002121E
S113C7000111031308180A1A09190B1B041406163D
S113C710051507170C1C0E1E0D1D0F1F0008020A1D
S113C7200109030B1018121A1119131B040C060E1D
S113C730050D070F141C161E151D171F00010203FB
S113C7400405060708090A0B0C0D0E0F101112132D
S113C7501415161718191A1B1C1D1E1F000201039D
S113C76004060507080A090B0C0E0D0F101211130D
S113C77014161517181A191B1C1E1D1F000102037D
S113C78008090A0B040506070C0D0E0F10111213ED
S113C79018191A1B141516171C1D1E1F000201035D
S113C7A0080A090B040605070C0E0D0F10121113CD
S113C7B0181A191B141615171C1E1D1F0001040539
S113C7C00203060708090C0D0A0B0E0F10111415AD
S113C7D01213161718191C1D1A1B1E1F000204061B
S113C7E001030507080A0C0E090B0D0F101214168D
S113C7F011131517181A1C1E191B1D1F00010809F7
S113C80002030A0B04050C0D06070E0F101118196C
S113C81012131A1B14151C1D16171E1F0002080ADA
S113C8200103090B04060C0E05070D0F1012181A4C
S113C8301113191B14161C1E15171D1F00010203CA
S113C84004050607101112131415161708090A0B0C
S113C8500C0D0E0F18191A1B1C1D1E1F00020103BC
S113C860040605071012111314161517080A090BEC
S113C8700C0E0D0F181A191B1C1E1D1F000102039C
S113C88008090A0B1011121318191A1B04050607BC
S113C8900C0D0E0F141516171C1D1E1F000201038C
S113C8A0080A090B10121113181A191B040605079C
S113C8B00C0E0D0F141615171C1E1D1F0001040568
S113C8C002030607101114151213161708090C0D8C
S113C8D00A0B0E0F18191C1D1A1B1E1F000204063A
S113C8E0010305071012141611131517080A0C0E6C
S113C8F0090B0D0F181A1C1E191B1D1F0001080916
S113C90002030A0B1011181912131A1B04050C0D3B
S113C91006070E0F14151C1D16171E1F0002080A09
S113C9200103090B1012181A1113191B04060C0E1B
S113C93005070D0F14161C1E15171D1F00100212DB
S113C9400414061608180A1A0C1C0E1E01110313EF
S113C9500515071709190B1B0D1D0F1F00100111D9
S113C96004140515081809190C1C0D1D02120313D3
S113C970061607170A1A0B1B0E1E0F1F00100212B1
S113C98008180A1A041406160C1C0E1E01110313AF
S113C99009190B1B051507170D1D0F1F0010011199
S113C9A008180919041405150C1C0D1D0212031393
S113C9B00A1A0B1B061607170E1E0F1F001004146D
S113C9C00212061608180C1C0A1A0E1E011105156F
S113C9D00313071709190D1D0B1B0F1F0010041457
S113C9E00111051508180C1C09190D1D0212061653
S113C9F0031307170A1A0E1E0B1B0F1F001008182B
S113CA0002120A1A04140C1C06160E1E011109192E
S113CA1003130B1B05150D1D07170F1F0010081816
S113CA200111091904140C1C05150D1D02120A1A12
S113CA3003130B1B06160E1E07170F1F0008020A0E
S113CA40040C060E1018121A141C161E0109030BEE
S113CA50050D070F1119131B151D171F00080109D8
S113CA60040C050D10181119141C151D020A030BD2
S113CA70060E070F121A131B161E171F00040206B8
S113CA80080C0A0E10141216181C1A1E01050307AE
S113CA90090D0B0F11151317191D1B1F0004010598
S113CAA0080C090D10141115181C191D0206030792
S113CAB00A0E0B0F121613171A1E1B1F0008040C64
S113CAC0020A060E1018141C121A161E0109050D6E
S113CAD0030B070F1119151D131B171F0008040C56
S113CAE00109050D1018141C1119151D020A060E52
S113CAF0030B070F121A161E131B171F0004080C32
S113CB0002060A0E1014181C12161A1E0105090D2D
S113CB1003070B0F1115191D13171B1F0004080C15
S113CB200105090D1014181C1115191D02060A0E11
S113CB3003070B0F12161A1E13171B1F00010809F7
S113CB4004050C0D02030A0B06070E0F1011181929
S113CB5014151C1D12131A1B16171E1F0002080A97
S113CB6004060C0E0103090B05070D0F1012181A09
S113CB7014161C1E1113191B15171D1F0001040583
S113CB8008090C0D020306070A0B0E0F10111415E9
S113CB9018191C1D121316171A1B1E1F0002040657
S113CBA0080A0C0E01030507090B0D0F10121416C9
S113CBB0181A1C1E11131517191B1D1F0001080933
S113CBC002030A0B04050C0D06070E0F10111819A9
S113CBD012131A1B14151C1D16171E1F0002080A17
S113CBE00103090B04060C0E05070D0F1012181A89
S113CBF01113191B14161C1E15171D1F0001040503
S113CC000203060708090C0D0A0B0E0F1011141568
S113CC101213161718191C1D1A1B1E1F00020406D6
S113CC2001030507080A0C0E090B0D0F1012141648
S113CC3011131517181A1C1E191B1D1F00011011A2
S113CC400405141502031213060716170809181908
S113CC500C0D1C1D0A0B1A1B0E0F1E1F00021012B6
S113CC60040614160103111305071517080A181AE8
S113CC700C0E1C1E090B191B0D0F1D1F000110119A
S113CC8008091819020312130A0B1A1B04051415B8
S113CC900C0D1C1D060716170E0F1E1F0002101286
S113CCA0080A181A01031113090B191B0406141698
S113CCB00C0E1C1E050715170D0F1D1F000110116A
S113CCC00203121304051415060716170809181988
S113CCD00A0B1A1B0C0D1C1D0E0F1E1F0002101236
S113CCE0010311130406141605071517080A181A68
S113CCF0090B191B0C0E1C1E0D0F1D1F000110111A
S113CD0002031213080918190A0B1A1B0405141537
S113CD10060716170C0D1C1D0E0F1E1F0002101205
S113CD2001031113080A181A090B191B0406141617
S113CD30050715170C0E1C1E0D0F1D1F00100818DB
S113CD4004140C1C02120A1A06160E1E01110919EB
S113CD5005150D1D03130B1B07170F1F00100818D3
S113CD6004140C1C0111091905150D1D02120A1ACF
S113CD7006160E1E03130B1B07170F1F00100414B7
S113CD8008180C1C021206160A1A0E1E01110515AB
S113CD9009190D1D031307170B1B0F1F0010041493
S113CDA008180C1C0111051509190D1D021206168F
S113CDB00A1A0E1E031307170B1B0F1F0010081867
S113CDC002120A1A04140C1C06160E1E011109196B
S113CDD003130B1B05150D1D07170F1F0010081853
S113CDE00111091904140C1C05150D1D02120A1A4F
S113CDF003130B1B06160E1E07170F1F0010041437
S113CE000212061608180C1C0A1A0E1E011105152A
S113CE100313071709190D1D0B1B0F1F0010041412
S113CE200111051508180C1C09190D1D021206160E
S113CE30031307170A1A0E1E0B1B0F1F00081018E6
S113CE40040C141C020A121A060E161E01091119EA
S113CE50050D151D030B131B070F171F00081018D2
S113CE60040C141C01091119050D151D020A121ACE
S113CE70060E161E030B131B070F171F00041014B6
S113CE80080C181C020612160A0E1A1E01051115AA
S113CE90090D191D030713170B0F1B1F0004101492
S113CEA0080C181C01051115090D191D020612168E
S113CEB00A0E1A1E030713170B0F1B1F0008101866
S113CEC0020A121A040C141C060E161E010911196A
S113CED0030B131B050D151D070F171F0008101852
S113CEE001091119040C141C050D151D020A121A4E
S113CEF0030B131B060E161E070F171F0004101436
S113CF0002061216080C181C0A0E1A1E0105111529
S113CF1003071317090D191D0B0F1B1F0004101411
S113CF2001051115080C181C090D191D020612160D
S113CF30030713170A0E1A1E0B0F1B1F0004020609
S113CF4001050307080C0A0E090D0B0F1014121625
S113CF5011151317181C1A1E191D1B1F0004010597
S113CF6002060307080C090D0A0E0B0F1014111505
S113CF7012161317181C191D1A1E1B1F0008020A6B
S113CF800109030B040C060E050D070F1018121AE5
S113CF901119131B141C161E151D171F0008010957
S113CFA0020A030B040C050D060E070F10181119C5
S113CFB0121A131B141C151D161E171F000204063B
S113CFC001030507080A0C0E090B0D0F10121416A5
S113CFD011131517181A1C1E191B1D1F0001040517
S113CFE00203060708090C0D0A0B0E0F1011141585
S113CFF01213161718191C1D1A1B1E1F0002080AEB
S113D0000103090B04060C0E05070D0F1012181A64
S113D0101113191B14161C1E15171D1F00010809D6
S113D02002030A0B04050C0D06070E0F1011181944
S113D03012131A1B14151C1D16171E1F00040206BA
S113D040010503071014121611151317080C0A0E04
S113D050090D0B0F181C1A1E191D1B1F00040105B6
S113D060020603071014111512161317080C090DE4
S113D0700A0E0B0F181C191D1A1E1B1F0008020A8A
S113D0800109030B1018121A1119131B040C060EB4
S113D090050D070F141C161E151D171F0008010986
S113D0A0020A030B10181119121A131B040C050D94
S113D0B0060E070F141C151D161E171F000204066A
S113D0C0010305071012141611131517080A0C0E84
S113D0D0090B0D0F181A1C1E191B1D1F0001040536
S113D0E002030607101114151213161708090C0D64
S113D0F00A0B0E0F18191C1D1A1B1E1F0002080A0A
S113D1000103090B1012181A1113191B04060C0E33
S113D11005070D0F14161C1E15171D1F0001080905
S113D12002030A0B1011181912131A1B04050C0D13
S113D13006070E0F14151C1D16171E1F00040206E9
S113D14010141216080C0A0E181C1A1E01050307E7
S113D15011151317090D0B0F191D1B1F00040105D1
S113D16010141115080C090D181C191D02060307CB
S113D170121613170A0E0B0F1A1E1B1F0008020AA1
S113D1801018121A040C060E141C161E0109030BA7
S113D1901119131B050D070F151D171F0008010991
S113D1A010181119040C050D141C151D020A030B8B
S113D1B0121A131B060E070F161E171F0002040671
S113D1C010121416080A0C0E181A1C1E0103050767
S113D1D011131517090B0D0F191B1D1F0001040551
S113D1E01011141508090C0D18191C1D020306074B
S113D1F0121316170A0B0E0F1A1B1E1F0002080A21
S113D2001012181A04060C0E14161C1E0103090B26
S113D2101113191B05070D0F15171D1F0001080910
S113D2201011181904050C0D14151C1D02030A0B0A
S113D23012131A1B06070E0F16171E1F00040206F0
S113D240080C0A0E10141216181C1A1E01050307E6
S113D250090D0B0F11151317191D1B1F00040105D0
S113D260080C090D10141115181C191D02060307CA
S113D2700A0E0B0F121613171A1E1B1F0008020AA0
S113D280040C060E1018121A141C161E0109030BA6
S113D290050D070F1119131B151D171F0008010990
S113D2A0040C050D10181119141C151D020A030B8A
S113D2B0060E070F121A131B161E171F0002040670
S113D2C0080A0C0E10121416181A1C1E0103050766
S113D2D0090B0D0F11131517191B1D1F0001040550
S113D2E008090C0D1011141518191C1D020306074A
S113D2F00A0B0E0F121316171A1B1E1F0002080A20
S113D30004060C0E1012181A14161C1E0103090B25
S113D31005070D0F1113191B15171D1F000108090F
S113D32004050C0D1011181914151C1D02030A0B09
S113D33006070E0F12131A1B16171E1F0004080CE3
S113D3400105090D02060A0E03070B0F1014181C21
S113D3501115191D12161A1E13171B1F0004080C91
S113D36002060A0E0105090D03070B0F1014181C01
S113D37012161A1E1115191D13171B1F0008040C71
S113D3800109050D020A060E030B070F1018141CE1
S113D3901119151D121A161E131B171F0008040C51
S113D3A0020A060E0109050D030B070F1018141CC1
S113D3B0121A161E1119151D131B171F0002080A35
S113D3C00103090B04060C0E05070D0F1012181AA1
S113D3D01113191B14161C1E15171D1F0001080913
S113D3E002030A0B04050C0D06070E0F1011181981
S113D3F012131A1B14151C1D16171E1F00020406F7
S113D40001030507080A0C0E090B0D0F1012141660
S113D41011131517181A1C1E191B1D1F00010405D2
S113D4200203060708090C0D0A0B0E0F1011141540
S113D4301213161718191C1D1A1B1E1F0004101492
S113D440010511150206121603071317080C181C00
S113D450090D191D0A0E1A1E0B0F1B1F00041014B0
S113D460020612160105111503071317080C181CE0
S113D4700A0E1A1E090D191D0B0F1B1F0008101888
S113D48001091119020A121A030B131B040C141CB0
S113D490050D151D060E161E070F171F0008101880
S113D4A0020A121A01091119030B131B040C141C90
S113D4B0060E161E050D151D070F171F000210126C
S113D4C0010311130406141605071517080A181A80
S113D4D0090B191B0C0E1C1E0D0F1D1F0001101132
S113D4E00203121304051415060716170809181960
S113D4F00A0B1A1B0C0D1C1D0E0F1E1F000210120E
S113D50001031113080A181A090B191B040614162F
S113D510050715170C0E1C1E0D0F1D1F0001101101
S113D52002031213080918190A0B1A1B040514150F
S113D530060716170C0D1C1D0E0F1E1F0004080CE9
S113D5401014181C02060A0E12161A1E0105090DE3
S113D5501115191D03070B0F13171B1F0004080CCB
S113D5601014181C0105090D1115191D02060A0EC7
S113D57012161A1E03070B0F13171B1F0008040CA7
S113D5801018141C020A060E121A161E0109050DA3
S113D5901119151D030B070F131B171F0008040C8B
S113D5A01018141C0109050D1119151D020A060E87
S113D5B0121A161E030B070F131B171F0002080A6B
S113D5C01012181A04060C0E14161C1E0103090B63
S113D5D01113191B05070D0F15171D1F000108094D
S113D5E01011181904050C0D14151C1D02030A0B47
S113D5F012131A1B06070E0F16171E1F000204062D
S113D60010121416080A0C0E181A1C1E0103050722
S113D61011131517090B0D0F191B1D1F000104050C
S113D6201011141508090C0D18191C1D0203060706
S113D630121316170A0B0E0F1A1B1E1F00041014C8
S113D640080C181C020612160A0E1A1E01051115E2
S113D650090D191D030713170B0F1B1F00041014CA
S113D660080C181C01051115090D191D02061216C6
S113D6700A0E1A1E030713170B0F1B1F000810189E
S113D680040C141C020A121A060E161E01091119A2
S113D690050D151D030B131B070F171F000810188A
S113D6A0040C141C01091119050D151D020A121A86
S113D6B0060E161E030B131B070F171F0002101272
S113D6C0080A181A040614160C0E1C1E0103111362
S113D6D0090B191B050715170D0F1D1F000110114C
S113D6E008091819040514150C0D1C1D0203121346
S113D6F00A0B1A1B060716170E0F1E1F0002101224
S113D70004061416080A181A0C0E1C1E0103111321
S113D71005071517090B191B0D0F1D1F000110110B
S113D72004051415080918190C0D1C1D0203121305
S113D730060716170A0B1A1B0E0F1E1F0000000007
S113D74014C0D1A0020000FE1F20B9F003000001A4
S113D750DB0EE43A03008000B999CA5F030040007D
S113D76008D25D6D0300200004E9AEB6010010008C
S113D770827457DB0000080041BAAB6D000004005E
S113D780F4436DF402000200FAA1367A01000100AC
S113D790FD501BBD00800000AA36359C02400000ED
S113D7A0559B1A4E012000007ED3B565021000007F
S113D7B0BFE9DA32010800000BEAD55B020400007D
S113D7C0D16B52EF030200003CAB113503010000A2
S113D7D09ED5889A81000000CF6A44CD40000000A5
S113D7E0B3AB1AA4220000000DCBB59013000000C7
S113D7F0527BE20A0B000000A93D71850500000080
S113D80001000000000001000000000001001200FF
S113D810010101011100010101011B0000010000CF
S113D82000000000000000000000000000000000F4
S113D8300000000000000000000000000302790066
S113D84001010302B7000001000000000000000015
S113D850000000000502E00001010502530100017F
S113D8600040206090D0B0F048086828D898F8B8F4
S113D87024640444B4F494D46C2C4C0CFCBCDC9CA4
S113D88092D2B2F202422262DA9AFABA4A0A6A2AB4
S113D890B6F696D626660646FEBEDE9E6E2E4E0E64
S113D8A0C989E9A95919793981C1A1E111513171A4
S113D8B0EDADCD8D7D3D5D1DA5E585C53575155554
S113D8C05B1B7B3BCB8BEBAB1353337383C3A3E364
S113D8D07F3F5F1FEFAFCF8F37771757A7E787C714
S113D8E000020406080A0C0E10121416181A1C1E44
S113D8F020222426282A2C2E30323436383A3C3E34
S113D90040424446484A4C4E50525456585A5C5E23
S113D91060626466686A6C6E70727476787A7C7E13
S113D92011131517191B1D1F01030507090B0D0FF3
S113D93031333537393B3D3F21232527292B2D2FE3
S113D94051535557595B5D5F41434547494B4D4FD3
S113D95071737577797B7D7F61636567696B6D6FC3
S113D9600004080C1014181C2024282C3034383CD3
S113D9704044484C5054585C6064686C7074787CC3
S113D9801115191D0105090D3135393D2125292DA3
S113D9905155595D4145494D7175797D6165696D93
S113D9A022262A2E32363A3E02060A0E12161A1E73
S113D9B062666A6E72767A7E42464A4E52565A5E63
S113D9C033373B3F23272B2F13171B1F03070B0F43
S113D9D073777B7F63676B6F53575B5F43474B4F33
S113D9E00008101820283038404850586068707873
S113D9F01119010931392129515941497179616953
S113DA00222A323A020A121A626A727A424A525A32
S113DA10333B232B131B030B737B636B535B434B12
S113DA20444C545C646C747C040C141C242C343CF2
S113DA30555D454D757D656D151D050D353D252DD2
S113DA40666E767E464E565E262E363E060E161EB2
S113DA50777F676F575F474F373F272F171F070F92
S113DA60001020304050607011013121514171612A
S113DA7022320212627242523323130373635343FA
S113DA8044546474041424345545756515053525CA
S113DA90667646562636061677675747372717079A
S113DAA0190939295949796908182838485868786A
S113DAB03B2B1B0B7B6B5B4B2A3A0A1A6A7A4A5A3A
S113DAC05D4D7D6D1D0D3D2D4C5C6C7C0C1C2C3C0A
S113DAD07F6F5F4F3F2F1F0F6E7E4E5E2E3E0E1EDA
S113DAE0002040601131517122026242331373539A
S113DAF0446404245575153566462606775737174A
S113DB0019395979082848683B1B7B5B2A0A6A4AF9
S113DB105D7D1D3D4C6C0C2C7F5F3F1F6E4E2E0EA9
S113DB203212725223036343103050700121416159
S113DB307656361667472707547414344565052509
S113DB402B0B6B4B3A1A7A5A0929496918385878B9
S113DB506F4F2F0F7E5E3E1E4D6D0D2D5C7C1C3C69
S113DB6000401151226233734404551566267737F9
S113DB70195908483B7B2A6A5D1D4C0C7F3F6E2E69
S113DB8032722363105001417636672754144505D9
S113DB902B6B3A7A094918586F2F7E3E4D0D5C1C49
S113DBA064247535460657172060317102421353B9
S113DBB07D3D6C2C5F1F4E0E397928681B5B0A4A29
S113DBC05616470774346525125203433070216199
S113DBD04F0F5E1E6D2D7C3C0B4B1A5A2969387809
S113DBE0001122334455667719083B2A5D4C7F6E39
S113DBF032231001766754452B3A09186F7E4D5C29
S113DC0064754657203102137D6C5F4E39281B0A18
S113DC1056477465120330214F5E6D7C0B1A293808
S113DC2059487B6A1D0C3F2E4051627304152637F8
S113DC306B7A49582F3E0D1C7263504136271405E8
S113DC403D2C1F0E79685B4A2435061760714253D8
S113DC500F1E2D3C4B5A69781607342552437061C8
S113DC6000224466193B5D7F321076542B096F4DB8
S113DC70644620027D5F391B567412304F6D0B29A8
S113DC80597B1D3F406204266B492F0D7250361498
S113DC903D1F795B240660420F2D4B691634527088
S113DCA0230167453A187E5C11335577082A4C6E78
S113DCB0476503215E7C1A38755731136C4E280A68
S113DCC07A583E1C63412705486A0C2E5173153758
S113DCD01E3C5A78072543612C0E684A3517715348
S113DCE0000B161D070C111A0E05181309021F1438
S113DCF01C170A011B100D061219040F151E030828
S113DD001318050E141F02091D160B001A110C0717
S113DD100F04191208031E15010A171C060D101B07
S113DD200D061B100A011C170308151E040F1219F7
S113DD30111A070C161D000B1F14090218130E05E7
S113DD401E15080319120F04101B060D171C010AD7
S113DD500209141F050E13180C071A110B001D16C7
S113DD601A110C071D160B00141F02091318050EB7
S113DD70060D101B010A171C08031E150F041912A7
S113DD8009021F140E051813070C111A000B161D97
S113DD90151E03081219040F1B100D061C170A0187
S113DDA0171C010A101B060D19120F041E15080377
S113DDB00B001D160C071A11050E13180209141F67
S113DDC0040F12190308151E0A011C170D061B1057
S113DDD018130E051F140902161D000B111A070C47
S113DDE01F14090218130E05111A070C161D000B37
S113DDF00308151E040F12190D061B100A011C1727
S113DE000C071A110B001D160209141F050E131816
S113DE10101B060D171C010A1E15080319120F0406
S113DE201219040F151E03081C170A011B100D06F6
S113DE300E05181309021F14000B161D070C111AE6
S113DE40010A171C060D101B0F04191208031E15D6
S113DE501D160B001A110C071318050E141F0209C6
S113DE60050E13180209141F0B001D160C071A11B6
S113DE7019120F041E150803171C010A101B060DA6
S113DE80161D000B111A070C18130E051F14090296
S113DE900A011C170D061B10040F12190308151E86
S113DEA008031E150F041912060D101B010A171C76
S113DEB0141F02091318050E1A110C071D160B0066
S113DEC01B100D061C170A01151E03081219040F56
S113DED0070C111A000B161D09021F140E05181346
S113DEE0151E03081219040F1B100D061C170A0136
S113DEF009021F140E051813070C111A000B161D26
S113DF00060D101B010A171C08031E150F04191215
S113DF101A110C071D160B00141F02091318050E05
S113DF2018130E051F140902161D000B111A070CF5
S113DF30040F12190308151E0A011C170D061B10E5
S113DF400B001D160C071A11050E13180209141FD5
S113DF50171C010A101B060D19120F041E150803C5
S113DF600F04191208031E15010A171C060D101BB5
S113DF701318050E141F02091D160B001A110C07A5
S113DF801C170A011B100D061219040F151E030895
S113DF90000B161D070C111A0E05181309021F1485
S113DFA00209141F050E13180C071A110B001D1675
S113DFB01E15080319120F04101B060D171C010A65
S113DFC0111A070C161D000B1F14090218130E0555
S113DFD00D061B100A011C170308151E040F121945
S113DFE00A011C170D061B10040F12190308151E35
S113DFF0161D000B111A070C18130E051F14090225
S113E00019120F041E150803171C010A101B060D14
S113E010050E13180209141F0B001D160C071A1104
S113E020070C111A000B161D09021F140E051813F4
S113E0301B100D061C170A01151E03081219040FE4
S113E040141F02091318050E1A110C071D160B00D4
S113E05008031E150F041912060D101B010A171CC4
S113E060101B060D171C010A1E15080319120F04B4
S113E0700C071A110B001D160209141F050E1318A4
S113E0800308151E040F12190D061B100A011C1794
S113E0901F14090218130E05111A070C161D000B84
S113E0A01D160B001A110C071318050E141F020974
S113E0B0010A171C060D101B0F04191208031E1564
S113E0C00E05181309021F14000B161D070C111A54
S113E0D01219040F151E03081C170A011B100D0644
S113E0E00000000000000000000000000000040028
S113E0F000000000000001000000400008000000D3
S113E10000000000000020000000000202000000E7
S113E110000000008000000010000000000000016A
S113E1200000000007000000380000003F0000006D
S113E130C0010000C7010000F8010000FF01000059
S113E140000E0000070E0000380E00003F0E000015
S113E150C00F0000C70F0000F80F0000FF0F000001
S113E1600070000007700000387000003F7000006D
S113E170C0710000C7710000F8710000FF71000059
S113E180007E0000077E0000387E00003F7E000015
S113E190C07F0000C77F0000F87F0000FF7F000001
S113E1A00080030007800300388003003F800300E1
S113E1B0C0810300C7810300F8810300FF810300CD
S113E1C0008E0300078E0300388E03003F8E030089
S113E1D0C08F0300C78F0300F88F0300FF8F030075
S113E1E000F0030007F0030038F003003FF00300E1
S113E1F0C0F10300C7F10300F8F10300FFF10300CD
S113E20000FE030007FE030038FE03003FFE030088
S113E210C0FF0300C7FF0300F8FF0300FFFF030074
S113E22000001C0007001C0038001C003F001C00FC
S113E230C0011C00C7011C00F8011C00FF011C00E8
S113E240000E1C00070E1C00380E1C003F0E1C00A4
S113E250C00F1C00C70F1C00F80F1C00FF0F1C0090
S113E26000701C0007701C0038701C003F701C00FC
S113E270C0711C00C7711C00F8711C00FF711C00E8
S113E280007E1C00077E1C00387E1C003F7E1C00A4
S113E290C07F1C00C77F1C00F87F1C00FF7F1C0090
S113E2A000801F0007801F0038801F003F801F0070
S113E2B0C0811F00C7811F00F8811F00FF811F005C
S113E2C0008E1F00078E1F00388E1F003F8E1F0018
S113E2D0C08F1F00C78F1F00F88F1F00FF8F1F0004
S113E2E000F01F0007F01F0038F01F003FF01F0070
S113E2F0C0F11F00C7F11F00F8F11F00FFF11F005C
S113E30000FE1F0007FE1F0038FE1F003FFE1F0017
S113E310C0FF1F00C7FF1F00F8FF1F00FFFF1F0003
S113E3200000E0000700E0003800E0003F00E000EB
S113E330C001E000C701E000F801E000FF01E000D7
S113E340000EE000070EE000380EE0003F0EE00093
S113E350C00FE000C70FE000F80FE000FF0FE0007F
S113E3600070E0000770E0003870E0003F70E000EB
S113E370C071E000C771E000F871E000FF71E000D7
S113E380007EE000077EE000387EE0003F7EE00093
S113E390C07FE000C77FE000F87FE000FF7FE0007F
S113E3A00080E3000780E3003880E3003F80E3005F
S113E3B0C081E300C781E300F881E300FF81E3004B
S113E3C0008EE300078EE300388EE3003F8EE30007
S113E3D0C08FE300C78FE300F88FE300FF8FE300F3
S113E3E000F0E30007F0E30038F0E3003FF0E3005F
S113E3F0C0F1E300C7F1E300F8F1E300FFF1E3004B
S113E40000FEE30007FEE30038FEE3003FFEE30006
S113E410C0FFE300C7FFE300F8FFE300FFFFE300F2
S113E4200000FC000700FC003800FC003F00FC007A
S113E430C001FC00C701FC00F801FC00FF01FC0066
S113E440000EFC00070EFC00380EFC003F0EFC0022
S113E450C00FFC00C70FFC00F80FFC00FF0FFC000E
S113E4600070FC000770FC003870FC003F70FC007A
S113E470C071FC00C771FC00F871FC00FF71FC0066
S113E480007EFC00077EFC00387EFC003F7EFC0022
S113E490C07FFC00C77FFC00F87FFC00FF7FFC000E
S113E4A00080FF000780FF003880FF003F80FF00EE
S113E4B0C081FF00C781FF00F881FF00FF81FF00DA
S113E4C0008EFF00078EFF00388EFF003F8EFF0096
S113E4D0C08FFF00C78FFF00F88FFF00FF8FFF0082
S113E4E000F0FF0007F0FF0038F0FF003FF0FF00EE
S113E4F0C0F1FF00C7F1FF00F8F1FF00FFF1FF00DA
S113E50000FEFF0007FEFF0038FEFF003FFEFF0095
S113E510C0FFFF00C7FFFF00F8FFFF00FFFFFF0081
S113E5200000004000400140004001400140010063
S113E5300040008000800180008001800180014053
S113E5400040008000800180008001800180014043
S113E5500240028002800380028003800380034023
S113E5600040008000800180008001800180014023
S113E5700240028002800380028003800380034003
S113E58002400280028003800280038003800340F3
S113E59002000240024003400240034003400300E3
S113E5A000CE5799AE60F9379759C00E39F76EA06F
S113E5B0E52BB27C4B851CD272BC25EBDC128B455F
S113E5C00000891112239B322446AD573665BF746F
S113E5D0488CC19D5AAFD3BE6CCAE5DB7EE9F7F81F
S113E5E08110080193331A22A5562C47B7753E644F
S113E5F0C99C408DDBBF52AEEDDA64CBFFF976E8FF
S113E60002218B30100299132667AF763444BD552E
S113E6104AADC3BC588ED19F6EEBE7FA7CC8F5D9DE
S113E62083310A2091121803A7772E66B5543C450E
S113E630CBBD42ACD99E508FEFFB66EAFDD874C9BE
S113E64004428D5316619F702004A9153227BB36EE
S113E6504CCEC5DF5EEDD7FC6888E1997AABF3BA9E
S113E66085520C4397711E60A1142805B3373A26CE
S113E670CDDE44CFDFFD56ECE9986089FBBB72AA7E
S113E68006638F7214409D512225AB343006B917AE
S113E6904EEFC7FE5CCCD5DD6AA9E3B8788AF19B5E
S113E6A087730E6295501C41A3352A24B11638078E
S113E6B0CFFF46EEDDDC54CDEBB962A8F99A708B3E
S113E6C0088481951AA793B62CC2A5D33EE1B7F06E
S113E6D04008C919522BDB3A644EED5F766DFF7C1E
S113E6E0899400859BB712A6ADD224C3BFF136E04E
S113E6F0C1184809D33B5A2AE55E6C4FF77D7E6CFE
S113E7000AA583B4188691972EE3A7F23CC0B5D12D
S113E7104229CB38500AD91B666FEF7E744CFD5DDD
S113E7208BB502A499961087AFF326E2BDD034C10D
S113E730C3394A28D11A580BE77F6E6EF55C7C4DBD
S113E7400CC685D71EE597F42880A1913AA3B3B2ED
S113E750444ACD5B5669DF78600CE91D722FFB3E9D
S113E7608DD604C79FF516E4A9902081BBB332A2CD
S113E770C55A4C4BD7795E68E11C680DF33F7A2E7D
S113E7800EE787F61CC495D52AA1A3B03882B193AD
S113E790466BCF7A5448DD59622DEB3C700EF91F5D
S113E7A08FF706E69DD414C5ABB122A0B99230838D
S113E7B0C77B4E6AD5585C49E33D6A2CF11E780F3D
S113E7C0008040C020A060E0109050D030B070F0C5
S113E7D0088848C828A868E8189858D838B878F835
S113E7E0048444C424A464E4149454D434B474F465
S113E7F00C8C4CCC2CAC6CEC1C9C5CDC3CBC7CFCD5
S113E800028242C222A262E2129252D232B272F264
S113E8100A8A4ACA2AAA6AEA1A9A5ADA3ABA7AFAD4
S113E820068646C626A666E6169656D636B676F604
S113E8300E8E4ECE2EAE6EEE1E9E5EDE3EBE7EFE74
S113E840018141C121A161E1119151D131B171F134
S113E850098949C929A969E9199959D939B979F9A4
S113E860058545C525A565E5159555D535B575F5D4
S113E8700D8D4DCD2DAD6DED1D9D5DDD3DBD7DFD44
S113E880038343C323A363E3139353D333B373F3D4
S113E8900B8B4BCB2BAB6BEB1B9B5BDB3BBB7BFB44
S113E8A0078747C727A767E7179757D737B777F774
S113E8B00F8F4FCF2FAF6FEF1F9F5FDF3FBF7FFFE4
S113E8C0FD740000000000000000000000000000D3
S113E8D000000000000000008D7600000000000031
S113E8E0FDFF000000000000000000000000000028
S113E8F04D9400000000000000000000617B000057
S113E9000000000000000000000000000000000003
S113E910000000005D7E000000000000FDFF00001C
S113E9200000000000000000000000004D94000002
S113E93000000000000000002800000000010400A6
S113E9400100000000000000000157494E555342E9
S113E95000000000000000000000000000000000B3
S10BE960A0C2FF7F01000000CA
S113E96812010002FF000040501D0260060101026E
S113E978030109022000010100806E09040000025D
S113E988FF00000007058202400000070505024059
S113E99800000403090428034700720065006100AD
S113E9A874002000530063006F007400740020009A
S113E9B847006100640067006500740073001C036D
S113E9C8550062006500720074006F006F007400E7
S113E9D8680020004F006E006500420330003000DC
S113E9E8300030003000300030003000300030009B
S113E9F8300030003000300030003000300030008B
S113EA08300030003000300030003000300030007A
S113EA1830003000300030003000310000000000C9
S113EA2892000000000105000100880000000700B2
S113EA3800002A0044006500760069006300650050
S113EA4849006E007400650072006600610063008E
S113EA586500470055004900440073000000500059
S113EA6800007B00300031003200330034003500F0
S113EA78360037002D0030003100320033002D00FD
S113EA8834003500360037002D00380039006100A5
S113EA9862002D00300031003200330034003500AC
S113EAA83600370038003900610062007D0000003C
S113EAB80000000012034D005300460054003100CA
S109EAC8300030004100A3
S90398352F
