:10400000E03F001035980000F1980000B15D00001D
:10401000D95D0000015E0000295E00000000000084
:10402000000000000000000000000000F198000007
:10403000F198000000000000F1980000F1980000E5
:10404000F1980000998A0000F1980000F1980000B2
:10405000F1980000F1980000F1980000F19800003C
:10406000F1980000F1980000F1980000F19800002C
:10407000F1980000F1980000F1980000F19800001C
:10408000F1980000F1980000F1980000F19800000C
:10409000F198000031910000F1980000F1980000C3
:1040A00031980000F198000079420000F19800007A
:1040B000F1980000F1980000F1980000F1980000DC
:1040C000F1980000F1980000F1980000844641EA60
:1040D000000313F0030349D1403A23D30B68036074
:1040E0004B6843608B688360CB68C3600B69036176
:1040F0004B6943618B698361CB69C3610B6A03625E
:104100004B6A43628B6A8362CB6AC3620B6B036345
:104110004B6B43638B6B8363CB6BC363403040312A
:10412000403ADBD230320BD30B6803604B684360FC
:104130008B688360CB68C36010301031103AF3D2C3
:104140000C3205D351F8043B40F8043B043AF9D251
:10415000043208D0D2071CBF11F8013B00F8013B24
:1041600001D30B8803806046704700BF082A13D331
:104170008B07B1D010F00303AED0C3F10403D21A01
:10418000DB071CBF11F8013B00F8013BA4D331F859
:10419000023B20F8023B9FE7043AD9D3013A11F8D9
:1041A000013B00F8013BF9D20B7803704B78437068
:1041B0008B7883706046704770B50346044680076D
:1041C0008E4607D0002A3ED003F801EB990702F192
:1041D000FF32F7D1032A2BD95FFA8EFC0CEB0C2CA3
:1041E0000F2A0CEB0C4134D99C46002015090130F4
:1041F000A842CCE90011CCE902110CF1100CF6D365
:10420000681E103312F00C0F03EB001302F00F00C6
:104210001BD0021F032A196005D9A0F10802032A46
:10422000596088BF996000F0030220F00300034446
:104230004AB1013A83F800E005D0012A83F801E091
:1042400018BF83F802E0204670BD0246002AF0D174
:10425000F9E71046DDE700BF38B5054C054DAC4227
:1042600004D054F8043B9847AC42FAD138BD00BFA3
:10427000000000000000000010B5044C0448216854
:1042800001F062FEFF23A360236110BD00400050D7
:1042900078AF000030B54FF0E02100224FF0FF0C66
:1042A0004FF080650124DFF854E0154BDEF8C400C0
:1042B00040F00050CEF8C400D1F8180440F4780063
:1042C000C1F81804C1F80051C3F81021C3F8302117
:1042D000C3F85021C3F87021C3F89021C3F8B0216E
:1042E000C3F8D021C3F8F021C3F808C0C3F810C048
:1042F0001C631A6BD207FCD530BD00BF00C00F4055
:104300000040005010B582B04FF0805E4FF0000CBE
:10431000012002210F4A104CC2F898E062680F4B4E
:1043200022F002026260C4F824C0C3F810C1986091
:10433000186199601961E3685A0708D5084801F0C7
:1043400003FEA3688DF80730E3685B07F6D402B07C
:1043500010BD00BF00C00920000003400040005015
:1043600084AF000000B54FF080504FF0010E0C22DA
:104370000A4B0B49DFF82CC0C1F89800C3F824E0C1
:104380005A605A6842F002025A60DCF8103143EA7F
:104390000E03CCF81031C1F89C0000BD00000340B2
:1043A00000C009200040005010B54FF0000C41F251
:1043B00006020A4B0A4CDFF82CE041F0006141F4A0
:1043C00080512060C3F800E1C3F80401C3F808C1BC
:1043D000C3F80C11C3F8102110BD00BF00400050FD
:1043E0008801001008000340034A044BD2F804017E
:1043F0001B68C01A704700BF0040005088010010C1
:1044000010B582B0D0F802C0094CCDF800C0B0F8A9
:1044100006C00B46246869461268ADF804C04078AF
:10442000A047A0F10100B0FA80F0400902B010BD31
:10443000A801001010B592B0402202A9052006F094
:10444000F5F82E4C014663689DF80820EBB1432A2D
:1044500049D198685A8803F10C0CA0EB0C0CA2EB24
:104460000C029142D8BF01F1FF32811899600DF121
:104470000901FFF72BFE61688B684A8801F10C0087
:104480001B1A9A4221D012B010BD532A32D1BDF866
:104490000A20019002F10C00009201F0DDFB0346BE
:1044A0000199009AA1F1030C0C309445C3E9010075
:1044B0005A80636003DC04398A4218DB0A4681189B
:1044C000996003A9FFF702FED5E7EFF3108372B6F8
:1044D0000B48009302F088FB009B83F310880023B5
:1044E000636012B010BD1146064801F03DFC06485D
:1044F00001F03AFC1146054801F036FCA801001015
:10450000BC020010D8AF0000BCAF00008CAF0000B0
:1045100010B588B0044601A902A805F0FBFD9DF87E
:1045200008C0BCF1000F1CD1204602A90DF1180EE5
:1045300011F8013F80F87DC01A099F2B03F00F038B
:104540008CBF57323032092B8CBF573330338E45F6
:1045500080F87C2080F87E3080F87FC000F1040075
:10456000E6D108B010BD00BF10B5044605F0E2FE6C
:104570000F48FFF7CDFF0E4806F04AFA0D4A022019
:1045800042F8084B0C4905F0CBFE05200B4905F01D
:1045900037FF4FF0E0234FF080720949C3F8002144
:1045A000FF2006F01DFA012005F07CFF002010BD61
:1045B00020000010A8010010014400003544000054
:1045C00008B0000038B54FF0E0234FF08072044689
:1045D0000D46C3F88021822005F08AFF10F0600F9D
:1045E000F9D1402D2A462146A8BF4022822005F05D
:1045F000D3FF06F0C1F84FF0E0234FF08072C3F80C
:10460000002138BD2DE9F04393B04FF0E0234FF087
:1046100080728220C3F8802105F06AFF00F06003F9
:10462000602B044672D04A4DD5F80C31002B6FD068
:1046300043224FF03F0E01208DF80820804672463D
:104640009E685968A6EB010C624504F020072EDC39
:10465000002F3AD102AA40279146104401EB0E06E2
:1046600072465E60FFF732FD3A464946822005F009
:1046700093FF4322D5F80C318DF80820D3E90112BD
:10468000521A3E2A1EDC002A5ED106F075F8D5F8D3
:104690000C01D0E901329A422ED001204FF0E023E4
:1046A0004FF08072C3F8002113B0BDE8F083BCF175
:1046B000000FEAD037BB02AAE6469146104408EB49
:1046C0000C07CDE701203F2280466406DDD48C181C
:1046D0005C6002AC20440192FFF7F8FC019A21468D
:1046E0004244822005F058FF06F046F8D5F80C0148
:1046F000D0E901329A42D0D101F0D2FA0023C5F8B4
:104700000C31CAE764066246BFD4E0E70020C5E783
:10471000EFF3108672B60F4802F050FA034686F3A4
:104720001088C5F80C010028F0D0D0E901165322FA
:104730004FF03C0E0420A6EB010CADF8082080469B
:104740007246ADF80AC07FE701208046BDE700BF92
:10475000A8010010E402001010B582B0232825D86B
:10476000DFE810F0D10024002400C900C200BA0024
:10477000E200D400DC00B200AB0024002400A8005A
:10478000A3009E0096008F00870080002400240074
:104790002400240079005A00240024004D00440025
:1047A0002400240024002D0024002700002002B053
:1047B00010BD012111701960012002B010BD4FF031
:1047C00000015C4811800193009206F0A7FB84462B
:1047D000009A5FFA8CF4D01C82F802C05549224638
:1047E000FFF774FC019BE21C1A60E5E709880729C2
:1047F000DCD8052041F0080105F032F9DCE705209E
:10480000CDE9002305F0FAF80121009A019B00F0A0
:10481000070010701960CFE74FF4BA70464B474A53
:104820001A6001F019FA014614234FF4B47001F133
:104830000C0C01F11002C1F804C048808A600B73AF
:10484000EFF3108372B63E48009302F0CDF9009B5F
:1048500083F31088B0E7009305F0B0FC0022009BC2
:104860001A60A9E70B884FF4807273B1354B9A65D3
:10487000A2E701203349496DC1F30021117018608E
:104880009AE70B888022002BF0D12E4BDA6593E754
:1048900001202C49496DC1F3C011117018608BE7DC
:1048A0001946104605F016FC86E71946104605F035
:1048B00031FC81E74FF4BA70B3E70B884FF4007214
:1048C000B3B1204B9A6377E701201E49496BC1F3CE
:1048D0004021117018606FE701201A49496BC1F33C
:1048E00000111170186067E70B880222002BE8D1D5
:1048F000144BDA6360E701201249496BC1F34001B0
:104900001170186058E700221A6055E701200D4920
:10491000496BC1F30021117018604DE70B884FF40B
:104920008072002BE4D0CCE70B881022002BDFD064
:10493000C7E700BF30B000001C00001021BB0543DA
:10494000BC02001000C009202DE9F04383B00446EA
:104950008946EFF3108772B6444D2B78052B55D856
:10496000434E444A56F82310002908BF1146052833
:1049700024D856F82420DFF8FC803F48002A08BFDE
:104980004246019301F0E0FA019B34B92C7087F3A1
:104990001088F3B903B0BDE8F083032C3BD0ABB172
:1049A00087F31088052B55D856F82310314B002972
:1049B00008BF1946052C4ED9304A46E02F4A2E48EA
:1049C000019301F0C1FA019B002B4BD12C7087F3AE
:1049D00010884FF4BA7001F03FF94FF4B4730146F8
:1049E00029220C304B8001F1120348600A738B605E
:1049F0000C7481F81190EFF3108472B6204802F025
:104A0000F3F884F3108803B0BDE8F083052813D8C9
:104A10001A49174EADE7022BD8D0052BD6D0032B61
:104A2000D4D087F31088052B12D856F8231000290C
:104A300008BF4146134A08E0104A0F48114601F0EA
:104A400083FA87F310880D490A460F4801F08CF964
:104A50000A49EFE7094956F82420064B002A08BF07
:104A60001A46F2E787F310889EE700BFB8020010ED
:104A700024B700003CB0000058B0000044B0000073
:104A8000E40200104CB0000068B00000F8B5EFF38D
:104A9000108572B65E4802F091F8044685F31088DE
:104AA000E0B1017B202912D8DFE801F028111111B3
:104AB00011111111111111111111111111111111E6
:104AC0006F5EA447442E58724E1B957C510051488E
:104AD00001F03AFA204601F0E3F80120F8BD01F0B8
:104AE000DFF8EFF3108572B64B4802F067F885F3F4
:104AF00010880028F3D102F0A3FCEBE7474804F14B
:104B0000100101F021FAE5E7016921F07F460F0E5F
:104B100001E001F0C5F8EFF3108572B63E4802F0EF
:104B20004DF885F310880028F3D13946304604F05B
:104B300045FACFE702F0F8FFCCE700F11001D1E928
:104B4000000104F0BDF8C5E703F0F4FEC2E700F190
:104B50001001D1E9000102F0F7FEBBE7008A00F086
:104B6000030004F06DFBB5E700210846FFF7ECFEFB
:104B70002B4B9D689B681E359D42ABD9FFF742FDCC
:104B8000274B9B689D42F9D8A4E705F061FAA1E79D
:104B9000EFF3108572B62048214602F025F885F320
:104BA00010889AE7EFF3108372B61E4D1E46037D00
:104BB00000F115010A2205F1850085F88430FFF720
:104BC00085FA00231849206905F1840203F008FFE3
:104BD00086F310887EE7134D2B788BB9E86F08B108
:104BE00001F05EF8114801F0AFF904F11003C5E9D6
:104BF0001F4372E7008A00F03F0004F005FB69E7FD
:104C00000B4801F0A1F9204601F04AF865E700BF22
:104C1000BC020010CCB000000C03001090B00000EB
:104C200000800040B8020010F96C0000BCB0000029
:104C3000A0B0000010B50023084C201DC4E91F33AC
:104C4000237001F0EBFF04F12C0001F0E7FF04F109
:104C50005400BDE8104001F0E1BF00BFB8020010F1
:104C600070B54FF0E0234FF4E022C3F8242D05F097
:104C7000B1F90C48FFF778FC4FF4486500F09EFF4F
:104C8000FFF7D8FF04F044F8074EB468A54203D8F4
:104C900001F0DEF804F54865FFF7B4FCFFF7F6FE17
:104CA000F3E700BF594700000080004030B5002303
:104CB0004FF4000E0446DFF824C0094809494EFAB3
:104CC00003F2224203F1010303D0DCE90052684001
:104CD0005140182B0CF1080CF1D130BD40D7000029
:104CE0007E0E82C7020000B000B5026000229DF86F
:104CF00008C0019980F808C09DF818C003F00303AC
:104D000043EA81034FEA8C0C4FEA911E63F30702DA
:104D10000CF0040C8B0BC1F381516EF30F2241EAAE
:104D20000C0163F3174261F06F0161F31F6242608F
:104D30009DF81420049B8273BDF80C20C37242724C
:104D4000120A82721A0A1B0C0273437300BD00BF61
:104D50000023827B4FEA511C02F0070242EAC102A3
:104D600062F307036CF30F234A0B62F31743C1F39B
:104D7000445161F31F63C0F80E30704710B590F8CE
:104D80000EE0C37B4FEADE0242EA4312037C047961
:104D900042EA4332437C90F807C05B0503F0787326
:104DA0001A4343794FEA8C5C9B0143EA940384796C
:104DB0000CF4400C43EA843343EA0C0390F808C037
:104DC000B0F809000EF0070E43EA0C63C1E90030A9
:104DD0008A6081F80CE010BD2DE9F04782B08A4668
:104DE00051785A4B8E0833F8169092F800E00E0175
:104DF0000446107906F03006D57846EA1E164FEACA
:104E0000900E000100F03000977840EA1510AD00D8
:104E100005F03C0533F81E8007F03F0133F810E041
:104E200045EA97159079D77992F805C03F0182003D
:104E300033F8111007F0300702F03C0247EA101770
:104E400042EA9C120CF03F0C33F81C0033F8166059
:104E500033F812C033F8155033F8173009EB010757
:104E6000474407440A010101B819284442EA89026B
:104E700041EA88017044324341EA0E01604418441B
:104E800042EA851241EA8C11D2B2C9B2DBB2B0F566
:104E9000803F8DF804208DF805108DF8063052D231
:104EA000606800283CD100201B0443EA012313431F
:104EB00003F00706C3F3C30166F30700C3F38725B6
:104EC000C3F3090261F30F20C3F3C21363F3174066
:104ED00065F31F60CAF8000023781D48C65C1D48B2
:104EE00082EA060303F01F03C35C83EA561383EAD6
:104EF000521202F01F0285EA5315835C6B405B0679
:104F000021D13A20144D01EB410315F8132005EB94
:104F10004303636160628AB1002002B0BDE8F0879C
:104F200001A91222084604F10C0300F053FA9DF87F
:104F300004209DF805109DF80630B4E7074801F0FD
:104F400003F86561E8E74FF0FF30E6E720E5000091
:104F5000C0E70000A0E5000000D800001CB1000080
:104F6000F0B585B0044692F800C015461F46537848
:104F70009278DB00D20102F4607203F078033E48BD
:104F8000134322780CF0070C43EA0C0310F802C01C
:104F90000E4683EA0C00394900F01F00085C626885
:104FA00080EA5C1080EA531C0CF01F0C11F80C1006
:104FB00081EA501143EA8123ADF80C301B0C8DF8C7
:104FC0000E3003A9002A43D1122330460422377041
:104FD00000F028FD3A2363626978294E01F00F033F
:104FE00003EB430316F8135006EB4302626125B34B
:104FF000508810B10A9B002B3AD053785679157916
:10500000A26801466AB10B44A16106B10233236272
:10501000E5B103EB43039B004133DB08E36105B0DB
:10502000F0BD012B1DD0022BEDD10A9A1188C1F3DE
:10503000C9018842E7D20021E6E7124800F084FF68
:10504000A36866618BB12B46A5612562DB00E3E7AF
:105050000846122204F10C03019100F0BBF90199FA
:10506000B2E70A9A1178C908E3E72B46A561CEE7B3
:105070001146054800F078FEC0E70000A0E50000FA
:1050800000D800001CB100002CB100002DE9F04355
:1050900095B004468846816A006A451A43D066691D
:1050A000A268B146194412BB727902B3022D1ED90F
:1050B00001F1FF3CAA1E502A94BF0CEB020E0CF12A
:1050C000500EE6891CF8012F1F4F7240D2B237F8FC
:1050D0001220F44582EA1626F4D11844E68100F83D
:1050E000026C226A1344E289120A03F8012C502D43
:1050F00028BF50256368EE00C3B96F46626A99F80D
:10510000043008EBD20002F00702BBB13346394647
:1051100000F098F905EB4506B600D4E909322A44B7
:105120003344C4E9093215B0BDE8F083684632461D
:1051300004F10C036F4600F04DF9DFE739462B46CA
:1051400000F012F9E9E700BFC0E500002DE9F043E7
:1051500083B0466904467288884682B3876A5FB323
:10516000056A002D00F0A380AF4228D0ED1B0A2D68
:1051700028BF0A2501EB0709626A0A99D2EBC10C24
:1051800000F192803179F1B105EB45018800BCEB6B
:10519000810F00903ADB19464846EB00019300F07E
:1051A00047FB6268019BE2B11A464946484604F152
:1051B0000C0300F00FF914E089460A25DCE7012012
:1051C00003B0BDE8F083E900BCEBC50F00911DDB27
:1051D000194648462B4600F0A5F86268EB00002A05
:1051E000E2D1636AA06A009A284413446362A06211
:1051F00087B1A368226A13B97179002930D190422E
:1052000034BF0020012003B0BDE8F083022003B0CA
:10521000BDE8F08361694F8817B1B8F1000F49D03C
:10522000A3683D464A785BB9012A39D0022A07D1E2
:10523000B8F80050C5F3C905BD4201D9002500E00A
:105240002A44A56122624D790DB1023222620979A8
:1052500021B302EB420189004131C908E161CAE78B
:10526000961E864228BF0646B4F810C0B6EB0C075F
:10527000C5D01946E589DFF844E0C4441CF80110A4
:1052800001336940C9B23EF811109BB29F4281EAD6
:1052900015251946F2D8E5812682B0E7D100DBE773
:1052A00098F80050ED08C7E7054800F05DFD054897
:1052B00000F05AFD044800F057FD00BFC0E50000B3
:1052C00068B100004CB100002CB1000008B5836A41
:1052D000D0F820C063451DD38368E646ABB9436967
:1052E0005B799BB1614411F8013C11F8021CACF1EF
:1052F000020E41EA0321C389A2F800E05B1AB3FA67
:1053000083F35B09DB00184608BD00231846A2F8AA
:1053100000E008BD62461946014800F025FD00BFC7
:1053200088B1000008B59BB1C2F3C70E12F00702A6
:1053300071440ED0022A11D101380B440A7811F8B9
:1053400001CF920842EA8C128B4200F8012FF5D16E
:1053500008BD1A46BDE80840FEF7B8BE1146014830
:1053600000F002FDA8B1000010B58C462BB3C2F3CB
:10537000C70E12F0070200EB0E041FD0022A23D141
:10538000097810F80E20012B42EA810200F80E2065
:105390000FD0A6460CF1FF3119449CF800201CF8F0
:1053A000010F920942EA800261450EF8012FF4D103
:1053B0008C469CF800209209E25410BD2046BDE8BE
:1053C00010401A46FEF782BE1146014800F0CCFCA0
:1053D000C4B100002DE9F04393F800C05FEAE20990
:1053E0001D46074688460CF07F0C02F0070611D0D8
:1053F0004A1E1349431E02EB090412F801EF11F88B
:105400000C00A2428C448EEA000E9CF800C403F803
:1054100001EFF2D186B10122094818F8093000EBFA
:10542000C61110F80C00B24061444340013A1340E9
:1054300091F800C007F8093085F800C0BDE8F08396
:1054400060D800002DE9F0430933092B0C4642D9FE
:105450004FF0000C6049614DA1FB0331C908C1EB5D
:1054600001114FEADC060CF0070EA35D771CBEF1BC
:10547000060F00F29980DFE80EF0918A837C756E4A
:105480000400E65D9B0943EA8603EE1896F88074F3
:1054900002F0070ED60843EA872300EBD208771CF8
:1054A000BEF1060F00F28B80DFE80EF051483C3071
:1054B0002418040010F806E04EEA831E00F806E007
:1054C0009E089B0AC65588F802300CF10A0C61450B
:1054D00002F10F02C5D80020BDE8F08310F806E005
:1054E0004EEA431E00F806E0DE08DB0AC65588F8DF
:1054F0000230EAE710F806E04EEA031E00F806E084
:105500001E091B0BC65588F80230DEE710F806E0CE
:105510004EEAC30E00F806E05E095B0BC65588F83C
:105520000230D2E710F806E04EEA830E00F806E0FB
:105530009E099B0BC65588F80230C6E710F806E0B6
:105540004EEA430EDB0900F806E0C355BDE783557C
:105550001B0AC355B9E7E65DF60006F47E7646EA17
:10556000531392E7E65D360106F47C7646EA1313A0
:105570008BE7E65D760106F4787646EAD30384E7A6
:10558000E65DB60106F4707646EA93037DE7E65DD4
:10559000F60106F4607646EA530376E7E65D3602E6
:1055A00006F44076334370E72644B678E75D76022A
:1055B000DB0943EA470306F40076334365E710F856
:1055C00006E04EEAC31E00F806E05E085B0AC65518
:1055D00088F8023079E700BFCDCCCCCC60D8000091
:1055E0002DE9F04F89B04A7891F805C00D78920105
:1055F00091F804B042EA95024FEADC154FEA0C2C10
:1056000000270CF4FE4C91F807808C794BEA0C0CC7
:10561000CDF804C091F808C045EA44054FEA482493
:105620004FEA981891F802E091F8099048EA8C083E
:1056300091F80CC091F803A091F80AB0CDF814C00D
:10564000CDF80C8004F4FC444FEA5E084FEA591C84
:10565000254348EACA18CC7A91F80DA04CEACB0C45
:105660004FEA8E3E91F80EB0C97B704B0EF4804E1F
:1056700042EA0E0E4903C2F30902CDF818B001F454
:10568000C04B991891F88014CDF808A081EA9E21AA
:1056900001F01F0103EB4101B1F88018C5F3090ABD
:1056A0004A4003EB0A0191F88014DDF814E081EA26
:1056B000952101F01F0103EB4101B1F88058210948
:1056C000E40204F4F04441EA0E114CEA040ECDF871
:1056D00014E04FEA8929DDF804E009F4F849CDF82F
:1056E0001090CEF30904C8F30909019403EB0904EF
:1056F00094F880443E4684EA982404F01F0403EBA7
:10570000440407908AEA0505B4F880A83846039C4B
:1057100089EA0A0A62F30707C2F3012242EA8A020F
:1057200062F30F271A19DDF8109092F88024CAF35B
:10573000831A82EA992202F01F0203EB4202B2F8B6
:105740008088DDF8189084EA0808029CCCF3090CE4
:10575000E20842EA4912DDF804902403994499F8DA
:10576000809404F4E04489EA9E2909F01F0903EBC0
:105770004909DDF804E0B9F880980C438EEA09097C
:105780004AEA091AC9F3051949EA8519AD1065F302
:10579000070603EB0C0595F88054DDF814E0C1F31F
:1057A000090185EA9E2505F01F0503EB4505B5F8BF
:1057B000805842EA0B0B8CEA050C5D1895F8805472
:1057C000C2F3090285EA942404F01F0403EB4404A5
:1057D000B4F8804868F30F2661409C1894F8804420
:1057E000C8F3012884EA9B2404F01F0403EB44035C
:1057F000B3F8803848EA8C08CCF3831C079C4CEA49
:10580000011C5A406AF3174768F31746C1F30511A4
:1058100041EA821169F31F676CF31F6692102760DB
:1058200066602172627209B0BDE8F08F60D8000036
:105830002DE9F047144603EB83034FEA4308774F03
:1058400008F10908A7FB0837FF08FA1D0E46D20821
:1058500000210546FEF7B0FC04F00703022B00F020
:10586000B3804FF00008B8454FF000004BDADFF886
:10587000B0C1E208B11804F0070316F802E04A7854
:10588000062B00F2C180DFE803F099958B81776DDC
:1058900004008B7892009B0242EA9E1203F4F843C4
:1058A00043EA020ECEF309020CEB020393F88034B4
:1058B0004FEAE80183EA9E2303F01F030CEB430346
:1058C000B3F8803805EBE80E534008F0070240EAD1
:1058D000932001F10109C3F30903062A00F289802C
:1058E000DFE802F03B332B231B1304006A5C42EA1F
:1058F00083129B086A5405F8093008F10A08B84574
:1059000004F10F04B5DBBDE8F0876A5C42EA43129C
:10591000DB086A5405F80930EFE76A5C42EA0312D3
:105920001B096A5405F80930E7E76A5C42EAC302DA
:105930005B096A5405F80930DFE76A5C42EA8302D2
:105940009B096A5405F80930D7E76A5C42EA4302CA
:10595000DB096A5405F80930CFE76B541B0A05F8D8
:105960000930CAE78B78D200DB0242EA5E1203F408
:10597000F04343EA020E95E78B7812011B0342EADB
:105980001E1203F4E04343EA020E8BE78B785201C8
:105990005B0342EADE0203F4C04343EA020E81E7FE
:1059A0008B7892019B0342EA9E0203F4804343EA10
:1059B000020E77E7D20142EA5E0E73E7120202F4AA
:1059C000FE4242EA0E0E6DE7B8F5487FFFF449AF9C
:1059D0004FF00008A7F14F0906EBD40105EBE800F2
:1059E00008F15008FFF7FCFDC84504F17804F3DB2B
:1059F00039E76A5C42EAC3126A545A085B0A05F83E
:105A000009208EF8023078E7897853004A0243EA89
:105A1000DE1302F4FC4242EA030E43E7CDCCCCCCC9
:105A200060D800002DE9F04F42EA030E1EF0010E8F
:105A30000E461D4640F0BC80072B47D9DFF8788121
:105A400023F0070712E04FEA132B4FEA134A00290D
:105A500040F0818000F804C089F801B089F802A004
:105A60000EF1080EBE4502F118022DD24FEADE04F7
:105A700016F804C002F0070108EB8C0CDCF8C03803
:105A800002294FEAD2045FFA83FC00EBD2094DD021
:105A90000429D8D1002110F804900EF1080E49EA2B
:105AA0000C1C6CF307014FEA131C6CF30F214FEA37
:105AB000133C6CF31741C3F3035363F31F61BE45FB
:105AC000015102F11802D1D3A5EB0E055DB30123FC
:105AD0004FEADE0E16F80E40374905EB450501EB9F
:105AE0008401D1F8C068AB4002F00701013B3340AC
:105AF00002294FEAD204DDB200EBD2024FD00429D2
:105B000044D0E9B30022015D9E0841EA85119D0A57
:105B1000C3F3854361F3070266F30F2265F317426F
:105B200063F31F6202510020BDE8F08F002110F8DE
:105B300004904FEA931A49EA8C0C6CF307014FEA80
:105B400093396AF30F21C3F3815369F3174163F368
:105B50001F61015184E7002110F804904FEA930A75
:105B600049EA8C1969F307014FEA932B6AF30F2175
:105B7000C3F3854C6BF317416CF31F6101516FE761
:105B8000190A1B0C055551709370CCE7015D1E0975
:105B900041EA051100221D0BC3F30353BAE7015D6F
:105BA0009E0941EA850100229D0BC3F38153B1E7B1
:105BB0004FF0FF30B8E700BF60D8000000B500200C
:105BC0000121224BDFF888C003F58052C2F810068D
:105BD00003F10800C3E900101E480CF5BC7E00F577
:105BE000BC71C2F8981403F58E61C3F8F81203F57E
:105BF000EC61C2F82003C3F8E81503F53E7003F525
:105C00002561C3F8B8CEC3F8800103F5BD6C03F677
:105C1000D800C3F8D81803F55461C2F830E0C3F8CF
:105C200070C403F5C07E03F6C83CC3F86007C3F830
:105C3000C81B03F6B86003F59951C3F808E0C3F830
:105C400050CAC3F8400DC2F8A81100BD48030010A7
:105C500078130010E017001008B5EFF3108172B64A
:105C60000B4B1A6852B1B0F5BA7F0DD8586840B1E5
:105C700050F8042B5A6081F3108808BD054800F0E5
:105C800073F8054800F070F80146044800F06CF81D
:105C900048030010E0B1000014B20000FCB10000A5
:105CA000011FEFF3108272B6044BD3F804C040F822
:105CB00004CC596082F31088704700BF480300107D
:105CC000F0B585B04FF0E0241C4B1D4D0393D4F884
:105CD000281D1C4800F04AF9D4F82C1D1A4800F081
:105CE00045F91A4895F8281000F040F9184895F839
:105CF000291000F03BF9698D164889B200F036F999
:105D0000154FD4F8381D154803AC00F02FF9214683
:105D1000134824F00F0400F029F9BC420CD2226889
:105D20006368A568E6682146CDE900560D48103441
:105D300000F01CF9BC42F2D305B0F0BDEFBEADDE01
:105D400000ED00E02CB2000038B2000044B20000C8
:105D500050B200005CB20000E03F001068B20000EA
:105D600074B2000088B200000FB400B593B04022B6
:105D7000002114AC02A854F8045BFEF71DFAEFF3FF
:105D8000108372B64FF0500C3F2123462A460DF186
:105D9000090001948DF808C000F0F0FE411C02A833
:105DA000FEF710FC6421052000F006F9FAE700BFB9
:105DB00008B57146074800F0D9F8FFF781FF4FF4A6
:105DC000FA71022000F0F8F86421192000F0F4F8CC
:105DD000F5E700BFA4B2000008B57146074800F01F
:105DE000C5F8FFF76DFF4FF4FA71042000F0E4F8F6
:105DF00064210C2000F0E0F8F5E700BFB8B2000025
:105E000008B57146074800F0B1F8FFF759FF4FF4A5
:105E1000FA71082000F0D0F86421062000F0CCF8D8
:105E2000F5E700BFCCB2000008B57146074800F0A6
:105E30009DF8FFF745FF4FF4FA71082000F0BCF819
:105E40006421062000F0B8F8F5E700BFDCB20000DE
:105E500030B583B0EFF3108572B6124C2168B1B142
:105E60008A68488801F10C03D31A984213DD531C49
:105E70008B6000231370EFF3108372B60A4801930E
:105E800000F0B2FE019B83F3108838B9206085F3DF
:105E9000108803B030BD0548FFF766FF0448FFF7E0
:105EA00063FF00BFD01A0010E4020010BCAF000076
:105EB000F0B2000010B582B00246EFF3108472B663
:105EC0001D4B1868F8B18368B0F802C000F10C01EE
:105ED000A3EB010EF4452BDD03F1010C0A2AC0F8F7
:105EE00008C01A7009D082684388521A9B1A012B85
:105EF00003D084F3108802B010BDFFF7A9FF84F32C
:105F0000108802B010BD4FF4BA700192FFF7A4FEE2
:105F100000214FF4B47C084B0173186000F10C01B0
:105F200000F11003019A4160A0F802C08360CFE73E
:105F30000248FFF719FF00BFD01A0010BCAF0000E5
:105F40000846FFF7B7BF00BF0FB400B583B004AB7E
:105F500053F8042B00200449019300F063F903B0C7
:105F60005DF804EB04B07047415F00000FB430B53A
:105F700095B018AB53F8042B15460193EFF310843A
:105F800072B64022002104A8FEF716F95020019BAA
:105F90002A468DF810003F210DF11100039300F007
:105FA000EDFD411C04A8FEF70DFB84F3108815B02D
:105FB000BDE8304004B0704710B4B0F1000C0EDD05
:105FC0000022022410204FF48071064B01329445C8
:105FD0009C6398639963DC63D863D963F6D110BC82
:105FE000704700BF00C009202DE9F84FD2E903989F
:105FF000484571F10003934607460E46CA464FF0E6
:1060000001054FF0000411D309FB04F3A5FB09546B
:106010001C44384631462A46234604F0D9FD4845FB
:1060200071F10001F0D255EA040353D023462A4609
:106030003846314604F0CCFD0346002B27DC2AE02D
:106040009BF8003013F0040F14BF37235723034489
:10605000554508F8013B74F100033BD32A4623461B
:106060003846314604F0B4FD284617461E465246CF
:106070000023214604F0ACFD0B460246314638466B
:106080001C46154604F0A4FD0346DBF80CA0092BC2
:10609000D6DC3023DBE74D4574F1000317D32A46E5
:1060A00038463146234604F093FD284617461E46DF
:1060B000214600234A4604F08BFD0B46024631463A
:1060C00038461C46154604F083FD0346B5E73030DC
:1060D00008F8010B002388F80030BDE8F88F00BFF6
:1060E0002DE9F041174612690E46117805467B6886
:1060F00039B1013203E012F8011B013B09B1002B59
:10610000F9DC397A3A78002938D1940758D5F868FB
:10611000102864D01C46082808BF04F1FF3412F090
:10612000090F37D009B12846B0473A78910708D50A
:10613000FB68102B5ED0082B03D130212846B047D6
:106140003A78D30708D5002C04F1FF3404DD302160
:106150002846B047013CFAD23B69197803F101089F
:1061600029B12846B04718F8011B0029F9D13B781E
:1061700003F00903082B28D0BDE8F081900703F154
:10618000FF3415D5F8681028C5D112F0090FA3F116
:106190000304C8D12346002B04F1FF34C2DD2021C3
:1061A0002846B047013CFAD2397A0029BBD1BCE776
:1061B00012F0090FB7D1002CA3F10204EFDCB2E713
:1061C00012F0090F11D01C46BBE7002CD4DD013CB6
:1061D00020212846B047013CFAD2BDE8F08112F0F8
:1061E000090FA3F10204A1D1D4E7002B03F1FF347E
:1061F000D5DC9BE730212846B0473B78284613F092
:10620000040F0CBF78215821B0473A7899E700BFB6
:1062100083680268934202D24268D1548368013392
:10622000836070472DE9F0478CB092F800900546E6
:106230000E46B9F1000F00F091801F464FF00008A4
:10624000541C0DE0B9F10A0F02D10D212846B047C8
:1062500049462846B04714F8019BB9F1000F7DD09C
:10626000B9F1250FEED19DF80430CDF8088023F068
:106270000B038DF804308DF80C8014F8011B0029F5
:106280006CD02D2960D0302972D0232969D0A1F19A
:106290003002D3B2092B76D92E2900F032827A2926
:1062A0006DD06C2900F01D8200237829D3D857299E
:1062B00040F21E82A1F15802202ACCD801A050F849
:1062C00022F000BF6B6400005762000057620000BC
:1062D00057620000576200005762000057620000DA
:1062E00057620000576200005762000057620000CA
:1062F00005650000CB630000576200005762000094
:106300005762000057620000CB6300005762000034
:106310005762000057620000576200005762000099
:106320006B660000B3650000576200005762000012
:10633000A16500005762000011650000576200006F
:10634000576200006B6400009DF8043043F00803BE
:106350008DF8043014F8011B002992D10CB0BDE86F
:10636000F0879DF8043043F002038DF8043084E791
:106370009DF8043043F001038DF804307DE70123DC
:1063800014F8011B91E700230FE0BEF1050F00F2A6
:106390007E82A1F137020A2A15D114F8011B03EB02
:1063A000830302EB4303A1F13002D0B20928A1F12B
:1063B000610CA1F1410EF0D9BCF1050FE5D8A1F1B6
:1063C00057020A2AE9D0029369E70A22022B0492B3
:1063D00000F0C981012B07F1040100F03E833A6807
:1063E000002A03DA2D2352428DF80C30092A104678
:1063F0004FF0010709DD07EB87035F00B2FBF7F3FE
:10640000092BF8D8002F00F0B0839DF80430C34A60
:106410005B0700F1F081B0FBF7F3A2FB07CE002B86
:1064200007FB13004FEADE0E40F357820DF1180907
:10643000CC46DFF8E8A208E0B0FBFEF3AAFB0E7240
:106440000EFB130077464FEAD20E092BCCBF572222
:106450003022092F1A440CF8012BEDD800238CF8B8
:1064600000300F460DF1040A44E01022A1F158015A
:10647000B1FA81F104929DF80420490961F3820286
:10648000022B8DF8042000F08181012B40F09B80CD
:1064900057F8041B0F2940F266831B01B1FBF3F28E
:1064A0000F2AFAD8002B00F0CA819DF8040003FBE4
:1064B000121110F0040F4FEA131040F08181002AEE
:1064C00040F3E7810DF118094B4604E0B1FBF0F20F
:1064D00000FB12110009092ACCBF4FF0570C4FF0F6
:1064E000300C624403F8012B0028EFD100220DF19B
:1064F000040A1A70524631462846CDF81490FFF728
:10650000EFFDA8E657F8041B2846C9B2B047A2E63B
:106510000A22022B049200F03981012B57F8042B38
:1065200000F0E281092A4FF0010009D900EB800355
:106530005800B2FBF0F3092BF8D8002800F089824C
:106540009DF80430590740F130827449B2FBF0FAEB
:10655000A1FB00C3BAF1000F00FB1A224FEAD303DC
:1065600040F3A8810DF11809CC46DFF8B0E107E04F
:10657000B2FBF3FAAEFB030103FB1A221846CB0869
:10658000BAF1090FCCBF37213021092851440CF84A
:10659000011BEDD800230DF1040A8CF80030A9E7A7
:1065A00057F8043B3146284601AA0593FFF798FDAA
:1065B00051E6102304939DF8043023F0060343F0C2
:1065C00002038DF8043057F8042B01210F2A40F202
:1065D000C8820901B2FBF1F30F2BFAD8002900F0B1
:1065E0002E819DF8040001FB132210F0040F4FEAE6
:1065F000111023D1002B40F326810DF11809CC4650
:1066000005E09C46B2FBF0F300FB13220009092BC6
:10661000CCBF572130211944634603F8011B0028E1
:10662000EFD163E70F2940F24081002800F0078195
:10663000B2FBF0F3014600FB13220009002BF1DD51
:106640000DF11809CC4605E09C46B2FBF0F300FBC7
:1066500013220009092BCCBF37213021194463468E
:1066600003F8011B0028EFD140E7082357F8041B6B
:1066700001220729049340F2EA81D200B1FBF2F330
:10668000072BFAD8002A00F068829DF8040002FB6C
:10669000131110F0040F4FEAD2004AD1002B40F33F
:1066A000E6800DF118094A4605E01A46B1FBF0F301
:1066B00000FB1311C008092BCCBF4FF0570C4FF053
:1066C000300C9C44134603F801CB0028EDD1002286
:1066D00031461A70284601AACDF81490FFF700FD44
:1066E000B9E521786C2900F0CE8001230134DCE586
:1066F00000293FF433AE25297FF4ADAD2846B047DD
:10670000A9E59DF8043043F001038DF8043014F836
:10671000011BA1F13003092BF9D9C0E5CDCCCCCCBC
:10672000002800F01A82B1FBF0F3024600FB1311BF
:10673000C008002B40F392800DF118094A4605E08D
:106740001A46B1FBF0F300FB1311C008092BCCBFB4
:106750004FF0370C4FF0300C9C44134603F801CB3C
:106760000028EDD1B3E7073727F00707796857F816
:10677000080B0029C0F264810DF1040A0DF118091B
:106780005246CDF81490FFF72FFCB3E60DF118092F
:10679000073727F007070DF1040ACDF81490524689
:1067A000F7E80201FFF720FCA4E60F2B40F233814B
:1067B000002844D0B1FBF0F2034600FB121100099F
:1067C000002AF2DD0DF118094B4604E0B1FBF0F2AE
:1067D00000FB12110009092ACCBF4FF0370C4FF013
:1067E000300C624403F8012B0028EFD17EE6092F1C
:1067F00040F21B811F46B0FBF7FEA2FB07C3BEF1B0
:10680000000F07FB1E004FEAD303F0DD0DF118095E
:10681000CC46DFF8F0A207E0B0FBF3FEAAFB037260
:1068200003FB1E001F46D308BEF1090FCCBF372261
:106830003022092F72440CF8012BEDD80EE60DF131
:1068400018094B4652E60F293CD90028F7D0B2FB75
:10685000F0F3014600FB13220009CBE6072A3FF6BE
:106860005FAF0DF118094A464FF0300C74E7072A64
:106870002DD9002800F07181B1FBF0F3024600FB36
:106880001311C0080AE76178022302340DE5029370
:1068900002E50F2B40F2B9800028D0D0B1FBF0F216
:1068A000034600FB1211000909E60DF11809CC4658
:1068B0003021D3E6092800F2B6800AF1300A8DF8BB
:1068C00018A09DE00DF11809CC463021A3E60DF18A
:1068D00018094A464FF0300CF3E6092F00F2AE805B
:1068E00030338DF81830A4E0092A09D903EB83036B
:1068F0005B00B2FBF3F10929F8D8002B00F0A98066
:106900009DF80410DFF8FCC1480729D4B2FBF3F06E
:10691000ACFB03E1002803FB10224FEAD10140F356
:1069200008810DF11809CC46DFF8D8A108E0B2FBC8
:10693000F1F0AAFB013E01FB10220B464FEADE01FB
:106940000928CCBF4FF0570E4FF0300E092B704482
:106950000CF8010BEBD81DE6092B40F2EE800B463C
:10696000B2FBF3F0ACFB03E1002803FB10224FEA7B
:10697000D101F1DD0DF11809CC46DFF888A108E05E
:10698000B2FBF1F0AAFB013E01FB10220B464FEADD
:10699000DE010928CCBF4FF0370E4FF0300E092B27
:1069A00070440CF8010BEBD8F4E5564BB2FBF0FA4F
:1069B000A3FB001EBAF1000F00FB1A224FEADE0E05
:1069C00018DD0DF11809CC464E4B08E0B2FBFEFA7B
:1069D000A3FB0E010EFB1A2270464FEAD10EBAF14C
:1069E000090FCCBF57213021092851440CF8011B55
:1069F000ECD8CFE5092814D80AF130038DF8183007
:106A00000DF1190C0DF11809C4E50DF118094B46EB
:106A10004FF0300C65E50DF118094B464FF0300C86
:106A2000DFE67046C2E7184690E50EF1300E8DF8AD
:106A300018E00DF1190C0DF118090FE57746EAE49D
:106A40002D23404261EB41018DF80C3094E60B465A
:106A50001BE60DF11809CC469CE53868002803DADE
:106A60002D2340428DF80C30092884464FF0010355
:106A700008DD03EB83035B00B0FBF3F2092AF8D8CF
:106A8000002B76D09DF8042012F0040F1D4A29D166
:106A9000BCFBF3F7A2FB03E0002F03FB17CC4FEA8C
:106AA000D0004EDD0DF118094A46DFF858A008E085
:106AB000BCFBF0F7AAFB003E00FB17CC03464FEAF5
:106AC000DE00092FCCBF4FF0570E4FF0300E092BD0
:106AD000774402F8017BEBD800231370C1E4092B43
:106AE00033D90346BCFBF3F7A2FB03E0002F03FB03
:106AF00017CC4FEAD000F2DD0DF118094A46DFF855
:106B000004A00AE0CDCCCCCCBCFBF0F7AAFB003E45
:106B100000FB17CC03464FEADE00092FCCBF4FF035
:106B2000370E4FF0300E092B774402F8017BEBD87B
:106B3000D2E7092B01D90B46E8E630308DF8180072
:106B40005EE7092B01D90346A2E730378DF81870AC
:106B50000DF119020DF11809BEE70DF118094B46A8
:106B6000B5E513463DE50A469FE40DF11809CC460C
:106B700074E40DF118094A46AEE700BF00B585B0D0
:106B800011B9084605B000BD4FF0000C0139CDE940
:106B9000011001A80849CDF80CC0FFF743FBDDE95F
:106BA0000131039A9A4235BF002300228B54CA5404
:106BB000039805B000BD00BF11620000D0E90023BA
:106BC0009A4201460DD0531C584200F0070003F0D2
:106BD000070302F1020258BF434251F822000B6042
:106BE00070470020704700BF02464068431CD3F145
:106BF000000C0CF0070C03F0070358BFCCF10003A6
:106C0000D2F800C0634505D0023042F820100020C1
:106C1000536070474FF0FF30704700BF0023C0E95A
:106C2000003370472DE9F0410022304904463048D6
:106C300001F14F0EA0FB02C39B0903EB830CC3EBD6
:106C40000C13D31A01F8013F714502F10202F1D190
:106C500000214FF04F0E8C46C4F3C700C4F3071554
:106C600000F0080305F010071F4304F001031F4361
:106C7000E30900F0040803F04000A309C4F387020D
:106C800003F02003034302F0020002F00402C4F305
:106C900047063A43C4F3C45767F3070148EA0000C4
:106CA00006F0010738440344600905F0080500F0C8
:106CB00010002843034406F00206C4F3C3403243E5
:106CC00060F30F2162F3174163F31F61094BC4F3B3
:106CD0008824DA1D196083F806C083F8A6C083F8FB
:106CE000ACE0C3F8A8209C80BDE8F081DA1A00105F
:106CF000A97464CFD41A0010F8B50578064615F0CB
:106D0000010523D01848FFF71FF90020174901F1AA
:106D10004F078C1F11F8012F04EB000E06EBD20376
:106D20005B7802F0070C43FA0CF3DB0744BF8EF8E4
:106D3000562001308F42EDD10D4B84F8A50084F828
:106D4000AC0084F8A650C4F8A830F8BD0948FFF795
:106D5000FBF84F20084B83F8A50083F89F50DC1FF9
:106D6000C4F8A830F8BD00BF0CB30000DA1A001058
:106D70002A1B001014B30000DB1A001070B527495D
:106D8000044691F8A630002B44D1C0F3400E40F3E6
:106D900040034FEA4E1E224891F8ACC000EAD400EE
:106DA000B0FBFCF28D780CFB1200C4F304426A4085
:106DB0008E885340C4F3C81272405B020D78C2F350
:106DC000080203F478531343C4F344526A40C4F3F3
:106DD000840422444C78DD09624002F01F02114C09
:106DE00042EA4512A55C5A0102F47E622A43CB783E
:106DF000144404F58054227818440EEB0003134425
:106E0000DBB2B3FBFCF00CFB1033D1F8A820DBB2F3
:106E1000D05C70BD4FF0000E7346BCE7D41A001072
:106E2000F0FFFF013CB7000008B5224B1978032999
:106E300006D90B1F012B39D8BDE80840FFF79EBFCC
:106E40001D4A40F3400C9378918883EA0C035B025F
:106E5000C1F3080103F4785392F800E00B439179F1
:106E6000C0F3400C50787144414001F01F01D80933
:106E700041EA401111485B01415C03F47E630B431E
:106E8000184400F58050D378007803EB4C1303448A
:106E90000B49DBB2A1FB0301890901EB8100C1EBC6
:106EA00000115B1ADBB21A44D07908BD0548FEF721
:106EB0005BFF00BF98210010D41A00103CB70000FF
:106EC000A97464CF1CB30000044A012390680449EC
:106ED000C043002200F0030001F02CBB98210010F9
:106EE000E56E000000B587B0294B01461B78032BE7
:106EF00021D1437DDB0713D4264801F03DFB011E61
:106F000023DB254B01299B682CD0D8430022012389
:106F1000224900F0030001F00DFB002007B000BD86
:106F20000390104601F02EFE03991A4801F024FB4D
:106F3000011EE6DA09E00390164801F00DFC039803
:106F4000FEF7AEFE002007B000BD1248039101F02D
:106F500003FC039900204942C9B2FDF7F5FC00206B
:106F600007B000BD05AA04A90A48039301F0B6FBC7
:106F7000039B0022C3F101000949DDE9043C00F054
:106F80000300CDF800C000F0E3FB002007B000BD17
:106F9000B8020010941B001098210010E56E00004C
:106FA000C96E000070B51546114C020EC4E900010F
:106FB00020F07F410520257201F038FE2A4600218D
:106FC00004F10C0001F0D6FB0A48FEF7BDFF0221D8
:106FD0000320FDF7B9FCBDE87040074A0123906823
:106FE0000649C04300F003000022043001F0A2BAB9
:106FF000881B001038B3000098210010E56E0000D7
:107000000123044A044950680022181A00F00300C2
:1070100001F090BA982100101D70000000B587B0F3
:10702000214B01461B78032B07D0FEF739FE1F4882
:1070300001F092FB002007B000BD1C4801F09CFA53
:10704000011E0FDB1A4B01295B6818D0C3F1010048
:1070500000220123174900F0030001F06BFA002021
:1070600007B000BD1148039101F076FB03990020A1
:107070004942C9B2FDF768FC002007B000BD05AA6F
:1070800004A90A48039301F029FB039B0022D8437B
:10709000DDE9043C0849CDF800C000F0030000F031
:1070A00057FB002007B000BDB8020010B81B00104D
:1070B000982100101D7000000170000010B584B010
:1070C000134C042094F83820616B01F0AFFD0122CD
:1070D0001048114601F04EFB0F48FEF735FF63687C
:1070E00003AADB4303F0030302A91C1D094801F0B6
:1070F000F5FA2046DDE9023400220849009400F048
:1071000027FB0221032004B0BDE81040FDF71CBCA2
:1071100098210010B81B001048B300000170000057
:1071200000B585B04FF04022224902E04B6D5B076D
:107130002BD59368F92BF9D91F4BDA68987A01326D
:10714000DA6050BB082A0CD06FF0020C03460246EE
:1071500000901A49CDF804C0012002F079F905B079
:1071600000BD0393642002F0F5FC4FF4807C1020F6
:10717000039B10491A68C1F83CC0C863BAB159688A
:10718000987A05B05DF804EB104701210A4B90682E
:10719000DA6818810A44DA60997200211889084A6D
:1071A000A0F262200393916001F0ECFCDAE705485D
:1071B000FEF7DAFD00C00920DC1B00103972000068
:1071C0009821001058B3000008B50020FFF72CFEEE
:1071D00000F66210002180B202F024F90022134B65
:1071E00061209A721A81DA6002F0B4FC40F2E14147
:1071F0000F4B20205B8841EA433189B202F030FC1A
:107200004FF45761082002F02BFC622002F0A2FC30
:107210001022084B9A630E2002F0F0FB00F01F00D2
:107220001028F8D1FFF77CFF002008BDDC1B001000
:10723000FC21001000C0092008B5FFF771FF0020F5
:1072400008BD00BF00B583B06FF0020C0023DFF86B
:1072500028E0CDF804C09EF806C008480CF1010CE7
:1072600001600093064942608EF806C01A4601206C
:1072700002F0EEF803B000BDD41A0010DC1B0010C1
:10728000C971000010B582B0084C0948227BA36880
:10729000CDE90032D4E90023FEF756FED4E900011F
:1072A000227B02B0BDE81040FFF77CBEF01B00104F
:1072B00074B3000010B584B02E4B04461B78052B28
:1072C00023D1427D12F008020BD0417E022925D045
:1072D0002948FEF739FE2046FEF7E2FC002004B004
:1072E00010BD264B26491B69896803F53B3303F51E
:1072F0000073994235D210462249FFF7A3FF20467A
:10730000FEF7CEFC002004B010BD1F48FEF71CFEA7
:107310002046FEF7C5FC002004B010BD17491C3004
:10732000FDF72CFD0023DFF864C0144AD4F810E008
:107330009068DCF80820164902EB8002C2F10100D7
:107340007044A2EB0E02009300F00300CCF808207A
:107350001A4600F0FDF92046FEF7A2FC002004B01A
:1073600010BD0C480392FEF7EFFD01210398FDF7D5
:10737000EBFAB0E7B8020010A8B30000F01B001051
:10738000008000409973000094B300009821001021
:1073900085720000B8B3000000B585B0204B0246EE
:1073A0001B78052B2AD178B91E4B1F491B698968A8
:1073B00003F53B3303F50073994225D21B4905B011
:1073C0005DF804EBFFF73EBF2120FEF773FD0022BE
:1073D000174B114698681346C0F1010000F00300F6
:1073E0000092039000F0B4F90123002203981149A0
:1073F000023005B05DF804EB01F09CB80E4805B012
:107400005DF804EBFEF7A0BD03900C48FEF79CFD71
:107410000121039805B05DF804EBFDF795BA00BFB4
:10742000B8020010F01B00100080004099730000AB
:1074300098210010B572000094B30000B8B30000AA
:1074400008B5134B032093F83820596B01F0EEFB7D
:1074500000210520FDF778FA0E4A0F4893689168DD
:1074600003F53B3202F2012201339142036106D25D
:10747000BDE80840002201200849FFF7E3BE0848A4
:10748000FEF762FDBDE8084001210020FDF75CBA6F
:107490009821001000800040F01B0010997300003C
:1074A000B8B3000038B54FF0402540F2DB5406E099
:1074B0000E2002F0A3FA00F01F000F2802D0AB68E4
:1074C000A342F5D9642002F045FB4FF480711022ED
:1074D000084BD963DA6301F079FE0022064B196884
:1074E0009A609A63C3F84C2209B158688847002013
:1074F00038BD00BF00C00920081C0010F0B583B0E3
:10750000454E3378032B76D8012B79D9B5680135F0
:107510002846FFF789FC00F66210012180B201F0D5
:1075200081FF612002F016FB40F6E141202002F0CD
:1075300097FA3A4C44F67051082002F091FA04216F
:10754000374801F0F7FEA368002B62D0284601F00F
:1075500051FB00210122337EC4E90421314A237307
:10756000D35C04F140071B024FF4037220763846C7
:10757000C4E90811C4E90A11A1832163616363832B
:10758000FCF71AFEA06B96F82830A26839460090E6
:1075900004F10C00FDF7E4FCA66A226AA36BC4F8B0
:1075A0004C72E6631578002B31D004F10C0039469B
:1075B000A268FDF76BFDE66BD4F84C021C2E28BFC9
:1075C0001C26314601F0B6FED4F84C22E36B32445F
:1075D0009B1B6800C4F84C22E363C0B200246FF028
:1075E00002022346019210492246009401F030FF26
:1075F000204603B0F0BD052B88D07568013587E7BC
:107600000A4A7568937901350133937180E73846EA
:10761000D4E70220E2E700BF98210010081C001008
:10762000C5210010C0E70000A5740000D41A0010A6
:1076300010B582B0134CD4F84C02E16BF8B11029AC
:1076400028BF1021019101F075FED4F84C22E36BA4
:1076500001990A445B1AC4F84C22E36323B902B0CF
:10766000BDE8104001F0B2BDA36BA26804F1400177
:1076700004F10C0002B0BDE81040FDF707BD024860
:10768000FEF772FB081C0010CCB3000000B583B0FD
:1076900002F018FA10F0040328D0632002F05AFA1E
:1076A0004FF480711E4B1F4ADB6B9163A3B91E4BD5
:1076B0001A78032A07D8012A07D99A68D1072DD446
:1076C000002003B000BD052AF7D05A68D207F7D5CD
:1076D00059681648FEF748FB01220021144801F0C2
:1076E00041FD114B1A78032AEDD8E4E711480193C4
:1076F000FEF72AFC01F06AFD019B094A64209360B1
:107700009363C2F84C3202F025FA4FF480711022D4
:107710000020044BD963DA6303B000BD9968D8E751
:10772000081C001000C009209821001004B40000BB
:1077300031760000F0B3000008B501F047FD0022EB
:10774000024B9A609A63C3F84C2208BD081C0010D3
:1077500010B5DFF82CC01446DCF80820DDF808E08E
:107760005AB9CCE90014CCF838E00649C0B2BDE8FB
:107770001040CCF8083001F0A3BE0348FEF7F4FA3D
:10778000081C0010C0E800001CB4000010B582B056
:10779000084C0948227BA368CDE90032D4E90023D4
:1077A000FEF7D2FBD4E9000101F0A0FC002002B0FA
:1077B00010BD00BF581E001074B3000030B585B076
:1077C0002E4D04462B78052B26D1437D1A070BD569
:1077D000417E02292CD02A48FEF7B6FB2046FEF750
:1077E0005FFA002005B030BD9B0705D5407E18B17B
:1077F0003030C0B2FEF75EFB224B234A1B69926811
:1078000003F53B3303F500739A4209D200221F4966
:107810001046FFF717FDE1E71D48FEF795FBDDE792
:107820001C48FEF791FB01210020FDF78DF8D5E7FC
:1078300014491C30FDF7A2FA6FF00202002311492F
:107840000192154889680093826802EB81022169E0
:10785000521A826011491A46012001F0F9FDEFF336
:10786000108372B6214605F12C000393FFF7BCF993
:10787000039B83F31088002005B030BDB8020010D0
:10788000A8B30000581E001000800040A17800003E
:1078900038B400004CB40000982100108D7700002F
:1078A00000B585B0204B02461B78052B2AD178B94C
:1078B0001E4B1F491B69896803F53B3303F50073B1
:1078C000994225D21B4905B05DF804EBFFF7BABC1D
:1078D0002120FEF7EFFA0022174B11469868134655
:1078E000C0F1010000F0030000920390FFF730FFA9
:1078F0000123002203981149023005B05DF804EB22
:1079000000F018BE0E4805B05DF804EBFEF71CBB96
:1079100003900C48FEF718FB0121039805B05DF8B1
:1079200004EBFDF711B800BFB8020010581E00109C
:1079300000800040A178000098210010BD77000071
:1079400038B400004CB4000008B501F0B9F9134B8D
:10795000032093F83820596B01F068F900210520C5
:10796000FCF7F2FF0E4A0F489368916803F53B322B
:1079700002F2012201339142036106D2BDE80840C0
:10798000002201200849FFF75DBC0848FEF7DCFA39
:10799000BDE8084001210020FCF7D6BF9821001067
:1079A00000800040581E0010A17800004CB4000078
:1079B00010B582B001F0F8F8134B14495A68D4435B
:1079C00004F00304201D13180B6003F53B3303F58B
:1079D00000739A420ED20022134611460092FFF71E
:1079E000B7FEA01D01230022094900F0A3FD0020DD
:1079F00002B010BD0748FEF7A7FA01210020FCF7EE
:107A0000A3FF002002B010BD98210010701E0010CE
:107A1000197A000060B4000030B585B03A4B0446D6
:107A20001D78012D52D1037B282B6AD1427D12F0A3
:107A300008022AD0407E02285DD0344B344A1B68AD
:107A4000506803F53B3303F50073984243D200229C
:107A5000C0431346114600F0030000920390FFF765
:107A600077FE03982B4600222A49023000F062FD7F
:107A7000EFF3108572B628482146FFF7B5F885F375
:107A8000108828B32548FEF76FF90392FEF708F92E
:107A90001E4B1F491B68486803F53B3303F5007311
:107AA0009842039A1FD2C04300F0030413461146C4
:107AB000204600920392FFF74BFEA01C2B46039A30
:107AC000144900F037FD002005B030BDFEF7E8F89E
:107AD000002005B030BD1248FEF736FA29460020D6
:107AE000FCF732FFC4E70E48FEF72EFA294603984A
:107AF000FCF72AFFECE72B460022064900F01AFDAE
:107B0000B6E70848FEF730F9B8020010701E001002
:107B100098210010197A0000E402001090B40000CF
:107B200060B4000074B4000000B583B000220A49BC
:107B3000104601F07BF800236FF002020749019222
:107B400000931A46022001F083FC0021012003B0BB
:107B50005DF804EBFCF7F8BE338B9E00B1790000B2
:107B600070B53D4E3378032B67D8012B6AD8746803
:107B700001342046FFF758F9054600F6621000214F
:107B800080B201F04FFC612001F0E4FF40F2E141DE
:107B9000324B20205B8841EA433189B201F060FF1B
:107BA0004FF45761082001F05BFF622001F0D2FF23
:107BB00010222B4B4FF4BA709A63FEF74DF8034630
:107BC00000F10C0242604FF4B472057528210025C3
:107BD0001C612046234C5A8003F11C0219739D75C9
:107BE000DD755D75A3609A601033E36001F002F803
:107BF00094F856220021A261012220770020337ED2
:107C00006261194A2374D35CC4E90A01C4E90C0116
:107C10001B0204F13D004FF40471E3832584656287
:107C2000A563A4F84E5284F85452C4F85052FCF79D
:107C3000BBFBFCF797FB284670BD052B97D1B468BA
:107C4000013496E7B468032B04F1010491D1074A8B
:107C50009379013393718CE798210010FC21001077
:107C600000C00920781E0010C0E70000D41A0010E0
:107C70002DE9F04F87B0734D6420D5E9027401F00F
:107C800069FF4FF4807110226F4BD963DA63FCF700
:107C900039FB002C00F0D2802E68002E00F0CB8043
:107CA000637913F002031ED1A371E3710C23AA6858
:107CB0001C4402F10C039C4204D351880B449C42A7
:107CC00098BF94604FF000084FF0000938463346E3
:107CD000B5F84E226968A2F26222C5E9028907B0AE
:107CE000BDE8F04F1847FCF77FFBD5F85012064669
:107CF000884240F28F80A0EB010C0CF1FF33062B81
:107D000040F297802CF0070E01F13D03CDE900749D
:107D1000CDE9021ECDE904C02B444C4A03EB0E0B07
:107D200000211878083312F800A013F8040C12F898
:107D300000C013F8070C12F8009013F8030C175C3E
:107D400013F8060C12F8008013F8020C165C13F8F6
:107D5000050C12F800E013F8010C5B45145C0846B2
:107D60006AF307016CF3070069F30F2167F30F2033
:107D700068F3174166F317406EF31F6164F31F60E9
:107D800043F8081C43F8040CCAD1DDE9021EDDE902
:107D900004C6DDE90074E6453CD071446B1893F8E5
:107DA0003D00105C83F83D004B1C9E4232D92B44B1
:107DB00093F83D00105C83F83D008B1C9E4229D94E
:107DC0002B4493F83D00105C83F83D00CB1C9E4291
:107DD00020D92B4493F83D00105C83F83D000B1D27
:107DE0009E4217D92B4493F83D00105C83F83D0068
:107DF0004B1D9E420ED92B4493F83D000631105C7A
:107E00008E4283F83D0005D9294491F83D30D35C7A
:107E100081F83D300E48A21D04F10C01C5F85062F6
:107E2000FDF754FA63792E681843E38860710C33C8
:107E30003DE7064AB2E70748FDF796FF0648FDF71B
:107E400093FF00BF781E001000C00920C0E70000AB
:107E5000881E0010C4B40000ACB400002DE9F04F3F
:107E600089B0DFF840A00E20DAF80C4001F0C6FD22
:107E700000F01F00102840F08C814FF0402240F2AB
:107E8000C521094802E0436D5D070FD593688B4219
:107E9000F9D96379DB0710D4FFF7EAFE002009B0B7
:107EA000BDE8F08F781E001000C009209368AAF882
:107EB0004E32637943F0010363719AF83C30002B32
:107EC000EAD0DAF80C60C64C0496FCF78DFADAF8C2
:107ED0005022904240F28380861A731E062B40F295
:107EE0006181254602F13D03CDE90262534426F04B
:107EF00007078346F8180022597893F800C01E79C6
:107F000014F80190597914F80C8014F806C0665CD6
:107F10009978083314F801E011466CF3070166F311
:107F20000F2113F8026C68F30702A65D69F30F22B4
:107F300066F3174113F8016C6EF31742A65D834296
:107F400066F31F6113F8056CA65D43F8041C66F325
:107F50001F6243F8082CCED1DDE90262BE425846CA
:107F60003DD03A440AEB020393F83D10695C83F874
:107F70003D10531C984232D9534493F83D10695C2C
:107F800083F83D10931C984229D9534493F83D102F
:107F9000695C83F83D10D31C984220D9534493F870
:107FA0003D10695C83F83D10131D984217D9534466
:107FB00093F83D10695C83F83D10531D98420ED92B
:107FC000534493F83D100632695C904283F83D10AB
:107FD00005D9524492F83D30EB5C82F83D300428DC
:107FE000034638BF0423043B072BCAF850027FF630
:107FF0006CAF049E7B4A06F10801A2F13100FCF748
:10800000EBFE00287FF448AFDAF82420737950792A
:1080100043F00401002818BF0B4643F002037371BC
:108020005388002B3FF438AFDAF80C50DFF8B091EA
:108030000795FCF7D9F9DAF85022904240F28E8089
:10804000851A6B1E062B40F2AF8025F0070602F161
:108050003D03CDE90225CDE90469534406EB030B4A
:10806000069000221978083319F8018013F8041CCF
:1080700019F8016013F8071C19F801E013F8031C44
:1080800019F8015013F8061C19F801C013F8021C66
:1080900019F8014013F8051C19F8017013F8011CB8
:1080A0009B4519F80100114668F3070266F30701C2
:1080B0006EF30F2265F30F216CF3174264F317413F
:1080C00067F31F6260F31F6143F8082C43F8041C38
:1080D000C7D1DDE90225DDE90464B54206983DD04B
:1080E00032440AEB020393F83D10615C83F83D10C3
:1080F000531C834232D2534493F83D10615C83F8A1
:108100003D10931C984229D9534493F83D10615C6B
:1081100083F83D10D31C984220D9534493F83D1066
:10812000615C83F83D10131D984217D9534493F8AE
:108130003D10615C83F83D10531D98420ED95344A5
:1081400093F83D100632615C904283F83D1005D9EA
:10815000524492F83D30E35C82F83D3004280346F7
:1081600038BF04231A1F162ACAF850027FF661AFDF
:10817000079D1C4B009205F10C0105F10802A3F1CB
:108180003100FCF7E3FF88B1012823D18AF85402BB
:1081900082E61548FDF7D8FEFFF76AFD002009B01A
:1081A000BDE8F08F0E4DDDE60D4C9AE79AF854329B
:1081B000002B7FF471AEDAF8242001201178CDE98C
:1081C0000033490001398AF855121A46074901F06F
:1081D0003FF963E60246697A0548FDF7C5FD00BF31
:1081E000C0E70000B91E0010DCB40000F5810000FB
:1081F000F0B400002DE9F04F89B0DFF80CB39BF824
:108200005532DBF80C80013BDFB28BF85572FCF77E
:10821000EBF8DBF85012884240F28980451A6B1E59
:10822000062B40F26F8101F13D03CDE902785B44FA
:1082300025F00706B54A03EB060E00241F78083325
:1082400012F807A013F8047C12F8078013F8077CD3
:1082500012F8079013F8037C12F807C0274668F35A
:1082600007076CF30F2713F806CC6AF3070412F81C
:108270000CC069F30F246CF3174413F802CC12F806
:108280000CC06CF3174713F805CC12F80CC06CF354
:108290001F6413F801CC12F80CC043F8084C6CF3BF
:1082A0001F6743F8047C9E45C7D1DDE90278B542DB
:1082B0003DD031440BEB010393F83D40145D83F84E
:1082C0003D404B1C984232D95B4493F83D40145DCD
:1082D00083F83D408B1C984229D95B4493F83D407C
:1082E000145D83F83D40CB1C984220D95B4493F841
:1082F0003D40145D83F83D400B1D984217D95B4407
:1083000093F83D40145D83F83D404B1D98420ED9D3
:108310005B4493F83D400631145D884283F83D404C
:1083200005D9594491F83D30D35C81F83D3004289B
:10833000044638BF0424DBF82C30043C1A1B0F2AF7
:10834000CBF850021DD9E7B108F1080508F10C0877
:108350006F4B2A464146A3F131000094FCF7F6FE2C
:108360000028F5D0012800F0C780002369491A468B
:10837000CDE90033012001F06BF8002009B0BDE821
:10838000F08F4FF0402240F2DB5192688A42DBD8F6
:108390009C42DFF878A1CDF81C8080F0A880FCF723
:1083A00023F8DBF85022904240F28E80851A6B1E33
:1083B000062B40F29F8025F0070602F13D03CDE930
:1083C0000252CDE9046A5B4406EB030906900022E1
:1083D000197808331AF8018013F8041C1AF80160A0
:1083E00013F8071C1AF801E013F8031C1AF80150DF
:1083F00013F8061C1AF801C013F8021C1AF8014001
:1084000013F8051C1AF8017013F8011C4B451AF8F3
:108410000100114668F3070266F307016EF30F22AD
:1084200065F30F216CF3174264F3174167F31F6282
:1084300060F31F6143F8082C43F8041CC7D1DDE941
:108440000252DDE90464B54206983DD032440BEB9C
:10845000020191F83D50531C655D984281F83D50F2
:1084600032D95B4493F83D50911C655D884283F896
:108470003D5029D9594491F83D30E35C81F83D30B5
:10848000D31C984220D95B4493F83D10615C83F87B
:108490003D10131D984217D95B4493F83D10615C61
:1084A00083F83D10531D98420ED95B4493F83D105C
:1084B0000632615C904283F83D1005D95A4492F827
:1084C0003D30E35C82F83D304FF04023042840F219
:1084D000DB52044638BF04249B68043C9342CBF82B
:1084E000500204D8DBF82C309C42FFF458AFDDF882
:1084F0001C8029E7054CAAE7FFF7BAFB002009B06A
:10850000BDE8F08F014AD5E6781E0010C0E70000F4
:10851000B91E0010F581000008B5054B986830B110
:10852000FDF7BEFB00200021014BC3E9020108BD9D
:10853000781E001008B5DFF834C09646DCF8082035
:108540008AB9CCF8001003F0010103F002038CF8A3
:108550003C108CF85632CCF804E00549C0B2BDE8B6
:10856000084000F0ADBF0348FDF7FEFB781E001089
:10857000FCE8000008B5000070B582B045780A7BC1
:108580002E1E18BF0126282A03460C4640F0938071
:108590004A7D900748D51A78B2B14A4A28461178E0
:1085A000032921D8012921D992689A60DA68013219
:1085B000DA60E8B9217E1A7C914219D02046FDF795
:1085C0006FFB304602B070BD0122197C1A70490160
:1085D000032001F0E0010193FCF7B6F9394A019B51
:1085E000117858780329DDD90529DDD05268DCE7F8
:1085F000A27E91070CD5986950B10193FDF750FB0D
:108600000021019B9A7C996182F001029A74A27EFA
:10861000617D480726D5587CC2F3800290421FD066
:108620000122DA740126C9E7264A1178032925D9DF
:10863000052925D191689868091AB1F5486FBDD907
:10864000926859682048511AA1F54861A0FB0101C0
:10865000DA681E48890AFDF777FC4FF0FF36ADE770
:108660000A0715D45A78002ADCD1627E012AD9D0B3
:10867000DB7C2B4314BF012600269FE70129D9D8B4
:1086800051689868091AB1F5486F97D95268D8E7C8
:108690000193EFF3108572B60D482146FEF7A4FA58
:1086A00085F31088019B48B901215A7C0E464A4047
:1086B0005A74D97485E70748FDF756FB0648FDF75D
:1086C00053FB00BF982100101F85EB513CB5000003
:1086D000E402001024B5000060B5000010B584B0BD
:1086E00004468069A8B1037B1B2B2DD100F1100C2F
:1086F0001430C1F800C000211060A37CE27C9B0014
:1087000043EA420343F001038CF80230E17404B001
:1087100010BDCDE90212EFF3108372B60C4801933D
:10872000FEF74CFA019B83F31088A061DDE9021289
:108730000028D8D1237C04F1140C237563781B1A0C
:1087400018BF01236375D4E70248FDF70DFB00BF96
:108750000C0300107CB5000000B583B003468069AF
:1087600028B10193FDF79CFA0022019B9A6103B0A6
:1087700000BD00BF00B500234FF0010EDFF83CC084
:1087800003708361C36062F307039CF800206EF3FB
:108790000F236EF31743032A4170036106D8724515
:1087A00006D9DCF80830C0E9013300BD052AF8D04D
:1087B000DCF80430C0E9013300BD00BF982100108F
:1087C00000B585B01F4B02461B78042B29D178B920
:1087D0001D4B1E491B68896803F53B3303F5007385
:1087E000994224D21A4905B05DF804EBFEF72ABD80
:1087F0002120FDF75FFB174B1748596802318908A4
:10880000FCF7A6FA134B14489B680022C3F1010C35
:108810000090031F11490CF00300FEF799FF05B00B
:1088200000BD0F4805B05DF804EBFDF78DBB03906C
:108830000C48FDF789FB0121039805B05DF804EBB6
:10884000FCF782B8B8020010D02000100080004071
:10885000C187000098210010D8200010B1880000C6
:108860009CB50000B0B5000008B50D4B0D4A1B6863
:10887000926803F53B3303F500739A4206D2BDE8D4
:108880000840002201200849FEF7DCBC0748FDF73C
:108890005BFBBDE8084001210020FCF755B800BF94
:1088A000D020001000800040C1870000B0B500005B
:1088B00000B585B0184BD3F880307BB1174A03F16F
:1088C000040C90681649C0F101000022CDF800C0E8
:1088D00000F00300FEF73CFF05B000BD114A12494D
:1088E0001268896802F53B3202F50072914207D2A4
:1088F0001A4601200D4905B05DF804EBFEF7A2BC55
:108900000B480393FDF720FB0121039805B05DF8A8
:1089100004EBFCF719B800BFB80200109821001052
:1089200069880000D020001000800040C18700004E
:10893000B0B5000030B587B00024002202202049E5
:1089400000F074F900210420FBF7FEFF1D4B4FF4EB
:108950000071D3F880301C481B1B18BF0123CDE9E0
:1089600003041A4D1A4AA980AC710593518F92F8ED
:10897000383005F10800CDE90131516B2346126C06
:108980000091FCF7B1F9134B9A68511C29609B6860
:1089900002F53B3202F20122934207D22246012025
:1089A0000D4907B0BDE83040FEF74CBC0B48FDF761
:1089B000CBFA0121204607B0BDE83040FBF7C4BF29
:1089C000338B9E00B80200100C025A00D020001019
:1089D0009821001000800040C1870000B0B5000061
:1089E00010B5DFF8A0C01C46DCF800E0BEF10A0FAD
:1089F00044D0DCF80830EBB1DCF818302BB3DCF8ED
:108A000028302BB3DCF838302BB3DCF848302BB3EC
:108A1000DCF858302BB3DCF868302BB3DCF8783056
:108A20002BB3DCF888302BB3DCF8983023B316482E
:108A3000FDF79AF90CF10403C3E900011C730EF170
:108A400001019A60CCF8001010BD0CF11403F3E79B
:108A50000CF12403F0E70CF13403EDE70CF14403CF
:108A6000EAE70CF15403E7E70CF16403E4E70CF1E7
:108A70007403E1E7054BDFE7054BDDE70548FDF74C
:108A800073F900BFF0200010E0B500007421001061
:108A900084210010C8B50000F0B583B04FF040232A
:108AA0001A68D20701D403B0F0BD01243249D1E9DC
:108AB0002B0222442044C1E92B02D1F8B8201C60CB
:108AC0002AB140F6344000229861C1F8B82091F8EC
:108AD000A830032B34D9052B34D1D1F8B0700B68F2
:108AE000002B32D0244C002204F1A00617E010D253
:108AF000237C0192002B38D02048FDF725FAD4E9D9
:108B000002309847019A1C490023A3600B68013B7F
:108B10000B6001329A4218D21034B44215D0A568C5
:108B2000002DF7D06068B842E1D1E0680192A84713
:108B300000231149A3600B68019A013B0B60E8E731
:108B4000012BCAD8D1F8AC70C9E74FF0402400F02F
:108B50001BFD00F00DFD2368002BA4D04F20FDF776
:108B6000A9F90123236003B0F0BD0548FDF7ECF936
:108B70000149019AC8E700BFF0200010F8B50000D5
:108B8000FCB5000000B54FF0402C0121054B00F66C
:108B9000344ED3F8B420CCF818E00244C3E92D21B8
:108BA00000BD00BFF020001010B51049104BD1F8E7
:108BB000B42040F6354483FB023C01234FF0402EA5
:108BC000D017C1F8B830C0EB2C2304FB13231A4490
:108BD00003F63443C1F8B420CEF81830D1F8AC30E5
:108BE000C0EB2C200344C1F8AC3010BDF0200010C5
:108BF00089B5F81408B50A4B93F8A810032907D9CA
:108C00000B1F012B09D8C0F3470040F0400008BDFE
:108C1000044B987940F0600008BD0348FDF7A4F8C4
:108C2000F0200010D41A00100CB600002DE9F0411D
:108C30008046084616460D46FCF738F80022914259
:108C4000ACBF05230A231C4CDFF870C0C0F3072714
:108C500084F8D030C3B21CF803301CF807E0C0F32E
:108C600007474EEA032E030E1CF80330C4E9320115
:108C7000C4F8D1001CF8070061F3070243EA0020A2
:108C80000B0A63F30F220B0C63F31742090E40EA41
:108C90000E4061F31F62C4F8D520C4F8BC5084F8BC
:108CA000C06000F0D9FA45EA0660FDF7BBFF84F822
:108CB000A880BDE8F08100BFF0200010C0E70000F0
:108CC0002DE9104885B002460B460E4C110E20F0DF
:108CD0007F400392A4F8E2300293C4F8DC0084F8E9
:108CE000E010FBF7E3FFDDE9023283468C460648DD
:108CF000CDE900BCC4E93ABCFDF726F905B0BDE8F2
:108D0000108800BFF020001028B60000000000000E
:108D1000F0B583B000F0B2FC00254FF040234FF0D7
:108D2000E02102204FF0040C2B4C2C4AC1F88001AA
:108D3000C4F8AC50C1F880C15D605560C3F80CC088
:108D400040F6344C6FF0010EC3F818C001264FF006
:108D5000030C43F60857C3F814C0D760C2F818E0F4
:108D60005061C1F8000156605E6000F081FAFEF7C4
:108D7000E3FCFFF7D1FB002200233321C4E93223B7
:108D800041F222131648A4F8E23084F8E01025607E
:108D9000A560A561A562A563A564A565A566A5678F
:108DA000C4F88850C4F89850C4F8DC00FBF77EFF84
:108DB00007A3D3E9002306460F460A48CDE900671A
:108DC000C4E93A67FDF7C0F803B0F0BDAFF3008027
:108DD0006655443322110000F0200010008000404E
:108DE0006655440028B6000030B585B0264B0446D1
:108DF0001B78022B1ED1254A437D516813F00103D5
:108E00006FEA010202F00305284619D00131294416
:108E10001F488908FBF79CFF00221D481146031FCD
:108E200000902846FEF794FC00231A491A46A81C15
:108E3000FFF780FB2046FCF733FF002005B030BD74
:108E4000154A126802F50C3202F52072914211D2D5
:108E50001A46194600930393FEF77AFC039B0F49C9
:108E60001A46A81CFFF766FB2046FCF719FF0020F6
:108E700005B030BD0A480393FDF766F80121039859
:108E8000FBF762FDD6E700BFB80200109821001082
:108E9000E82100100D8F0000E0210010E98D000096
:108EA00044B6000010B582B0FFF77EFE134B1449A4
:108EB0005A68D44304F00304201D13180B6003F513
:108EC0000C3303F520739A420ED200231A4619463A
:108ED0000093FEF73DFC0023A01D1A460949FFF749
:108EE00029FB002002B010BD0748FDF72DF8012135
:108EF0000020FBF729FD002002B010BD98210010D2
:108F0000E0210010E98D000044B6000010B584B0E7
:108F1000234B04461B78022B23D1437D13F001031E
:108F200025D120480293FDF70FF81F4A1F49126808
:108F3000486802F50C3202F520729042029B21D261
:108F4000C0431A46194600F00300009303930290B1
:108F5000FEF7FEFB039B02981A4615490230FFF705
:108F6000E9FA2046FCF79CFE002004B010BD114831
:108F7000FCF7EAFFFEF7A2F82046FCF791FE00207E
:108F800004B010BD0C48FCF7DFFF01210298FBF78D
:108F9000DBFC2046FCF784FE002004B010BD00BFBF
:108FA000B80200105CB60000E0210010982100100B
:108FB000E98D000054B6000044B6000010B586B03C
:108FC0000A4601460120FFF731FE002401214FF43B
:108FD0000073CDE90414DFF848C0124A1248CDF8F6
:108FE0000CC0518F838092F838308471CDE9013103
:108FF000516B2346126C08300091FBF775FE6FF041
:10900000020223460192094922460094022000F000
:109010001FFA2146022006B0BDE81040FBF794BCC1
:109020000C025A0098210010E0210010A58E0000CB
:1090300010B582B0254B04461B78032B1FD1037B50
:10904000282B40D1437DD80709D52169890735D51B
:109050009A0704D5617E022926D95B0714D42046DD
:10906000FCF71EFE1A4A032390681A49C0430022E7
:1090700000F00100FFF75EFA002002B010BDFCF71F
:109080000FFE002002B010BDEFF3108372B612483D
:1090900021460193FDF7A8FD019B83F3108800286A
:1090A000E0D00E48FCF760FE22690D48A37E415CCB
:1090B000D2B20C48FCF748FF637DCEE71046FFF7BD
:1090C00061FD637DC4E70848FCF74EFEB80200105E
:1090D0009821001031900000E40200108CB60000CE
:1090E000A0B6000080B6000068B6000010B5020E01
:1090F00020F07F410520FFF799FD0A48FCF724FF87
:1091000002210320FBF720FCBDE81040064A0323A0
:1091100090680649C04300F0010000220230FFF7CA
:1091200009BA00BFA4B600009821001031900000D9
:1091300010B50949094AD1F8AC3043F00403C1F82D
:10914000AC30536823B1BDE81040536890681847AD
:109150000348FCF709FE00BF00800240FC2100101C
:10916000B8B6000010B54FF400144FF0E02C154BCA
:10917000CCF88042D3F8AC40DFF84CE044F0040473
:10918000C3F8AC40CEF80400CEF8081062B1D3F8B2
:10919000B02042F00402C3F8B0204FF0E0234FF4B7
:1091A0000012C3F8002110BDD3F8B42042F004022D
:1091B000C3F8B4204FF0E0234FF40012C3F80021AD
:1091C00010BD00BF00800240FC2100104FF0E021E4
:1091D0004FF400100B4BC1F88001D3F8B02022F0FF
:1091E0000402C3F8B020D3F8B42022F00402C3F87C
:1091F000B420D3F8AC2042F00402C3F8AC20C1F88C
:10920000800270470080024038B50346EFF31085B6
:1092100072B6094C032023802188C90141F029013D
:1092200089B200F01DFC85F310882188034889B2BB
:10923000BDE83840FCF788BEFC210010D0B6000025
:109240000346034A03485380518889B2FCF77CBE29
:10925000FC210010E4B6000010B504462C20A1B299
:1092600000F0FEFB210C2D20BDE8104000F0F8BB03
:1092700010B5FBF70FF800F03DFB01232A4C6420EA
:10928000638000F067FC4FF480711022274BD96394
:10929000DA630E2000F0B2FB00F01F000128F8D1C5
:1092A00047F6FF710D2000F0DBFB42F62231122061
:1092B00000F0D6FB41F24B31142000F0D1FB0B2122
:1092C000052000F0CDFB21880320C90141F02901D0
:1092D00089B200F0C5FB1021232000F0C1FB4FF044
:1092E000E0204FF4001C4FF0800E4FF48074104BC0
:1092F000C0F880C1D3F8B0200C4922F00402C3F8B2
:10930000B020D3F8B42022F00402C3F8B420D3F87C
:10931000AC2042F00402C3F8AC20C0F880C2C1F80F
:1093200058E08C6510BD00BFFC21001000C0092072
:109330000080024010B483B0102201244FF0200CB2
:10934000374B11F0FF01C3F85CC0DC659A65DA6544
:109350009C659A65DA659C659A65DA659C659A658F
:10936000DA65DC659A65DA65DC659A65DA65DC657F
:109370009A65DA65DC659A65DA653ED001395FFA8F
:1093800081FC8444013810F8011F11F0010F0CBF5B
:10939000DC659C6511F0020F9A65DA650CBFDC652F
:1093A0009C6511F0040F9A65DA650CBFDC659C655D
:1093B00011F0080F9A65DA650CBFDC659C6511F049
:1093C000100F9A65DA650CBFDC659C6511F0200F03
:1093D0009A65DA650CBFDC659C6511F0400F9A65F3
:1093E000DA650CBFDC659C65C9099A65DA6511D13F
:1093F0008445DC659A65DA65C5D10A230193019B32
:10940000013B0193002BFAD12022054B9A6503B052
:1094100010BC704784459C659A65DA65B3D1ECE76A
:1094200000C0092038B504460D460E2000F0E6FACB
:1094300000F01F000128F8D1611E89B2002D18BF6D
:109440002146BDE83840022000F00ABB00207047EA
:109450002DE9F04198463423DFF85CE017469EF88A
:109460004023BDF8184000EB020C0CF00F0C03FB7E
:109470000CFC0EEB0C0292F83030BDF91C60032B93
:1094800014D8002003EB43050CEB850C4EF80C10B0
:109490000133E6448EF804708EF80580AEF806407D
:1094A00082F83030AEF80860BDE8F0810348FCF780
:1094B0004BFD4FF0FF30F7E708220010F8B6000030
:1094C0002DE9F04F83B0DFF89C800B68924643454E
:1094D000024644D000208B464FF03409224ECDE99D
:1094E000000296F84073174407F00F071BB309FBFF
:1094F00007F4351995F8302002EB420004EB8000A8
:10950000032A304423D80C225946FAF7DFFD95F898
:10951000302002EB420004EB80043444013285F831
:109520003020A4F806A05BF80C3F4345DED100983C
:1095300003B0BDE8F08F019B96F8407301331F44E0
:109540000193009B07F00F0701330093EBE70748F7
:10955000FCF7FAFC4FF0FF3003B0BDE8F08F0020BD
:10956000E6E700BF4D94000008220010F8B60000A6
:10957000044A92F84033013303F00F0382F840337A
:10958000704700BF082200102DE9F04F87B04FF060
:10959000340C0323022200200121374DCDE904239E
:1095A00095F84093CDE902010CFB09FC05EB0C0397
:1095B00093F830402746002C51D002AE37460023A6
:1095C00006EB8408CDF804900133A34226DA38462E
:1095D00050F804EBBB4601460EEB4E0E0CEB8E0E24
:1095E000AE4451F8047BBEF908A007EB47020CEB30
:1095F0008209A944B9F908900CEB8202CA4507DD3B
:10960000DBF8009005EB020ECBF8007041F8049CEB
:109610004145E6D10133A3420746D8DB29D14FF0BB
:10962000340ADDF8049000270AFB09FA05EB0A0862
:1096300001E098F83040BC4211DD56F82730013780
:1096400003EB43030AEB8303E818C2884179EB5824
:10965000007998470028ECDA07B0BDE8F08F342293
:109660000023384602FB095585F8303007B0BDE8C5
:10967000F08F0437A8E700BF082200106B4B93F867
:109680004013002944D00022012983F830201ED144
:1096900083F8982083F8CC2083F8002183F83421C4
:1096A00083F8682183F89C210022092983F8D021BE
:1096B0001DD183F8382283F86C2283F8A02283F826
:1096C000D42283F80823002283F83C237047022920
:1096D00083F864205AD183F8CC2083F8002183F8E2
:1096E000342183F8682183F89C2183F8D02100225B
:1096F0000A2983F8042259D183F86C2283F8A02226
:1097000083F8D42200220F2983F80823DBD1704785
:1097100083F8641083F898100022042983F8CC2081
:1097200019D183F8342183F8682183F89C2183F8C8
:10973000D02183F8042283F8382200220C2983F8F0
:109740006C2218D1002283F8D42283F80823002247
:1097500083F83C237047052983F8002131D183F831
:10976000682183F89C2183F8D02183F8042283F8B0
:10977000382283F86C2200220D2983F8A022E4D03D
:1097800000220E2983F8D4229DD0BBE7032983F859
:109790009820C1D183F8002183F8342183F868210F
:1097A00083F89C2183F8D02183F8042200220B291E
:1097B00083F83822C1D183F8A022002283F8D42272
:1097C000C3E7062983F8342112D183F89C2183F85A
:1097D000D02183F8042283F8382283F86C2283F89E
:1097E000A02200220E2983F8D4223FF46CAF89E72F
:1097F000072983F8682108D183F8D02183F804224F
:1098000083F8382283F86C22B5E7082983F89C2175
:109810007FF44AAF83F8042283F8382283F86C225D
:1098200083F8A02283F8D4226CE700BF082200103E
:1098300000F0A2BF38B5284C284B9C4222D2013BF5
:109840001B1B032B2246264D1AD94FEA930C2B469D
:109850000CF1010C4FEA5C0E05EBCE0ED3E90001D2
:1098600008339E45C2E9000102F10802F6D11CF05E
:10987000010F07D02CF0010C04EB8C0405EB8C05D8
:109880002B682360174C184B9C4218D2013B191BC4
:10989000032923461DD9002289080131480804EB19
:1098A000C000C3E9002208338342FAD1CB0706D5B2
:1098B00021F0010104EB810C0023CCF80030FAF711
:1098C000CBFC4FF0E023094AC3F8082DFBF7C8F999
:1098D000FEE7A446F0E700BF20000010860100105C
:1098E00068E9000088010010E52500100040000034
:1098F000FEE700BF4FF0805CC7200C21104B1A68B8
:1099000022F4404242F400421A601A6822F44052A3
:1099100042F400521A601A6822F4403242F40032D3
:109920001A601A6822F4402242F400221A60054AA2
:1099300003F58043C2F898C018605960704700BFB3
:1099400000C0024000C0092010B54FF4007412207E
:10995000264B27495A6822F470125A600A6822F08E
:10996000C0620A605A6C42F420125A645A6C22F4A3
:10997000A0125A641F4A8C6310601368013B136085
:10998000002BFAD14FF0200C4FF4804E1823012405
:109990001020174A1849C2F858C0C2F838E0C2F877
:1099A0005CC003F1FF3C0B020FD594659065D2F8C3
:1099B00054E01CF0FF03D065CEF3400E12D04EEA07
:1099C000410103F1FF3C0B02EFD4D46590651CF01C
:1099D000FF03D2F854C0D065CCF3400C02D04CEA5F
:1099E0004101DEE72022024B9A6510BD00C0024013
:1099F00000C009204C250010FF7F0D0000B54FF07E
:109A0000200C102118234FF0010E144A40F0800062
:109A1000C2F85CC0884003F1FF3C030210D5C2F8D5
:109A200058E09165536DD165C3F3400343EA4000AC
:109A30001CF0FF03EFD12022084B80B29A6500BDD5
:109A4000C2F85CE091651CF0FF03D2F854C0D16508
:109A5000CCF3400C4CEA4000DDD1ECE700C009201B
:109A600010B54FF0200C41EA0041182301241020CA
:109A7000134AC2F85CC003F1FF3C0B020FD594659A
:109A80009065D2F854E01CF0FF03D065CEF3400E91
:109A900012D04EEA410103F1FF3C0B02EFD4D46532
:109AA00090651CF0FF03D2F854C0D065CCF3400C95
:109AB00002D04CEA4101DEE72022014B9A6510BD3D
:109AC00000C0092010B5102201212024204BDC65A4
:109AD000D9659A65586DDA65D9659A6500F0020E08
:109AE000586DDA65D9659A65C0F3400C586DDA6532
:109AF000D9659A654CEA0E0CC0F3400E586DDA65D4
:109B0000D9659A654EEA4C0EC0F3400C586DDA6583
:109B1000D9659A654CEA4E0CC0F3400E586DDA6573
:109B2000D9659A654EEA4C0EC0F3400C586DDA6563
:109B3000D9659A65C0F34001586D4CEA4E0C41EA74
:109B40004C01C0F34000DA6540EA41009C6510BD5D
:109B500000C0092020223F4B0106DA654FF00102C8
:109B60004FF0100154BFDA659A653A4A4FF0200C65
:109B70009165536DD1650121C3F3400343EA40036E
:109B8000180654BFD16591651021324A9165506D18
:109B9000D165C0F3400040EA4300012301064FF0C5
:109BA000100154BFD36593652A4A9165536DD16501
:109BB000C3F34003012143EA400318064FF01000AD
:109BC00054BFD1659165234988654A6DC865C2F364
:109BD000400242EA4302012310064FF0100054BF36
:109BE000CB658B651B4988654B6DC865C3F3400326
:109BF00043EA4203012218064FF0100054BFCA6521
:109C00008A65144988654A6DC865C2F3400242EA14
:109C10004302012310064FF0100054BFCB658B6543
:109C20000C4988654B6DC865C3F3400343EA4203A2
:109C3000012218064CBF8A65CA651021054A916544
:109C4000506DD165C0F3400040EA4300C2F858C0EF
:109C5000C0B2704700C0092070B42024182300212E
:109C600001261020504AD4650D0203F1FF340ED5B1
:109C700096659065556D14F0FF03D065C5F34005FA
:109C800011D045EA41010D0203F1FF34F0D4D6654D
:109C9000906514F0FF03546DD065C4F3400402D006
:109CA00044EA4101E0E72026012510203E4A96655E
:109CB00018234FF40001D6655C1E0B0234D5956560
:109CC0009065536DD065C3F3400343EA410114F03E
:109CD000FF03F1D189B296650029E9D1D665182331
:109CE0004FF40040012610222F49050203F1FF34F2
:109CF0000ED58E658A654D6D14F0FF03CA65C5F3F8
:109D0000400521D045EA4000050203F1FF34F0D4BC
:109D1000CE658A6514F0FF034C6DCA65C4F3400438
:109D200012D044EA4000E0E7D565906514F0FF03E7
:109D3000546DD065C4F3400444EA4101BCD189B2FA
:109D400096650029B4D1C9E7202601251020164ABE
:109D5000966518234FF40001D6655C1E0B0211D5E1
:109D600095659065536DD065C3F3400343EA4101A7
:109D700014F0FF03F1D189B2B1F5004F9665E8D137
:109D800070BC7047D565906514F0FF03546DD065C5
:109D9000C4F3400C4CEA4101DFD189B2B1F5004F68
:109DA0009665D6D1ECE700BF00C0092038B5002287
:109DB00044F23A04AA205521824B1C60C3F80C21BE
:109DC000D3F8802022F00202C3F88020C3F88C0070
:109DD000C3F88C10D3F888209201FBD4AA24552014
:109DE000D3F88010774A21F00101C3F88010C3F83E
:109DF0008C40C3F88C00D2F8883013F08073FAD10D
:109E0000C2F804312025FFF727FF01241823102072
:109E10006D4A6E49D5650D0203F1FF3C0ED5946580
:109E20009065556D1CF0FF03D065C5F3400E11D051
:109E30004EEA41010D0203F1FF3CF0D4D465906578
:109E4000556D1CF0FF03D065C5F3400C02D04CEA01
:109E50004101E0E71022012120205B4B9865D86585
:109E6000D9659A655C6DDA6599659A655C6DDA65A8
:109E700099659A655C6DDA65D9659A655C6DDA6598
:109E8000D9659A655C6DDA65D9659A655C6DDA6548
:109E9000D9659A655C6DDA65D9659A655C6DDA6538
:109EA0009865D865D9659A655C6DDA65D9659A65F6
:109EB0005D6DDA65D9659A655C6DDA65D9659A6517
:109EC0005C6DDA65D9659A655C6DDA65D9659A6508
:109ED0005C6DDA65D9659A655C6DDA65D9659A65F8
:109EE0005C6DAC07DA659865DBD5364BC3F8A0012D
:109EF000D3F8A0215206FBD5AA2455204FF0010C1F
:109F000028254FF4005E324AC3F8A851C3F8ACE1EB
:109F1000C3F80CC1C3F88420C3F88C40C3F88C008C
:109F2000D3F88020274942EA0C02C3F88020C3F806
:109F30008C40C3F88C00D1F88830DD01FBD50323B9
:109F4000AA245520C1F80431D1F880301D4A43F0CD
:109F50000203C1F88030C1F88C40C1F88C00D2F8FF
:109F600088309C01FBD5AA2455202223C2F8A430B6
:109F7000C2F8AC40C2F8AC00D2F8A030114943F0AE
:109F80000103C2F8A030C2F8AC40C2F8AC00D1F86E
:109F9000A830D805FBD50B4AD2F8A8305905FBD517
:109FA000AA245520D2F8A030064943F00203C2F893
:109FB000A030C2F8AC40C2F8AC00D1F8A8309B0584
:109FC000FBD538BD00C00F4000C009207015080047
:109FD0001800010008B500234CF2127E40F2B11CBB
:109FE0004FF04050184A19490B604B608B60CB60B2
:109FF0000B61CB614B628B62136013621364136657
:10A00000C2F880300B644B648B64CB640B65CB650A
:10A010004B665361536353655367C2F894301360C2
:10A02000C2F820E0C2F840C01366C2F88000536155
:10A03000536353655367C2F89430FFF785FCBDE85E
:10A040000840FFF7B3BE00BF00C0092000C00240B7
:10A0500070B5002302264FF0804CAA2555241949DB
:10A0600019480B604B608B60CB600B61CB614B621E
:10A070008B620360036203640366C0F880300B6484
:10A080004B648B64CB640B65CB654B664361436368
:10A0900043654367C0F89430C663DCF800300B4A70
:10A0A000DFF82CE043F00303CCF80030CCF8085084
:10A0B000CCF80840C2F800E01368013B1360002BA5
:10A0C000FAD170BD00C0024000C009204C2500102C
:10A0D0001D1A060030B58BB0362204460D46684680
:10A0E00005A900920A4B9847DDE9050300220521E6
:10A0F00060F3070263F30F22180A60F31742180C8B
:10A1000060F31F621B0E2260237129600BB030BD0B
:10A11000F11FFF1F2DE9F0438BB000273A220446C0
:10A120008946684605A900923E46234B9847DDE9DB
:10A130000601BE46BC461125089A059B4FEA1068E9
:10A1400068F307064FEA116863F3070768F3070E21
:10A150004FEA126860F30F2768F3070C4FEA1028E4
:10A1600068F31747000C60F31F6761F30F26080AB6
:10A1700060F31746090C099B61F31F6662F30F2E0B
:10A18000110A61F3174E120C62F31F6E63F30F2C6A
:10A190001A0A62F3174C1A0C62F31F6C1B0E27602D
:10A1A0006660C4F808E0C4F80CC02374C9F8005015
:10A1B0000BB0BDE8F08300BFF11FFF1F00B58BB0EF
:10A1C00039226846024B05A9009298470BB000BDA2
:10A1D000F11FFF1F30B585B0002830D111F0040108
:10A1E0004D4C30D1E269002A59DDA16800F01EFA19
:10A1F00000286CDBA368E1690344091AA360E161EC
:10A20000F9B92378C3F3411204EB8203DB68022A15
:10A210001546A36062D004EB85035B6A002B56D021
:10A220003E4A02F11801A2F10800984700284ED0DA
:10A23000E2698020402AA8BF4022A1683BE0802834
:10A2400033D005B030BD0822214600F0EFF9227866
:10A25000E388C2F341110D4604EB8101C968E36153
:10A26000A16023620BB1D209EBD0022D43D004EBE5
:10A2700085035B6A5BB3294A02F11801A2F1080069
:10A28000984720B3E388226A80209342A8BF1346F0
:10A29000402B1A46A168A8BF4022E3610BE00A46A2
:10A2A00005B0BDE8304000F0C1B91B4CE269A168BF
:10A2B000402AA8BF4022019200F06EF9A168E3692C
:10A2C000019A11449B1AA160E36105B030BD0121E0
:10A2D000802005B0BDE8304000F032B9039120463F
:10A2E00004F1080304F1200203A900F03DFB00285B
:10A2F00091D003989AE74FF0000C084B03A903F1A3
:10A300001802A3F10800CDF80CC000F02DFB0028C6
:10A31000ADD00398B5E700BF542500105C250010B0
:10A32000024B03EB80004162C2607047542500106D
:10A33000704700BF08B500F0ABFA0D4800F080F898
:10A3400000200C4900F05CF880200A4900F058F821
:10A350004021002000F014F84021802000F010F887
:10A360000020054A0549FFF7DBFF012008BD00BFBB
:10A3700031A30000D5A10000882500101DAA00000F
:10A3800000B54FF0010C1D4A00FA0CF303F01E0358
:10A39000D2F844E243EAD0100CFA00FC4CEA0E0377
:10A3A000C2F84432C2F84802C2F84C12D2F8003265
:10A3B000D905FBD54FF4807E4FF0300C030443F4F5
:10A3C000800343F4A0630D49C2F808E2C2F808C252
:10A3D000C2F81032D1F80032DA06FBD510204FF463
:10A3E0008073064AC1F80802C1F81032D2F8003270
:10A3F000DB06FBD51023C2F8083200BD00C00050B8
:10A4000010B50122DFF830C000FA02F30B4C03F064
:10A410001E03DCF834E244F8131043EAD0139A40E8
:10A4200042EA0E02CCF83422DCF8043243F0040392
:10A43000CCF8043210BD00BF00C0005090250010C1
:10A44000044A0549D2F8043243F00803C2F8043242
:10A450000864704700C000509025001030210F4A5A
:10A460000F4BC2F8081240F08000C2F81032D2F848
:10A470000032D906FBD54FF0100C00FA0CF343F470
:10A4800080730649C2F808C2C2F81032D1F800320F
:10A49000DB06FBD51023C1F80832704700C000501E
:10A4A0000005D0003021003818BF01200E4A0F4BA4
:10A4B000C2F80812C2F81032D2F80032D906FBD521
:10A4C0004FF0100C00FA0CF343F480730649C2F805
:10A4D00008C2C2F81032D1F80032DB06FBD51023D7
:10A4E000C1F80832704700BF00C000500005FE00F0
:10A4F0003021430003F01E0343EAD0100F4A00044A
:10A5000040F4A063C2F80812C2F81032D2F8003248
:10A51000D906FBD5102340F400700849C2F8083270
:10A52000C2F81002D1F800329B06FBD52023C1F8F7
:10A530000832D1F81402C0B2704700BF00C000500A
:10A540004FF0300C003918BF0121430003F01E0307
:10A5500043EAD0131B040F4A43F4800343F4A0637F
:10A56000C2F808C2C2F81032D2F80032D806FBD5C1
:10A570001020814041F480730649C2F80802C2F8F5
:10A580001032D1F80032DB06FBD51023C1F80832B7
:10A59000704700BF00C0005000B5864610464FEA25
:10A5A0008E02204B02F03C0242F00202C3F8282245
:10A5B000C3F82402D3F828224FEA4E0C0CF01E0CEC
:10A5C00092074CEADE1C07D551F8042BC3F81C2275
:10A5D000D3F828229207F7D44FF0000E3022114909
:10A5E0004FEA0C4C4CF4A063C1F828E2C1F80822F1
:10A5F000C1F81032D1F80032DA06FBD54FF0100E58
:10A600004FF0300C084B074AC1F808E2C1F808C205
:10A61000C1F81032D2F80032DB06FBD51023C2F8A5
:10A62000083200BD00C000500005FA0030B58300BC
:10A630003C4C03F03C0343F00103C4F82832D4F847
:10A6400020321D05FBD55C0569D54FEA400C0CF0A6
:10A650001E0CC3F309034CEAD01493B3002953D062
:10A660002AB34FF0000E93421D46F44628BF15460C
:10A6700001391CF0030F0DD12A480CF1010CD0F860
:10A680001802654501F8010F0DD91CF0030F4FEAC0
:10A69000102EF1D00CF1010CAC4501F801EF02D203
:10A6A0004FEA1E2EE5E7934288BF2A4609D91D4985
:10A6B00012F0030F02F1010208BFD1F81802934211
:10A6C000F6D8002530201749220442F4A062C1F8D0
:10A6D0002852C1F80802C1F81022D1F80022D00691
:10A6E000FBD510243020104A0E4DC1F80842C1F8A5
:10A6F0000802C1F81022D5F80022D206FBD510229C
:10A700001846C5F8082230BD064A11F0030F01F1C2
:10A71000010108BFD2F818028B42F6D1D1E74FF001
:10A72000FF3030BD00C000500005F200302100387D
:10A7300018BF01200E4A0F4BC2F80812C2F810329F
:10A74000D2F80032D906FBD54FF0100C00FA0CF30A
:10A7500043F480730649C2F808C2C2F81032D1F837
:10A760000032DB06FBD51023C1F80832704700BF6A
:10A7700000C000500005D800F8B53F4BD3F80042A8
:10A78000E10721D501223D49496CC3F80822D9B11E
:10A7900030203B4AC3F80802C3F81022D3F8002245
:10A7A000D206FBD510253748334AC3F80852C3F800
:10A7B0001002D2F800329F06FBD52023C2F80832DF
:10A7C000D2F81402C0B28847260720D508203021CD
:10A7D000294A2D4BC2F80802C2F80812C2F81032FA
:10A7E000D2F80032DD06FBD51020284B2249C2F8F2
:10A7F0000802C2F81032D1F800329806FBD52023A7
:10A80000C1F80832D1F8140210F01A0F2CD16207E7
:10A8100029D50423184D00240127184EC5F8083205
:10A8200002E00134202C1ED0D5F8302207FA04F3C0
:10A830001A42F6D0C5F83832D5F800329B06FBD55F
:10A840002022601056F82030C5F80822D5F81412DE
:10A85000002BE6D040EAC41001F01F01C0B2013461
:10A860009847202CE0D1F8BD044B1B6C002BCED0B8
:10A8700000F015009847CAE700C00050902500106E
:10A880000005F5000002F5000005FE000002FE00D4
:10A8900000B5314B31481969314A21F4402141F466
:10A8A00080211961D96821F0300141F01001D9608F
:10A8B000D96821F0405141F00051D960596821F028
:10A8C000406141F080615960596821F0405141F088
:10A8D00080515960D0F8C43043F00043C0F8C43010
:10A8E000D2F8F43F43F01203C2F8F43FD2F8F83F35
:10A8F0009807FBD51A4AD2F8F83FD906FBD50023B2
:10A900004FF0FF304FF0300EDFF858C01449C2F856
:10A910000432C2F80802C2F82C32C2F83432C2F84B
:10A920003802C2F84032C2F808E2C2F810C2D1F8C8
:10A930000032DA06FBD510204FF48073084AC1F8C4
:10A940000802C1F81032D2F80032DB06FBD5102322
:10A950000120C2F8083200BD00C0024000C00F4014
:10A9600000C000500005F30010B5DFF868C09CF887
:10A9700000C0BCF1000F03D090F801E0E64501D023
:10A98000002010BD4FF0000EB0F804C0C1F800E088
:10A99000BCF1040F19D0BCF1050F14D14FF0920E89
:10A9A0000D4CB0F802C0C0884FEA1C2CBEEB0C4F17
:10A9B0001C60C2F800E006DB70451C60A8BF704652
:10A9C000012310600B60012010BD4FF0280E034CD6
:10A9D000E7E700BFD8250010E000001038E90000CC
:10A9E000094B187071B14B1E0848253103E08B42AA
:10A9F00000F8022B03D013F8012F002AF7D100230F
:10AA000003708370704700BFD8250010220100102A
:10AA1000014B5860704700BFD82500102DE9F04168
:10AA200082B0694D0446AB680F4616460BB1984795
:10AA300078B9237803F01F03012B3CD0022B27D0D9
:10AA40005BB1002002B0BDE8F0816388002BF8D133
:10AA50003B60012002B0BDE8F08163783268092BC9
:10AA6000EFD801A151F823F04DAB000043AA00003C
:10AA700043AA000043AA000043AA000045AB00001F
:10AA800011AB000043AA000007AB0000CFAA0000F2
:10AA90006578012D69D0032D5ED0002DD1D12079AC
:10AAA00001933468FFF724FD019BC0F340006570FB
:10AAB00020703B60CDE7627831680A2A5AD00B2AB1
:10AAC000C3D0002ABDD102230A803B60C1E7A3782E
:10AAD0001F46002B64D06B681A78002A5AD04FF0BA
:10AAE000FF08FF2609E0052947D0022901D159793D
:10AAF0000E4613441A78002A4CD059780429F2D112
:10AB0000D9788846F5E70123297B11703B60A0E7DF
:10AB100040F2EE3362889A424ED06B681878002873
:10AB200098D04FEA122C00246146D5B203E00344CA
:10AB3000187800288ED05A788A42F8D1A54233D0AE
:10AB40000134F4E7A078FFF789FC82E74FF00001B9
:10AB5000022311803B607CE76388002B7FF471AF98
:10AB600001212079FFF7ECFC73E7618800297FF46D
:10AB700068AFF6E700220A706AE7BE42B9D1B8F1C1
:10AB8000000FB6D1998898780193FFF7F9FB019BE4
:10AB90001A78AEE70120FFF7C9FD63882B7358E7E9
:10ABA0001846FFF7C3FDF8E73360BCF1020F0CBF96
:10ABB0005B881B783B604CE71222044B2978943366
:10ABC000197433603A6044E7D8250010E0000010A3
:10ABD00053B94AB9002908BF00281CBF4FF0FF3104
:10ABE0004FF0FF3000F098B9ADF1080C6DE904CEDC
:10ABF00000F006F8DDF804E0DDE9022304B0704758
:10AC00002DE9F047074616460846BC460D46089A09
:10AC1000002B4FD18E42B64669D9B6FA86F44CB1B4
:10AC2000C4F12003A54027FA03F306FA04FE1D43EE
:10AC300007FA04FC4FEA1E47B5FBF7F107FB115575
:10AC40001FFA8EF04FEA1C4343EA054301FB00F56F
:10AC50009D420AD91EEB030301F1FF3680F0F68016
:10AC60009D4240F2F380023973445B1BB3FBF7F55E
:10AC700007FB153305FB00F01FFA8CFC4CEA034C74
:10AC800060450AD91EEB0C0C05F1FF3380F0E08023
:10AC9000604540F2DD80F444023DACEB000C45EA37
:10ACA0000140002122B12CFA04F30024C2E900344F
:10ACB000BDE8F0878B4206D90AB1C2E900710021D4
:10ACC0000846BDE8F087B3FA83F100294CD18342EE
:10ACD00002D3BE4200F20F81B7EB060C60EB030318
:10ACE00001201D46002AE3D0C2E900C5E0E7002E9E
:10ACF00000F095801C46B6FA86F3002B40F0AA803F
:10AD00008D1B0121370CB6B2B5FBF7F007FB1055D0
:10AD10004FEA1C4343EA054306FB00F59D4208D970
:10AD20001EEB030300F1FF3802D29D4200F2E880DF
:10AD300040465B1BB3FBF7F507FB15331FFA8CFC92
:10AD40004CEA034C06FB05F3634508D91EEB0C0CDB
:10AD500005F1FF3602D2634500F2CF803546ACEBF9
:10AD6000030C45EA00409DE7C1F120058B4026FA1F
:10AD700005FC4CEA030C20FA05F44FEA1C4E06FAD7
:10AD800001F9B4FBFEF6884027FA05F303430EFBF6
:10AD900016401FFA8CF807FA01FA1F0C47EA004424
:10ADA00006FB08F0A0420AD91CEB040406F1FF37A9
:10ADB00080F09F80A04240F29C80023E6444241AAE
:10ADC000B4FBFEF00EFB104400FB08FE9BB243EA0E
:10ADD00004439E450AD91CEB030300F1FF3480F0C5
:10ADE00086809E4540F283800238634440EA0640F4
:10ADF000A0FB0974A3EB0E03A342BE46264665D30F
:10AE000062D052B1BAEB0E0463EB060303FA05F508
:10AE1000CC402543CB40C2E90053002148E77B08E2
:10AE200043EAC1734C08190C41EA04419BB2B4FBDC
:10AE3000F6F04FEAC77C43EA01433546B1FBF6F131
:10AE400037461F245D1B41EA00415DE731460CE7B0
:10AE50001D4622E71C4606FA03FEC3F1200321FA31
:10AE600003F5A04027FA03F307FA04FC4FEA1E4754
:10AE70000343B5FBF7F007FB10551FFA8EF6190CCC
:10AE800041EA054100FB06F58D423ED91EEB01016A
:10AE900001D28D4221D8491BB1FBF7F5A84605FB2D
:10AEA00006F5013807FB18119BB243EA0143AB4298
:10AEB00029D21EEB030308F1FF31C3D2AB42C1D24A
:10AEC000A8F102017344BDE7BA459AD2B7EB090E67
:10AED00064EB0C040138264693E7AEEB05052944E4
:10AEE000B1FBF7F50238A84605FB06F5DAE7204680
:10AEF0007CE73E4663E70846F4E6F444023D2EE76D
:10AF00000238734415E741469CE7491BB1FBF7F54E
:10AF1000A84605FB06F5C5E7704700BF20F0030112
:10AF200010F00300C0F1000051F8043B00F1040CE4
:10AF30004FEACC0C6FF000021CBF22FA0CF2134354
:10AF40004FF0010C4CEA0C2C4CEA0C4CA3EB0C021D
:10AF500022EA030212EACC1204BF51F8043B043087
:10AF6000F4D0C2F1000102EA0102B2FA82F2C2F1A7
:10AF70001F0200EBD2007047444D41492025780A5A
:10AF800000000000737370206E650A004449457C20
:10AF9000556E65787065637465642074797065209A
:10AFA0002563207768696C652077616974696E67CD
:10AFB0002072785F6D73670A0A0000004449457C7F
:10AFC0006D73675F7075743A2073686F7274206276
:10AFD00075660A0A000000004449457C496E7661A6
:10AFE0006C69642074797065202564207768696CC9
:10AFF000652077616974696E672072785F6D736729
:10B0000020636F6E740A0A007B38616334376138DD
:10B01000382D636332362D346161392D383837620B
:10B020002D3432636138636630376136337D00001A
:10B03000323032302D31322D52310000544F444FD6
:10B0400000000000496E76616C696400434F4E4E0B
:10B0500045435445440000005374617465202573D2
:10B06000202D3E2025730A004449457C496E7661B7
:10B070006C6964207374617465207472616E7369A5
:10B0800074696F6E202573202D3E2025730A0A00F7
:10B090006465627567207265713A2025730A000045
:10B0A00043616E6E6F74206368616E6765206569C9
:10B0B000725F6D7367206E6F770A000045495220FA
:10B0C000757064617465640A00000000496E766101
:10B0D0006C6964206D657373616765207479706550
:10B0E0002025640A000000005354414E4442590098
:10B0F000494E515549525900504147450000000002
:10B10000494E51554952595F5343414E000000008A
:10B11000504147455F5343414E000000284E796936
:10B1200020706C7420256429000000004449457C8F
:10B130004E6F207061796C6F616420666F7220744D
:10B140007970652025700A0A000000004449457C9A
:10B150006465635F6E633A20756E6B20706C206C63
:10B16000656E0A0A000000004449457C6465635F1F
:10B170006E633A206572726F7220617620256420BA
:10B180006F662025640A0A004449457C506B742090
:10B190006E6F74206465636F6465643F2025643A54
:10B1A00025640A0A000000004449457C6E79692044
:10B1B000756E616C69676E656420696E2025640A2E
:10B1C0000A0000004449457C6E796920756E616C07
:10B1D00069676E6564206F75742025640A0A000033
:10B1E0004449457C706F6F6C206E7920696E69747C
:10B1F000616C697A65640A0A000000004449457C74
:10B2000043616E6E6F7420616C6C6F632025640AFD
:10B210000A0000004449457C4E6F206D6F72652026
:10B22000627566666572730A0A00000043465352EF
:10B230003D253038780A0000484653523D253038C5
:10B24000780A00004D4D53523D253038780A0000F1
:10B25000424653523D253038780A00005546535235
:10B260003D253038780A0000424641523D253038AD
:10B27000780A00000A537461636B2064756D702056
:10B28000287E2570293A0A0025703A202530387822
:10B290002025303878202530387820253038780A35
:10B2A00000000000486172644661756C742061742E
:10B2B00020307825780A00004D4D4661756C742069
:10B2C000617420307825780A0000000042757346CA
:10B2D00061756C742061742025780A00557361676C
:10B2E000654661756C742061742025780A00000041
:10B2F0004449457C7478712066756C6C20696E20B9
:10B30000636F6E736F6C650A0A000000282B61661C
:10B3100068290000282D6166682900004449457CA1
:10B32000496E76616C696420686F70206D6F64652A
:10B330002025640A0A000000736C6176652073742E
:10B3400061727465640A00006D61737465722073C4
:10B350007461727465640A004449457C6E6F2063B1
:10B360006220696E207363616E207461736B0A0AD8
:10B37000000000006668733A2062613D256C6C78BD
:10B3800020636C6B32375F323D2578206C74613DF1
:10B3900025640A0070616765207363616E206361D4
:10B3A0006E63656C65640A0028626164207479705C
:10B3B0006520256429000000706167652073636162
:10B3C0006E2074696D656F75740A00004449457C90
:10B3D0004E6F207020696E2074785F6669666F5FBB
:10B3E0006362202873697A65202564290A0A0000AF
:10B3F00054583A205246206E6F742046535F4F4E89
:10B400000A0000004449457C7478653A2077726FE1
:10B410006E6720636C6B6E2025780A004449457C7A
:10B420007478733A20616C726561647920676F7417
:10B4300020706B740A0000006D6F6E69746F72315A
:10B440002063616E63656C65640A00006D6F6E69F0
:10B45000746F72312074696D656F75740A00000035
:10B46000696E71756972792074696D656F75740A9A
:10B47000000000004449457C706167696E67203AAE
:10B48000206578706563742061636C2072780A00AF
:10B490004449457C7478712066756C6C20696E2017
:10B4A000696E71756972790A0A0000004449457C29
:10B4B00072786E643A206E6F2072785F706B740AD7
:10B4C000000000004449457C72786E643A206E6F3B
:10B4D00020706B745F63620A0000000072786E6512
:10B4E0003A205246206E6F74207264790A00000080
:10B4F0004449457C646563206864722025643A2071
:10B5000072633D25640A0A004449457C72785F7382
:10B5100063686564756C653A2072785F6D73672146
:10B520003D300A004449457C7278203A20657870A5
:10B5300065637420727820706B740A004C53205439
:10B540006F2028636F6E20666F72202564207365FC
:10B55000632C20256420706B74207278290A000007
:10B560004449457C7478712066756C6C20696E2046
:10B570006D61737465720A0A000000004449457CDD
:10B58000425443544C5F54585F41434C5F524551C1
:10B590002065787065637465640A0A00696E7120BD
:10B5A0007363616E2063616E63656C65640A00009D
:10B5B000696E7175697279207363616E2074696D4B
:10B5C000656F75740A0000004449457C746F6F20F4
:10B5D0006D616E792074696D6572730A00000000F8
:10B5E0004449457C74696D657273206F7665726637
:10B5F0006C6F770A0000000028582900286D6973D5
:10B600007365642074696D65722900004449457C46
:10B61000496E76616C6964207278206D6F64652074
:10B6200025640A0A000000005365742062646164A6
:10B63000647220256C6C78202D3E20737720256C59
:10B640006C780A00706167696E672074696D656F58
:10B6500075740A0049442833290A00006E6F204996
:10B66000442833290A0000004449457C7278203A76
:10B67000206578706563742061636C2072780A00BD
:10B680002825632C25782C25782900004449457C01
:10B690006D6F6E323A207478712066756C6C0A009A
:10B6A0004E5046006D6F6E69746F72322073746114
:10B6B000727465640A0000004449457C4E6F207036
:10B6C000687920696E742068616E646C65720A0026
:10B6D00066726571206F6666207265673A20256420
:10B6E0000A0000006D6178206163206572726F72DC
:10B6F000733A2025640A000074646D615F736368A7
:10B700006564756C65206275636B6574206F766522
:10B7100072666C6F770A00000A28253275290000CE
:10B7200025753A00E8B00000F0B00000F8B0000065
:10B730004CB0000000B1000010B100000001020395
:10B740000405060708090A0B0C0D0E0F1011121341
:10B750001415161718191A1B1C1D1E1F00010203B1
:10B7600004050607101112131415161708090A0B01
:10B770000C0D0E0F18191A1B1C1D1E1F0001101195
:10B7800004051415080918190C0D1C1D02031213C9
:10B79000060716170A0B1A1B0E0F1E1F00010809B9
:10B7A00004050C0D1011181914151C1D02030A0BA9
:10B7B00006070E0F12131A1B16171E1F0008020A87
:10B7C000040C060E0109030B050D070F1018121AC1
:10B7D000141C161E1119131B151D171F0010021221
:10B7E00004140616011103130515071708180A1A81
:10B7F0000C1C0E1E09190B1B0D1D0F1F0008101825
:10B80000040C141C01091119050D151D020A121A48
:10B81000060E161E030B131B070F171F0010081828
:10B8200004140C1C0111091905150D1D02120A1A28
:10B8300006160E1E03130B1B07170F1F0001020332
:10B840001011121308090A0B18191A1B0405060710
:10B85000141516170C0D0E0F1C1D1E1F00010203E0
:10B8600008090A0B1011121318191A1B04050607F0
:10B870000C0D0E0F141516171C1D1E1F00011011A4
:10B8800002031213080918190A0B1A1B04051415D0
:10B89000060716170C0D1C1D0E0F1E1F00010809B0
:10B8A00002030A0B1011181912131A1B04050C0DB0
:10B8B00006070E0F14151C1D16171E1F0008020A7E
:10B8C0001018121A0109030B1119131B040C060E90
:10B8D000141C161E050D070F151D171F0010021250
:10B8E00008180A1A0111031309190B1B0414061670
:10B8F0000C1C0E1E051507170D1D0F1F0008101834
:10B90000020A121A01091119030B131B040C141C4F
:10B91000060E161E050D151D070F171F001008181F
:10B9200002120A1A0111091903130B1B04140C1C2F
:10B9300006160E1E05150D1D07170F1F000108091D
:10B9400004050C0D02030A0B06070E0F101118193F
:10B9500014151C1D12131A1B16171E1F000110119F
:10B9600004051415020312130607161708091819FF
:10B970000C0D1C1D0A0B1A1B0E0F1E1F00010809BF
:10B9800004050C0D1011181914151C1D02030A0BC7
:10B9900006070E0F12131A1B16171E1F0001101197
:10B9A00004051415080918190C0D1C1D02031213A7
:10B9B000060716170A0B1A1B0E0F1E1F0008010997
:10B9C000040C050D020A030B060E070F10181119BF
:10B9D000141C151D121A131B161E171F001001111F
:10B9E000041405150212031306160717081809197F
:10B9F0000C1C0D1D0A1A0B1B0E1E0F1F000801093F
:10BA0000040C050D10181119141C151D020A030B46
:10BA1000060E070F121A131B161E171F0010011116
:10BA200004140515081809190C1C0D1D0212031326
:10BA3000061607170A1A0B1B0E1E0F1F0001080916
:10BA40001011181902030A0B12131A1B04050C0D0E
:10BA500014151C1D06070E0F16171E1F00011011CE
:10BA600008091819020312130A0B1A1B04051415EE
:10BA70000C0D1C1D060716170E0F1E1F00010809CE
:10BA800002030A0B1011181912131A1B04050C0DCE
:10BA900006070E0F14151C1D16171E1F000110118E
:10BAA00002031213080918190A0B1A1B04051415AE
:10BAB000060716170C0D1C1D0E0F1E1F000801098E
:10BAC00010181119020A030B121A131B040C050D8E
:10BAD000141C151D060E070F161E171F001001114E
:10BAE00008180919021203130A1A0B1B041405156E
:10BAF0000C1C0D1D061607170E1E0F1F000801094E
:10BB0000020A030B10181119121A131B040C050D4D
:10BB1000060E070F141C151D161E171F001001110D
:10BB200002120313081809190A1A0B1B041405152D
:10BB3000061607170C1C0D1D0E1E0F1F0008020A0B
:10BB4000040C060E0109030B050D070F1018121A3D
:10BB5000141C161E1119131B151D171F001002129D
:10BB600004140616011103130515071708180A1AFD
:10BB70000C1C0E1E09190B1B0D1D0F1F00081018A1
:10BB8000040C141C01091119050D151D020A121AC5
:10BB9000060E161E030B131B070F171F00100818A5
:10BBA00004140C1C0111091905150D1D02120A1AA5
:10BBB00006160E1E03130B1B07170F1F00010203AF
:10BBC0000405060708090A0B0C0D0E0F10111213BD
:10BBD0001415161718191A1B1C1D1E1F000102032D
:10BBE00004050607101112131415161708090A0B7D
:10BBF0000C0D0E0F18191A1B1C1D1E1F0001101111
:10BC000004051415080918190C0D1C1D0203121344
:10BC1000060716170A0B1A1B0E0F1E1F0001080934
:10BC200004050C0D1011181914151C1D02030A0B24
:10BC300006070E0F12131A1B16171E1F0008020A02
:10BC40001018121A0109030B1119131B040C060E0C
:10BC5000141C161E050D070F151D171F00100212CC
:10BC600008180A1A0111031309190B1B04140616EC
:10BC70000C1C0E1E051507170D1D0F1F00081018B0
:10BC8000020A121A01091119030B131B040C141CCC
:10BC9000060E161E050D151D070F171F001008189C
:10BCA00002120A1A0111091903130B1B04140C1CAC
:10BCB00006160E1E05150D1D07170F1F00010203A6
:10BCC0001011121308090A0B18191A1B040506078C
:10BCD000141516170C0D0E0F1C1D1E1F000102035C
:10BCE00008090A0B1011121318191A1B040506076C
:10BCF0000C0D0E0F141516171C1D1E1F0001101120
:10BD000002031213080918190A0B1A1B040514154B
:10BD1000060716170C0D1C1D0E0F1E1F000108092B
:10BD200002030A0B1011181912131A1B04050C0D2B
:10BD300006070E0F14151C1D16171E1F0002080AF9
:10BD400004060C0E0103090B05070D0F1012181A3B
:10BD500014161C1E1113191B15171D1F000210129B
:10BD6000040614160103111305071517080A181AFB
:10BD70000C0E1C1E090B191B0D0F1D1F001008189F
:10BD800004140C1C0111091905150D1D02120A1AC3
:10BD900006160E1E03130B1B07170F1F00081018A3
:10BDA000040C141C01091119050D151D020A121AA3
:10BDB000060E161E030B131B070F171F00020103AD
:10BDC00004060507080A090B0C0E0D0F10121113BB
:10BDD00014161517181A191B1C1E1D1F000201032B
:10BDE000040605071012111314161517080A090B7B
:10BDF0000C0E0D0F181A191B1C1E1D1F001001110F
:10BE000004140515081809190C1C0D1D0212031342
:10BE1000061607170A1A0B1B0E1E0F1F0008010932
:10BE2000040C050D10181119141C151D020A030B22
:10BE3000060E070F121A131B161E171F0002080A00
:10BE40001012181A0103090B1113191B04060C0E0A
:10BE500014161C1E05070D0F15171D1F00021012CA
:10BE6000080A181A01031113090B191B04061416EA
:10BE70000C0E1C1E050715170D0F1D1F00100818AE
:10BE800002120A1A0111091903130B1B04140C1CCA
:10BE900006160E1E05150D1D07170F1F000810189A
:10BEA000020A121A01091119030B131B040C141CAA
:10BEB000060E161E050D151D070F171F00020103A4
:10BEC00010121113080A090B181A191B040605078A
:10BED000141615170C0E0D0F1C1E1D1F000201035A
:10BEE000080A090B10121113181A191B040605076A
:10BEF0000C0E0D0F141615171C1E1D1F001001111E
:10BF000002120313081809190A1A0B1B0414051549
:10BF1000061607170C1C0D1D0E1E0F1F0008010929
:10BF2000020A030B10181119121A131B040C050D29
:10BF3000060E070F141C151D161E171F0001040501
:10BF40000203060708090C0D0A0B0E0F1011141539
:10BF50001213161718191C1D1A1B1E1F00010405A9
:10BF600002030607101114151213161708090C0DF9
:10BF70000A0B0E0F18191C1D1A1B1E1F00010405A9
:10BF80001011141508090C0D18191C1D02030607C1
:10BF9000121316170A0B0E0F1A1B1E1F00010405A1
:10BFA00008090C0D1011141518191C1D02030607A1
:10BFB0000A0B0E0F121316171A1B1E1F0008040C73
:10BFC000020A060E0109050D030B070F1018141CB9
:10BFD000121A161E1119151D131B171F0010041419
:10BFE00002120616011105150313071708180C1C79
:10BFF0000A1A0E1E09190D1D0B1B0F1F0008040C39
:10C000001018141C0109050D1119151D020A060E40
:10C01000121A161E030B070F131B171F0010041410
:10C0200008180C1C0111051509190D1D0212061620
:10C030000A1A0E1E031307170B1B0F1F0001101106
:10C0400002031213080918190A0B1A1B0405141508
:10C05000060716170C0D1C1D0E0F1E1F00010809E8
:10C0600002030A0B1011181912131A1B04050C0DE8
:10C0700006070E0F14151C1D16171E1F00010203C4
:10C080001011121308090A0B18191A1B04050607C8
:10C09000141516170C0D0E0F1C1D1E1F0001020398
:10C0A00008090A0B1011121318191A1B04050607A8
:10C0B0000C0D0E0F141516171C1D1E1F000810184E
:10C0C000020A121A01091119030B131B040C141C88
:10C0D000060E161E050D151D070F171F0010081858
:10C0E00002120A1A0111091903130B1B04140C1C68
:10C0F00006160E1E05150D1D07170F1F0008020A54
:10C100001018121A0109030B1119131B040C060E47
:10C11000141C161E050D070F151D171F0010021207
:10C1200008180A1A0111031309190B1B0414061627
:10C130000C1C0E1E051507170D1D0F1F0001040511
:10C1400008090C0D020306070A0B0E0F1011141537
:10C1500018191C1D121316171A1B1E1F00010405A7
:10C1600010111415020306071213161708090C0DF7
:10C1700018191C1D0A0B0E0F1A1B1E1F00010405A7
:10C1800008090C0D1011141518191C1D02030607BF
:10C190000A0B0E0F121316171A1B1E1F000104059F
:10C1A0001011141508090C0D18191C1D020306079F
:10C1B000121316170A0B0E0F1A1B1E1F0008040C71
:10C1C0000109050D020A060E030B070F1018141CB7
:10C1D0001119151D121A161E131B171F0010041417
:10C1E00001110515021206160313071708180C1C77
:10C1F00009190D1D0A1A0E1E0B1B0F1F0008040C37
:10C200000109050D1018141C1119151D020A060E3E
:10C21000030B070F121A161E131B171F001004140E
:10C220000111051508180C1C09190D1D021206161E
:10C23000031307170A1A0E1E0B1B0F1F0001101104
:10C2400008091819020312130A0B1A1B0405141506
:10C250000C0D1C1D060716170E0F1E1F00010809E6
:10C260001011181902030A0B12131A1B04050C0DE6
:10C2700014151C1D06070E0F16171E1F00010203C2
:10C2800008090A0B1011121318191A1B04050607C6
:10C290000C0D0E0F141516171C1D1E1F0001020396
:10C2A0001011121308090A0B18191A1B04050607A6
:10C2B000141516170C0D0E0F1C1D1E1F000810184C
:10C2C00001091119020A121A030B131B040C141C86
:10C2D000050D151D060E161E070F171F0010081856
:10C2E0000111091902120A1A03130B1B04140C1C66
:10C2F00005150D1D06160E1E07170F1F0008020A52
:10C300000109030B1018121A1119131B040C060E45
:10C31000050D070F141C161E151D171F0010021205
:10C320000111031308180A1A09190B1B0414061625
:10C33000051507170C1C0E1E0D1D0F1F0008040C01
:10C34000020A060E0109050D030B070F1018141C35
:10C35000121A161E1119151D131B171F0010041495
:10C3600002120616011105150313071708180C1CF5
:10C370000A1A0E1E09190D1D0B1B0F1F0008040CB5
:10C380001018141C0109050D1119151D020A060EBD
:10C39000121A161E030B070F131B171F001004148D
:10C3A00008180C1C0111051509190D1D021206169D
:10C3B0000A1A0E1E031307170B1B0F1F000104059B
:10C3C0000203060708090C0D0A0B0E0F10111415B5
:10C3D0001213161718191C1D1A1B1E1F0001040525
:10C3E00002030607101114151213161708090C0D75
:10C3F0000A0B0E0F18191C1D1A1B1E1F0001040525
:10C400001011141508090C0D18191C1D020306073C
:10C41000121316170A0B0E0F1A1B1E1F000104051C
:10C4200008090C0D1011141518191C1D020306071C
:10C430000A0B0E0F121316171A1B1E1F00081018D6
:10C44000020A121A01091119030B131B040C141C04
:10C45000060E161E050D151D070F171F00100818D4
:10C4600002120A1A0111091903130B1B04140C1CE4
:10C4700006160E1E05150D1D07170F1F0008020AD0
:10C480001018121A0109030B1119131B040C060EC4
:10C49000141C161E050D070F151D171F0010021284
:10C4A00008180A1A0111031309190B1B04140616A4
:10C4B0000C1C0E1E051507170D1D0F1F0001101176
:10C4C00002031213080918190A0B1A1B0405141584
:10C4D000060716170C0D1C1D0E0F1E1F0001080964
:10C4E00002030A0B1011181912131A1B04050C0D64
:10C4F00006070E0F14151C1D16171E1F0001020340
:10C500001011121308090A0B18191A1B0405060743
:10C51000141516170C0D0E0F1C1D1E1F0001020313
:10C5200008090A0B1011121318191A1B0405060723
:10C530000C0D0E0F141516171C1D1E1F00020406ED
:10C54000080A0C0E01030507090B0D0F1012141633
:10C55000181A1C1E11131517191B1D1F00020406A3
:10C56000101214160103050711131517080A0C0EF3
:10C57000181A1C1E090B0D0F191B1D1F0010041487
:10C5800008180C1C0111051509190D1D02120616BB
:10C590000A1A0E1E031307170B1B0F1F0008040CAB
:10C5A0001018141C0109050D1119151D020A060E9B
:10C5B000121A161E030B070F131B171F0002040687
:10C5C00001030507080A0C0E090B0D0F10121416B3
:10C5D00011131517181A1C1E191B1D1F0002040623
:10C5E000010305071012141611131517080A0C0E73
:10C5F000090B0D0F181A1C1E191B1D1F0010041407
:10C600000111051508180C1C09190D1D021206163A
:10C61000031307170A1A0E1E0B1B0F1F0008040C2A
:10C620000109050D1018141C1119151D020A060E1A
:10C63000030B070F121A161E131B171F00021012EE
:10C64000080A181A01031113090B191B0406141602
:10C650000C0E1C1E050715170D0F1D1F0002080AE2
:10C660001012181A0103090B1113191B04060C0EE2
:10C6700014161C1E05070D0F15171D1F00100212A2
:10C6800008180A1A0111031309190B1B04140616C2
:10C690000C1C0E1E051507170D1D0F1F0008020AA2
:10C6A0001018121A0109030B1119131B040C060EA2
:10C6B000141C161E050D070F151D171F0002101262
:10C6C00001031113080A181A090B191B0406141682
:10C6D000050715170C0E1C1E0D0F1D1F0002080A62
:10C6E0000103090B1012181A1113191B04060C0E62
:10C6F00005070D0F14161C1E15171D1F0010021222
:10C700000111031308180A1A09190B1B0414061641
:10C71000051507170C1C0E1E0D1D0F1F0008020A21
:10C720000109030B1018121A1119131B040C060E21
:10C73000050D070F141C161E151D171F00010203FF
:10C740000405060708090A0B0C0D0E0F1011121331
:10C750001415161718191A1B1C1D1E1F00020103A1
:10C7600004060507080A090B0C0E0D0F1012111311
:10C7700014161517181A191B1C1E1D1F0001020381
:10C7800008090A0B040506070C0D0E0F10111213F1
:10C7900018191A1B141516171C1D1E1F0002010361
:10C7A000080A090B040605070C0E0D0F10121113D1
:10C7B000181A191B141615171C1E1D1F000104053D
:10C7C0000203060708090C0D0A0B0E0F10111415B1
:10C7D0001213161718191C1D1A1B1E1F000204061F
:10C7E00001030507080A0C0E090B0D0F1012141691
:10C7F00011131517181A1C1E191B1D1F00010809FB
:10C8000002030A0B04050C0D06070E0F1011181970
:10C8100012131A1B14151C1D16171E1F0002080ADE
:10C820000103090B04060C0E05070D0F1012181A50
:10C830001113191B14161C1E15171D1F00010203CE
:10C8400004050607101112131415161708090A0B10
:10C850000C0D0E0F18191A1B1C1D1E1F00020103C0
:10C86000040605071012111314161517080A090BF0
:10C870000C0E0D0F181A191B1C1E1D1F00010203A0
:10C8800008090A0B1011121318191A1B04050607C0
:10C890000C0D0E0F141516171C1D1E1F0002010390
:10C8A000080A090B10121113181A191B04060507A0
:10C8B0000C0E0D0F141615171C1E1D1F000104056C
:10C8C00002030607101114151213161708090C0D90
:10C8D0000A0B0E0F18191C1D1A1B1E1F000204063E
:10C8E000010305071012141611131517080A0C0E70
:10C8F000090B0D0F181A1C1E191B1D1F000108091A
:10C9000002030A0B1011181912131A1B04050C0D3F
:10C9100006070E0F14151C1D16171E1F0002080A0D
:10C920000103090B1012181A1113191B04060C0E1F
:10C9300005070D0F14161C1E15171D1F00100212DF
:10C940000414061608180A1A0C1C0E1E01110313F3
:10C950000515071709190B1B0D1D0F1F00100111DD
:10C9600004140515081809190C1C0D1D02120313D7
:10C97000061607170A1A0B1B0E1E0F1F00100212B5
:10C9800008180A1A041406160C1C0E1E01110313B3
:10C9900009190B1B051507170D1D0F1F001001119D
:10C9A00008180919041405150C1C0D1D0212031397
:10C9B0000A1A0B1B061607170E1E0F1F0010041471
:10C9C0000212061608180C1C0A1A0E1E0111051573
:10C9D0000313071709190D1D0B1B0F1F001004145B
:10C9E0000111051508180C1C09190D1D0212061657
:10C9F000031307170A1A0E1E0B1B0F1F001008182F
:10CA000002120A1A04140C1C06160E1E0111091932
:10CA100003130B1B05150D1D07170F1F001008181A
:10CA20000111091904140C1C05150D1D02120A1A16
:10CA300003130B1B06160E1E07170F1F0008020A12
:10CA4000040C060E1018121A141C161E0109030BF2
:10CA5000050D070F1119131B151D171F00080109DC
:10CA6000040C050D10181119141C151D020A030BD6
:10CA7000060E070F121A131B161E171F00040206BC
:10CA8000080C0A0E10141216181C1A1E01050307B2
:10CA9000090D0B0F11151317191D1B1F000401059C
:10CAA000080C090D10141115181C191D0206030796
:10CAB0000A0E0B0F121613171A1E1B1F0008040C68
:10CAC000020A060E1018141C121A161E0109050D72
:10CAD000030B070F1119151D131B171F0008040C5A
:10CAE0000109050D1018141C1119151D020A060E56
:10CAF000030B070F121A161E131B171F0004080C36
:10CB000002060A0E1014181C12161A1E0105090D31
:10CB100003070B0F1115191D13171B1F0004080C19
:10CB20000105090D1014181C1115191D02060A0E15
:10CB300003070B0F12161A1E13171B1F00010809FB
:10CB400004050C0D02030A0B06070E0F101118192D
:10CB500014151C1D12131A1B16171E1F0002080A9B
:10CB600004060C0E0103090B05070D0F1012181A0D
:10CB700014161C1E1113191B15171D1F0001040587
:10CB800008090C0D020306070A0B0E0F10111415ED
:10CB900018191C1D121316171A1B1E1F000204065B
:10CBA000080A0C0E01030507090B0D0F10121416CD
:10CBB000181A1C1E11131517191B1D1F0001080937
:10CBC00002030A0B04050C0D06070E0F10111819AD
:10CBD00012131A1B14151C1D16171E1F0002080A1B
:10CBE0000103090B04060C0E05070D0F1012181A8D
:10CBF0001113191B14161C1E15171D1F0001040507
:10CC00000203060708090C0D0A0B0E0F101114156C
:10CC10001213161718191C1D1A1B1E1F00020406DA
:10CC200001030507080A0C0E090B0D0F101214164C
:10CC300011131517181A1C1E191B1D1F00011011A6
:10CC4000040514150203121306071617080918190C
:10CC50000C0D1C1D0A0B1A1B0E0F1E1F00021012BA
:10CC6000040614160103111305071517080A181AEC
:10CC70000C0E1C1E090B191B0D0F1D1F000110119E
:10CC800008091819020312130A0B1A1B04051415BC
:10CC90000C0D1C1D060716170E0F1E1F000210128A
:10CCA000080A181A01031113090B191B040614169C
:10CCB0000C0E1C1E050715170D0F1D1F000110116E
:10CCC000020312130405141506071617080918198C
:10CCD0000A0B1A1B0C0D1C1D0E0F1E1F000210123A
:10CCE000010311130406141605071517080A181A6C
:10CCF000090B191B0C0E1C1E0D0F1D1F000110111E
:10CD000002031213080918190A0B1A1B040514153B
:10CD1000060716170C0D1C1D0E0F1E1F0002101209
:10CD200001031113080A181A090B191B040614161B
:10CD3000050715170C0E1C1E0D0F1D1F00100818DF
:10CD400004140C1C02120A1A06160E1E01110919EF
:10CD500005150D1D03130B1B07170F1F00100818D7
:10CD600004140C1C0111091905150D1D02120A1AD3
:10CD700006160E1E03130B1B07170F1F00100414BB
:10CD800008180C1C021206160A1A0E1E01110515AF
:10CD900009190D1D031307170B1B0F1F0010041497
:10CDA00008180C1C0111051509190D1D0212061693
:10CDB0000A1A0E1E031307170B1B0F1F001008186B
:10CDC00002120A1A04140C1C06160E1E011109196F
:10CDD00003130B1B05150D1D07170F1F0010081857
:10CDE0000111091904140C1C05150D1D02120A1A53
:10CDF00003130B1B06160E1E07170F1F001004143B
:10CE00000212061608180C1C0A1A0E1E011105152E
:10CE10000313071709190D1D0B1B0F1F0010041416
:10CE20000111051508180C1C09190D1D0212061612
:10CE3000031307170A1A0E1E0B1B0F1F00081018EA
:10CE4000040C141C020A121A060E161E01091119EE
:10CE5000050D151D030B131B070F171F00081018D6
:10CE6000040C141C01091119050D151D020A121AD2
:10CE7000060E161E030B131B070F171F00041014BA
:10CE8000080C181C020612160A0E1A1E01051115AE
:10CE9000090D191D030713170B0F1B1F0004101496
:10CEA000080C181C01051115090D191D0206121692
:10CEB0000A0E1A1E030713170B0F1B1F000810186A
:10CEC000020A121A040C141C060E161E010911196E
:10CED000030B131B050D151D070F171F0008101856
:10CEE00001091119040C141C050D151D020A121A52
:10CEF000030B131B060E161E070F171F000410143A
:10CF000002061216080C181C0A0E1A1E010511152D
:10CF100003071317090D191D0B0F1B1F0004101415
:10CF200001051115080C181C090D191D0206121611
:10CF3000030713170A0E1A1E0B0F1B1F000402060D
:10CF400001050307080C0A0E090D0B0F1014121629
:10CF500011151317181C1A1E191D1B1F000401059B
:10CF600002060307080C090D0A0E0B0F1014111509
:10CF700012161317181C191D1A1E1B1F0008020A6F
:10CF80000109030B040C060E050D070F1018121AE9
:10CF90001119131B141C161E151D171F000801095B
:10CFA000020A030B040C050D060E070F10181119C9
:10CFB000121A131B141C151D161E171F000204063F
:10CFC00001030507080A0C0E090B0D0F10121416A9
:10CFD00011131517181A1C1E191B1D1F000104051B
:10CFE0000203060708090C0D0A0B0E0F1011141589
:10CFF0001213161718191C1D1A1B1E1F0002080AEF
:10D000000103090B04060C0E05070D0F1012181A68
:10D010001113191B14161C1E15171D1F00010809DA
:10D0200002030A0B04050C0D06070E0F1011181948
:10D0300012131A1B14151C1D16171E1F00040206BE
:10D04000010503071014121611151317080C0A0E08
:10D05000090D0B0F181C1A1E191D1B1F00040105BA
:10D06000020603071014111512161317080C090DE8
:10D070000A0E0B0F181C191D1A1E1B1F0008020A8E
:10D080000109030B1018121A1119131B040C060EB8
:10D09000050D070F141C161E151D171F000801098A
:10D0A000020A030B10181119121A131B040C050D98
:10D0B000060E070F141C151D161E171F000204066E
:10D0C000010305071012141611131517080A0C0E88
:10D0D000090B0D0F181A1C1E191B1D1F000104053A
:10D0E00002030607101114151213161708090C0D68
:10D0F0000A0B0E0F18191C1D1A1B1E1F0002080A0E
:10D100000103090B1012181A1113191B04060C0E37
:10D1100005070D0F14161C1E15171D1F0001080909
:10D1200002030A0B1011181912131A1B04050C0D17
:10D1300006070E0F14151C1D16171E1F00040206ED
:10D1400010141216080C0A0E181C1A1E01050307EB
:10D1500011151317090D0B0F191D1B1F00040105D5
:10D1600010141115080C090D181C191D02060307CF
:10D17000121613170A0E0B0F1A1E1B1F0008020AA5
:10D180001018121A040C060E141C161E0109030BAB
:10D190001119131B050D070F151D171F0008010995
:10D1A00010181119040C050D141C151D020A030B8F
:10D1B000121A131B060E070F161E171F0002040675
:10D1C00010121416080A0C0E181A1C1E010305076B
:10D1D00011131517090B0D0F191B1D1F0001040555
:10D1E0001011141508090C0D18191C1D020306074F
:10D1F000121316170A0B0E0F1A1B1E1F0002080A25
:10D200001012181A04060C0E14161C1E0103090B2A
:10D210001113191B05070D0F15171D1F0001080914
:10D220001011181904050C0D14151C1D02030A0B0E
:10D2300012131A1B06070E0F16171E1F00040206F4
:10D24000080C0A0E10141216181C1A1E01050307EA
:10D25000090D0B0F11151317191D1B1F00040105D4
:10D26000080C090D10141115181C191D02060307CE
:10D270000A0E0B0F121613171A1E1B1F0008020AA4
:10D28000040C060E1018121A141C161E0109030BAA
:10D29000050D070F1119131B151D171F0008010994
:10D2A000040C050D10181119141C151D020A030B8E
:10D2B000060E070F121A131B161E171F0002040674
:10D2C000080A0C0E10121416181A1C1E010305076A
:10D2D000090B0D0F11131517191B1D1F0001040554
:10D2E00008090C0D1011141518191C1D020306074E
:10D2F0000A0B0E0F121316171A1B1E1F0002080A24
:10D3000004060C0E1012181A14161C1E0103090B29
:10D3100005070D0F1113191B15171D1F0001080913
:10D3200004050C0D1011181914151C1D02030A0B0D
:10D3300006070E0F12131A1B16171E1F0004080CE7
:10D340000105090D02060A0E03070B0F1014181C25
:10D350001115191D12161A1E13171B1F0004080C95
:10D3600002060A0E0105090D03070B0F1014181C05
:10D3700012161A1E1115191D13171B1F0008040C75
:10D380000109050D020A060E030B070F1018141CE5
:10D390001119151D121A161E131B171F0008040C55
:10D3A000020A060E0109050D030B070F1018141CC5
:10D3B000121A161E1119151D131B171F0002080A39
:10D3C0000103090B04060C0E05070D0F1012181AA5
:10D3D0001113191B14161C1E15171D1F0001080917
:10D3E00002030A0B04050C0D06070E0F1011181985
:10D3F00012131A1B14151C1D16171E1F00020406FB
:10D4000001030507080A0C0E090B0D0F1012141664
:10D4100011131517181A1C1E191B1D1F00010405D6
:10D420000203060708090C0D0A0B0E0F1011141544
:10D430001213161718191C1D1A1B1E1F0004101496
:10D44000010511150206121603071317080C181C04
:10D45000090D191D0A0E1A1E0B0F1B1F00041014B4
:10D46000020612160105111503071317080C181CE4
:10D470000A0E1A1E090D191D0B0F1B1F000810188C
:10D4800001091119020A121A030B131B040C141CB4
:10D49000050D151D060E161E070F171F0008101884
:10D4A000020A121A01091119030B131B040C141C94
:10D4B000060E161E050D151D070F171F0002101270
:10D4C000010311130406141605071517080A181A84
:10D4D000090B191B0C0E1C1E0D0F1D1F0001101136
:10D4E0000203121304051415060716170809181964
:10D4F0000A0B1A1B0C0D1C1D0E0F1E1F0002101212
:10D5000001031113080A181A090B191B0406141633
:10D51000050715170C0E1C1E0D0F1D1F0001101105
:10D5200002031213080918190A0B1A1B0405141513
:10D53000060716170C0D1C1D0E0F1E1F0004080CED
:10D540001014181C02060A0E12161A1E0105090DE7
:10D550001115191D03070B0F13171B1F0004080CCF
:10D560001014181C0105090D1115191D02060A0ECB
:10D5700012161A1E03070B0F13171B1F0008040CAB
:10D580001018141C020A060E121A161E0109050DA7
:10D590001119151D030B070F131B171F0008040C8F
:10D5A0001018141C0109050D1119151D020A060E8B
:10D5B000121A161E030B070F131B171F0002080A6F
:10D5C0001012181A04060C0E14161C1E0103090B67
:10D5D0001113191B05070D0F15171D1F0001080951
:10D5E0001011181904050C0D14151C1D02030A0B4B
:10D5F00012131A1B06070E0F16171E1F0002040631
:10D6000010121416080A0C0E181A1C1E0103050726
:10D6100011131517090B0D0F191B1D1F0001040510
:10D620001011141508090C0D18191C1D020306070A
:10D63000121316170A0B0E0F1A1B1E1F00041014CC
:10D64000080C181C020612160A0E1A1E01051115E6
:10D65000090D191D030713170B0F1B1F00041014CE
:10D66000080C181C01051115090D191D02061216CA
:10D670000A0E1A1E030713170B0F1B1F00081018A2
:10D68000040C141C020A121A060E161E01091119A6
:10D69000050D151D030B131B070F171F000810188E
:10D6A000040C141C01091119050D151D020A121A8A
:10D6B000060E161E030B131B070F171F0002101276
:10D6C000080A181A040614160C0E1C1E0103111366
:10D6D000090B191B050715170D0F1D1F0001101150
:10D6E00008091819040514150C0D1C1D020312134A
:10D6F0000A0B1A1B060716170E0F1E1F0002101228
:10D7000004061416080A181A0C0E1C1E0103111325
:10D7100005071517090B191B0D0F1D1F000110110F
:10D7200004051415080918190C0D1C1D0203121309
:10D73000060716170A0B1A1B0E0F1E1F000000000B
:10D7400014C0D1A0020000FE1F20B9F003000001A8
:10D75000DB0EE43A03008000B999CA5F0300400081
:10D7600008D25D6D0300200004E9AEB60100100090
:10D77000827457DB0000080041BAAB6D0000040062
:10D78000F4436DF402000200FAA1367A01000100B0
:10D79000FD501BBD00800000AA36359C02400000F1
:10D7A000559B1A4E012000007ED3B5650210000083
:10D7B000BFE9DA32010800000BEAD55B0204000081
:10D7C000D16B52EF030200003CAB113503010000A6
:10D7D0009ED5889A81000000CF6A44CD40000000A9
:10D7E000B3AB1AA4220000000DCBB59013000000CB
:10D7F000527BE20A0B000000A93D71850500000084
:10D800000100000000000100000000000100120003
:10D81000010101011100010101011B0000010000D3
:10D8200000000000000000000000000000000000F8
:10D83000000000000000000000000000030279006A
:10D8400001010302B7000001000000000000000019
:10D85000000000000502E000010105025301000183
:10D860000040206090D0B0F048086828D898F8B8F8
:10D8700024640444B4F494D46C2C4C0CFCBCDC9CA8
:10D8800092D2B2F202422262DA9AFABA4A0A6A2AB8
:10D89000B6F696D626660646FEBEDE9E6E2E4E0E68
:10D8A000C989E9A95919793981C1A1E111513171A8
:10D8B000EDADCD8D7D3D5D1DA5E585C53575155558
:10D8C0005B1B7B3BCB8BEBAB1353337383C3A3E368
:10D8D0007F3F5F1FEFAFCF8F37771757A7E787C718
:10D8E00000020406080A0C0E10121416181A1C1E48
:10D8F00020222426282A2C2E30323436383A3C3E38
:10D9000040424446484A4C4E50525456585A5C5E27
:10D9100060626466686A6C6E70727476787A7C7E17
:10D9200011131517191B1D1F01030507090B0D0FF7
:10D9300031333537393B3D3F21232527292B2D2FE7
:10D9400051535557595B5D5F41434547494B4D4FD7
:10D9500071737577797B7D7F61636567696B6D6FC7
:10D960000004080C1014181C2024282C3034383CD7
:10D970004044484C5054585C6064686C7074787CC7
:10D980001115191D0105090D3135393D2125292DA7
:10D990005155595D4145494D7175797D6165696D97
:10D9A00022262A2E32363A3E02060A0E12161A1E77
:10D9B00062666A6E72767A7E42464A4E52565A5E67
:10D9C00033373B3F23272B2F13171B1F03070B0F47
:10D9D00073777B7F63676B6F53575B5F43474B4F37
:10D9E0000008101820283038404850586068707877
:10D9F0001119010931392129515941497179616957
:10DA0000222A323A020A121A626A727A424A525A36
:10DA1000333B232B131B030B737B636B535B434B16
:10DA2000444C545C646C747C040C141C242C343CF6
:10DA3000555D454D757D656D151D050D353D252DD6
:10DA4000666E767E464E565E262E363E060E161EB6
:10DA5000777F676F575F474F373F272F171F070F96
:10DA6000001020304050607011013121514171612E
:10DA700022320212627242523323130373635343FE
:10DA800044546474041424345545756515053525CE
:10DA9000667646562636061677675747372717079E
:10DAA000190939295949796908182838485868786E
:10DAB0003B2B1B0B7B6B5B4B2A3A0A1A6A7A4A5A3E
:10DAC0005D4D7D6D1D0D3D2D4C5C6C7C0C1C2C3C0E
:10DAD0007F6F5F4F3F2F1F0F6E7E4E5E2E3E0E1EDE
:10DAE000002040601131517122026242331373539E
:10DAF000446404245575153566462606775737174E
:10DB000019395979082848683B1B7B5B2A0A6A4AFD
:10DB10005D7D1D3D4C6C0C2C7F5F3F1F6E4E2E0EAD
:10DB2000321272522303634310305070012141615D
:10DB3000765636166747270754741434456505250D
:10DB40002B0B6B4B3A1A7A5A0929496918385878BD
:10DB50006F4F2F0F7E5E3E1E4D6D0D2D5C7C1C3C6D
:10DB600000401151226233734404551566267737FD
:10DB7000195908483B7B2A6A5D1D4C0C7F3F6E2E6D
:10DB800032722363105001417636672754144505DD
:10DB90002B6B3A7A094918586F2F7E3E4D0D5C1C4D
:10DBA00064247535460657172060317102421353BD
:10DBB0007D3D6C2C5F1F4E0E397928681B5B0A4A2D
:10DBC000561647077434652512520343307021619D
:10DBD0004F0F5E1E6D2D7C3C0B4B1A5A296938780D
:10DBE000001122334455667719083B2A5D4C7F6E3D
:10DBF00032231001766754452B3A09186F7E4D5C2D
:10DC000064754657203102137D6C5F4E39281B0A1C
:10DC100056477465120330214F5E6D7C0B1A29380C
:10DC200059487B6A1D0C3F2E4051627304152637FC
:10DC30006B7A49582F3E0D1C7263504136271405EC
:10DC40003D2C1F0E79685B4A2435061760714253DC
:10DC50000F1E2D3C4B5A69781607342552437061CC
:10DC600000224466193B5D7F321076542B096F4DBC
:10DC7000644620027D5F391B567412304F6D0B29AC
:10DC8000597B1D3F406204266B492F0D725036149C
:10DC90003D1F795B240660420F2D4B69163452708C
:10DCA000230167453A187E5C11335577082A4C6E7C
:10DCB000476503215E7C1A38755731136C4E280A6C
:10DCC0007A583E1C63412705486A0C2E517315375C
:10DCD0001E3C5A78072543612C0E684A351771534C
:10DCE000000B161D070C111A0E05181309021F143C
:10DCF0001C170A011B100D061219040F151E03082C
:10DD00001318050E141F02091D160B001A110C071B
:10DD10000F04191208031E15010A171C060D101B0B
:10DD20000D061B100A011C170308151E040F1219FB
:10DD3000111A070C161D000B1F14090218130E05EB
:10DD40001E15080319120F04101B060D171C010ADB
:10DD50000209141F050E13180C071A110B001D16CB
:10DD60001A110C071D160B00141F02091318050EBB
:10DD7000060D101B010A171C08031E150F041912AB
:10DD800009021F140E051813070C111A000B161D9B
:10DD9000151E03081219040F1B100D061C170A018B
:10DDA000171C010A101B060D19120F041E1508037B
:10DDB0000B001D160C071A11050E13180209141F6B
:10DDC000040F12190308151E0A011C170D061B105B
:10DDD00018130E051F140902161D000B111A070C4B
:10DDE0001F14090218130E05111A070C161D000B3B
:10DDF0000308151E040F12190D061B100A011C172B
:10DE00000C071A110B001D160209141F050E13181A
:10DE1000101B060D171C010A1E15080319120F040A
:10DE20001219040F151E03081C170A011B100D06FA
:10DE30000E05181309021F14000B161D070C111AEA
:10DE4000010A171C060D101B0F04191208031E15DA
:10DE50001D160B001A110C071318050E141F0209CA
:10DE6000050E13180209141F0B001D160C071A11BA
:10DE700019120F041E150803171C010A101B060DAA
:10DE8000161D000B111A070C18130E051F1409029A
:10DE90000A011C170D061B10040F12190308151E8A
:10DEA00008031E150F041912060D101B010A171C7A
:10DEB000141F02091318050E1A110C071D160B006A
:10DEC0001B100D061C170A01151E03081219040F5A
:10DED000070C111A000B161D09021F140E0518134A
:10DEE000151E03081219040F1B100D061C170A013A
:10DEF00009021F140E051813070C111A000B161D2A
:10DF0000060D101B010A171C08031E150F04191219
:10DF10001A110C071D160B00141F02091318050E09
:10DF200018130E051F140902161D000B111A070CF9
:10DF3000040F12190308151E0A011C170D061B10E9
:10DF40000B001D160C071A11050E13180209141FD9
:10DF5000171C010A101B060D19120F041E150803C9
:10DF60000F04191208031E15010A171C060D101BB9
:10DF70001318050E141F02091D160B001A110C07A9
:10DF80001C170A011B100D061219040F151E030899
:10DF9000000B161D070C111A0E05181309021F1489
:10DFA0000209141F050E13180C071A110B001D1679
:10DFB0001E15080319120F04101B060D171C010A69
:10DFC000111A070C161D000B1F14090218130E0559
:10DFD0000D061B100A011C170308151E040F121949
:10DFE0000A011C170D061B10040F12190308151E39
:10DFF000161D000B111A070C18130E051F14090229
:10E0000019120F041E150803171C010A101B060D18
:10E01000050E13180209141F0B001D160C071A1108
:10E02000070C111A000B161D09021F140E051813F8
:10E030001B100D061C170A01151E03081219040FE8
:10E04000141F02091318050E1A110C071D160B00D8
:10E0500008031E150F041912060D101B010A171CC8
:10E06000101B060D171C010A1E15080319120F04B8
:10E070000C071A110B001D160209141F050E1318A8
:10E080000308151E040F12190D061B100A011C1798
:10E090001F14090218130E05111A070C161D000B88
:10E0A0001D160B001A110C071318050E141F020978
:10E0B000010A171C060D101B0F04191208031E1568
:10E0C0000E05181309021F14000B161D070C111A58
:10E0D0001219040F151E03081C170A011B100D0648
:10E0E000000000000000000000000000000004002C
:10E0F00000000000000001000000400008000000D7
:10E1000000000000000020000000000202000000EB
:10E11000000000008000000010000000000000016E
:10E120000000000007000000380000003F00000071
:10E13000C0010000C7010000F8010000FF0100005D
:10E14000000E0000070E0000380E00003F0E000019
:10E15000C00F0000C70F0000F80F0000FF0F000005
:10E160000070000007700000387000003F70000071
:10E17000C0710000C7710000F8710000FF7100005D
:10E18000007E0000077E0000387E00003F7E000019
:10E19000C07F0000C77F0000F87F0000FF7F000005
:10E1A0000080030007800300388003003F800300E5
:10E1B000C0810300C7810300F8810300FF810300D1
:10E1C000008E0300078E0300388E03003F8E03008D
:10E1D000C08F0300C78F0300F88F0300FF8F030079
:10E1E00000F0030007F0030038F003003FF00300E5
:10E1F000C0F10300C7F10300F8F10300FFF10300D1
:10E2000000FE030007FE030038FE03003FFE03008C
:10E21000C0FF0300C7FF0300F8FF0300FFFF030078
:10E2200000001C0007001C0038001C003F001C0000
:10E23000C0011C00C7011C00F8011C00FF011C00EC
:10E24000000E1C00070E1C00380E1C003F0E1C00A8
:10E25000C00F1C00C70F1C00F80F1C00FF0F1C0094
:10E2600000701C0007701C0038701C003F701C0000
:10E27000C0711C00C7711C00F8711C00FF711C00EC
:10E28000007E1C00077E1C00387E1C003F7E1C00A8
:10E29000C07F1C00C77F1C00F87F1C00FF7F1C0094
:10E2A00000801F0007801F0038801F003F801F0074
:10E2B000C0811F00C7811F00F8811F00FF811F0060
:10E2C000008E1F00078E1F00388E1F003F8E1F001C
:10E2D000C08F1F00C78F1F00F88F1F00FF8F1F0008
:10E2E00000F01F0007F01F0038F01F003FF01F0074
:10E2F000C0F11F00C7F11F00F8F11F00FFF11F0060
:10E3000000FE1F0007FE1F0038FE1F003FFE1F001B
:10E31000C0FF1F00C7FF1F00F8FF1F00FFFF1F0007
:10E320000000E0000700E0003800E0003F00E000EF
:10E33000C001E000C701E000F801E000FF01E000DB
:10E34000000EE000070EE000380EE0003F0EE00097
:10E35000C00FE000C70FE000F80FE000FF0FE00083
:10E360000070E0000770E0003870E0003F70E000EF
:10E37000C071E000C771E000F871E000FF71E000DB
:10E38000007EE000077EE000387EE0003F7EE00097
:10E39000C07FE000C77FE000F87FE000FF7FE00083
:10E3A0000080E3000780E3003880E3003F80E30063
:10E3B000C081E300C781E300F881E300FF81E3004F
:10E3C000008EE300078EE300388EE3003F8EE3000B
:10E3D000C08FE300C78FE300F88FE300FF8FE300F7
:10E3E00000F0E30007F0E30038F0E3003FF0E30063
:10E3F000C0F1E300C7F1E300F8F1E300FFF1E3004F
:10E4000000FEE30007FEE30038FEE3003FFEE3000A
:10E41000C0FFE300C7FFE300F8FFE300FFFFE300F6
:10E420000000FC000700FC003800FC003F00FC007E
:10E43000C001FC00C701FC00F801FC00FF01FC006A
:10E44000000EFC00070EFC00380EFC003F0EFC0026
:10E45000C00FFC00C70FFC00F80FFC00FF0FFC0012
:10E460000070FC000770FC003870FC003F70FC007E
:10E47000C071FC00C771FC00F871FC00FF71FC006A
:10E48000007EFC00077EFC00387EFC003F7EFC0026
:10E49000C07FFC00C77FFC00F87FFC00FF7FFC0012
:10E4A0000080FF000780FF003880FF003F80FF00F2
:10E4B000C081FF00C781FF00F881FF00FF81FF00DE
:10E4C000008EFF00078EFF00388EFF003F8EFF009A
:10E4D000C08FFF00C78FFF00F88FFF00FF8FFF0086
:10E4E00000F0FF0007F0FF0038F0FF003FF0FF00F2
:10E4F000C0F1FF00C7F1FF00F8F1FF00FFF1FF00DE
:10E5000000FEFF0007FEFF0038FEFF003FFEFF0099
:10E51000C0FFFF00C7FFFF00F8FFFF00FFFFFF0085
:10E520000000004000400140004001400140010067
:10E530000040008000800180008001800180014057
:10E540000040008000800180008001800180014047
:10E550000240028002800380028003800380034027
:10E560000040008000800180008001800180014027
:10E570000240028002800380028003800380034007
:10E5800002400280028003800280038003800340F7
:10E5900002000240024003400240034003400300E7
:10E5A00000CE5799AE60F9379759C00E39F76EA073
:10E5B000E52BB27C4B851CD272BC25EBDC128B4563
:10E5C0000000891112239B322446AD573665BF7473
:10E5D000488CC19D5AAFD3BE6CCAE5DB7EE9F7F823
:10E5E0008110080193331A22A5562C47B7753E6453
:10E5F000C99C408DDBBF52AEEDDA64CBFFF976E803
:10E6000002218B30100299132667AF763444BD5532
:10E610004AADC3BC588ED19F6EEBE7FA7CC8F5D9E2
:10E6200083310A2091121803A7772E66B5543C4512
:10E63000CBBD42ACD99E508FEFFB66EAFDD874C9C2
:10E6400004428D5316619F702004A9153227BB36F2
:10E650004CCEC5DF5EEDD7FC6888E1997AABF3BAA2
:10E6600085520C4397711E60A1142805B3373A26D2
:10E67000CDDE44CFDFFD56ECE9986089FBBB72AA82
:10E6800006638F7214409D512225AB343006B917B2
:10E690004EEFC7FE5CCCD5DD6AA9E3B8788AF19B62
:10E6A00087730E6295501C41A3352A24B116380792
:10E6B000CFFF46EEDDDC54CDEBB962A8F99A708B42
:10E6C000088481951AA793B62CC2A5D33EE1B7F072
:10E6D0004008C919522BDB3A644EED5F766DFF7C22
:10E6E000899400859BB712A6ADD224C3BFF136E052
:10E6F000C1184809D33B5A2AE55E6C4FF77D7E6C02
:10E700000AA583B4188691972EE3A7F23CC0B5D131
:10E710004229CB38500AD91B666FEF7E744CFD5DE1
:10E720008BB502A499961087AFF326E2BDD034C111
:10E73000C3394A28D11A580BE77F6E6EF55C7C4DC1
:10E740000CC685D71EE597F42880A1913AA3B3B2F1
:10E75000444ACD5B5669DF78600CE91D722FFB3EA1
:10E760008DD604C79FF516E4A9902081BBB332A2D1
:10E77000C55A4C4BD7795E68E11C680DF33F7A2E81
:10E780000EE787F61CC495D52AA1A3B03882B193B1
:10E79000466BCF7A5448DD59622DEB3C700EF91F61
:10E7A0008FF706E69DD414C5ABB122A0B992308391
:10E7B000C77B4E6AD5585C49E33D6A2CF11E780F41
:10E7C000008040C020A060E0109050D030B070F0C9
:10E7D000088848C828A868E8189858D838B878F839
:10E7E000048444C424A464E4149454D434B474F469
:10E7F0000C8C4CCC2CAC6CEC1C9C5CDC3CBC7CFCD9
:10E80000028242C222A262E2129252D232B272F268
:10E810000A8A4ACA2AAA6AEA1A9A5ADA3ABA7AFAD8
:10E82000068646C626A666E6169656D636B676F608
:10E830000E8E4ECE2EAE6EEE1E9E5EDE3EBE7EFE78
:10E84000018141C121A161E1119151D131B171F138
:10E85000098949C929A969E9199959D939B979F9A8
:10E86000058545C525A565E5159555D535B575F5D8
:10E870000D8D4DCD2DAD6DED1D9D5DDD3DBD7DFD48
:10E88000038343C323A363E3139353D333B373F3D8
:10E890000B8B4BCB2BAB6BEB1B9B5BDB3BBB7BFB48
:10E8A000078747C727A767E7179757D737B777F778
:10E8B0000F8F4FCF2FAF6FEF1F9F5FDF3FBF7FFFE8
:10E8C000FD740000000000000000000000000000D7
:10E8D00000000000000000008D7600000000000035
:10E8E000FDFF00000000000000000000000000002C
:10E8F0004D9400000000000000000000617B00005B
:10E900000000000000000000000000000000000007
:10E91000000000005D7E000000000000FDFF000020
:10E920000000000000000000000000004D94000006
:10E9300000000000000000002800000000010400AA
:10E940000100000000000000000157494E555342ED
:10E9500000000000000000000000000000000000B7
:08E96000A0C2FF7F01000000CE
:10E9680012010002FF000040501D02600601010272
:10E97800030109022000010100806E090400000261
:10E98800FF0000000705820240000007050502405D
:10E9980000000403090428034700720065006100B1
:10E9A80074002000530063006F007400740020009E
:10E9B80047006100640067006500740073001C0371
:10E9C800550062006500720074006F006F007400EB
:10E9D800680020004F006E006500420330003000E0
:10E9E800300030003000300030003000300030009F
:10E9F800300030003000300030003000300030008F
:10EA0800300030003000300030003000300030007E
:10EA180030003000300030003000310000000000CD
:10EA280092000000000105000100880000000700B6
:10EA380000002A0044006500760069006300650054
:10EA480049006E0074006500720066006100630092
:10EA5800650047005500490044007300000050005D
:10EA680000007B00300031003200330034003500F4
:10EA7800360037002D0030003100320033002D0001
:10EA880034003500360037002D00380039006100A9
:10EA980062002D00300031003200330034003500B0
:10EAA8003600370038003900610062007D00000040
:10EAB8000000000012034D005300460054003100CE
:06EAC800300030004100A7
:04000003000098352C
:00000001FF
