
btbr.elf:     file format elf32-littlearm

Sections:
Idx Name          Size      VMA       LMA       File off  Algn
  0 .text         0000a960  00004000  00004000  00004000  2**3
                  CONTENTS, ALLOC, LOAD, READONLY, CODE
  1 .ARM.exidx    00000008  0000e960  0000e960  0000e960  2**2
                  CONTENTS, ALLOC, LOAD, READONLY, DATA
  2 .persistent   00000020  10000000  10000000  00020000  2**0
                  ALLOC
  3 .data         00000166  10000020  0000e968  00010020  2**2
                  CONTENTS, ALLOC, LOAD, DATA
  4 .bss          0000245d  10000188  0000eace  00010188  2**3
                  ALLOC
  5 .ARM.attributes 0000002f  00000000  00000000  00010186  2**0
                  CONTENTS, READONLY
  6 .comment      00000026  00000000  00000000  000101b5  2**0
                  CONTENTS, READONLY
  7 .debug_line   00013055  00000000  00000000  000101db  2**0
                  CONTENTS, READONLY, DEBUGGING, OCTETS
  8 .debug_line_str 000000e0  00000000  00000000  00023230  2**0
                  CONTENTS, READONLY, DEBUGGING, OCTETS
  9 .debug_info   00019c7c  00000000  00000000  00023310  2**0
                  CONTENTS, READONLY, DEBUGGING, OCTETS
 10 .debug_abbrev 000075fb  00000000  00000000  0003cf8c  2**0
                  CONTENTS, READONLY, DEBUGGING, OCTETS
 11 .debug_aranges 00000bc8  00000000  00000000  00044588  2**3
                  CONTENTS, READONLY, DEBUGGING, OCTETS
 12 .debug_str    00003ff2  00000000  00000000  00045150  2**0
                  CONTENTS, READONLY, DEBUGGING, OCTETS
 13 .debug_frame  00001e18  00000000  00000000  00049144  2**2
                  CONTENTS, READONLY, DEBUGGING, OCTETS
 14 .debug_loclists 00010b38  00000000  00000000  0004af5c  2**0
                  CONTENTS, READONLY, DEBUGGING, OCTETS
 15 .debug_rnglists 000022e1  00000000  00000000  0005ba94  2**0
                  CONTENTS, READONLY, DEBUGGING, OCTETS

Disassembly of section .text:

00004000 <_NVIC_Handler_Functions>:
    4000:	e0 3f 00 10 35 98 00 00 f1 98 00 00 b1 5d 00 00     .?..5........]..
    4010:	d9 5d 00 00 01 5e 00 00 29 5e 00 00 00 00 00 00     .]...^..)^......
    4020:	00 00 00 00 00 00 00 00 00 00 00 00 f1 98 00 00     ................
    4030:	f1 98 00 00 00 00 00 00 f1 98 00 00 f1 98 00 00     ................
    4040:	f1 98 00 00 99 8a 00 00 f1 98 00 00 f1 98 00 00     ................
    4050:	f1 98 00 00 f1 98 00 00 f1 98 00 00 f1 98 00 00     ................
    4060:	f1 98 00 00 f1 98 00 00 f1 98 00 00 f1 98 00 00     ................
    4070:	f1 98 00 00 f1 98 00 00 f1 98 00 00 f1 98 00 00     ................
    4080:	f1 98 00 00 f1 98 00 00 f1 98 00 00 f1 98 00 00     ................
    4090:	f1 98 00 00 31 91 00 00 f1 98 00 00 f1 98 00 00     ....1...........
    40a0:	31 98 00 00 f1 98 00 00 79 42 00 00 f1 98 00 00     1.......yB......
    40b0:	f1 98 00 00 f1 98 00 00 f1 98 00 00 f1 98 00 00     ................
    40c0:	f1 98 00 00 f1 98 00 00 f1 98 00 00                 ............

000040cc <__aeabi_memcpy>:
    40cc:	4684      	mov	ip, r0
    40ce:	ea41 0300 	orr.w	r3, r1, r0
    40d2:	f013 0303 	ands.w	r3, r3, #3
    40d6:	d149      	bne.n	416c <__aeabi_memcpy+0xa0>
    40d8:	3a40      	subs	r2, #64	@ 0x40
    40da:	d323      	bcc.n	4124 <__aeabi_memcpy+0x58>
    40dc:	680b      	ldr	r3, [r1, #0]
    40de:	6003      	str	r3, [r0, #0]
    40e0:	684b      	ldr	r3, [r1, #4]
    40e2:	6043      	str	r3, [r0, #4]
    40e4:	688b      	ldr	r3, [r1, #8]
    40e6:	6083      	str	r3, [r0, #8]
    40e8:	68cb      	ldr	r3, [r1, #12]
    40ea:	60c3      	str	r3, [r0, #12]
    40ec:	690b      	ldr	r3, [r1, #16]
    40ee:	6103      	str	r3, [r0, #16]
    40f0:	694b      	ldr	r3, [r1, #20]
    40f2:	6143      	str	r3, [r0, #20]
    40f4:	698b      	ldr	r3, [r1, #24]
    40f6:	6183      	str	r3, [r0, #24]
    40f8:	69cb      	ldr	r3, [r1, #28]
    40fa:	61c3      	str	r3, [r0, #28]
    40fc:	6a0b      	ldr	r3, [r1, #32]
    40fe:	6203      	str	r3, [r0, #32]
    4100:	6a4b      	ldr	r3, [r1, #36]	@ 0x24
    4102:	6243      	str	r3, [r0, #36]	@ 0x24
    4104:	6a8b      	ldr	r3, [r1, #40]	@ 0x28
    4106:	6283      	str	r3, [r0, #40]	@ 0x28
    4108:	6acb      	ldr	r3, [r1, #44]	@ 0x2c
    410a:	62c3      	str	r3, [r0, #44]	@ 0x2c
    410c:	6b0b      	ldr	r3, [r1, #48]	@ 0x30
    410e:	6303      	str	r3, [r0, #48]	@ 0x30
    4110:	6b4b      	ldr	r3, [r1, #52]	@ 0x34
    4112:	6343      	str	r3, [r0, #52]	@ 0x34
    4114:	6b8b      	ldr	r3, [r1, #56]	@ 0x38
    4116:	6383      	str	r3, [r0, #56]	@ 0x38
    4118:	6bcb      	ldr	r3, [r1, #60]	@ 0x3c
    411a:	63c3      	str	r3, [r0, #60]	@ 0x3c
    411c:	3040      	adds	r0, #64	@ 0x40
    411e:	3140      	adds	r1, #64	@ 0x40
    4120:	3a40      	subs	r2, #64	@ 0x40
    4122:	d2db      	bcs.n	40dc <__aeabi_memcpy+0x10>
    4124:	3230      	adds	r2, #48	@ 0x30
    4126:	d30b      	bcc.n	4140 <__aeabi_memcpy+0x74>
    4128:	680b      	ldr	r3, [r1, #0]
    412a:	6003      	str	r3, [r0, #0]
    412c:	684b      	ldr	r3, [r1, #4]
    412e:	6043      	str	r3, [r0, #4]
    4130:	688b      	ldr	r3, [r1, #8]
    4132:	6083      	str	r3, [r0, #8]
    4134:	68cb      	ldr	r3, [r1, #12]
    4136:	60c3      	str	r3, [r0, #12]
    4138:	3010      	adds	r0, #16
    413a:	3110      	adds	r1, #16
    413c:	3a10      	subs	r2, #16
    413e:	d2f3      	bcs.n	4128 <__aeabi_memcpy+0x5c>
    4140:	320c      	adds	r2, #12
    4142:	d305      	bcc.n	4150 <__aeabi_memcpy+0x84>
    4144:	f851 3b04 	ldr.w	r3, [r1], #4
    4148:	f840 3b04 	str.w	r3, [r0], #4
    414c:	3a04      	subs	r2, #4
    414e:	d2f9      	bcs.n	4144 <__aeabi_memcpy+0x78>
    4150:	3204      	adds	r2, #4
    4152:	d008      	beq.n	4166 <__aeabi_memcpy+0x9a>
    4154:	07d2      	lsls	r2, r2, #31
    4156:	bf1c      	itt	ne
    4158:	f811 3b01 	ldrbne.w	r3, [r1], #1
    415c:	f800 3b01 	strbne.w	r3, [r0], #1
    4160:	d301      	bcc.n	4166 <__aeabi_memcpy+0x9a>
    4162:	880b      	ldrh	r3, [r1, #0]
    4164:	8003      	strh	r3, [r0, #0]
    4166:	4660      	mov	r0, ip
    4168:	4770      	bx	lr
    416a:	bf00      	nop
    416c:	2a08      	cmp	r2, #8
    416e:	d313      	bcc.n	4198 <__aeabi_memcpy+0xcc>
    4170:	078b      	lsls	r3, r1, #30
    4172:	d0b1      	beq.n	40d8 <__aeabi_memcpy+0xc>
    4174:	f010 0303 	ands.w	r3, r0, #3
    4178:	d0ae      	beq.n	40d8 <__aeabi_memcpy+0xc>
    417a:	f1c3 0304 	rsb	r3, r3, #4
    417e:	1ad2      	subs	r2, r2, r3
    4180:	07db      	lsls	r3, r3, #31
    4182:	bf1c      	itt	ne
    4184:	f811 3b01 	ldrbne.w	r3, [r1], #1
    4188:	f800 3b01 	strbne.w	r3, [r0], #1
    418c:	d3a4      	bcc.n	40d8 <__aeabi_memcpy+0xc>
    418e:	f831 3b02 	ldrh.w	r3, [r1], #2
    4192:	f820 3b02 	strh.w	r3, [r0], #2
    4196:	e79f      	b.n	40d8 <__aeabi_memcpy+0xc>
    4198:	3a04      	subs	r2, #4
    419a:	d3d9      	bcc.n	4150 <__aeabi_memcpy+0x84>
    419c:	3a01      	subs	r2, #1
    419e:	f811 3b01 	ldrb.w	r3, [r1], #1
    41a2:	f800 3b01 	strb.w	r3, [r0], #1
    41a6:	d2f9      	bcs.n	419c <__aeabi_memcpy+0xd0>
    41a8:	780b      	ldrb	r3, [r1, #0]
    41aa:	7003      	strb	r3, [r0, #0]
    41ac:	784b      	ldrb	r3, [r1, #1]
    41ae:	7043      	strb	r3, [r0, #1]
    41b0:	788b      	ldrb	r3, [r1, #2]
    41b2:	7083      	strb	r3, [r0, #2]
    41b4:	4660      	mov	r0, ip
    41b6:	4770      	bx	lr

000041b8 <memset>:
    41b8:	b570      	push	{r4, r5, r6, lr}
    41ba:	4603      	mov	r3, r0
    41bc:	4604      	mov	r4, r0
    41be:	0780      	lsls	r0, r0, #30
    41c0:	468e      	mov	lr, r1
    41c2:	d007      	beq.n	41d4 <memset+0x1c>
    41c4:	2a00      	cmp	r2, #0
    41c6:	d03e      	beq.n	4246 <memset+0x8e>
    41c8:	f803 eb01 	strb.w	lr, [r3], #1
    41cc:	0799      	lsls	r1, r3, #30
    41ce:	f102 32ff 	add.w	r2, r2, #4294967295	@ 0xffffffff
    41d2:	d1f7      	bne.n	41c4 <memset+0xc>
    41d4:	2a03      	cmp	r2, #3
    41d6:	d92b      	bls.n	4230 <memset+0x78>
    41d8:	fa5f fc8e 	uxtb.w	ip, lr
    41dc:	eb0c 2c0c 	add.w	ip, ip, ip, lsl #8
    41e0:	2a0f      	cmp	r2, #15
    41e2:	eb0c 410c 	add.w	r1, ip, ip, lsl #16
    41e6:	d934      	bls.n	4252 <memset+0x9a>
    41e8:	469c      	mov	ip, r3
    41ea:	2000      	movs	r0, #0
    41ec:	0915      	lsrs	r5, r2, #4
    41ee:	3001      	adds	r0, #1
    41f0:	42a8      	cmp	r0, r5
    41f2:	e9cc 1100 	strd	r1, r1, [ip]
    41f6:	e9cc 1102 	strd	r1, r1, [ip, #8]
    41fa:	f10c 0c10 	add.w	ip, ip, #16
    41fe:	d3f6      	bcc.n	41ee <memset+0x36>
    4200:	1e68      	subs	r0, r5, #1
    4202:	3310      	adds	r3, #16
    4204:	f012 0f0c 	tst.w	r2, #12
    4208:	eb03 1300 	add.w	r3, r3, r0, lsl #4
    420c:	f002 000f 	and.w	r0, r2, #15
    4210:	d01b      	beq.n	424a <memset+0x92>
    4212:	1f02      	subs	r2, r0, #4
    4214:	2a03      	cmp	r2, #3
    4216:	6019      	str	r1, [r3, #0]
    4218:	d905      	bls.n	4226 <memset+0x6e>
    421a:	f1a0 0208 	sub.w	r2, r0, #8
    421e:	2a03      	cmp	r2, #3
    4220:	6059      	str	r1, [r3, #4]
    4222:	bf88      	it	hi
    4224:	6099      	strhi	r1, [r3, #8]
    4226:	f000 0203 	and.w	r2, r0, #3
    422a:	f020 0003 	bic.w	r0, r0, #3
    422e:	4403      	add	r3, r0
    4230:	b14a      	cbz	r2, 4246 <memset+0x8e>
    4232:	3a01      	subs	r2, #1
    4234:	f883 e000 	strb.w	lr, [r3]
    4238:	d005      	beq.n	4246 <memset+0x8e>
    423a:	2a01      	cmp	r2, #1
    423c:	f883 e001 	strb.w	lr, [r3, #1]
    4240:	bf18      	it	ne
    4242:	f883 e002 	strbne.w	lr, [r3, #2]
    4246:	4620      	mov	r0, r4
    4248:	bd70      	pop	{r4, r5, r6, pc}
    424a:	4602      	mov	r2, r0
    424c:	2a00      	cmp	r2, #0
    424e:	d1f0      	bne.n	4232 <memset+0x7a>
    4250:	e7f9      	b.n	4246 <memset+0x8e>
    4252:	4610      	mov	r0, r2
    4254:	e7dd      	b.n	4212 <memset+0x5a>
    4256:	bf00      	nop

00004258 <__libc_init_array>:
    4258:	b538      	push	{r3, r4, r5, lr}
    425a:	4c05      	ldr	r4, [pc, #20]	@ (4270 <__libc_init_array+0x18>)
    425c:	4d05      	ldr	r5, [pc, #20]	@ (4274 <__libc_init_array+0x1c>)
    425e:	42ac      	cmp	r4, r5
    4260:	d004      	beq.n	426c <__libc_init_array+0x14>
    4262:	f854 3b04 	ldr.w	r3, [r4], #4
    4266:	4798      	blx	r3
    4268:	42ac      	cmp	r4, r5
    426a:	d1fa      	bne.n	4262 <__libc_init_array+0xa>
    426c:	bd38      	pop	{r3, r4, r5, pc}
    426e:	bf00      	nop
    4270:	00000000 	.word	0x00000000
    4274:	00000000 	.word	0x00000000

00004278 <DMA_IRQHandler>:
volatile uint8_t *dma_user_tx_buf = (void*)0;
dma_tx_cb_t dma_user_tx_cb = (void*)0;
void *dma_user_tx_cb_arg = (void*)0;

void DMA_IRQHandler(void)
{
    4278:	b510      	push	{r4, lr}
	cprintf ("DMAI %x\n", DMACIntStat);
    427a:	4c04      	ldr	r4, [pc, #16]	@ (428c <DMA_IRQHandler+0x14>)
    427c:	4804      	ldr	r0, [pc, #16]	@ (4290 <DMA_IRQHandler+0x18>)
    427e:	6821      	ldr	r1, [r4, #0]
    4280:	f001 fe62 	bl	5f48 <cprintf>
	DMACIntTCClear = 0xFF;
    4284:	23ff      	movs	r3, #255	@ 0xff
    4286:	60a3      	str	r3, [r4, #8]
	DMACIntErrClr = 0xFF;
    4288:	6123      	str	r3, [r4, #16]
		if (DMACIntErrStat & (1 << 1)) {
			DMACIntErrClr = (1 << 1);
		}
	}
#endif
}
    428a:	bd10      	pop	{r4, pc}
    428c:	50004000 	.word	0x50004000
    4290:	0000af78 	.word	0x0000af78

00004294 <dma_poweron>:

void dma_poweron(void) {
    4294:	b530      	push	{r4, r5, lr}
	// refer to UM10360 LPC17xx User Manual Ch 31 Sec 31.6.1, PDF page 616
	PCONP |= PCONP_PCGPDMA;

	// enable DMA interrupts at lowest priority
	//IPR6 |= IPR6_IP_DMA; // hack, sets it to 31 (lowest)
	IPR6 |= 31<<19; // pri 
    4296:	f04f 21e0 	mov.w	r1, #3758153728	@ 0xe000e000

	/* Disable DMA interrupt */
	//ICER0 = ICER0_ICE_DMA;

	// disable active channels
	DMACC0Config = 0;
    429a:	2200      	movs	r2, #0
	DMACC3Config = 0;
	DMACC4Config = 0;
	DMACC5Config = 0;
	DMACC6Config = 0;
	DMACC7Config = 0;
	DMACIntTCClear = 0xFF;
    429c:	f04f 0cff 	mov.w	ip, #255	@ 0xff
	ISER0 = ISER0_ISE_DMA;
    42a0:	f04f 6580 	mov.w	r5, #67108864	@ 0x4000000
	DMACIntErrClr = 0xFF;

	/* enable DMA globally */
	DMACConfig = DMACConfig_E;
    42a4:	2401      	movs	r4, #1
	PCONP |= PCONP_PCGPDMA;
    42a6:	f8df e054 	ldr.w	lr, [pc, #84]	@ 42fc <dma_poweron+0x68>
	DMACC0Config = 0;
    42aa:	4b15      	ldr	r3, [pc, #84]	@ (4300 <dma_poweron+0x6c>)
	PCONP |= PCONP_PCGPDMA;
    42ac:	f8de 00c4 	ldr.w	r0, [lr, #196]	@ 0xc4
    42b0:	f040 5000 	orr.w	r0, r0, #536870912	@ 0x20000000
    42b4:	f8ce 00c4 	str.w	r0, [lr, #196]	@ 0xc4
	IPR6 |= 31<<19; // pri 
    42b8:	f8d1 0418 	ldr.w	r0, [r1, #1048]	@ 0x418
    42bc:	f440 0078 	orr.w	r0, r0, #16252928	@ 0xf80000
    42c0:	f8c1 0418 	str.w	r0, [r1, #1048]	@ 0x418
	ISER0 = ISER0_ISE_DMA;
    42c4:	f8c1 5100 	str.w	r5, [r1, #256]	@ 0x100
	DMACC0Config = 0;
    42c8:	f8c3 2110 	str.w	r2, [r3, #272]	@ 0x110
	DMACC1Config = 0;
    42cc:	f8c3 2130 	str.w	r2, [r3, #304]	@ 0x130
	DMACC2Config = 0;
    42d0:	f8c3 2150 	str.w	r2, [r3, #336]	@ 0x150
	DMACC3Config = 0;
    42d4:	f8c3 2170 	str.w	r2, [r3, #368]	@ 0x170
	DMACC4Config = 0;
    42d8:	f8c3 2190 	str.w	r2, [r3, #400]	@ 0x190
	DMACC5Config = 0;
    42dc:	f8c3 21b0 	str.w	r2, [r3, #432]	@ 0x1b0
	DMACC6Config = 0;
    42e0:	f8c3 21d0 	str.w	r2, [r3, #464]	@ 0x1d0
	DMACC7Config = 0;
    42e4:	f8c3 21f0 	str.w	r2, [r3, #496]	@ 0x1f0
	DMACIntTCClear = 0xFF;
    42e8:	f8c3 c008 	str.w	ip, [r3, #8]
	DMACIntErrClr = 0xFF;
    42ec:	f8c3 c010 	str.w	ip, [r3, #16]
	DMACConfig = DMACConfig_E;
    42f0:	631c      	str	r4, [r3, #48]	@ 0x30
	while (!(DMACConfig & DMACConfig_E));
    42f2:	6b1a      	ldr	r2, [r3, #48]	@ 0x30
    42f4:	07d2      	lsls	r2, r2, #31
    42f6:	d5fc      	bpl.n	42f2 <dma_poweron+0x5e>
}
    42f8:	bd30      	pop	{r4, r5, pc}
    42fa:	bf00      	nop
    42fc:	400fc000 	.word	0x400fc000
    4300:	50004000 	.word	0x50004000

00004304 <dio_ssp_stop>:
	DMACIntTCClear = 1 << channel;
	DMACIntErrClr  = 1 << channel;
}

void dio_ssp_stop(void)
{
    4304:	b510      	push	{r4, lr}
    4306:	b082      	sub	sp, #8
	// disable CC2400's output (active low)
	DIO_SSEL_SET;
    4308:	f04f 5e80 	mov.w	lr, #268435456	@ 0x10000000

	// disable DMA on SSP; disable SSP ; disable DMA channel
	DIO_SSP_CR1 &= ~SSPCR1_SSE;
	DIO_SSP_DMACR = 0;
    430c:	f04f 0c00 	mov.w	ip, #0
	DMACIntTCClear = 1 << channel;
    4310:	2001      	movs	r0, #1
    4312:	2102      	movs	r1, #2
	DIO_SSEL_SET;
    4314:	4a0f      	ldr	r2, [pc, #60]	@ (4354 <dio_ssp_stop+0x50>)
	DIO_SSP_CR1 &= ~SSPCR1_SSE;
    4316:	4c10      	ldr	r4, [pc, #64]	@ (4358 <dio_ssp_stop+0x54>)
	DIO_SSEL_SET;
    4318:	f8c2 e098 	str.w	lr, [r2, #152]	@ 0x98
	DIO_SSP_CR1 &= ~SSPCR1_SSE;
    431c:	6862      	ldr	r2, [r4, #4]
	DMACC0Config = 0;
    431e:	4b0f      	ldr	r3, [pc, #60]	@ (435c <dio_ssp_stop+0x58>)
	DIO_SSP_CR1 &= ~SSPCR1_SSE;
    4320:	f022 0202 	bic.w	r2, r2, #2
    4324:	6062      	str	r2, [r4, #4]
	DIO_SSP_DMACR = 0;
    4326:	f8c4 c024 	str.w	ip, [r4, #36]	@ 0x24
	DMACC0Config = 0;
    432a:	f8c3 c110 	str.w	ip, [r3, #272]	@ 0x110
	DMACIntTCClear = 1 << channel;
    432e:	6098      	str	r0, [r3, #8]
	DMACIntErrClr  = 1 << channel;
    4330:	6118      	str	r0, [r3, #16]
	DMACIntTCClear = 1 << channel;
    4332:	6099      	str	r1, [r3, #8]
	DMACIntErrClr  = 1 << channel;
    4334:	6119      	str	r1, [r3, #16]

	dma_clear_interrupts(0);
	dma_clear_interrupts(1);

	// flush SSP
	while (SSP1SR & SSPSR_RNE) {
    4336:	68e3      	ldr	r3, [r4, #12]
    4338:	075a      	lsls	r2, r3, #29
    433a:	d508      	bpl.n	434e <dio_ssp_stop+0x4a>
		cprintf("ssp ne\n");
    433c:	4808      	ldr	r0, [pc, #32]	@ (4360 <dio_ssp_stop+0x5c>)
    433e:	f001 fe03 	bl	5f48 <cprintf>
		volatile uint8_t tmp = (uint8_t)DIO_SSP_DR;
    4342:	68a3      	ldr	r3, [r4, #8]
    4344:	f88d 3007 	strb.w	r3, [sp, #7]
	while (SSP1SR & SSPSR_RNE) {
    4348:	68e3      	ldr	r3, [r4, #12]
    434a:	075b      	lsls	r3, r3, #29
    434c:	d4f6      	bmi.n	433c <dio_ssp_stop+0x38>
	}
}
    434e:	b002      	add	sp, #8
    4350:	bd10      	pop	{r4, pc}
    4352:	bf00      	nop
    4354:	2009c000 	.word	0x2009c000
    4358:	40030000 	.word	0x40030000
    435c:	50004000 	.word	0x50004000
    4360:	0000af84 	.word	0x0000af84

00004364 <dio_ssp_start_rx>:

void dio_ssp_start_rx(void)
{
    4364:	b500      	push	{lr}
	/* make sure the (active low) slave select signal is not active */
	DIO_SSEL_SET;
    4366:	f04f 5080 	mov.w	r0, #268435456	@ 0x10000000
	//SCLK_SET_IN;

	/* Configure RX DMA on DIO_SSP (SSP1 for Ubertooth One) */
	DIO_SSP_DMACR = SSPDMACR_RXDMAE ;
    436a:	f04f 0e01 	mov.w	lr, #1
	/* Configuration of DMA : Slave, Slave output disable
		DIO_SSP_CR1 = SSPCR1_MS | SSPCR1_SOD;
	DIO_SSP_CR1 = SSPCR1_MS | SSPCR1_SOD;
	 */
	DIO_SSP_CR1 = SSPCR1_MS | SSPCR1_SOD;
    436e:	220c      	movs	r2, #12
	DIO_SSP_DMACR = SSPDMACR_RXDMAE ;
    4370:	4b0a      	ldr	r3, [pc, #40]	@ (439c <dio_ssp_start_rx+0x38>)
	DIO_SSEL_SET;
    4372:	490b      	ldr	r1, [pc, #44]	@ (43a0 <dio_ssp_start_rx+0x3c>)

	/* Enable ssp */
	DIO_SSP_CR1 |= SSPCR1_SSE;

	// enable channel
	DMACC0Config |= 1;
    4374:	f8df c02c 	ldr.w	ip, [pc, #44]	@ 43a4 <dio_ssp_start_rx+0x40>
	DIO_SSEL_SET;
    4378:	f8c1 0098 	str.w	r0, [r1, #152]	@ 0x98
	DIO_SSP_DMACR = SSPDMACR_RXDMAE ;
    437c:	f8c3 e024 	str.w	lr, [r3, #36]	@ 0x24
	DIO_SSP_CR1 = SSPCR1_MS | SSPCR1_SOD;
    4380:	605a      	str	r2, [r3, #4]
	DIO_SSP_CR1 |= SSPCR1_SSE;
    4382:	685a      	ldr	r2, [r3, #4]
    4384:	f042 0202 	orr.w	r2, r2, #2
    4388:	605a      	str	r2, [r3, #4]
	DMACC0Config |= 1;
    438a:	f8dc 3110 	ldr.w	r3, [ip, #272]	@ 0x110
    438e:	ea43 030e 	orr.w	r3, r3, lr
    4392:	f8cc 3110 	str.w	r3, [ip, #272]	@ 0x110

	/* activate slave select pin */
	DIO_SSEL_CLR;
    4396:	f8c1 009c 	str.w	r0, [r1, #156]	@ 0x9c
}
    439a:	bd00      	pop	{pc}
    439c:	40030000 	.word	0x40030000
    43a0:	2009c000 	.word	0x2009c000
    43a4:	50004000 	.word	0x50004000

000043a8 <dma_init_rx_single>:

void dma_init_rx_single(volatile void *buf, unsigned buf_size)
{
    43a8:	b510      	push	{r4, lr}
	dma_user_rx_buf = buf;

	/* configure DMA channel 0: Rx single slot */
	DMACC0SrcAddr	= (uint32_t)&(DIO_SSP_DR);
	DMACC0DestAddr	= (uint32_t)buf;
	DMACC0LLI	= 0;
    43aa:	f04f 0c00 	mov.w	ip, #0
			(0 << 18) |        /* source width 8 bits */
			(0 << 21) |        /* destination width 8 bits */
			DMACCxControl_DI  /* destination increment */
			;

	DMACC0Config	= DIO_SSP_SRC	/* Src periph (3 for Ubertooth One) */
    43ae:	f241 0206 	movw	r2, #4102	@ 0x1006
	DMACC0SrcAddr	= (uint32_t)&(DIO_SSP_DR);
    43b2:	4b0a      	ldr	r3, [pc, #40]	@ (43dc <dma_init_rx_single+0x34>)
	dma_user_rx_buf = buf;
    43b4:	4c0a      	ldr	r4, [pc, #40]	@ (43e0 <dma_init_rx_single+0x38>)
	DMACC0SrcAddr	= (uint32_t)&(DIO_SSP_DR);
    43b6:	f8df e02c 	ldr.w	lr, [pc, #44]	@ 43e4 <dma_init_rx_single+0x3c>
			(0 << 21) |        /* destination width 8 bits */
    43ba:	f041 6100 	orr.w	r1, r1, #134217728	@ 0x8000000
    43be:	f441 5180 	orr.w	r1, r1, #4096	@ 0x1000
	dma_user_rx_buf = buf;
    43c2:	6020      	str	r0, [r4, #0]
	DMACC0SrcAddr	= (uint32_t)&(DIO_SSP_DR);
    43c4:	f8c3 e100 	str.w	lr, [r3, #256]	@ 0x100
	DMACC0DestAddr	= (uint32_t)buf;
    43c8:	f8c3 0104 	str.w	r0, [r3, #260]	@ 0x104
	DMACC0LLI	= 0;
    43cc:	f8c3 c108 	str.w	ip, [r3, #264]	@ 0x108
	DMACC0Control	= buf_size |
    43d0:	f8c3 110c 	str.w	r1, [r3, #268]	@ 0x10c
	DMACC0Config	= DIO_SSP_SRC	/* Src periph (3 for Ubertooth One) */
    43d4:	f8c3 2110 	str.w	r2, [r3, #272]	@ 0x110
			| (0x2 << 11)	/* peripheral to memory */
			;
}
    43d8:	bd10      	pop	{r4, pc}
    43da:	bf00      	nop
    43dc:	50004000 	.word	0x50004000
    43e0:	10000188 	.word	0x10000188
    43e4:	40030008 	.word	0x40030008

000043e8 <dma_get_rx_offset>:

unsigned long dma_get_rx_offset(void)
{
	return (unsigned long)DMACC0DestAddr - (unsigned long)dma_user_rx_buf;
    43e8:	4a03      	ldr	r2, [pc, #12]	@ (43f8 <dma_get_rx_offset+0x10>)
    43ea:	4b04      	ldr	r3, [pc, #16]	@ (43fc <dma_get_rx_offset+0x14>)
    43ec:	f8d2 0104 	ldr.w	r0, [r2, #260]	@ 0x104
    43f0:	681b      	ldr	r3, [r3, #0]
}
    43f2:	1ac0      	subs	r0, r0, r3
    43f4:	4770      	bx	lr
    43f6:	bf00      	nop
    43f8:	50004000 	.word	0x50004000
    43fc:	10000188 	.word	0x10000188

00004400 <usb_vendor_request_handler>:
}

VendorRequestHandler *v_req_handler;

BOOL usb_vendor_request_handler(TSetupPacket *pSetup, int *piLen, u8 **ppbData)
{
    4400:	b510      	push	{r4, lr}
    4402:	b082      	sub	sp, #8
	int rv;
	u16 params[3] = {pSetup->wValue, pSetup->wIndex, pSetup->wLength};
    4404:	f8d0 c002 	ldr.w	ip, [r0, #2]
	rv = v_req_handler(pSetup->bRequest, params, *ppbData, piLen);
    4408:	4c09      	ldr	r4, [pc, #36]	@ (4430 <usb_vendor_request_handler+0x30>)
	u16 params[3] = {pSetup->wValue, pSetup->wIndex, pSetup->wLength};
    440a:	f8cd c000 	str.w	ip, [sp]
    440e:	f8b0 c006 	ldrh.w	ip, [r0, #6]
{
    4412:	460b      	mov	r3, r1
	rv = v_req_handler(pSetup->bRequest, params, *ppbData, piLen);
    4414:	6824      	ldr	r4, [r4, #0]
    4416:	4669      	mov	r1, sp
    4418:	6812      	ldr	r2, [r2, #0]
	u16 params[3] = {pSetup->wValue, pSetup->wIndex, pSetup->wLength};
    441a:	f8ad c004 	strh.w	ip, [sp, #4]
	rv = v_req_handler(pSetup->bRequest, params, *ppbData, piLen);
    441e:	7840      	ldrb	r0, [r0, #1]
    4420:	47a0      	blx	r4
	return (BOOL) (rv==1);
}
    4422:	f1a0 0001 	sub.w	r0, r0, #1
    4426:	fab0 f080 	clz	r0, r0
    442a:	0940      	lsrs	r0, r0, #5
    442c:	b002      	add	sp, #8
    442e:	bd10      	pop	{r4, pc}
    4430:	100001a8 	.word	0x100001a8

00004434 <usb_bulk_out_handler>:
{
    4434:	b510      	push	{r4, lr}
    4436:	b092      	sub	sp, #72	@ 0x48
	bulk_size = USBHwEPRead(BULK_OUT_EP, (u8*)data, MAX_PACKET_SIZE);
    4438:	2240      	movs	r2, #64	@ 0x40
    443a:	a902      	add	r1, sp, #8
    443c:	2005      	movs	r0, #5
    443e:	f006 f8f5 	bl	a62c <USBHwEPRead>
	if (rx_msg == NULL)
    4442:	4c2e      	ldr	r4, [pc, #184]	@ (44fc <usb_bulk_out_handler+0xc8>)
	bulk_size = USBHwEPRead(BULK_OUT_EP, (u8*)data, MAX_PACKET_SIZE);
    4444:	4601      	mov	r1, r0
	if (rx_msg == NULL)
    4446:	6863      	ldr	r3, [r4, #4]
	type = data[0];
    4448:	f89d 2008 	ldrb.w	r2, [sp, #8]
	if (rx_msg == NULL)
    444c:	b1eb      	cbz	r3, 448a <usb_bulk_out_handler+0x56>
		if (type != BTUSB_MSG_CONT)
    444e:	2a43      	cmp	r2, #67	@ 0x43
    4450:	d149      	bne.n	44e6 <usb_bulk_out_handler+0xb2>
}

/* Return number of bytes written in the data buffer. */
static inline int msg_write_len(const msg_t *msg)
{
	return (int)(msg->write - msg->data);
    4452:	6898      	ldr	r0, [r3, #8]

/* Return number of bytes we can put between
 * the tail pointer and the end of the buffer. */
static inline int msg_write_avail(const msg_t *msg)
{
        return msg->data_len - msg_write_len(msg);
    4454:	885a      	ldrh	r2, [r3, #2]
	return (int)(msg->write - msg->data);
    4456:	f103 0c0c 	add.w	ip, r3, #12
    445a:	eba0 0c0c 	sub.w	ip, r0, ip
        return msg->data_len - msg_write_len(msg);
    445e:	eba2 020c 	sub.w	r2, r2, ip
		wsize = MIN(bulk_size-1, msg_write_avail(rx_msg));
    4462:	4291      	cmp	r1, r2
    4464:	bfd8      	it	le
    4466:	f101 32ff 	addle.w	r2, r1, #4294967295	@ 0xffffffff
{
        uint8_t *tmp = msg->write;

        if (msg_write_avail(msg) < (int) len)
		DIE("msg_put: short buf\n");
        msg->write += len;
    446a:	1881      	adds	r1, r0, r2
    446c:	6099      	str	r1, [r3, #8]
		memcpy(p, data+1, wsize);
    446e:	f10d 0109 	add.w	r1, sp, #9
    4472:	f7ff fe2b 	bl	40cc <__aeabi_memcpy>
	if (msg_write_avail(rx_msg) == 0)
    4476:	6861      	ldr	r1, [r4, #4]
	return (int)(msg->write - msg->data);
    4478:	688b      	ldr	r3, [r1, #8]
        return msg->data_len - msg_write_len(msg);
    447a:	884a      	ldrh	r2, [r1, #2]
	return (int)(msg->write - msg->data);
    447c:	f101 000c 	add.w	r0, r1, #12
    4480:	1a1b      	subs	r3, r3, r0
    4482:	429a      	cmp	r2, r3
    4484:	d021      	beq.n	44ca <usb_bulk_out_handler+0x96>
}
    4486:	b012      	add	sp, #72	@ 0x48
    4488:	bd10      	pop	{r4, pc}
		if (type != BTUSB_MSG_START)
    448a:	2a53      	cmp	r2, #83	@ 0x53
    448c:	d132      	bne.n	44f4 <usb_bulk_out_handler+0xc0>
		packet_size = data[2]|(data[3]<<8);
    448e:	f8bd 200a 	ldrh.w	r2, [sp, #10]
	msg_t *msg = (msg_t*)btctl_mem_alloc(sizeof(msg_t)+size);
    4492:	9001      	str	r0, [sp, #4]
    4494:	f102 000c 	add.w	r0, r2, #12
    4498:	9200      	str	r2, [sp, #0]
    449a:	f001 fbdd 	bl	5c58 <mem_pool_alloc>
    449e:	4603      	mov	r3, r0
		wsize = MIN(bulk_size-4, msg_write_avail(rx_msg));
    44a0:	9901      	ldr	r1, [sp, #4]
	msg->data_len = size;
    44a2:	9a00      	ldr	r2, [sp, #0]
    44a4:	f1a1 0c03 	sub.w	ip, r1, #3
	msg->write = msg->data;
    44a8:	300c      	adds	r0, #12
    44aa:	4594      	cmp	ip, r2
	msg->read = msg->data;
    44ac:	e9c3 0001 	strd	r0, r0, [r3, #4]
	msg->data_len = size;
    44b0:	805a      	strh	r2, [r3, #2]
		rx_msg = msg_alloc(packet_size);
    44b2:	6063      	str	r3, [r4, #4]
		wsize = MIN(bulk_size-4, msg_write_avail(rx_msg));
    44b4:	dc03      	bgt.n	44be <usb_bulk_out_handler+0x8a>
    44b6:	3904      	subs	r1, #4
        if (msg_write_avail(msg) < (int) len)
    44b8:	428a      	cmp	r2, r1
    44ba:	db18      	blt.n	44ee <usb_bulk_out_handler+0xba>
		p = msg_put(rx_msg, wsize);
    44bc:	460a      	mov	r2, r1
        msg->write += len;
    44be:	1881      	adds	r1, r0, r2
    44c0:	6099      	str	r1, [r3, #8]
		memcpy(p, data+4, wsize);
    44c2:	a903      	add	r1, sp, #12
    44c4:	f7ff fe02 	bl	40cc <__aeabi_memcpy>
    44c8:	e7d5      	b.n	4476 <usb_bulk_out_handler+0x42>

static inline uint32_t irq_save_disable(void)
{
	uint32_t primask;

	__asm__ __volatile__ (
    44ca:	f3ef 8310 	mrs	r3, PRIMASK
    44ce:	b672      	cpsid	i
static inline int safe_enqueue(msg_queue_t *q, msg_t *msg)
{
	uint32_t flags = irq_save_disable();
	int rc;

	rc = msg_enqueue(q, msg);
    44d0:	480b      	ldr	r0, [pc, #44]	@ (4500 <usb_bulk_out_handler+0xcc>)
    44d2:	9300      	str	r3, [sp, #0]
    44d4:	f002 fb88 	bl	6be8 <msg_enqueue>
	return primask;
}

static inline void irq_restore(uint32_t primask)
{
	__asm__ __volatile__ (
    44d8:	9b00      	ldr	r3, [sp, #0]
    44da:	f383 8810 	msr	PRIMASK, r3
		rx_msg = NULL;
    44de:	2300      	movs	r3, #0
    44e0:	6063      	str	r3, [r4, #4]
}
    44e2:	b012      	add	sp, #72	@ 0x48
    44e4:	bd10      	pop	{r4, pc}
			DIE("Invalid type %d while waiting rx_msg cont\n", type);
    44e6:	4611      	mov	r1, r2
    44e8:	4806      	ldr	r0, [pc, #24]	@ (4504 <usb_bulk_out_handler+0xd0>)
    44ea:	f001 fc3d 	bl	5d68 <die>
		DIE("msg_put: short buf\n");
    44ee:	4806      	ldr	r0, [pc, #24]	@ (4508 <usb_bulk_out_handler+0xd4>)
    44f0:	f001 fc3a 	bl	5d68 <die>
			DIE("Unexpected type %c while waiting rx_msg\n", type);
    44f4:	4611      	mov	r1, r2
    44f6:	4805      	ldr	r0, [pc, #20]	@ (450c <usb_bulk_out_handler+0xd8>)
    44f8:	f001 fc36 	bl	5d68 <die>
    44fc:	100001a8 	.word	0x100001a8
    4500:	100002bc 	.word	0x100002bc
    4504:	0000afd8 	.word	0x0000afd8
    4508:	0000afbc 	.word	0x0000afbc
    450c:	0000af8c 	.word	0x0000af8c

00004510 <set_serial_descriptor>:


void set_serial_descriptor(u8 *descriptors) {
    4510:	b510      	push	{r4, lr}
    4512:	b088      	sub	sp, #32
    4514:	4604      	mov	r4, r0
	u8 buf[17], *desc, nibble;
	int len, i;
	get_device_serial(buf, &len);
    4516:	a901      	add	r1, sp, #4
    4518:	a802      	add	r0, sp, #8
    451a:	f005 fdfb 	bl	a114 <get_device_serial>
	if(buf[0] == 0) { /* IAP success */
    451e:	f89d c008 	ldrb.w	ip, [sp, #8]
    4522:	f1bc 0f00 	cmp.w	ip, #0
    4526:	d11c      	bne.n	4562 <set_serial_descriptor+0x52>
		desc = descriptors + USB_SERIAL_OFFSET;
		for(i=0; i<16; i++) {
    4528:	4620      	mov	r0, r4
    452a:	a902      	add	r1, sp, #8
    452c:	f10d 0e18 	add.w	lr, sp, #24
			nibble  = (buf[i+1]>>4) & 0xF;
    4530:	f811 3f01 	ldrb.w	r3, [r1, #1]!
			desc[i * 4] = (nibble > 9) ? ('a' + nibble - 10) : ('0' + nibble);
			desc[1+ i * 4] = 0;
    4534:	f880 c07d 	strb.w	ip, [r0, #125]	@ 0x7d
			nibble  = (buf[i+1]>>4) & 0xF;
    4538:	091a      	lsrs	r2, r3, #4
			desc[i * 4] = (nibble > 9) ? ('a' + nibble - 10) : ('0' + nibble);
    453a:	2b9f      	cmp	r3, #159	@ 0x9f
			nibble = buf[i+1]&0xF;
    453c:	f003 030f 	and.w	r3, r3, #15
			desc[i * 4] = (nibble > 9) ? ('a' + nibble - 10) : ('0' + nibble);
    4540:	bf8c      	ite	hi
    4542:	3257      	addhi	r2, #87	@ 0x57
    4544:	3230      	addls	r2, #48	@ 0x30
			desc[2 + i * 4] = (nibble > 9) ? ('a' + nibble - 10) : ('0' + nibble);
    4546:	2b09      	cmp	r3, #9
    4548:	bf8c      	ite	hi
    454a:	3357      	addhi	r3, #87	@ 0x57
    454c:	3330      	addls	r3, #48	@ 0x30
		for(i=0; i<16; i++) {
    454e:	458e      	cmp	lr, r1
			desc[i * 4] = (nibble > 9) ? ('a' + nibble - 10) : ('0' + nibble);
    4550:	f880 207c 	strb.w	r2, [r0, #124]	@ 0x7c
			desc[2 + i * 4] = (nibble > 9) ? ('a' + nibble - 10) : ('0' + nibble);
    4554:	f880 307e 	strb.w	r3, [r0, #126]	@ 0x7e
			desc[3 + i * 4] = 0;
    4558:	f880 c07f 	strb.w	ip, [r0, #127]	@ 0x7f
		for(i=0; i<16; i++) {
    455c:	f100 0004 	add.w	r0, r0, #4
    4560:	d1e6      	bne.n	4530 <set_serial_descriptor+0x20>
		}
	}
}
    4562:	b008      	add	sp, #32
    4564:	bd10      	pop	{r4, pc}
    4566:	bf00      	nop

00004568 <ubertooth_usb_init>:

int ubertooth_usb_init(VendorRequestHandler *vendor_req_handler)
{
    4568:	b510      	push	{r4, lr}
    456a:	4604      	mov	r4, r0
	// initialise stack
	USBInit();
    456c:	f005 fee2 	bl	a334 <USBInit>

	set_serial_descriptor(abDescriptors);
    4570:	480f      	ldr	r0, [pc, #60]	@ (45b0 <ubertooth_usb_init+0x48>)
    4572:	f7ff ffcd 	bl	4510 <set_serial_descriptor>
	
	// register device descriptors
	USBRegisterDescriptors(abDescriptors);
    4576:	480e      	ldr	r0, [pc, #56]	@ (45b0 <ubertooth_usb_init+0x48>)
    4578:	f006 fa4a 	bl	aa10 <USBRegisterDescriptors>

	// Request handler
	v_req_handler = vendor_req_handler;
    457c:	4a0d      	ldr	r2, [pc, #52]	@ (45b4 <ubertooth_usb_init+0x4c>)

	// override standard request handler
	USBRegisterRequestHandler(REQTYPE_TYPE_VENDOR, usb_vendor_request_handler, abVendorReqData);
    457e:	2002      	movs	r0, #2
	v_req_handler = vendor_req_handler;
    4580:	f842 4b08 	str.w	r4, [r2], #8
	USBRegisterRequestHandler(REQTYPE_TYPE_VENDOR, usb_vendor_request_handler, abVendorReqData);
    4584:	490c      	ldr	r1, [pc, #48]	@ (45b8 <ubertooth_usb_init+0x50>)
    4586:	f005 fecb 	bl	a320 <USBRegisterRequestHandler>

	// register endpoints
	//USBHwRegisterEPIntHandler(BULK_IN_EP, usb_bulk_in_handler);
	USBHwRegisterEPIntHandler(BULK_OUT_EP, usb_bulk_out_handler);
    458a:	2005      	movs	r0, #5
    458c:	490b      	ldr	r1, [pc, #44]	@ (45bc <ubertooth_usb_init+0x54>)
    458e:	f005 ff37 	bl	a400 <USBHwRegisterEPIntHandler>

	// enable USB interrupts
	ISER0 = ISER0_ISE_USB;
    4592:	f04f 23e0 	mov.w	r3, #3758153728	@ 0xe000e000
    4596:	f04f 7280 	mov.w	r2, #16777216	@ 0x1000000

	// Enable WCID / driverless setup on Windows - Consumes Vendor Request 0xFF
	USBRegisterWinusbInterface(0xFF, "{8ac47a88-cc26-4aa9-887b-42ca8cf07a63}");
    459a:	4909      	ldr	r1, [pc, #36]	@ (45c0 <ubertooth_usb_init+0x58>)
	ISER0 = ISER0_ISE_USB;
    459c:	f8c3 2100 	str.w	r2, [r3, #256]	@ 0x100
	USBRegisterWinusbInterface(0xFF, "{8ac47a88-cc26-4aa9-887b-42ca8cf07a63}");
    45a0:	20ff      	movs	r0, #255	@ 0xff
    45a2:	f006 fa1d 	bl	a9e0 <USBRegisterWinusbInterface>

	// connect to bus
	USBHwConnect(TRUE);
    45a6:	2001      	movs	r0, #1
    45a8:	f005 ff7c 	bl	a4a4 <USBHwConnect>

	return 0;
}
    45ac:	2000      	movs	r0, #0
    45ae:	bd10      	pop	{r4, pc}
    45b0:	10000020 	.word	0x10000020
    45b4:	100001a8 	.word	0x100001a8
    45b8:	00004401 	.word	0x00004401
    45bc:	00004435 	.word	0x00004435
    45c0:	0000b008 	.word	0x0000b008

000045c4 <usb_send_sync>:

void usb_send_sync(void *buf, int size)
{
    45c4:	b538      	push	{r3, r4, r5, lr}
	u8 epstat;
	/* mask usb interrupt */
	ICER0 = ICER0_ICE_USB;
    45c6:	f04f 23e0 	mov.w	r3, #3758153728	@ 0xe000e000
    45ca:	f04f 7280 	mov.w	r2, #16777216	@ 0x1000000
{
    45ce:	4604      	mov	r4, r0
    45d0:	460d      	mov	r5, r1
	ICER0 = ICER0_ICE_USB;
    45d2:	f8c3 2180 	str.w	r2, [r3, #384]	@ 0x180
	
	/* flush usb buffers */
	do {
		epstat = USBHwEPGetStatus(BULK_IN_EP);
    45d6:	2082      	movs	r0, #130	@ 0x82
    45d8:	f005 ff8a 	bl	a4f0 <USBHwEPGetStatus>
	} while(epstat & (EPSTAT_B1FULL|EPSTAT_B2FULL));
    45dc:	f010 0f60 	tst.w	r0, #96	@ 0x60
    45e0:	d1f9      	bne.n	45d6 <usb_send_sync+0x12>

	size = MIN(size, MAX_PACKET_SIZE);

	USBHwEPWrite(BULK_IN_EP, buf, size);
    45e2:	2d40      	cmp	r5, #64	@ 0x40
    45e4:	462a      	mov	r2, r5
    45e6:	4621      	mov	r1, r4
    45e8:	bfa8      	it	ge
    45ea:	2240      	movge	r2, #64	@ 0x40
    45ec:	2082      	movs	r0, #130	@ 0x82
    45ee:	f005 ffd3 	bl	a598 <USBHwEPWrite>
	
	/* polled "interrupt" */
	USBHwISR();
    45f2:	f006 f8c1 	bl	a778 <USBHwISR>

	/* restore usb interrupt */
	ISER0 = ICER0_ICE_USB;
    45f6:	f04f 23e0 	mov.w	r3, #3758153728	@ 0xe000e000
    45fa:	f04f 7280 	mov.w	r2, #16777216	@ 0x1000000
    45fe:	f8c3 2100 	str.w	r2, [r3, #256]	@ 0x100
}
    4602:	bd38      	pop	{r3, r4, r5, pc}

00004604 <usb_work>:

int usb_work(void)
{
    4604:	e92d 43f0 	stmdb	sp!, {r4, r5, r6, r7, r8, r9, lr}
    4608:	b093      	sub	sp, #76	@ 0x4c
	uint16_t full_len, buf_idx = 0;
	unsigned buf_avail = MAX_PACKET_SIZE;
	int work = 0;

	/* mask usb interrupt */
	ICER0 = ICER0_ICE_USB;
    460a:	f04f 23e0 	mov.w	r3, #3758153728	@ 0xe000e000
    460e:	f04f 7280 	mov.w	r2, #16777216	@ 0x1000000

	epstat = USBHwEPGetStatus(BULK_IN_EP);
    4612:	2082      	movs	r0, #130	@ 0x82
	ICER0 = ICER0_ICE_USB;
    4614:	f8c3 2180 	str.w	r2, [r3, #384]	@ 0x180
	epstat = USBHwEPGetStatus(BULK_IN_EP);
    4618:	f005 ff6a 	bl	a4f0 <USBHwEPGetStatus>
	b1full = epstat & EPSTAT_B1FULL;
	b2full = epstat & EPSTAT_B2FULL;

	/* If both buffers are full, do nothing */
	if (b1full && b2full)
    461c:	f000 0360 	and.w	r3, r0, #96	@ 0x60
    4620:	2b60      	cmp	r3, #96	@ 0x60
	epstat = USBHwEPGetStatus(BULK_IN_EP);
    4622:	4604      	mov	r4, r0
	if (b1full && b2full)
    4624:	d072      	beq.n	470c <usb_work+0x108>
	{
		goto end;
	}
	if (!tx_msg)
    4626:	4d4a      	ldr	r5, [pc, #296]	@ (4750 <usb_work+0x14c>)
    4628:	f8d5 310c 	ldr.w	r3, [r5, #268]	@ 0x10c
    462c:	2b00      	cmp	r3, #0
    462e:	d06f      	beq.n	4710 <usb_work+0x10c>
		buf[2] = full_len & 0xff;
		buf[3] = full_len >> 8;
		buf_idx = 4;
	}
	else{
		buf[0] = BTUSB_MSG_CONT;
    4630:	2243      	movs	r2, #67	@ 0x43
	return (int)(msg->write - msg->read);
    4632:	f04f 0e3f 	mov.w	lr, #63	@ 0x3f
    4636:	2001      	movs	r0, #1
    4638:	f88d 2008 	strb.w	r2, [sp, #8]
    463c:	4680      	mov	r8, r0
    463e:	4672      	mov	r2, lr
    4640:	689e      	ldr	r6, [r3, #8]
    4642:	6859      	ldr	r1, [r3, #4]
    4644:	eba6 0c01 	sub.w	ip, r6, r1
		buf_idx = 1;
	}
	// now we should have a msg to send
	len = MIN(msg_read_avail(tx_msg), MAX_PACKET_SIZE-buf_idx);
    4648:	4562      	cmp	r2, ip
	b1full = epstat & EPSTAT_B1FULL;
    464a:	f004 0720 	and.w	r7, r4, #32
	len = MIN(msg_read_avail(tx_msg), MAX_PACKET_SIZE-buf_idx);
    464e:	dc2e      	bgt.n	46ae <usb_work+0xaa>
	if (len && !b1full)
    4650:	2f00      	cmp	r7, #0
    4652:	d13a      	bne.n	46ca <usb_work+0xc6>
	{
		memcpy(buf+buf_idx, msg_pull(tx_msg, len), len);
    4654:	aa02      	add	r2, sp, #8
static inline uint8_t *msg_pull(msg_t *msg, unsigned int len)
{
	uint8_t *read = msg->read;
	if (msg_read_avail(msg) < (int) len)
		DIE("msg_pull: short buf\n");
	msg->read += len;
    4656:	2740      	movs	r7, #64	@ 0x40
    4658:	4691      	mov	r9, r2
    465a:	4410      	add	r0, r2
    465c:	eb01 060e 	add.w	r6, r1, lr
    4660:	4672      	mov	r2, lr
    4662:	605e      	str	r6, [r3, #4]
    4664:	f7ff fd32 	bl	40cc <__aeabi_memcpy>
		USBHwEPWrite(BULK_IN_EP, buf, buf_idx+len);
    4668:	463a      	mov	r2, r7
    466a:	4649      	mov	r1, r9
    466c:	2082      	movs	r0, #130	@ 0x82
    466e:	f005 ff93 	bl	a598 <USBHwEPWrite>
		buf[0] = BTUSB_MSG_CONT;
    4672:	2243      	movs	r2, #67	@ 0x43
		buf_idx = 1;
		/* length for second buffer */
		len = MIN(msg_read_avail(tx_msg),MAX_PACKET_SIZE-buf_idx);
    4674:	f8d5 310c 	ldr.w	r3, [r5, #268]	@ 0x10c
		buf[0] = BTUSB_MSG_CONT;
    4678:	f88d 2008 	strb.w	r2, [sp, #8]
	return (int)(msg->write - msg->read);
    467c:	e9d3 1201 	ldrd	r1, r2, [r3, #4]
    4680:	1a52      	subs	r2, r2, r1
		len = MIN(msg_read_avail(tx_msg),MAX_PACKET_SIZE-buf_idx);
    4682:	2a3e      	cmp	r2, #62	@ 0x3e
    4684:	dc1e      	bgt.n	46c4 <usb_work+0xc0>
	}
	if (len && !b2full)
    4686:	2a00      	cmp	r2, #0
    4688:	d15e      	bne.n	4748 <usb_work+0x144>
	{
		memcpy(buf+buf_idx, msg_pull(tx_msg, len), len);
		USBHwEPWrite(BULK_IN_EP, buf, buf_idx+len);
	}
	/* polled "interrupt" */
	USBHwISR();
    468a:	f006 f875 	bl	a778 <USBHwISR>

	/* Free message if completed */
	if (!msg_read_avail(tx_msg))
    468e:	f8d5 010c 	ldr.w	r0, [r5, #268]	@ 0x10c
    4692:	e9d0 3201 	ldrd	r3, r2, [r0, #4]
    4696:	429a      	cmp	r2, r3
    4698:	d02e      	beq.n	46f8 <usb_work+0xf4>
	{
		/* Done with this message */
		msg_free(tx_msg);
		tx_msg = NULL;
	}
	work = 1;
    469a:	2001      	movs	r0, #1
end:
	ISER0 = ISER0_ISE_USB;
    469c:	f04f 23e0 	mov.w	r3, #3758153728	@ 0xe000e000
    46a0:	f04f 7280 	mov.w	r2, #16777216	@ 0x1000000
    46a4:	f8c3 2100 	str.w	r2, [r3, #256]	@ 0x100
	return work;
}
    46a8:	b013      	add	sp, #76	@ 0x4c
    46aa:	e8bd 83f0 	ldmia.w	sp!, {r4, r5, r6, r7, r8, r9, pc}
	if (len && !b1full)
    46ae:	f1bc 0f00 	cmp.w	ip, #0
    46b2:	d0ea      	beq.n	468a <usb_work+0x86>
    46b4:	bb37      	cbnz	r7, 4704 <usb_work+0x100>
		memcpy(buf+buf_idx, msg_pull(tx_msg, len), len);
    46b6:	aa02      	add	r2, sp, #8
    46b8:	46e6      	mov	lr, ip
    46ba:	4691      	mov	r9, r2
    46bc:	4410      	add	r0, r2
		USBHwEPWrite(BULK_IN_EP, buf, buf_idx+len);
    46be:	eb08 070c 	add.w	r7, r8, ip
    46c2:	e7cd      	b.n	4660 <usb_work+0x5c>
    46c4:	2001      	movs	r0, #1
		len = MIN(msg_read_avail(tx_msg),MAX_PACKET_SIZE-buf_idx);
    46c6:	223f      	movs	r2, #63	@ 0x3f
    46c8:	4680      	mov	r8, r0
	if (len && !b2full)
    46ca:	0664      	lsls	r4, r4, #25
    46cc:	d4dd      	bmi.n	468a <usb_work+0x86>
	msg->read += len;
    46ce:	188c      	adds	r4, r1, r2
    46d0:	605c      	str	r4, [r3, #4]
		memcpy(buf+buf_idx, msg_pull(tx_msg, len), len);
    46d2:	ac02      	add	r4, sp, #8
    46d4:	4420      	add	r0, r4
    46d6:	9201      	str	r2, [sp, #4]
    46d8:	f7ff fcf8 	bl	40cc <__aeabi_memcpy>
		USBHwEPWrite(BULK_IN_EP, buf, buf_idx+len);
    46dc:	9a01      	ldr	r2, [sp, #4]
    46de:	4621      	mov	r1, r4
    46e0:	4442      	add	r2, r8
    46e2:	2082      	movs	r0, #130	@ 0x82
    46e4:	f005 ff58 	bl	a598 <USBHwEPWrite>
	USBHwISR();
    46e8:	f006 f846 	bl	a778 <USBHwISR>
	if (!msg_read_avail(tx_msg))
    46ec:	f8d5 010c 	ldr.w	r0, [r5, #268]	@ 0x10c
    46f0:	e9d0 3201 	ldrd	r3, r2, [r0, #4]
    46f4:	429a      	cmp	r2, r3
    46f6:	d1d0      	bne.n	469a <usb_work+0x96>
	btctl_mem_free(msg);
    46f8:	f001 fad2 	bl	5ca0 <mem_pool_free>
		tx_msg = NULL;
    46fc:	2300      	movs	r3, #0
    46fe:	f8c5 310c 	str.w	r3, [r5, #268]	@ 0x10c
    4702:	e7ca      	b.n	469a <usb_work+0x96>
	if (len && !b2full)
    4704:	0664      	lsls	r4, r4, #25
	if (len && !b1full)
    4706:	4662      	mov	r2, ip
	if (len && !b2full)
    4708:	d4bf      	bmi.n	468a <usb_work+0x86>
    470a:	e7e0      	b.n	46ce <usb_work+0xca>
	int work = 0;
    470c:	2000      	movs	r0, #0
    470e:	e7c5      	b.n	469c <usb_work+0x98>
	__asm__ __volatile__ (
    4710:	f3ef 8610 	mrs	r6, PRIMASK
    4714:	b672      	cpsid	i
	msg = msg_dequeue(q);
    4716:	480f      	ldr	r0, [pc, #60]	@ (4754 <usb_work+0x150>)
    4718:	f002 fa50 	bl	6bbc <msg_dequeue>
    471c:	4603      	mov	r3, r0
	__asm__ __volatile__ (
    471e:	f386 8810 	msr	PRIMASK, r6
		if(!(tx_msg = btctl_tx_dequeue()))
    4722:	f8c5 010c 	str.w	r0, [r5, #268]	@ 0x10c
    4726:	2800      	cmp	r0, #0
    4728:	d0f0      	beq.n	470c <usb_work+0x108>
	return (int)(msg->write - msg->read);
    472a:	e9d0 1601 	ldrd	r1, r6, [r0, #4]
		buf[0] = BTUSB_MSG_START;
    472e:	2253      	movs	r2, #83	@ 0x53
    4730:	f04f 0e3c 	mov.w	lr, #60	@ 0x3c
    4734:	2004      	movs	r0, #4
    4736:	eba6 0c01 	sub.w	ip, r6, r1
    473a:	f8ad 2008 	strh.w	r2, [sp, #8]
    473e:	4680      	mov	r8, r0
    4740:	4672      	mov	r2, lr
		buf[2] = full_len & 0xff;
    4742:	f8ad c00a 	strh.w	ip, [sp, #10]
		buf_idx = 4;
    4746:	e77f      	b.n	4648 <usb_work+0x44>
    4748:	2001      	movs	r0, #1
    474a:	4680      	mov	r8, r0
    474c:	e7bd      	b.n	46ca <usb_work+0xc6>
    474e:	bf00      	nop
    4750:	100001a8 	.word	0x100001a8
    4754:	100002e4 	.word	0x100002e4

00004758 <vendor_request_handler>:
{
	btctl_rx_enqueue(btctl_msg_alloc(BTCTL_RESET_REQ));
}

int vendor_request_handler(uint8_t request, uint16_t* request_params, uint8_t* data, int* data_len)
{
    4758:	b510      	push	{r4, lr}
    475a:	b082      	sub	sp, #8
	usb_pkt_rx* p = NULL;
	uint16_t reg_val;
	uint8_t i;
	unsigned data_in_len = request_params[2];

	switch (request) {
    475c:	2823      	cmp	r0, #35	@ 0x23
    475e:	d825      	bhi.n	47ac <vendor_request_handler+0x54>
    4760:	e8df f010 	tbh	[pc, r0, lsl #1]
    4764:	002400d1 	.word	0x002400d1
    4768:	00c90024 	.word	0x00c90024
    476c:	00ba00c2 	.word	0x00ba00c2
    4770:	00d400e2 	.word	0x00d400e2
    4774:	00b200dc 	.word	0x00b200dc
    4778:	002400ab 	.word	0x002400ab
    477c:	00a80024 	.word	0x00a80024
    4780:	009e00a3 	.word	0x009e00a3
    4784:	008f0096 	.word	0x008f0096
    4788:	00800087 	.word	0x00800087
    478c:	00240024 	.word	0x00240024
    4790:	00240024 	.word	0x00240024
    4794:	005a0079 	.word	0x005a0079
    4798:	00240024 	.word	0x00240024
    479c:	0044004d 	.word	0x0044004d
    47a0:	00240024 	.word	0x00240024
    47a4:	002d0024 	.word	0x002d0024
    47a8:	00270024 	.word	0x00270024
    47ac:	2000      	movs	r0, #0

	default:
		return 0;
	}
	return 1;
}
    47ae:	b002      	add	sp, #8
    47b0:	bd10      	pop	{r4, pc}
		data[0] = BOARD_ID;
    47b2:	2101      	movs	r1, #1
    47b4:	7011      	strb	r1, [r2, #0]
		*data_len = 1;
    47b6:	6019      	str	r1, [r3, #0]
	return 1;
    47b8:	2001      	movs	r0, #1
}
    47ba:	b002      	add	sp, #8
    47bc:	bd10      	pop	{r4, pc}
		data[0] = 0x00;
    47be:	f04f 0100 	mov.w	r1, #0
		length = (u8)strlen(GIT_REVISION);
    47c2:	485c      	ldr	r0, [pc, #368]	@ (4934 <vendor_request_handler+0x1dc>)
		data[0] = 0x00;
    47c4:	8011      	strh	r1, [r2, #0]
    47c6:	9301      	str	r3, [sp, #4]
    47c8:	9200      	str	r2, [sp, #0]
		length = (u8)strlen(GIT_REVISION);
    47ca:	f006 fba7 	bl	af1c <strlen>
    47ce:	4684      	mov	ip, r0
		memcpy(&data[3], GIT_REVISION, length);
    47d0:	9a00      	ldr	r2, [sp, #0]
    47d2:	fa5f f48c 	uxtb.w	r4, ip
    47d6:	1cd0      	adds	r0, r2, #3
		length = (u8)strlen(GIT_REVISION);
    47d8:	f882 c002 	strb.w	ip, [r2, #2]
		memcpy(&data[3], GIT_REVISION, length);
    47dc:	4955      	ldr	r1, [pc, #340]	@ (4934 <vendor_request_handler+0x1dc>)
    47de:	4622      	mov	r2, r4
    47e0:	f7ff fc74 	bl	40cc <__aeabi_memcpy>
		*data_len = 2 + 1 + length;
    47e4:	9b01      	ldr	r3, [sp, #4]
    47e6:	1ce2      	adds	r2, r4, #3
    47e8:	601a      	str	r2, [r3, #0]
		break;
    47ea:	e7e5      	b.n	47b8 <vendor_request_handler+0x60>
		if( request_params[0] < 8 ) {
    47ec:	8809      	ldrh	r1, [r1, #0]
    47ee:	2907      	cmp	r1, #7
    47f0:	d8dc      	bhi.n	47ac <vendor_request_handler+0x54>
			cc2400_set(FREND, 8 | request_params[0]);
    47f2:	2005      	movs	r0, #5
    47f4:	f041 0108 	orr.w	r1, r1, #8
    47f8:	f005 f932 	bl	9a60 <cc2400_set>
		break;
    47fc:	e7dc      	b.n	47b8 <vendor_request_handler+0x60>
		data[0] = cc2400_get(FREND) & 0x7;
    47fe:	2005      	movs	r0, #5
    4800:	e9cd 2300 	strd	r2, r3, [sp]
    4804:	f005 f8fa 	bl	99fc <cc2400_get>
		*data_len = 1;
    4808:	2101      	movs	r1, #1
		data[0] = cc2400_get(FREND) & 0x7;
    480a:	9a00      	ldr	r2, [sp, #0]
		*data_len = 1;
    480c:	9b01      	ldr	r3, [sp, #4]
		data[0] = cc2400_get(FREND) & 0x7;
    480e:	f000 0007 	and.w	r0, r0, #7
    4812:	7010      	strb	r0, [r2, #0]
		*data_len = 1;
    4814:	6019      	str	r1, [r3, #0]
		break;
    4816:	e7cf      	b.n	47b8 <vendor_request_handler+0x60>
	msg_t *msg = (msg_t*)btctl_mem_alloc(sizeof(msg_t)+size);
    4818:	f44f 70ba 	mov.w	r0, #372	@ 0x174
		bootloader_ctrl = DFU_MODE;
    481c:	4b46      	ldr	r3, [pc, #280]	@ (4938 <vendor_request_handler+0x1e0>)
    481e:	4a47      	ldr	r2, [pc, #284]	@ (493c <vendor_request_handler+0x1e4>)
    4820:	601a      	str	r2, [r3, #0]
    4822:	f001 fa19 	bl	5c58 <mem_pool_alloc>
    4826:	4601      	mov	r1, r0
	hdr->type = type;
    4828:	2314      	movs	r3, #20
	msg->data_len = size;
    482a:	f44f 70b4 	mov.w	r0, #360	@ 0x168
	msg->write = msg->data;
    482e:	f101 0c0c 	add.w	ip, r1, #12
        msg->write += len;
    4832:	f101 0210 	add.w	r2, r1, #16
	msg->read = msg->data;
    4836:	f8c1 c004 	str.w	ip, [r1, #4]
	msg->data_len = size;
    483a:	8048      	strh	r0, [r1, #2]
        msg->write += len;
    483c:	608a      	str	r2, [r1, #8]
    483e:	730b      	strb	r3, [r1, #12]
	__asm__ __volatile__ (
    4840:	f3ef 8310 	mrs	r3, PRIMASK
    4844:	b672      	cpsid	i
	rc = msg_enqueue(q, msg);
    4846:	483e      	ldr	r0, [pc, #248]	@ (4940 <vendor_request_handler+0x1e8>)
    4848:	9300      	str	r3, [sp, #0]
    484a:	f002 f9cd 	bl	6be8 <msg_enqueue>
	__asm__ __volatile__ (
    484e:	9b00      	ldr	r3, [sp, #0]
    4850:	f383 8810 	msr	PRIMASK, r3
}
    4854:	e7b0      	b.n	47b8 <vendor_request_handler+0x60>
    4856:	9300      	str	r3, [sp, #0]
		set_isp();
    4858:	f005 fcb0 	bl	a1bc <set_isp>
		*data_len = 0; /* should never return */
    485c:	2200      	movs	r2, #0
    485e:	9b00      	ldr	r3, [sp, #0]
    4860:	601a      	str	r2, [r3, #0]
		break;
    4862:	e7a9      	b.n	47b8 <vendor_request_handler+0x60>
		if (request_params[0])
    4864:	880b      	ldrh	r3, [r1, #0]
			HGM_SET;
    4866:	f44f 7280 	mov.w	r2, #256	@ 0x100
		if (request_params[0])
    486a:	b173      	cbz	r3, 488a <vendor_request_handler+0x132>
			HGM_SET;
    486c:	4b35      	ldr	r3, [pc, #212]	@ (4944 <vendor_request_handler+0x1ec>)
    486e:	659a      	str	r2, [r3, #88]	@ 0x58
    4870:	e7a2      	b.n	47b8 <vendor_request_handler+0x60>
		*data_len = 1;
    4872:	2001      	movs	r0, #1
		data[0] = (HGM) ? 1 : 0;
    4874:	4933      	ldr	r1, [pc, #204]	@ (4944 <vendor_request_handler+0x1ec>)
    4876:	6d49      	ldr	r1, [r1, #84]	@ 0x54
    4878:	f3c1 2100 	ubfx	r1, r1, #8, #1
    487c:	7011      	strb	r1, [r2, #0]
		*data_len = 1;
    487e:	6018      	str	r0, [r3, #0]
		break;
    4880:	e79a      	b.n	47b8 <vendor_request_handler+0x60>
		if (request_params[0])
    4882:	880b      	ldrh	r3, [r1, #0]
			PAEN_SET;
    4884:	2280      	movs	r2, #128	@ 0x80
		if (request_params[0])
    4886:	2b00      	cmp	r3, #0
    4888:	d1f0      	bne.n	486c <vendor_request_handler+0x114>
			HGM_CLR;
    488a:	4b2e      	ldr	r3, [pc, #184]	@ (4944 <vendor_request_handler+0x1ec>)
    488c:	65da      	str	r2, [r3, #92]	@ 0x5c
    488e:	e793      	b.n	47b8 <vendor_request_handler+0x60>
		*data_len = 1;
    4890:	2001      	movs	r0, #1
		data[0] = (PAEN) ? 1 : 0;
    4892:	492c      	ldr	r1, [pc, #176]	@ (4944 <vendor_request_handler+0x1ec>)
    4894:	6d49      	ldr	r1, [r1, #84]	@ 0x54
    4896:	f3c1 11c0 	ubfx	r1, r1, #7, #1
    489a:	7011      	strb	r1, [r2, #0]
		*data_len = 1;
    489c:	6018      	str	r0, [r3, #0]
		break;
    489e:	e78b      	b.n	47b8 <vendor_request_handler+0x60>
		get_part_num(data, data_len);
    48a0:	4619      	mov	r1, r3
    48a2:	4610      	mov	r0, r2
    48a4:	f005 fc16 	bl	a0d4 <get_part_num>
		break;
    48a8:	e786      	b.n	47b8 <vendor_request_handler+0x60>
		get_device_serial(data, data_len);
    48aa:	4619      	mov	r1, r3
    48ac:	4610      	mov	r0, r2
    48ae:	f005 fc31 	bl	a114 <get_device_serial>
		break;
    48b2:	e781      	b.n	47b8 <vendor_request_handler+0x60>
	msg_t *msg = (msg_t*)btctl_mem_alloc(sizeof(msg_t)+size);
    48b4:	f44f 70ba 	mov.w	r0, #372	@ 0x174
    48b8:	e7b3      	b.n	4822 <vendor_request_handler+0xca>
		if (request_params[0])
    48ba:	880b      	ldrh	r3, [r1, #0]
			CC1V8_SET;
    48bc:	f44f 7200 	mov.w	r2, #512	@ 0x200
		if (request_params[0])
    48c0:	b1b3      	cbz	r3, 48f0 <vendor_request_handler+0x198>
			CC1V8_SET;
    48c2:	4b20      	ldr	r3, [pc, #128]	@ (4944 <vendor_request_handler+0x1ec>)
    48c4:	639a      	str	r2, [r3, #56]	@ 0x38
    48c6:	e777      	b.n	47b8 <vendor_request_handler+0x60>
		*data_len = 1;
    48c8:	2001      	movs	r0, #1
		data[0] = (CC1V8) ? 1 : 0;
    48ca:	491e      	ldr	r1, [pc, #120]	@ (4944 <vendor_request_handler+0x1ec>)
    48cc:	6b49      	ldr	r1, [r1, #52]	@ 0x34
    48ce:	f3c1 2140 	ubfx	r1, r1, #9, #1
    48d2:	7011      	strb	r1, [r2, #0]
		*data_len = 1;
    48d4:	6018      	str	r0, [r3, #0]
		break;
    48d6:	e76f      	b.n	47b8 <vendor_request_handler+0x60>
		*data_len = 1;
    48d8:	2001      	movs	r0, #1
		data[0] = (RXLED) ? 1 : 0;
    48da:	491a      	ldr	r1, [pc, #104]	@ (4944 <vendor_request_handler+0x1ec>)
    48dc:	6b49      	ldr	r1, [r1, #52]	@ 0x34
    48de:	f3c1 1100 	ubfx	r1, r1, #4, #1
    48e2:	7011      	strb	r1, [r2, #0]
		*data_len = 1;
    48e4:	6018      	str	r0, [r3, #0]
		break;
    48e6:	e767      	b.n	47b8 <vendor_request_handler+0x60>
		if (request_params[0])
    48e8:	880b      	ldrh	r3, [r1, #0]
			USRLED_SET;
    48ea:	2202      	movs	r2, #2
		if (request_params[0])
    48ec:	2b00      	cmp	r3, #0
    48ee:	d1e8      	bne.n	48c2 <vendor_request_handler+0x16a>
			CC1V8_CLR;
    48f0:	4b14      	ldr	r3, [pc, #80]	@ (4944 <vendor_request_handler+0x1ec>)
    48f2:	63da      	str	r2, [r3, #60]	@ 0x3c
    48f4:	e760      	b.n	47b8 <vendor_request_handler+0x60>
		*data_len = 1;
    48f6:	2001      	movs	r0, #1
		data[0] = (USRLED) ? 1 : 0;
    48f8:	4912      	ldr	r1, [pc, #72]	@ (4944 <vendor_request_handler+0x1ec>)
    48fa:	6b49      	ldr	r1, [r1, #52]	@ 0x34
    48fc:	f3c1 0140 	ubfx	r1, r1, #1, #1
    4900:	7011      	strb	r1, [r2, #0]
		*data_len = 1;
    4902:	6018      	str	r0, [r3, #0]
		break;
    4904:	e758      	b.n	47b8 <vendor_request_handler+0x60>
		*data_len = 0;
    4906:	2200      	movs	r2, #0
    4908:	601a      	str	r2, [r3, #0]
		break;
    490a:	e755      	b.n	47b8 <vendor_request_handler+0x60>
		*data_len = 1;
    490c:	2001      	movs	r0, #1
		data[0] = (TXLED) ? 1 : 0;
    490e:	490d      	ldr	r1, [pc, #52]	@ (4944 <vendor_request_handler+0x1ec>)
    4910:	6b49      	ldr	r1, [r1, #52]	@ 0x34
    4912:	f3c1 2100 	ubfx	r1, r1, #8, #1
    4916:	7011      	strb	r1, [r2, #0]
		*data_len = 1;
    4918:	6018      	str	r0, [r3, #0]
		break;
    491a:	e74d      	b.n	47b8 <vendor_request_handler+0x60>
		if (request_params[0])
    491c:	880b      	ldrh	r3, [r1, #0]
			TXLED_SET;
    491e:	f44f 7280 	mov.w	r2, #256	@ 0x100
		if (request_params[0])
    4922:	2b00      	cmp	r3, #0
    4924:	d0e4      	beq.n	48f0 <vendor_request_handler+0x198>
    4926:	e7cc      	b.n	48c2 <vendor_request_handler+0x16a>
		if (request_params[0])
    4928:	880b      	ldrh	r3, [r1, #0]
			RXLED_SET;
    492a:	2210      	movs	r2, #16
		if (request_params[0])
    492c:	2b00      	cmp	r3, #0
    492e:	d0df      	beq.n	48f0 <vendor_request_handler+0x198>
    4930:	e7c7      	b.n	48c2 <vendor_request_handler+0x16a>
    4932:	bf00      	nop
    4934:	0000b030 	.word	0x0000b030
    4938:	1000001c 	.word	0x1000001c
    493c:	4305bb21 	.word	0x4305bb21
    4940:	100002bc 	.word	0x100002bc
    4944:	2009c000 	.word	0x2009c000

00004948 <btctl_set_state>:
		name = "TODO";
	return name;
}

void btctl_set_state(btctl_state_t state, btctl_reason_t reason)
{
    4948:	e92d 43f0 	stmdb	sp!, {r4, r5, r6, r7, r8, r9, lr}
    494c:	b083      	sub	sp, #12
    494e:	4604      	mov	r4, r0
    4950:	4689      	mov	r9, r1
	__asm__ __volatile__ (
    4952:	f3ef 8710 	mrs	r7, PRIMASK
    4956:	b672      	cpsid	i
	uint32_t flags = irq_save_disable();
	btctl_state_t old_state = btctl.state;
    4958:	4d44      	ldr	r5, [pc, #272]	@ (4a6c <btctl_set_state+0x124>)
    495a:	782b      	ldrb	r3, [r5, #0]
	if (state >= BTCTL_STATE_COUNT)
    495c:	2b05      	cmp	r3, #5
    495e:	d855      	bhi.n	4a0c <btctl_set_state+0xc4>
	name = btctl_state_name_tbl[state];
    4960:	4e43      	ldr	r6, [pc, #268]	@ (4a70 <btctl_set_state+0x128>)
		name = "TODO";
    4962:	4a44      	ldr	r2, [pc, #272]	@ (4a74 <btctl_set_state+0x12c>)
	name = btctl_state_name_tbl[state];
    4964:	f856 1023 	ldr.w	r1, [r6, r3, lsl #2]
		name = "TODO";
    4968:	2900      	cmp	r1, #0
    496a:	bf08      	it	eq
    496c:	4611      	moveq	r1, r2
	if (state >= BTCTL_STATE_COUNT)
    496e:	2805      	cmp	r0, #5
    4970:	d824      	bhi.n	49bc <btctl_set_state+0x74>
	name = btctl_state_name_tbl[state];
    4972:	f856 2024 	ldr.w	r2, [r6, r4, lsl #2]

#if 1
	cprintf("State %s -> %s\n",
    4976:	f8df 80fc 	ldr.w	r8, [pc, #252]	@ 4a74 <btctl_set_state+0x12c>
    497a:	483f      	ldr	r0, [pc, #252]	@ (4a78 <btctl_set_state+0x130>)
    497c:	2a00      	cmp	r2, #0
    497e:	bf08      	it	eq
    4980:	4642      	moveq	r2, r8
    4982:	9301      	str	r3, [sp, #4]
    4984:	f001 fae0 	bl	5f48 <cprintf>
	if (next == BTCTL_STATE_STANDBY)
    4988:	9b01      	ldr	r3, [sp, #4]
    498a:	b934      	cbnz	r4, 499a <btctl_set_state+0x52>
		irq_restore(flags);
		DIE("Invalid state transition %s -> %s\n",
			btctl_state_name(old_state),
			btctl_state_name(state));
	}
	btctl.state = state;
    498c:	702c      	strb	r4, [r5, #0]
	__asm__ __volatile__ (
    498e:	f387 8810 	msr	PRIMASK, r7
	irq_restore(flags);
	if (!(old_state == BTCTL_STATE_STANDBY && state == BTCTL_STATE_STANDBY))
    4992:	b9f3      	cbnz	r3, 49d2 <btctl_set_state+0x8a>
		btctl_send_state_resp(state, reason);
}
    4994:	b003      	add	sp, #12
    4996:	e8bd 83f0 	ldmia.w	sp!, {r4, r5, r6, r7, r8, r9, pc}
	if (next == BTCTL_STATE_CONNECTED)
    499a:	2c03      	cmp	r4, #3
    499c:	d03b      	beq.n	4a16 <btctl_set_state+0xce>
	if (!btctl_state_transition_valid(old_state, state))
    499e:	b1ab      	cbz	r3, 49cc <btctl_set_state+0x84>
    49a0:	f387 8810 	msr	PRIMASK, r7
	if (state >= BTCTL_STATE_COUNT)
    49a4:	2b05      	cmp	r3, #5
    49a6:	d855      	bhi.n	4a54 <btctl_set_state+0x10c>
	name = btctl_state_name_tbl[state];
    49a8:	f856 1023 	ldr.w	r1, [r6, r3, lsl #2]
		name = "TODO";
    49ac:	4b31      	ldr	r3, [pc, #196]	@ (4a74 <btctl_set_state+0x12c>)
    49ae:	2900      	cmp	r1, #0
    49b0:	bf08      	it	eq
    49b2:	4619      	moveq	r1, r3
	if (state >= BTCTL_STATE_COUNT)
    49b4:	2c05      	cmp	r4, #5
    49b6:	d94e      	bls.n	4a56 <btctl_set_state+0x10e>
		return "Invalid";
    49b8:	4a30      	ldr	r2, [pc, #192]	@ (4a7c <btctl_set_state+0x134>)
    49ba:	e046      	b.n	4a4a <btctl_set_state+0x102>
	cprintf("State %s -> %s\n",
    49bc:	4a2f      	ldr	r2, [pc, #188]	@ (4a7c <btctl_set_state+0x134>)
    49be:	482e      	ldr	r0, [pc, #184]	@ (4a78 <btctl_set_state+0x130>)
    49c0:	9301      	str	r3, [sp, #4]
    49c2:	f001 fac1 	bl	5f48 <cprintf>
	if (!btctl_state_transition_valid(old_state, state))
    49c6:	9b01      	ldr	r3, [sp, #4]
    49c8:	2b00      	cmp	r3, #0
    49ca:	d14b      	bne.n	4a64 <btctl_set_state+0x11c>
	btctl.state = state;
    49cc:	702c      	strb	r4, [r5, #0]
    49ce:	f387 8810 	msr	PRIMASK, r7
    49d2:	f44f 70ba 	mov.w	r0, #372	@ 0x174
    49d6:	f001 f93f 	bl	5c58 <mem_pool_alloc>
	msg->data_len = size;
    49da:	f44f 73b4 	mov.w	r3, #360	@ 0x168
	msg_t *msg = (msg_t*)btctl_mem_alloc(sizeof(msg_t)+size);
    49de:	4601      	mov	r1, r0
	hdr->type = type;
    49e0:	2229      	movs	r2, #41	@ 0x29
	msg->write = msg->data;
    49e2:	300c      	adds	r0, #12
	msg->data_len = size;
    49e4:	804b      	strh	r3, [r1, #2]
        msg->write += len;
    49e6:	f101 0312 	add.w	r3, r1, #18
	msg->read = msg->data;
    49ea:	6048      	str	r0, [r1, #4]
    49ec:	730a      	strb	r2, [r1, #12]
        msg->write += len;
    49ee:	608b      	str	r3, [r1, #8]
	resp->state = state;
    49f0:	740c      	strb	r4, [r1, #16]
	resp->reason = reason;
    49f2:	f881 9011 	strb.w	r9, [r1, #17]
	__asm__ __volatile__ (
    49f6:	f3ef 8410 	mrs	r4, PRIMASK
    49fa:	b672      	cpsid	i
	rc = msg_enqueue(q, msg);
    49fc:	4820      	ldr	r0, [pc, #128]	@ (4a80 <btctl_set_state+0x138>)
    49fe:	f002 f8f3 	bl	6be8 <msg_enqueue>
	__asm__ __volatile__ (
    4a02:	f384 8810 	msr	PRIMASK, r4
}
    4a06:	b003      	add	sp, #12
    4a08:	e8bd 83f0 	ldmia.w	sp!, {r4, r5, r6, r7, r8, r9, pc}
	if (state >= BTCTL_STATE_COUNT)
    4a0c:	2805      	cmp	r0, #5
    4a0e:	d813      	bhi.n	4a38 <btctl_set_state+0xf0>
		return "Invalid";
    4a10:	491a      	ldr	r1, [pc, #104]	@ (4a7c <btctl_set_state+0x134>)
    4a12:	4e17      	ldr	r6, [pc, #92]	@ (4a70 <btctl_set_state+0x128>)
    4a14:	e7ad      	b.n	4972 <btctl_set_state+0x2a>
			|| cur == BTCTL_STATE_CONNECTED;
    4a16:	2b02      	cmp	r3, #2
    4a18:	d0d8      	beq.n	49cc <btctl_set_state+0x84>
			|| cur == BTCTL_STATE_PAGE_SCAN
    4a1a:	2b05      	cmp	r3, #5
    4a1c:	d0d6      	beq.n	49cc <btctl_set_state+0x84>
			|| cur == BTCTL_STATE_CONNECTED;
    4a1e:	2b03      	cmp	r3, #3
    4a20:	d0d4      	beq.n	49cc <btctl_set_state+0x84>
    4a22:	f387 8810 	msr	PRIMASK, r7
	if (state >= BTCTL_STATE_COUNT)
    4a26:	2b05      	cmp	r3, #5
    4a28:	d812      	bhi.n	4a50 <btctl_set_state+0x108>
	name = btctl_state_name_tbl[state];
    4a2a:	f856 1023 	ldr.w	r1, [r6, r3, lsl #2]
		name = "TODO";
    4a2e:	2900      	cmp	r1, #0
    4a30:	bf08      	it	eq
    4a32:	4641      	moveq	r1, r8
	name = btctl_state_name_tbl[state];
    4a34:	4a13      	ldr	r2, [pc, #76]	@ (4a84 <btctl_set_state+0x13c>)
    4a36:	e008      	b.n	4a4a <btctl_set_state+0x102>
	cprintf("State %s -> %s\n",
    4a38:	4a10      	ldr	r2, [pc, #64]	@ (4a7c <btctl_set_state+0x134>)
    4a3a:	480f      	ldr	r0, [pc, #60]	@ (4a78 <btctl_set_state+0x130>)
    4a3c:	4611      	mov	r1, r2
    4a3e:	f001 fa83 	bl	5f48 <cprintf>
    4a42:	f387 8810 	msr	PRIMASK, r7
		return "Invalid";
    4a46:	490d      	ldr	r1, [pc, #52]	@ (4a7c <btctl_set_state+0x134>)
    4a48:	460a      	mov	r2, r1
		DIE("Invalid state transition %s -> %s\n",
    4a4a:	480f      	ldr	r0, [pc, #60]	@ (4a88 <btctl_set_state+0x140>)
    4a4c:	f001 f98c 	bl	5d68 <die>
		return "Invalid";
    4a50:	490a      	ldr	r1, [pc, #40]	@ (4a7c <btctl_set_state+0x134>)
    4a52:	e7ef      	b.n	4a34 <btctl_set_state+0xec>
    4a54:	4909      	ldr	r1, [pc, #36]	@ (4a7c <btctl_set_state+0x134>)
	name = btctl_state_name_tbl[state];
    4a56:	f856 2024 	ldr.w	r2, [r6, r4, lsl #2]
		name = "TODO";
    4a5a:	4b06      	ldr	r3, [pc, #24]	@ (4a74 <btctl_set_state+0x12c>)
    4a5c:	2a00      	cmp	r2, #0
    4a5e:	bf08      	it	eq
    4a60:	461a      	moveq	r2, r3
    4a62:	e7f2      	b.n	4a4a <btctl_set_state+0x102>
    4a64:	f387 8810 	msr	PRIMASK, r7
	if (state >= BTCTL_STATE_COUNT)
    4a68:	e79e      	b.n	49a8 <btctl_set_state+0x60>
    4a6a:	bf00      	nop
    4a6c:	100002b8 	.word	0x100002b8
    4a70:	0000b724 	.word	0x0000b724
    4a74:	0000b03c 	.word	0x0000b03c
    4a78:	0000b058 	.word	0x0000b058
    4a7c:	0000b044 	.word	0x0000b044
    4a80:	100002e4 	.word	0x100002e4
    4a84:	0000b04c 	.word	0x0000b04c
    4a88:	0000b068 	.word	0x0000b068

00004a8c <btctl_work>:
{
    4a8c:	b5f8      	push	{r3, r4, r5, r6, r7, lr}
	__asm__ __volatile__ (
    4a8e:	f3ef 8510 	mrs	r5, PRIMASK
    4a92:	b672      	cpsid	i
	msg = msg_dequeue(q);
    4a94:	485e      	ldr	r0, [pc, #376]	@ (4c10 <btctl_work+0x184>)
    4a96:	f002 f891 	bl	6bbc <msg_dequeue>
    4a9a:	4604      	mov	r4, r0
	__asm__ __volatile__ (
    4a9c:	f385 8810 	msr	PRIMASK, r5
	if (msg == NULL)
    4aa0:	b1e0      	cbz	r0, 4adc <btctl_work+0x50>
	switch(hdr->type)
    4aa2:	7b01      	ldrb	r1, [r0, #12]
    4aa4:	2920      	cmp	r1, #32
    4aa6:	d812      	bhi.n	4ace <btctl_work+0x42>
    4aa8:	e8df f001 	tbb	[pc, r1]
    4aac:	11111128 	.word	0x11111128
    4ab0:	11111111 	.word	0x11111111
    4ab4:	11111111 	.word	0x11111111
    4ab8:	11111111 	.word	0x11111111
    4abc:	11111111 	.word	0x11111111
    4ac0:	47a45e6f 	.word	0x47a45e6f
    4ac4:	72582e44 	.word	0x72582e44
    4ac8:	7c951b4e 	.word	0x7c951b4e
    4acc:	51          	.byte	0x51
    4acd:	00          	.byte	0x00
		cprintf("Invalid message type %d\n", hdr->type);
    4ace:	4851      	ldr	r0, [pc, #324]	@ (4c14 <btctl_work+0x188>)
    4ad0:	f001 fa3a 	bl	5f48 <cprintf>
	btctl_mem_free(msg);
    4ad4:	4620      	mov	r0, r4
    4ad6:	f001 f8e3 	bl	5ca0 <mem_pool_free>
	return 1;
    4ada:	2001      	movs	r0, #1
}
    4adc:	bdf8      	pop	{r3, r4, r5, r6, r7, pc}
	btctl_mem_free(msg);
    4ade:	f001 f8df 	bl	5ca0 <mem_pool_free>
	__asm__ __volatile__ (
    4ae2:	f3ef 8510 	mrs	r5, PRIMASK
    4ae6:	b672      	cpsid	i
    4ae8:	484b      	ldr	r0, [pc, #300]	@ (4c18 <btctl_work+0x18c>)
    4aea:	f002 f867 	bl	6bbc <msg_dequeue>
	__asm__ __volatile__ (
    4aee:	f385 8810 	msr	PRIMASK, r5
	while ((msg = safe_dequeue(&btctl.acl_tx_q)) != NULL)
    4af2:	2800      	cmp	r0, #0
    4af4:	d1f3      	bne.n	4ade <btctl_work+0x52>
	page_scan_state_setup();
    4af6:	f002 fca3 	bl	7440 <page_scan_state_setup>
}
    4afa:	e7eb      	b.n	4ad4 <btctl_work+0x48>
	cprintf("debug req: %s\n", (char*)hdr->data);
    4afc:	4847      	ldr	r0, [pc, #284]	@ (4c1c <btctl_work+0x190>)
    4afe:	f104 0110 	add.w	r1, r4, #16
    4b02:	f001 fa21 	bl	5f48 <cprintf>
}
    4b06:	e7e5      	b.n	4ad4 <btctl_work+0x48>
	uint32_t lap = req->bdaddr & 0xffffff;
    4b08:	6901      	ldr	r1, [r0, #16]
    4b0a:	f021 467f 	bic.w	r6, r1, #4278190080	@ 0xff000000
	uint8_t uap = (req->bdaddr >> 24) & 0xff;
    4b0e:	0e0f      	lsrs	r7, r1, #24
	while ((msg = safe_dequeue(&btctl.acl_tx_q)) != NULL)
    4b10:	e001      	b.n	4b16 <btctl_work+0x8a>
    4b12:	f001 f8c5 	bl	5ca0 <mem_pool_free>
	__asm__ __volatile__ (
    4b16:	f3ef 8510 	mrs	r5, PRIMASK
    4b1a:	b672      	cpsid	i
    4b1c:	483e      	ldr	r0, [pc, #248]	@ (4c18 <btctl_work+0x18c>)
    4b1e:	f002 f84d 	bl	6bbc <msg_dequeue>
	__asm__ __volatile__ (
    4b22:	f385 8810 	msr	PRIMASK, r5
    4b26:	2800      	cmp	r0, #0
    4b28:	d1f3      	bne.n	4b12 <btctl_work+0x86>
	paging_state_setup(lap, uap);
    4b2a:	4639      	mov	r1, r7
    4b2c:	4630      	mov	r0, r6
    4b2e:	f004 fa45 	bl	8fbc <paging_state_setup>
}
    4b32:	e7cf      	b.n	4ad4 <btctl_work+0x48>
	inquiry_state_setup();
    4b34:	f002 fff8 	bl	7b28 <inquiry_state_setup>
}
    4b38:	e7cc      	b.n	4ad4 <btctl_work+0x48>
	btphy_set_bdaddr(req->bdaddr);
    4b3a:	f100 0110 	add.w	r1, r0, #16
    4b3e:	e9d1 0100 	ldrd	r0, r1, [r1]
    4b42:	f004 f8bd 	bl	8cc0 <btphy_set_bdaddr>
}
    4b46:	e7c5      	b.n	4ad4 <btctl_work+0x48>
	inquiry_scan_state_setup();
    4b48:	f003 fef4 	bl	8934 <inquiry_scan_state_setup>
}
    4b4c:	e7c2      	b.n	4ad4 <btctl_work+0x48>
	monitor1_state_setup(req->bdaddr);
    4b4e:	f100 0110 	add.w	r1, r0, #16
    4b52:	e9d1 0100 	ldrd	r0, r1, [r1]
    4b56:	f002 fef7 	bl	7948 <monitor1_state_setup>
}
    4b5a:	e7bb      	b.n	4ad4 <btctl_work+0x48>
	btphy_rf_set_max_ac_errors(req->reg&3);
    4b5c:	8a00      	ldrh	r0, [r0, #16]
    4b5e:	f000 0003 	and.w	r0, r0, #3
    4b62:	f004 fb6d 	bl	9240 <btphy_rf_set_max_ac_errors>
}
    4b66:	e7b5      	b.n	4ad4 <btctl_work+0x48>
	btctl_set_state(BTCTL_STATE_STANDBY, BTCTL_REASON_SUCCESS);
    4b68:	2100      	movs	r1, #0
    4b6a:	4608      	mov	r0, r1
    4b6c:	f7ff feec 	bl	4948 <btctl_set_state>
	wait_clkn = MASTER_CLKN+30;
    4b70:	4b2b      	ldr	r3, [pc, #172]	@ (4c20 <btctl_work+0x194>)
    4b72:	689d      	ldr	r5, [r3, #8]
	while (MASTER_CLKN < wait_clkn)
    4b74:	689b      	ldr	r3, [r3, #8]
	wait_clkn = MASTER_CLKN+30;
    4b76:	351e      	adds	r5, #30
	while (MASTER_CLKN < wait_clkn)
    4b78:	429d      	cmp	r5, r3
    4b7a:	d9ab      	bls.n	4ad4 <btctl_work+0x48>
		usb_work();
    4b7c:	f7ff fd42 	bl	4604 <usb_work>
	while (MASTER_CLKN < wait_clkn)
    4b80:	4b27      	ldr	r3, [pc, #156]	@ (4c20 <btctl_work+0x194>)
    4b82:	689b      	ldr	r3, [r3, #8]
    4b84:	429d      	cmp	r5, r3
    4b86:	d8f9      	bhi.n	4b7c <btctl_work+0xf0>
    4b88:	e7a4      	b.n	4ad4 <btctl_work+0x48>
	reset();
    4b8a:	f005 fa61 	bl	a050 <reset>
}
    4b8e:	e7a1      	b.n	4ad4 <btctl_work+0x48>
	__asm__ __volatile__ (
    4b90:	f3ef 8510 	mrs	r5, PRIMASK
    4b94:	b672      	cpsid	i
	rc = msg_enqueue(q, msg);
    4b96:	4820      	ldr	r0, [pc, #128]	@ (4c18 <btctl_work+0x18c>)
    4b98:	4621      	mov	r1, r4
    4b9a:	f002 f825 	bl	6be8 <msg_enqueue>
	__asm__ __volatile__ (
    4b9e:	f385 8810 	msr	PRIMASK, r5
		goto end_nofree;
    4ba2:	e79a      	b.n	4ada <btctl_work+0x4e>
	__asm__ __volatile__ (
    4ba4:	f3ef 8310 	mrs	r3, PRIMASK
    4ba8:	b672      	cpsid	i
	afh_buf[0] = req->mode;
    4baa:	4d1e      	ldr	r5, [pc, #120]	@ (4c24 <btctl_work+0x198>)
    4bac:	461e      	mov	r6, r3
    4bae:	7d03      	ldrb	r3, [r0, #20]
	memcpy(afh_buf+1, req->map, 10);
    4bb0:	f100 0115 	add.w	r1, r0, #21
    4bb4:	220a      	movs	r2, #10
    4bb6:	f105 0085 	add.w	r0, r5, #133	@ 0x85
	afh_buf[0] = req->mode;
    4bba:	f885 3084 	strb.w	r3, [r5, #132]	@ 0x84
	memcpy(afh_buf+1, req->map, 10);
    4bbe:	f7ff fa85 	bl	40cc <__aeabi_memcpy>
	btphy_timer_add(req->instant, (btphy_timer_fn_t)hop_cfg_afh, afh_buf, 0);
    4bc2:	2300      	movs	r3, #0
    4bc4:	4918      	ldr	r1, [pc, #96]	@ (4c28 <btctl_work+0x19c>)
    4bc6:	6920      	ldr	r0, [r4, #16]
    4bc8:	f105 0284 	add.w	r2, r5, #132	@ 0x84
    4bcc:	f003 ff08 	bl	89e0 <btphy_timer_add>
	__asm__ __volatile__ (
    4bd0:	f386 8810 	msr	PRIMASK, r6
}
    4bd4:	e77e      	b.n	4ad4 <btctl_work+0x48>
	if (btctl.state != BTCTL_STATE_STANDBY)
    4bd6:	4d13      	ldr	r5, [pc, #76]	@ (4c24 <btctl_work+0x198>)
    4bd8:	782b      	ldrb	r3, [r5, #0]
    4bda:	b98b      	cbnz	r3, 4c00 <btctl_work+0x174>
	if (btctl.eir_msg)
    4bdc:	6fe8      	ldr	r0, [r5, #124]	@ 0x7c
    4bde:	b108      	cbz	r0, 4be4 <btctl_work+0x158>
    4be0:	f001 f85e 	bl	5ca0 <mem_pool_free>
	cprintf("EIR updated\n");
    4be4:	4811      	ldr	r0, [pc, #68]	@ (4c2c <btctl_work+0x1a0>)
    4be6:	f001 f9af 	bl	5f48 <cprintf>
	btctl.eir_pkt = (btctl_tx_pkt_t *)h->data;
    4bea:	f104 0310 	add.w	r3, r4, #16
    4bee:	e9c5 431f 	strd	r4, r3, [r5, #124]	@ 0x7c
    4bf2:	e772      	b.n	4ada <btctl_work+0x4e>
	btphy_rf_set_freq_off(req->reg&0x3f);
    4bf4:	8a00      	ldrh	r0, [r0, #16]
    4bf6:	f000 003f 	and.w	r0, r0, #63	@ 0x3f
    4bfa:	f004 fb05 	bl	9208 <btphy_rf_set_freq_off>
}
    4bfe:	e769      	b.n	4ad4 <btctl_work+0x48>
		cprintf("Cannot change eir_msg now\n");
    4c00:	480b      	ldr	r0, [pc, #44]	@ (4c30 <btctl_work+0x1a4>)
    4c02:	f001 f9a1 	bl	5f48 <cprintf>
    4c06:	4620      	mov	r0, r4
    4c08:	f001 f84a 	bl	5ca0 <mem_pool_free>
		return;
    4c0c:	e765      	b.n	4ada <btctl_work+0x4e>
    4c0e:	bf00      	nop
    4c10:	100002bc 	.word	0x100002bc
    4c14:	0000b0cc 	.word	0x0000b0cc
    4c18:	1000030c 	.word	0x1000030c
    4c1c:	0000b090 	.word	0x0000b090
    4c20:	40008000 	.word	0x40008000
    4c24:	100002b8 	.word	0x100002b8
    4c28:	00006cf9 	.word	0x00006cf9
    4c2c:	0000b0bc 	.word	0x0000b0bc
    4c30:	0000b0a0 	.word	0x0000b0a0

00004c34 <btctl_init>:

void btctl_init(void)
{
    4c34:	b510      	push	{r4, lr}
	btctl.state = BTCTL_STATE_STANDBY;
    4c36:	2300      	movs	r3, #0
    4c38:	4c08      	ldr	r4, [pc, #32]	@ (4c5c <btctl_init+0x28>)
	btctl.eir_msg = NULL;
	btctl.eir_pkt = NULL;
	msg_queue_init(&btctl.rx_q);
    4c3a:	1d20      	adds	r0, r4, #4
	btctl.eir_msg = NULL;
    4c3c:	e9c4 331f 	strd	r3, r3, [r4, #124]	@ 0x7c
	btctl.state = BTCTL_STATE_STANDBY;
    4c40:	7023      	strb	r3, [r4, #0]
	msg_queue_init(&btctl.rx_q);
    4c42:	f001 ffeb 	bl	6c1c <msg_queue_init>
	msg_queue_init(&btctl.tx_q);
    4c46:	f104 002c 	add.w	r0, r4, #44	@ 0x2c
    4c4a:	f001 ffe7 	bl	6c1c <msg_queue_init>
	msg_queue_init(&btctl.acl_tx_q);
    4c4e:	f104 0054 	add.w	r0, r4, #84	@ 0x54
}
    4c52:	e8bd 4010 	ldmia.w	sp!, {r4, lr}
	msg_queue_init(&btctl.acl_tx_q);
    4c56:	f001 bfe1 	b.w	6c1c <msg_queue_init>
    4c5a:	bf00      	nop
    4c5c:	100002b8 	.word	0x100002b8

00004c60 <main>:
#include <ubtbr/btctl_intf.h>
#include <ubtbr/vendor_request_handler.h>
#include <ubtbr/btphy.h>

int main()
{
    4c60:	b570      	push	{r4, r5, r6, lr}
	unsigned clk, clk_prev = 0;

	// enable all fault handlers (see fault.c)
	SCB_SHCSR = (1 << 18) | (1 << 17) | (1 << 16);
    4c62:	f04f 23e0 	mov.w	r3, #3758153728	@ 0xe000e000
    4c66:	f44f 22e0 	mov.w	r2, #458752	@ 0x70000
    4c6a:	f8c3 2d24 	str.w	r2, [r3, #3364]	@ 0xd24

	ubertooth_init();
    4c6e:	f005 f9b1 	bl	9fd4 <ubertooth_init>
	ubertooth_usb_init(vendor_request_handler);
    4c72:	480c      	ldr	r0, [pc, #48]	@ (4ca4 <main+0x44>)
    4c74:	f7ff fc78 	bl	4568 <ubertooth_usb_init>

	/* Initialize memory */
	mem_pool_init();
    4c78:	f44f 6548 	mov.w	r5, #3200	@ 0xc80
    4c7c:	f000 ff9e 	bl	5bbc <mem_pool_init>

	/* Initialize control interface */
	btctl_init();
    4c80:	f7ff ffd8 	bl	4c34 <btctl_init>

	/* Initialize sync & phy */
	btphy_init();
    4c84:	f004 f844 	bl	8d10 <btphy_init>

	while (1) {
		/* Flush console once per second */
		if ((clk = MASTER_CLKN) >= clk_prev+3200)
    4c88:	4e07      	ldr	r6, [pc, #28]	@ (4ca8 <main+0x48>)
    4c8a:	68b4      	ldr	r4, [r6, #8]
    4c8c:	42a5      	cmp	r5, r4
    4c8e:	d803      	bhi.n	4c98 <main+0x38>
		{
			console_flush();
    4c90:	f001 f8de 	bl	5e50 <console_flush>
			clk_prev = clk;
    4c94:	f504 6548 	add.w	r5, r4, #3200	@ 0xc80
		}
		/* Handle usb async work */
		usb_work();
    4c98:	f7ff fcb4 	bl	4604 <usb_work>
		/* Handle host messages */
		btctl_work();
    4c9c:	f7ff fef6 	bl	4a8c <btctl_work>
		if ((clk = MASTER_CLKN) >= clk_prev+3200)
    4ca0:	e7f3      	b.n	4c8a <main+0x2a>
    4ca2:	bf00      	nop
    4ca4:	00004759 	.word	0x00004759
    4ca8:	40008000 	.word	0x40008000

00004cac <btbb_gen_syncword>:
        0x00000203ef526bd1ULL, 0x000001033511ab3cULL, 0x000000819a88d59eULL, 0x00000040cd446acfULL,
        0x00000022a41aabb3ULL, 0x0000001390b5cb0dULL, 0x0000000b0ae27b52ULL, 0x0000000585713da9ULL};

/* Generate Sync Word from an LAP */
uint64_t btbb_gen_syncword(const uint32_t LAP)
{
    4cac:	b530      	push	{r4, r5, lr}
        int i;
        uint64_t codeword = DEFAULT_CODEWORD;

        /* the sync word generated is in host order, not air order */
        for (i = 0; i < 24; i++)
    4cae:	2300      	movs	r3, #0
                if (LAP & (0x800000 >> i))
    4cb0:	f44f 0e00 	mov.w	lr, #8388608	@ 0x800000
{
    4cb4:	4604      	mov	r4, r0
    4cb6:	f8df c024 	ldr.w	ip, [pc, #36]	@ 4cdc <btbb_gen_syncword+0x30>
        uint64_t codeword = DEFAULT_CODEWORD;
    4cba:	4809      	ldr	r0, [pc, #36]	@ (4ce0 <btbb_gen_syncword+0x34>)
    4cbc:	4909      	ldr	r1, [pc, #36]	@ (4ce4 <btbb_gen_syncword+0x38>)
                if (LAP & (0x800000 >> i))
    4cbe:	fa4e f203 	asr.w	r2, lr, r3
    4cc2:	4222      	tst	r2, r4
    4cc4:	f103 0301 	add.w	r3, r3, #1
    4cc8:	d003      	beq.n	4cd2 <btbb_gen_syncword+0x26>
                        codeword ^= sw_matrix[i];
    4cca:	e9dc 5200 	ldrd	r5, r2, [ip]
    4cce:	4068      	eors	r0, r5
    4cd0:	4051      	eors	r1, r2
        for (i = 0; i < 24; i++)
    4cd2:	2b18      	cmp	r3, #24
    4cd4:	f10c 0c08 	add.w	ip, ip, #8
    4cd8:	d1f1      	bne.n	4cbe <btbb_gen_syncword+0x12>

        return codeword;
}
    4cda:	bd30      	pop	{r4, r5, pc}
    4cdc:	0000d740 	.word	0x0000d740
    4ce0:	c7820e7e 	.word	0xc7820e7e
    4ce4:	b0000002 	.word	0xb0000002

00004ce8 <bbpkt_fhs_prepare_payload>:

/* Encode static fields of fhs payload */
void bbpkt_fhs_prepare_payload(
	uint8_t *data, uint64_t parity, uint32_t lap, uint8_t uap, 
	uint16_t nap, uint32_t cls, uint8_t ltaddr, uint8_t has_eir)
{
    4ce8:	b500      	push	{lr}
	data[0] = 0xff & parity;
    4cea:	6002      	str	r2, [r0, #0]
	data[1] = 0xff & (parity>>8);
	data[2] = 0xff & (parity>>16);
	data[3] = 0xff & (parity>>24);
	data[4] = (0x3 & (parity>>32)) | (0xfc & (lap<<2));
    4cec:	2200      	movs	r2, #0
{
    4cee:	f89d c008 	ldrb.w	ip, [sp, #8]
    4cf2:	9901      	ldr	r1, [sp, #4]
	data[7] = (0x03 & (lap >> 22))
		| ((has_eir&1) << 2) 	// EIR
//		| (0 << 3) 	// RES = 0
		| (1 << 4) 	// SR = 1
		| (2 << 6);	// SP = 2
	data[8] = uap;
    4cf4:	f880 c008 	strb.w	ip, [r0, #8]
{
    4cf8:	f89d c018 	ldrb.w	ip, [sp, #24]
	data[4] = (0x3 & (parity>>32)) | (0xfc & (lap<<2));
    4cfc:	f003 0303 	and.w	r3, r3, #3
    4d00:	ea43 0381 	orr.w	r3, r3, r1, lsl #2
		| ((has_eir&1) << 2) 	// EIR
    4d04:	ea4f 0c8c 	mov.w	ip, ip, lsl #2
	data[5] = 0xff & (lap >> 6);
    4d08:	ea4f 1e91 	mov.w	lr, r1, lsr #6
	data[4] = (0x3 & (parity>>32)) | (0xfc & (lap<<2));
    4d0c:	f363 0207 	bfi	r2, r3, #0, #8
		| ((has_eir&1) << 2) 	// EIR
    4d10:	f00c 0c04 	and.w	ip, ip, #4
	data[6] = 0xff & (lap >> 14);
    4d14:	0b8b      	lsrs	r3, r1, #14
	data[7] = (0x03 & (lap >> 22))
    4d16:	f3c1 5181 	ubfx	r1, r1, #22, #2
	data[4] = (0x3 & (parity>>32)) | (0xfc & (lap<<2));
    4d1a:	f36e 220f 	bfi	r2, lr, #8, #8
		| ((has_eir&1) << 2) 	// EIR
    4d1e:	ea41 010c 	orr.w	r1, r1, ip
	data[4] = (0x3 & (parity>>32)) | (0xfc & (lap<<2));
    4d22:	f363 4217 	bfi	r2, r3, #16, #8
		| (2 << 6);	// SP = 2
    4d26:	f061 016f 	orn	r1, r1, #111	@ 0x6f
	data[4] = (0x3 & (parity>>32)) | (0xfc & (lap<<2));
    4d2a:	f361 621f 	bfi	r2, r1, #24, #8
    4d2e:	6042      	str	r2, [r0, #4]
{
    4d30:	f89d 2014 	ldrb.w	r2, [sp, #20]
    4d34:	9b04      	ldr	r3, [sp, #16]
	data[10] = 0xff & (nap>>8);
	data[11] = 0xff & (cls);
	data[12] = 0xff & (cls>>8);
	data[13] = 0xff & (cls>>16);
	// 3 low bits are ltaddr
	data[14] = ltaddr;
    4d36:	7382      	strb	r2, [r0, #14]
{
    4d38:	f8bd 200c 	ldrh.w	r2, [sp, #12]
	data[11] = 0xff & (cls);
    4d3c:	72c3      	strb	r3, [r0, #11]
	data[9] = 0xff & nap;
    4d3e:	7242      	strb	r2, [r0, #9]
	data[10] = 0xff & (nap>>8);
    4d40:	0a12      	lsrs	r2, r2, #8
    4d42:	7282      	strb	r2, [r0, #10]
	data[12] = 0xff & (cls>>8);
    4d44:	0a1a      	lsrs	r2, r3, #8
	data[13] = 0xff & (cls>>16);
    4d46:	0c1b      	lsrs	r3, r3, #16
	data[12] = 0xff & (cls>>8);
    4d48:	7302      	strb	r2, [r0, #12]
	data[13] = 0xff & (cls>>16);
    4d4a:	7343      	strb	r3, [r0, #13]
}
    4d4c:	bd00      	pop	{pc}
    4d4e:	bf00      	nop

00004d50 <bbpkt_fhs_finalize_payload>:
 */
void bbpkt_fhs_finalize_payload(uint8_t *fhs_data, uint32_t clk27_2)
{
	uint8_t tmp[20];
	uint16_t crc;
	fhs_data[14] = (fhs_data[14]&7) | (0xf8 & (clk27_2<<3));
    4d50:	2300      	movs	r3, #0
    4d52:	7b82      	ldrb	r2, [r0, #14]
	fhs_data[15] = 0xff & (clk27_2>>5);
    4d54:	ea4f 1c51 	mov.w	ip, r1, lsr #5
	fhs_data[14] = (fhs_data[14]&7) | (0xf8 & (clk27_2<<3));
    4d58:	f002 0207 	and.w	r2, r2, #7
    4d5c:	ea42 02c1 	orr.w	r2, r2, r1, lsl #3
    4d60:	f362 0307 	bfi	r3, r2, #0, #8
    4d64:	f36c 230f 	bfi	r3, ip, #8, #8
	fhs_data[16] = 0xff & (clk27_2>>13);
    4d68:	0b4a      	lsrs	r2, r1, #13
	fhs_data[14] = (fhs_data[14]&7) | (0xf8 & (clk27_2<<3));
    4d6a:	f362 4317 	bfi	r3, r2, #16, #8
	// 3 high bits are psmode = 0
	fhs_data[17] = 0x1f & (clk27_2>>21);
    4d6e:	f3c1 5144 	ubfx	r1, r1, #21, #5
	fhs_data[14] = (fhs_data[14]&7) | (0xf8 & (clk27_2<<3));
    4d72:	f361 631f 	bfi	r3, r1, #24, #8
    4d76:	f8c0 300e 	str.w	r3, [r0, #14]
}
    4d7a:	4770      	bx	lr

00004d7c <bbpkt_decode_fhs>:
 * 0     4                    8             14                      18   20
 * |  34   | 24 | 1 | 1 |2 |2 | 8 |16 | 24  |  3   |26  |      3     |16 |
 * |Parity | Lap|EIR|Res|SR|SP|UAP|NAP|Class|ltaddr|clk2|PageScanMode|CRC|
 */
void bbpkt_decode_fhs(uint8_t *data, fhs_info_t *info)
{
    4d7c:	b510      	push	{r4, lr}
	// sr =  3&(data[7]>>4);	// Page scan repetition mode
	// sp =  3&(data[7]>>6);	// Must be 2
	uap = data[8];
	nap = data[9]|((uint16_t)data[10]<<8);
	//cls = data[11]|((uint32_t)data[12]<<8)|((uint32_t)data[13]<<16);
	ltaddr = data[14]&7;
    4d7e:	f890 e00e 	ldrb.w	lr, [r0, #14]
	clk27_2 = (data[14]>>3)|(data[15]<<5)|(data[16]<<13)|((data[17]&0x1f)<<21);
    4d82:	7bc3      	ldrb	r3, [r0, #15]
    4d84:	ea4f 02de 	mov.w	r2, lr, lsr #3
    4d88:	ea42 1243 	orr.w	r2, r2, r3, lsl #5
    4d8c:	7c03      	ldrb	r3, [r0, #16]
	lap = (data[4]>>2)|(data[5]<<6)|(data[6]<<14)|((data[7]&3)<<22);
    4d8e:	7904      	ldrb	r4, [r0, #4]
	clk27_2 = (data[14]>>3)|(data[15]<<5)|(data[16]<<13)|((data[17]&0x1f)<<21);
    4d90:	ea42 3243 	orr.w	r2, r2, r3, lsl #13
    4d94:	7c43      	ldrb	r3, [r0, #17]
	lap = (data[4]>>2)|(data[5]<<6)|(data[6]<<14)|((data[7]&3)<<22);
    4d96:	f890 c007 	ldrb.w	ip, [r0, #7]
	clk27_2 = (data[14]>>3)|(data[15]<<5)|(data[16]<<13)|((data[17]&0x1f)<<21);
    4d9a:	055b      	lsls	r3, r3, #21
    4d9c:	f003 7378 	and.w	r3, r3, #65011712	@ 0x3e00000
    4da0:	431a      	orrs	r2, r3
	lap = (data[4]>>2)|(data[5]<<6)|(data[6]<<14)|((data[7]&3)<<22);
    4da2:	7943      	ldrb	r3, [r0, #5]
    4da4:	ea4f 5c8c 	mov.w	ip, ip, lsl #22
    4da8:	019b      	lsls	r3, r3, #6
    4daa:	ea43 0394 	orr.w	r3, r3, r4, lsr #2
    4dae:	7984      	ldrb	r4, [r0, #6]
    4db0:	f40c 0c40 	and.w	ip, ip, #12582912	@ 0xc00000
    4db4:	ea43 3384 	orr.w	r3, r3, r4, lsl #14
    4db8:	ea43 030c 	orr.w	r3, r3, ip
	//psmode = data[17]>>5;

	info->bdaddr = (lap|((uint64_t)uap<<24)|((uint64_t)nap<<32));
    4dbc:	f890 c008 	ldrb.w	ip, [r0, #8]
    4dc0:	f8b0 0009 	ldrh.w	r0, [r0, #9]
	ltaddr = data[14]&7;
    4dc4:	f00e 0e07 	and.w	lr, lr, #7
	info->bdaddr = (lap|((uint64_t)uap<<24)|((uint64_t)nap<<32));
    4dc8:	ea43 630c 	orr.w	r3, r3, ip, lsl #24
    4dcc:	e9c1 3000 	strd	r3, r0, [r1]
	info->clk27_2= clk27_2;;
    4dd0:	608a      	str	r2, [r1, #8]
	info->lt_addr = ltaddr;
    4dd2:	f881 e00c 	strb.w	lr, [r1, #12]

	//BB_DEBUG("Valid fhs: parity = %llx, bdaddr=%04x:%02x:%06x\n", (unsigned long long)parity, nap, uap, lap);
	//BB_DEBUG("\teir=%d, res=%d, sr=%d, sp=%d, ltaddr=%d, clk27=%d, cls=0x%x, psmode=%d\n", eir, res, sr, sp, ltaddr, clk27_2, cls, psmode);
}
    4dd6:	bd10      	pop	{r4, pc}

00004dd8 <bbcodec_decode_header>:
		codec->t = &bbcodec_acl_types[0];
	}
}

int bbcodec_decode_header(bbcodec_t *codec, bbhdr_t *out_hdr, uint8_t *in_data)
{
    4dd8:	e92d 47f0 	stmdb	sp!, {r4, r5, r6, r7, r8, r9, sl, lr}
    4ddc:	b082      	sub	sp, #8
    4dde:	468a      	mov	sl, r1
	uint32_t v0, v1, v2, v3, v4, v5, v6,v7,v8;
	/* Skip 4 bits of trailer */
	uint8_t *in = pkt_data;

	/* 9 lut accesses */
	v0 = unfec13_tbl[EXTRACT6_4(in+0)]; 	// b0
    4de0:	7851      	ldrb	r1, [r2, #1]
    4de2:	4b5a      	ldr	r3, [pc, #360]	@ (4f4c <bbcodec_decode_header+0x174>)
	v1 = unfec13_tbl[EXTRACT6_2(in+1)];	// b1
    4de4:	088e      	lsrs	r6, r1, #2
    4de6:	f833 9016 	ldrh.w	r9, [r3, r6, lsl #1]
	v0 = unfec13_tbl[EXTRACT6_4(in+0)]; 	// b0
    4dea:	f892 e000 	ldrb.w	lr, [r2]
    4dee:	010e      	lsls	r6, r1, #4
    4df0:	4604      	mov	r4, r0
	v2 = unfec13_tbl[EXTRACT6_0(in+2)]; 	// b2
	v3 = unfec13_tbl[EXTRACT6_6(in+2)];	
	v4 = unfec13_tbl[EXTRACT6_4(in+3)];	// b3
    4df2:	7910      	ldrb	r0, [r2, #4]
	v0 = unfec13_tbl[EXTRACT6_4(in+0)]; 	// b0
    4df4:	f006 0630 	and.w	r6, r6, #48	@ 0x30
	v3 = unfec13_tbl[EXTRACT6_6(in+2)];	
    4df8:	78d5      	ldrb	r5, [r2, #3]
	v0 = unfec13_tbl[EXTRACT6_4(in+0)]; 	// b0
    4dfa:	ea46 161e 	orr.w	r6, r6, lr, lsr #4
	v5 = unfec13_tbl[EXTRACT6_2(in+4)];	// b4
    4dfe:	ea4f 0e90 	mov.w	lr, r0, lsr #2
	v4 = unfec13_tbl[EXTRACT6_4(in+3)];	// b3
    4e02:	0100      	lsls	r0, r0, #4
    4e04:	f000 0030 	and.w	r0, r0, #48	@ 0x30
	v2 = unfec13_tbl[EXTRACT6_0(in+2)]; 	// b2
    4e08:	7897      	ldrb	r7, [r2, #2]
	v4 = unfec13_tbl[EXTRACT6_4(in+3)];	// b3
    4e0a:	ea40 1015 	orr.w	r0, r0, r5, lsr #4
	v3 = unfec13_tbl[EXTRACT6_6(in+2)];	
    4e0e:	00ad      	lsls	r5, r5, #2
    4e10:	f005 053c 	and.w	r5, r5, #60	@ 0x3c
	v5 = unfec13_tbl[EXTRACT6_2(in+4)];	// b4
    4e14:	f833 801e 	ldrh.w	r8, [r3, lr, lsl #1]
	v2 = unfec13_tbl[EXTRACT6_0(in+2)]; 	// b2
    4e18:	f007 013f 	and.w	r1, r7, #63	@ 0x3f
	v4 = unfec13_tbl[EXTRACT6_4(in+3)];	// b3
    4e1c:	f833 e010 	ldrh.w	lr, [r3, r0, lsl #1]
	v3 = unfec13_tbl[EXTRACT6_6(in+2)];	
    4e20:	ea45 1597 	orr.w	r5, r5, r7, lsr #6
	v6 = unfec13_tbl[EXTRACT6_0(in+5)];	// b5
	v7 = unfec13_tbl[EXTRACT6_6(in+5)];	// 
    4e24:	7990      	ldrb	r0, [r2, #6]
	v8 = unfec13_tbl[EXTRACT6_4(in+6)]; 	// b6
    4e26:	79d7      	ldrb	r7, [r2, #7]
	v6 = unfec13_tbl[EXTRACT6_0(in+5)];	// b5
    4e28:	f892 c005 	ldrb.w	ip, [r2, #5]
	v8 = unfec13_tbl[EXTRACT6_4(in+6)]; 	// b6
    4e2c:	013f      	lsls	r7, r7, #4
	v7 = unfec13_tbl[EXTRACT6_6(in+5)];	// 
    4e2e:	0082      	lsls	r2, r0, #2
	v2 = unfec13_tbl[EXTRACT6_0(in+2)]; 	// b2
    4e30:	f833 1011 	ldrh.w	r1, [r3, r1, lsl #1]
	v8 = unfec13_tbl[EXTRACT6_4(in+6)]; 	// b6
    4e34:	f007 0730 	and.w	r7, r7, #48	@ 0x30
	v7 = unfec13_tbl[EXTRACT6_6(in+5)];	// 
    4e38:	f002 023c 	and.w	r2, r2, #60	@ 0x3c
	v8 = unfec13_tbl[EXTRACT6_4(in+6)]; 	// b6
    4e3c:	ea47 1710 	orr.w	r7, r7, r0, lsr #4
	v7 = unfec13_tbl[EXTRACT6_6(in+5)];	// 
    4e40:	ea42 129c 	orr.w	r2, r2, ip, lsr #6
	v6 = unfec13_tbl[EXTRACT6_0(in+5)];	// b5
    4e44:	f00c 0c3f 	and.w	ip, ip, #63	@ 0x3f
    4e48:	f833 001c 	ldrh.w	r0, [r3, ip, lsl #1]
	v0 = unfec13_tbl[EXTRACT6_4(in+0)]; 	// b0
    4e4c:	f833 6016 	ldrh.w	r6, [r3, r6, lsl #1]
	v7 = unfec13_tbl[EXTRACT6_6(in+5)];	// 
    4e50:	f833 c012 	ldrh.w	ip, [r3, r2, lsl #1]
	v3 = unfec13_tbl[EXTRACT6_6(in+2)];	
    4e54:	f833 5015 	ldrh.w	r5, [r3, r5, lsl #1]
	v8 = unfec13_tbl[EXTRACT6_4(in+6)]; 	// b6
    4e58:	f833 3017 	ldrh.w	r3, [r3, r7, lsl #1]
	out[0] = v0|(v1<<2)|(v2<<4)|(v3<<6);
	out[1] = v4|(v5<<2)|(v6<<4)|(v7<<6);
	out[2] = v8;
	
	// bit error
	return (v0+v1+v2+v3+v4+v5+v6+v7+v8)>>14;
    4e5c:	eb09 0701 	add.w	r7, r9, r1
    4e60:	4447      	add	r7, r8
    4e62:	4407      	add	r7, r0
	out[0] = v0|(v1<<2)|(v2<<4)|(v3<<6);
    4e64:	010a      	lsls	r2, r1, #4
	out[1] = v4|(v5<<2)|(v6<<4)|(v7<<6);
    4e66:	0101      	lsls	r1, r0, #4
	return (v0+v1+v2+v3+v4+v5+v6+v7+v8)>>14;
    4e68:	19b8      	adds	r0, r7, r6
    4e6a:	4428      	add	r0, r5
	out[0] = v0|(v1<<2)|(v2<<4)|(v3<<6);
    4e6c:	ea42 0289 	orr.w	r2, r2, r9, lsl #2
	out[1] = v4|(v5<<2)|(v6<<4)|(v7<<6);
    4e70:	ea41 0188 	orr.w	r1, r1, r8, lsl #2
	return (v0+v1+v2+v3+v4+v5+v6+v7+v8)>>14;
    4e74:	4470      	add	r0, lr
	out[0] = v0|(v1<<2)|(v2<<4)|(v3<<6);
    4e76:	4332      	orrs	r2, r6
	out[1] = v4|(v5<<2)|(v6<<4)|(v7<<6);
    4e78:	ea41 010e 	orr.w	r1, r1, lr
	return (v0+v1+v2+v3+v4+v5+v6+v7+v8)>>14;
    4e7c:	4460      	add	r0, ip
    4e7e:	4418      	add	r0, r3
	out[0] = v0|(v1<<2)|(v2<<4)|(v3<<6);
    4e80:	ea42 1285 	orr.w	r2, r2, r5, lsl #6
	out[1] = v4|(v5<<2)|(v6<<4)|(v7<<6);
    4e84:	ea41 118c 	orr.w	r1, r1, ip, lsl #6
	out[0] = v0|(v1<<2)|(v2<<4)|(v3<<6);
    4e88:	b2d2      	uxtb	r2, r2
	out[1] = v4|(v5<<2)|(v6<<4)|(v7<<6);
    4e8a:	b2c9      	uxtb	r1, r1
	out[2] = v8;
    4e8c:	b2db      	uxtb	r3, r3
	uint32_t h32, hdr_data;
	uint8_t hec;

	/* Unfec13 header */
	be = unfec13_hdr(hdr_bytes, in_data);
	if (be>3)
    4e8e:	f5b0 3f80 	cmp.w	r0, #65536	@ 0x10000
	out[0] = v0|(v1<<2)|(v2<<4)|(v3<<6);
    4e92:	f88d 2004 	strb.w	r2, [sp, #4]
	out[1] = v4|(v5<<2)|(v6<<4)|(v7<<6);
    4e96:	f88d 1005 	strb.w	r1, [sp, #5]
	out[2] = v8;
    4e9a:	f88d 3006 	strb.w	r3, [sp, #6]
    4e9e:	d252      	bcs.n	4f46 <bbcodec_decode_header+0x16e>
		BB_DEBUG("(hdr be: %d)", be);
		return -1;
	}

	/* Unwhiten header */
	if (codec->use_whiten)
    4ea0:	6860      	ldr	r0, [r4, #4]
    4ea2:	2800      	cmp	r0, #0
    4ea4:	d13c      	bne.n	4f20 <bbcodec_decode_header+0x148>

	/* Decode header */
	h32 = hdr_bytes[0]|((uint32_t)hdr_bytes[1]<<8)|((uint32_t)hdr_bytes[2]<<16);
	hdr_data = h32&0x3ff;
	out_hdr->hec =(h32>>10);
	out_hdr->lt_addr = hdr_data & 7;
    4ea6:	2000      	movs	r0, #0
	h32 = hdr_bytes[0]|((uint32_t)hdr_bytes[1]<<8)|((uint32_t)hdr_bytes[2]<<16);
    4ea8:	041b      	lsls	r3, r3, #16
    4eaa:	ea43 2301 	orr.w	r3, r3, r1, lsl #8
    4eae:	4313      	orrs	r3, r2
	out_hdr->lt_addr = hdr_data & 7;
    4eb0:	f003 0607 	and.w	r6, r3, #7
	out_hdr->type   = (hdr_data>>3) & 0xf;
    4eb4:	f3c3 01c3 	ubfx	r1, r3, #3, #4
	out_hdr->lt_addr = hdr_data & 7;
    4eb8:	f366 0007 	bfi	r0, r6, #0, #8
	out_hdr->hec =(h32>>10);
    4ebc:	f3c3 2587 	ubfx	r5, r3, #10, #8
	hdr_data = h32&0x3ff;
    4ec0:	f3c3 0209 	ubfx	r2, r3, #0, #10
	out_hdr->lt_addr = hdr_data & 7;
    4ec4:	f361 200f 	bfi	r0, r1, #8, #8
	out_hdr->flags  = (hdr_data>>7) & 7;
    4ec8:	f3c3 13c2 	ubfx	r3, r3, #7, #3
	out_hdr->lt_addr = hdr_data & 7;
    4ecc:	f363 4017 	bfi	r0, r3, #16, #8
    4ed0:	f365 601f 	bfi	r0, r5, #24, #8
    4ed4:	f8ca 0000 	str.w	r0, [sl]
        return rev8_map[data];
    4ed8:	7823      	ldrb	r3, [r4, #0]
    4eda:	481d      	ldr	r0, [pc, #116]	@ (4f50 <bbcodec_decode_header+0x178>)
    4edc:	5cc6      	ldrb	r6, [r0, r3]
	hec = (hec>>5) ^ hec_tbl[(data^hec)&0x1f];
    4ede:	481d      	ldr	r0, [pc, #116]	@ (4f54 <bbcodec_decode_header+0x17c>)
    4ee0:	ea82 0306 	eor.w	r3, r2, r6
    4ee4:	f003 031f 	and.w	r3, r3, #31
    4ee8:	5cc3      	ldrb	r3, [r0, r3]
    4eea:	ea83 1356 	eor.w	r3, r3, r6, lsr #5
	hec = (hec>>5) ^ hec_tbl[((data>>5)^hec)&0x1f];
    4eee:	ea83 1252 	eor.w	r2, r3, r2, lsr #5
    4ef2:	f002 021f 	and.w	r2, r2, #31

	/* Check HEC */
	hec = hec_compute(hdr_data, codec->uap);
	/* FIXME: Why on earth is the high bit wrong half of the time ? */
	if ((hec&0x7f) != (0x7f&out_hdr->hec))
    4ef6:	ea85 1553 	eor.w	r5, r5, r3, lsr #5
    4efa:	5c83      	ldrb	r3, [r0, r2]
    4efc:	406b      	eors	r3, r5
    4efe:	065b      	lsls	r3, r3, #25
    4f00:	d121      	bne.n	4f46 <bbcodec_decode_header+0x16e>
	{
		BB_DEBUG("(heccal %x, pkt %x)", hec, out_hdr->hec);
		return -1;
	}
	codec->air_off_b = 58;
    4f02:	203a      	movs	r0, #58	@ 0x3a
	codec->t = &bbcodec_acl_types[type&0xf];
    4f04:	4d14      	ldr	r5, [pc, #80]	@ (4f58 <bbcodec_decode_header+0x180>)
    4f06:	eb01 0341 	add.w	r3, r1, r1, lsl #1
	if (codec->t->nslots == 0)
    4f0a:	f815 2013 	ldrb.w	r2, [r5, r3, lsl #1]
	codec->t = &bbcodec_acl_types[type&0xf];
    4f0e:	eb05 0343 	add.w	r3, r5, r3, lsl #1
    4f12:	6163      	str	r3, [r4, #20]
	codec->air_off_b = 58;
    4f14:	6260      	str	r0, [r4, #36]	@ 0x24
	if (codec->t->nslots == 0)
    4f16:	b18a      	cbz	r2, 4f3c <bbcodec_decode_header+0x164>

	bbcodec_set_payload_type(codec, out_hdr->type);

	return 0;
    4f18:	2000      	movs	r0, #0
}
    4f1a:	b002      	add	sp, #8
    4f1c:	e8bd 87f0 	ldmia.w	sp!, {r4, r5, r6, r7, r8, r9, sl, pc}
	whiten(out, in, bit_count, whiten_state);
    4f20:	a901      	add	r1, sp, #4
    4f22:	2212      	movs	r2, #18
    4f24:	4608      	mov	r0, r1
    4f26:	f104 030c 	add.w	r3, r4, #12
    4f2a:	f000 fa53 	bl	53d4 <whiten>
	h32 = hdr_bytes[0]|((uint32_t)hdr_bytes[1]<<8)|((uint32_t)hdr_bytes[2]<<16);
    4f2e:	f89d 2004 	ldrb.w	r2, [sp, #4]
    4f32:	f89d 1005 	ldrb.w	r1, [sp, #5]
    4f36:	f89d 3006 	ldrb.w	r3, [sp, #6]
}
    4f3a:	e7b4      	b.n	4ea6 <bbcodec_decode_header+0xce>
		cprintf("(Nyi plt %d)", type);
    4f3c:	4807      	ldr	r0, [pc, #28]	@ (4f5c <bbcodec_decode_header+0x184>)
    4f3e:	f001 f803 	bl	5f48 <cprintf>
		codec->t = &bbcodec_acl_types[0];
    4f42:	6165      	str	r5, [r4, #20]
}
    4f44:	e7e8      	b.n	4f18 <bbcodec_decode_header+0x140>
		return -1;
    4f46:	f04f 30ff 	mov.w	r0, #4294967295	@ 0xffffffff
    4f4a:	e7e6      	b.n	4f1a <bbcodec_decode_header+0x142>
    4f4c:	0000e520 	.word	0x0000e520
    4f50:	0000e7c0 	.word	0x0000e7c0
    4f54:	0000e5a0 	.word	0x0000e5a0
    4f58:	0000d800 	.word	0x0000d800
    4f5c:	0000b11c 	.word	0x0000b11c

00004f60 <bbcodec_encode_header>:

/* encode pkt's header in given buffer
 * data: packet buffer, must be zeroed by caller
 */
void bbcodec_encode_header(bbcodec_t *codec, uint8_t *air_data, bbhdr_t *in_hdr, uint8_t trailer, uint8_t *in_data)
{
    4f60:	b5f0      	push	{r4, r5, r6, r7, lr}
    4f62:	b085      	sub	sp, #20
    4f64:	4604      	mov	r4, r0
	uint32_t h32;
	uint8_t hdr_bytes[3];
	// Write 4bits sw_trailer + 18*3 bits header in air_data
	
	/* encode the header */
	h32 = 7 & in_hdr->lt_addr;
    4f66:	f892 c000 	ldrb.w	ip, [r2]
{
    4f6a:	4615      	mov	r5, r2
    4f6c:	461f      	mov	r7, r3
	h32 |= (uint32_t)(0xf & in_hdr->type) << 3;
    4f6e:	7853      	ldrb	r3, [r2, #1]
	h32 |= (uint32_t)(0x7 & in_hdr->flags) << 7;
    4f70:	7892      	ldrb	r2, [r2, #2]
	h32 |= (uint32_t)(0xf & in_hdr->type) << 3;
    4f72:	00db      	lsls	r3, r3, #3
	h32 |= (uint32_t)(0x7 & in_hdr->flags) << 7;
    4f74:	01d2      	lsls	r2, r2, #7
    4f76:	f402 7260 	and.w	r2, r2, #896	@ 0x380
	h32 |= (uint32_t)(0xf & in_hdr->type) << 3;
    4f7a:	f003 0378 	and.w	r3, r3, #120	@ 0x78
        return rev8_map[data];
    4f7e:	483e      	ldr	r0, [pc, #248]	@ (5078 <bbcodec_encode_header+0x118>)
	h32 |= (uint32_t)(0x7 & in_hdr->flags) << 7;
    4f80:	4313      	orrs	r3, r2
    4f82:	7822      	ldrb	r2, [r4, #0]
	h32 = 7 & in_hdr->lt_addr;
    4f84:	f00c 0c07 	and.w	ip, ip, #7
	h32 |= (uint32_t)(0x7 & in_hdr->flags) << 7;
    4f88:	ea43 030c 	orr.w	r3, r3, ip
    4f8c:	f810 c002 	ldrb.w	ip, [r0, r2]
{
    4f90:	460e      	mov	r6, r1
	hec = (hec>>5) ^ hec_tbl[(data^hec)&0x1f];
    4f92:	ea83 000c 	eor.w	r0, r3, ip
    4f96:	4939      	ldr	r1, [pc, #228]	@ (507c <bbcodec_encode_header+0x11c>)
    4f98:	f000 001f 	and.w	r0, r0, #31
    4f9c:	5c08      	ldrb	r0, [r1, r0]
	hdr_bytes[0] = 0xff & h32;
	hdr_bytes[1] = 0xff & (h32>>8);
	hdr_bytes[2] = 0xff & (h32>>16);

	/* whiten the header */
	if (codec->use_whiten)
    4f9e:	6862      	ldr	r2, [r4, #4]
    4fa0:	ea80 105c 	eor.w	r0, r0, ip, lsr #5
	hec = (hec>>5) ^ hec_tbl[((data>>5)^hec)&0x1f];
    4fa4:	ea80 1c53 	eor.w	ip, r0, r3, lsr #5
    4fa8:	f00c 0c1f 	and.w	ip, ip, #31
    4fac:	f811 100c 	ldrb.w	r1, [r1, ip]
	h32 |= (uint32_t)hec_compute(h32, codec->uap) << 10;
    4fb0:	ea81 1150 	eor.w	r1, r1, r0, lsr #5
    4fb4:	ea43 2381 	orr.w	r3, r3, r1, lsl #10
	hdr_bytes[0] = 0xff & h32;
    4fb8:	f8ad 300c 	strh.w	r3, [sp, #12]
	hdr_bytes[2] = 0xff & (h32>>16);
    4fbc:	0c1b      	lsrs	r3, r3, #16
    4fbe:	f88d 300e 	strb.w	r3, [sp, #14]
	whiten(out, in, bit_count, whiten_state);
    4fc2:	a903      	add	r1, sp, #12
	if (codec->use_whiten)
    4fc4:	2a00      	cmp	r2, #0
    4fc6:	d143      	bne.n	5050 <bbcodec_encode_header+0xf0>

	/* Write trailer of syncword in the buffer */
	air_data[0] = trailer;

	/* fec13 & write the header at position 4 */
	fec13(air_data, hdr_bytes, 4, 18);
    4fc8:	2312      	movs	r3, #18
    4fca:	4630      	mov	r0, r6
    4fcc:	2204      	movs	r2, #4
	air_data[0] = trailer;
    4fce:	7037      	strb	r7, [r6, #0]
	fec13(air_data, hdr_bytes, 4, 18);
    4fd0:	f000 fd28 	bl	5a24 <fec13>

	/* encoder output position */
	codec->air_off_b = 58;
    4fd4:	233a      	movs	r3, #58	@ 0x3a
    4fd6:	6263      	str	r3, [r4, #36]	@ 0x24

	/* Configure codec type */
	bbcodec_set_payload_type(codec, in_hdr->type);
    4fd8:	7869      	ldrb	r1, [r5, #1]
	codec->t = &bbcodec_acl_types[type&0xf];
    4fda:	4e29      	ldr	r6, [pc, #164]	@ (5080 <bbcodec_encode_header+0x120>)
    4fdc:	f001 030f 	and.w	r3, r1, #15
    4fe0:	eb03 0343 	add.w	r3, r3, r3, lsl #1
	if (codec->t->nslots == 0)
    4fe4:	f816 5013 	ldrb.w	r5, [r6, r3, lsl #1]
	codec->t = &bbcodec_acl_types[type&0xf];
    4fe8:	eb06 0243 	add.w	r2, r6, r3, lsl #1
    4fec:	6162      	str	r2, [r4, #20]
	if (codec->t->nslots == 0)
    4fee:	b325      	cbz	r5, 503a <bbcodec_encode_header+0xda>
	if (t->payload_bytes != 0 && payload == NULL)
    4ff0:	8850      	ldrh	r0, [r2, #2]
    4ff2:	b110      	cbz	r0, 4ffa <bbcodec_encode_header+0x9a>
    4ff4:	9b0a      	ldr	r3, [sp, #40]	@ 0x28
    4ff6:	2b00      	cmp	r3, #0
    4ff8:	d03a      	beq.n	5070 <bbcodec_encode_header+0x110>
	hdr_len = t->payload_header_bytes;
    4ffa:	7853      	ldrb	r3, [r2, #1]
	if (t->has_crc)
    4ffc:	7956      	ldrb	r6, [r2, #5]
	if (t->has_fec23)
    4ffe:	7915      	ldrb	r5, [r2, #4]
	if (codec->rx_raw)
    5000:	68a2      	ldr	r2, [r4, #8]
		codec->payload_length = t->payload_bytes;
    5002:	4601      	mov	r1, r0
	if (codec->rx_raw)
    5004:	b16a      	cbz	r2, 5022 <bbcodec_encode_header+0xc2>
	codec->coded_total = (hdr_len + codec->payload_length);
    5006:	440b      	add	r3, r1
		codec->payload_length = t->payload_bytes;
    5008:	61a1      	str	r1, [r4, #24]
	if (t->has_crc)
    500a:	b106      	cbz	r6, 500e <bbcodec_encode_header+0xae>
		codec->coded_total += 2;
    500c:	3302      	adds	r3, #2
	codec->coded_total = (hdr_len + codec->payload_length);
    500e:	6223      	str	r3, [r4, #32]
	if (t->has_fec23)
    5010:	b1e5      	cbz	r5, 504c <bbcodec_encode_header+0xec>
		payload_bits = codec->coded_total*12;
    5012:	eb03 0343 	add.w	r3, r3, r3, lsl #1
    5016:	009b      	lsls	r3, r3, #2
	codec->air_bytes = BYTE_ALIGN(58+payload_bits);
    5018:	3341      	adds	r3, #65	@ 0x41
    501a:	08db      	lsrs	r3, r3, #3
    501c:	61e3      	str	r3, [r4, #28]

	/* Set codec type / payload length */
	bbcodec_calc_payload_length(codec, in_data);
}
    501e:	b005      	add	sp, #20
    5020:	bdf0      	pop	{r4, r5, r6, r7, pc}
		switch(hdr_len)
    5022:	2b01      	cmp	r3, #1
    5024:	d01d      	beq.n	5062 <bbcodec_encode_header+0x102>
    5026:	2b02      	cmp	r3, #2
    5028:	d1ed      	bne.n	5006 <bbcodec_encode_header+0xa6>
			codec->payload_length = 0x3ff & ((payload[0]|(payload[1]<<8))>>3);
    502a:	9a0a      	ldr	r2, [sp, #40]	@ 0x28
    502c:	8811      	ldrh	r1, [r2, #0]
    502e:	f3c1 01c9 	ubfx	r1, r1, #3, #10
		if (codec->payload_length > t->payload_bytes)
    5032:	4288      	cmp	r0, r1
    5034:	d2e7      	bcs.n	5006 <bbcodec_encode_header+0xa6>
    5036:	2100      	movs	r1, #0
    5038:	e7e6      	b.n	5008 <bbcodec_encode_header+0xa8>
		cprintf("(Nyi plt %d)", type);
    503a:	4812      	ldr	r0, [pc, #72]	@ (5084 <bbcodec_encode_header+0x124>)
    503c:	f000 ff84 	bl	5f48 <cprintf>
	if (codec->rx_raw)
    5040:	68a3      	ldr	r3, [r4, #8]
		codec->t = &bbcodec_acl_types[0];
    5042:	6166      	str	r6, [r4, #20]
	if (codec->rx_raw)
    5044:	b18b      	cbz	r3, 506a <bbcodec_encode_header+0x10a>
	codec->coded_total = (hdr_len + codec->payload_length);
    5046:	462b      	mov	r3, r5
		codec->payload_length = t->payload_bytes;
    5048:	61a5      	str	r5, [r4, #24]
	codec->coded_total = (hdr_len + codec->payload_length);
    504a:	6225      	str	r5, [r4, #32]
		payload_bits = codec->coded_total*8;
    504c:	00db      	lsls	r3, r3, #3
    504e:	e7e3      	b.n	5018 <bbcodec_encode_header+0xb8>
	whiten(out, in, bit_count, whiten_state);
    5050:	4608      	mov	r0, r1
    5052:	2212      	movs	r2, #18
    5054:	f104 030c 	add.w	r3, r4, #12
    5058:	9101      	str	r1, [sp, #4]
    505a:	f000 f9bb 	bl	53d4 <whiten>
    505e:	9901      	ldr	r1, [sp, #4]
}
    5060:	e7b2      	b.n	4fc8 <bbcodec_encode_header+0x68>
			codec->payload_length = payload[0]>>3;
    5062:	9a0a      	ldr	r2, [sp, #40]	@ 0x28
    5064:	7811      	ldrb	r1, [r2, #0]
    5066:	08c9      	lsrs	r1, r1, #3
			break;
    5068:	e7e3      	b.n	5032 <bbcodec_encode_header+0xd2>
	codec->coded_total = (hdr_len + codec->payload_length);
    506a:	462b      	mov	r3, r5
			codec->payload_length = t->payload_bytes;
    506c:	61a5      	str	r5, [r4, #24]
	if (t->has_crc)
    506e:	e7ce      	b.n	500e <bbcodec_encode_header+0xae>
		DIE("No payload for type %p\n", codec->t);
    5070:	4611      	mov	r1, r2
    5072:	4805      	ldr	r0, [pc, #20]	@ (5088 <bbcodec_encode_header+0x128>)
    5074:	f000 fe78 	bl	5d68 <die>
    5078:	0000e7c0 	.word	0x0000e7c0
    507c:	0000e5a0 	.word	0x0000e5a0
    5080:	0000d800 	.word	0x0000d800
    5084:	0000b11c 	.word	0x0000b11c
    5088:	0000b12c 	.word	0x0000b12c

0000508c <bbcodec_encode_chunk>:

void bbcodec_encode_chunk(bbcodec_t *codec, uint8_t *air_data, bbhdr_t *in_hdr, uint8_t *in_data)
{
    508c:	e92d 43f0 	stmdb	sp!, {r4, r5, r6, r7, r8, r9, lr}
    5090:	b095      	sub	sp, #84	@ 0x54
    5092:	4604      	mov	r4, r0
    5094:	4688      	mov	r8, r1
	const bbcodec_types_t *t = codec->t;
	uint8_t tmp[CODEC_TX_CHUNK_SIZE], *inp;
	unsigned byte_left, crc_num, byte_num, out_bitlen;

	/* Current input pointer */
	inp = in_data + codec->coded_pos;
    5096:	6a81      	ldr	r1, [r0, #40]	@ 0x28

	/* total encode bytes left including crc */
	byte_left = codec->coded_total - codec->coded_pos;
    5098:	6a00      	ldr	r0, [r0, #32]

	/* nothing to do */
	if (byte_left == 0)
    509a:	1a45      	subs	r5, r0, r1
    509c:	d043      	beq.n	5126 <bbcodec_encode_chunk+0x9a>
	const bbcodec_types_t *t = codec->t;
    509e:	6966      	ldr	r6, [r4, #20]
		return;

	/* If the crc calculation is not done yet */
	if (!codec->rx_raw && t->has_crc && byte_left > 2)
    50a0:	68a2      	ldr	r2, [r4, #8]
	const bbcodec_types_t *t = codec->t;
    50a2:	46b1      	mov	r9, r6
	inp = in_data + codec->coded_pos;
    50a4:	4419      	add	r1, r3
	if (!codec->rx_raw && t->has_crc && byte_left > 2)
    50a6:	bb12      	cbnz	r2, 50ee <bbcodec_encode_chunk+0x62>
    50a8:	7972      	ldrb	r2, [r6, #5]
    50aa:	b302      	cbz	r2, 50ee <bbcodec_encode_chunk+0x62>
    50ac:	2d02      	cmp	r5, #2
    50ae:	d91e      	bls.n	50ee <bbcodec_encode_chunk+0x62>
	{
		/* Num bytes we're going to crc */
		crc_num = MIN(byte_left-2, CODEC_TX_CHUNK_SIZE);

		codec->crc_state = crc_compute(inp, crc_num, codec->crc_state);
    50b0:	f101 3cff 	add.w	ip, r1, #4294967295	@ 0xffffffff
		crc_num = MIN(byte_left-2, CODEC_TX_CHUNK_SIZE);
    50b4:	1eaa      	subs	r2, r5, #2
    50b6:	2a50      	cmp	r2, #80	@ 0x50
    50b8:	bf94      	ite	ls
    50ba:	eb0c 0e02 	addls.w	lr, ip, r2
    50be:	f10c 0e50 	addhi.w	lr, ip, #80	@ 0x50
		codec->crc_state = crc_compute(inp, crc_num, codec->crc_state);
    50c2:	89e6      	ldrh	r6, [r4, #14]
		crc = (crc>>8) ^ crc_tbl[0xff & (in[i]^crc)];
    50c4:	f81c 2f01 	ldrb.w	r2, [ip, #1]!
    50c8:	4f1f      	ldr	r7, [pc, #124]	@ (5148 <bbcodec_encode_chunk+0xbc>)
    50ca:	4072      	eors	r2, r6
    50cc:	b2d2      	uxtb	r2, r2
    50ce:	f837 2012 	ldrh.w	r2, [r7, r2, lsl #1]
	for(i = 0; i < nbytes; i++)
    50d2:	45f4      	cmp	ip, lr
		crc = (crc>>8) ^ crc_tbl[0xff & (in[i]^crc)];
    50d4:	ea82 2616 	eor.w	r6, r2, r6, lsr #8
	for(i = 0; i < nbytes; i++)
    50d8:	d1f4      	bne.n	50c4 <bbcodec_encode_chunk+0x38>

		/* If the crc calculation is done, write crc in in_data */
		if (codec->coded_pos+byte_left == codec->coded_total)
		{
			in_data[codec->coded_total-2] = 0xff & codec->crc_state;
    50da:	4418      	add	r0, r3
		codec->crc_state = crc_compute(inp, crc_num, codec->crc_state);
    50dc:	81e6      	strh	r6, [r4, #14]
			in_data[codec->coded_total-2] = 0xff & codec->crc_state;
    50de:	f800 6c02 	strb.w	r6, [r0, #-2]
			in_data[codec->coded_total-1] = 0xff & (codec->crc_state>>8);
    50e2:	6a22      	ldr	r2, [r4, #32]
    50e4:	4413      	add	r3, r2
    50e6:	89e2      	ldrh	r2, [r4, #14]
    50e8:	0a12      	lsrs	r2, r2, #8
    50ea:	f803 2c01 	strb.w	r2, [r3, #-1]
		}
	}

	/* Num bytes we're going to encode */
	byte_num = MIN(byte_left, CODEC_TX_CHUNK_SIZE);
    50ee:	2d50      	cmp	r5, #80	@ 0x50
    50f0:	bf28      	it	cs
    50f2:	2550      	movcs	r5, #80	@ 0x50

	/* whiten the encode bytes */
	if (codec->use_whiten)
    50f4:	6863      	ldr	r3, [r4, #4]
		bbcodec_unwhiten(&codec->whiten_state, tmp, inp, byte_num*8);
    50f6:	00ee      	lsls	r6, r5, #3
	if (codec->use_whiten)
    50f8:	b9c3      	cbnz	r3, 512c <bbcodec_encode_chunk+0xa0>
    50fa:	466f      	mov	r7, sp

	/* Encode data in the air buffer */
	if (t->has_fec23)
	{
		fec23(air_data+(codec->air_off_b>>3), tmp, codec->air_off_b&7, byte_num*8);
    50fc:	6a62      	ldr	r2, [r4, #36]	@ 0x24
	if (t->has_fec23)
    50fe:	f899 3004 	ldrb.w	r3, [r9, #4]
		fec23(air_data+(codec->air_off_b>>3), tmp, codec->air_off_b&7, byte_num*8);
    5102:	eb08 00d2 	add.w	r0, r8, r2, lsr #3
    5106:	f002 0207 	and.w	r2, r2, #7
	if (t->has_fec23)
    510a:	b1bb      	cbz	r3, 513c <bbcodec_encode_chunk+0xb0>
		fec23(air_data+(codec->air_off_b>>3), tmp, codec->air_off_b&7, byte_num*8);
    510c:	4633      	mov	r3, r6
    510e:	4639      	mov	r1, r7
    5110:	f000 f998 	bl	5444 <fec23>
		out_bitlen = byte_num*12;
    5114:	eb05 0645 	add.w	r6, r5, r5, lsl #1
    5118:	00b6      	lsls	r6, r6, #2

	/* Update input position */
	codec->coded_pos += byte_num;

	/* Update output position */
	codec->air_off_b += out_bitlen;
    511a:	e9d4 3209 	ldrd	r3, r2, [r4, #36]	@ 0x24
	codec->coded_pos += byte_num;
    511e:	442a      	add	r2, r5
	codec->air_off_b += out_bitlen;
    5120:	4433      	add	r3, r6
    5122:	e9c4 3209 	strd	r3, r2, [r4, #36]	@ 0x24
}
    5126:	b015      	add	sp, #84	@ 0x54
    5128:	e8bd 83f0 	ldmia.w	sp!, {r4, r5, r6, r7, r8, r9, pc}
	whiten(out, in, bit_count, whiten_state);
    512c:	4668      	mov	r0, sp
    512e:	4632      	mov	r2, r6
    5130:	f104 030c 	add.w	r3, r4, #12
    5134:	466f      	mov	r7, sp
    5136:	f000 f94d 	bl	53d4 <whiten>
}
    513a:	e7df      	b.n	50fc <bbcodec_encode_chunk+0x70>
		null_encode(air_data+(codec->air_off_b>>3), tmp, codec->air_off_b&7, byte_num);
    513c:	4639      	mov	r1, r7
    513e:	462b      	mov	r3, r5
    5140:	f000 f912 	bl	5368 <null_encode>
		out_bitlen = byte_num*8;
    5144:	e7e9      	b.n	511a <bbcodec_encode_chunk+0x8e>
    5146:	bf00      	nop
    5148:	0000e5c0 	.word	0x0000e5c0

0000514c <bbcodec_decode_chunk>:
	}
}

/* Decode 10 host bytes */
int bbcodec_decode_chunk(bbcodec_t *codec, uint8_t *out, bbhdr_t *in_hdr, uint8_t *in_data, unsigned in_length)
{
    514c:	e92d 43f0 	stmdb	sp!, {r4, r5, r6, r7, r8, r9, lr}
    5150:	b083      	sub	sp, #12
	const bbcodec_types_t *t = codec->t;
    5152:	6946      	ldr	r6, [r0, #20]
{
    5154:	4604      	mov	r4, r0
	int bit_av, in_bitlen, first_chunk = codec->coded_pos == 0;
	uint8_t *outp;
	unsigned byte_num;

	/* Check if there is a payload to decode */
	if (t->payload_bytes == 0)
    5156:	8872      	ldrh	r2, [r6, #2]
{
    5158:	4688      	mov	r8, r1
	if (t->payload_bytes == 0)
    515a:	b382      	cbz	r2, 51be <bbcodec_decode_chunk+0x72>
	int bit_av, in_bitlen, first_chunk = codec->coded_pos == 0;
    515c:	6a87      	ldr	r7, [r0, #40]	@ 0x28
		return BBCODEC_DONE;

	/* First chunk: we do not know coded position,
	 * Just do one full chunk */
	if (first_chunk)
    515e:	b35f      	cbz	r7, 51b8 <bbcodec_decode_chunk+0x6c>
		byte_num = CODEC_RX_CHUNK_SIZE;
		outp = out;
	}
	else{
		/* FIXME: hacky assert that payload length was decoded */
		if(codec->coded_total == 0)
    5160:	6a05      	ldr	r5, [r0, #32]
    5162:	2d00      	cmp	r5, #0
    5164:	f000 80a3 	beq.w	52ae <bbcodec_decode_chunk+0x162>
			DIE("dec_nc: unk pl len\n");
		byte_num = MIN(CODEC_RX_CHUNK_SIZE,codec->coded_total - codec->coded_pos);
		outp = out+codec->coded_pos;
	}

	if (byte_num == 0)
    5168:	42af      	cmp	r7, r5
    516a:	d028      	beq.n	51be <bbcodec_decode_chunk+0x72>
		byte_num = MIN(CODEC_RX_CHUNK_SIZE,codec->coded_total - codec->coded_pos);
    516c:	1bed      	subs	r5, r5, r7
    516e:	2d0a      	cmp	r5, #10
    5170:	bf28      	it	cs
    5172:	250a      	movcs	r5, #10
		outp = out+codec->coded_pos;
    5174:	eb01 0907 	add.w	r9, r1, r7
		return BBCODEC_DONE;

	bit_av = in_length*8 - codec->air_off_b;
    5178:	6a62      	ldr	r2, [r4, #36]	@ 0x24
	if (bit_av < 0)
    517a:	990a      	ldr	r1, [sp, #40]	@ 0x28
    517c:	ebd2 0cc1 	rsbs	ip, r2, r1, lsl #3
    5180:	f100 8092 	bmi.w	52a8 <bbcodec_decode_chunk+0x15c>
		DIE("dec_nc: error av %d of %d\n", in_length, codec->air_off_b);

	if (t->has_fec23)
    5184:	7931      	ldrb	r1, [r6, #4]
    5186:	b1f1      	cbz	r1, 51c6 <bbcodec_decode_chunk+0x7a>
	{
		in_bitlen = 12*byte_num;
    5188:	eb05 0145 	add.w	r1, r5, r5, lsl #1
    518c:	0088      	lsls	r0, r1, #2
		if (bit_av < in_bitlen)
    518e:	ebbc 0f81 	cmp.w	ip, r1, lsl #2
		in_bitlen = 12*byte_num;
    5192:	9000      	str	r0, [sp, #0]
		if (bit_av < in_bitlen)
    5194:	db3a      	blt.n	520c <bbcodec_decode_chunk+0xc0>
			return BBCODEC_SHORT;
		/* TODO: return unfec23 error for pkt->flags ?
		 * For now, we're just relying on CRC to check validity of message. */
		unfec23(outp, in_data, codec->air_off_b, 8*byte_num);
    5196:	4619      	mov	r1, r3
    5198:	4648      	mov	r0, r9
    519a:	00eb      	lsls	r3, r5, #3
    519c:	9301      	str	r3, [sp, #4]
    519e:	f000 fb47 	bl	5830 <unfec23>
		in_bitlen = 8*byte_num;
		if (bit_av < in_bitlen)
			return BBCODEC_SHORT;
		null_decode(outp, in_data, codec->air_off_b, byte_num);
	}
	if (codec->use_whiten)
    51a2:	6862      	ldr	r2, [r4, #4]
    51a4:	9b01      	ldr	r3, [sp, #4]
    51a6:	b1e2      	cbz	r2, 51e2 <bbcodec_decode_chunk+0x96>
	whiten(out, in, bit_count, whiten_state);
    51a8:	461a      	mov	r2, r3
    51aa:	4649      	mov	r1, r9
    51ac:	4648      	mov	r0, r9
    51ae:	f104 030c 	add.w	r3, r4, #12
    51b2:	f000 f90f 	bl	53d4 <whiten>
}
    51b6:	e014      	b.n	51e2 <bbcodec_decode_chunk+0x96>
		outp = out;
    51b8:	4689      	mov	r9, r1
		byte_num = CODEC_RX_CHUNK_SIZE;
    51ba:	250a      	movs	r5, #10
    51bc:	e7dc      	b.n	5178 <bbcodec_decode_chunk+0x2c>
		return BBCODEC_DONE;
    51be:	2001      	movs	r0, #1
	if (codec->coded_pos >= codec->coded_total)
	{
		return BBCODEC_DONE;
	}
	return 0;
}
    51c0:	b003      	add	sp, #12
    51c2:	e8bd 83f0 	ldmia.w	sp!, {r4, r5, r6, r7, r8, r9, pc}
		in_bitlen = 8*byte_num;
    51c6:	00e9      	lsls	r1, r5, #3
		if (bit_av < in_bitlen)
    51c8:	ebbc 0fc5 	cmp.w	ip, r5, lsl #3
		in_bitlen = 8*byte_num;
    51cc:	9100      	str	r1, [sp, #0]
		if (bit_av < in_bitlen)
    51ce:	db1d      	blt.n	520c <bbcodec_decode_chunk+0xc0>
		null_decode(outp, in_data, codec->air_off_b, byte_num);
    51d0:	4619      	mov	r1, r3
    51d2:	4648      	mov	r0, r9
    51d4:	462b      	mov	r3, r5
    51d6:	f000 f8a5 	bl	5324 <null_decode>
	if (codec->use_whiten)
    51da:	6862      	ldr	r2, [r4, #4]
		null_decode(outp, in_data, codec->air_off_b, byte_num);
    51dc:	00eb      	lsls	r3, r5, #3
	if (codec->use_whiten)
    51de:	2a00      	cmp	r2, #0
    51e0:	d1e2      	bne.n	51a8 <bbcodec_decode_chunk+0x5c>
	codec->air_off_b += in_bitlen;
    51e2:	6a63      	ldr	r3, [r4, #36]	@ 0x24
	codec->coded_pos += byte_num;
    51e4:	6aa0      	ldr	r0, [r4, #40]	@ 0x28
	codec->air_off_b += in_bitlen;
    51e6:	9a00      	ldr	r2, [sp, #0]
	codec->coded_pos += byte_num;
    51e8:	4428      	add	r0, r5
	codec->air_off_b += in_bitlen;
    51ea:	4413      	add	r3, r2
    51ec:	6263      	str	r3, [r4, #36]	@ 0x24
	codec->coded_pos += byte_num;
    51ee:	62a0      	str	r0, [r4, #40]	@ 0x28
	if (first_chunk)
    51f0:	b187      	cbz	r7, 5214 <bbcodec_decode_chunk+0xc8>
	if (codec->rx_raw)
    51f2:	68a3      	ldr	r3, [r4, #8]
	unsigned crc_num = MIN(codec->coded_total-2,codec->coded_pos)-codec->crc_pos;
    51f4:	6a22      	ldr	r2, [r4, #32]
	if (!codec->rx_raw && t->has_crc)
    51f6:	b913      	cbnz	r3, 51fe <bbcodec_decode_chunk+0xb2>
    51f8:	7971      	ldrb	r1, [r6, #5]
    51fa:	2900      	cmp	r1, #0
    51fc:	d130      	bne.n	5260 <bbcodec_decode_chunk+0x114>
	if (codec->coded_pos >= codec->coded_total)
    51fe:	4290      	cmp	r0, r2
    5200:	bf34      	ite	cc
    5202:	2000      	movcc	r0, #0
    5204:	2001      	movcs	r0, #1
}
    5206:	b003      	add	sp, #12
    5208:	e8bd 83f0 	ldmia.w	sp!, {r4, r5, r6, r7, r8, r9, pc}
			return BBCODEC_SHORT;
    520c:	2002      	movs	r0, #2
}
    520e:	b003      	add	sp, #12
    5210:	e8bd 83f0 	ldmia.w	sp!, {r4, r5, r6, r7, r8, r9, pc}
	const bbcodec_types_t *t = codec->t;
    5214:	6961      	ldr	r1, [r4, #20]
	if (t->payload_bytes != 0 && payload == NULL)
    5216:	884f      	ldrh	r7, [r1, #2]
    5218:	b117      	cbz	r7, 5220 <bbcodec_decode_chunk+0xd4>
    521a:	f1b8 0f00 	cmp.w	r8, #0
    521e:	d049      	beq.n	52b4 <bbcodec_decode_chunk+0x168>
	if (codec->rx_raw)
    5220:	68a3      	ldr	r3, [r4, #8]
		codec->payload_length = t->payload_bytes;
    5222:	463d      	mov	r5, r7
	hdr_len = t->payload_header_bytes;
    5224:	784a      	ldrb	r2, [r1, #1]
	if (codec->rx_raw)
    5226:	b95b      	cbnz	r3, 5240 <bbcodec_decode_chunk+0xf4>
		switch(hdr_len)
    5228:	2a01      	cmp	r2, #1
    522a:	d039      	beq.n	52a0 <bbcodec_decode_chunk+0x154>
    522c:	2a02      	cmp	r2, #2
    522e:	d107      	bne.n	5240 <bbcodec_decode_chunk+0xf4>
			codec->payload_length = 0x3ff & ((payload[0]|(payload[1]<<8))>>3);
    5230:	f8b8 5000 	ldrh.w	r5, [r8]
    5234:	f3c5 05c9 	ubfx	r5, r5, #3, #10
		if (codec->payload_length > t->payload_bytes)
    5238:	42bd      	cmp	r5, r7
    523a:	d901      	bls.n	5240 <bbcodec_decode_chunk+0xf4>
    523c:	2500      	movs	r5, #0
    523e:	e000      	b.n	5242 <bbcodec_decode_chunk+0xf6>
	codec->coded_total = (hdr_len + codec->payload_length);
    5240:	442a      	add	r2, r5
		codec->payload_length = t->payload_bytes;
    5242:	61a5      	str	r5, [r4, #24]
	codec->coded_total = (hdr_len + codec->payload_length);
    5244:	6222      	str	r2, [r4, #32]
	if (t->has_crc)
    5246:	794d      	ldrb	r5, [r1, #5]
    5248:	b10d      	cbz	r5, 524e <bbcodec_decode_chunk+0x102>
		codec->coded_total += 2;
    524a:	3202      	adds	r2, #2
    524c:	6222      	str	r2, [r4, #32]
	if (t->has_fec23)
    524e:	7909      	ldrb	r1, [r1, #4]
    5250:	b321      	cbz	r1, 529c <bbcodec_decode_chunk+0x150>
		payload_bits = codec->coded_total*12;
    5252:	eb02 0142 	add.w	r1, r2, r2, lsl #1
    5256:	0089      	lsls	r1, r1, #2
	codec->air_bytes = BYTE_ALIGN(58+payload_bits);
    5258:	3141      	adds	r1, #65	@ 0x41
    525a:	08c9      	lsrs	r1, r1, #3
    525c:	61e1      	str	r1, [r4, #28]
}
    525e:	e7ca      	b.n	51f6 <bbcodec_decode_chunk+0xaa>
	unsigned crc_num = MIN(codec->coded_total-2,codec->coded_pos)-codec->crc_pos;
    5260:	1e96      	subs	r6, r2, #2
    5262:	4286      	cmp	r6, r0
    5264:	bf28      	it	cs
    5266:	4606      	movcs	r6, r0
	const uint8_t *crc_data = data+codec->crc_pos;
    5268:	f8b4 c010 	ldrh.w	ip, [r4, #16]
	if (crc_num)
    526c:	ebb6 070c 	subs.w	r7, r6, ip
    5270:	d0c5      	beq.n	51fe <bbcodec_decode_chunk+0xb2>
    5272:	4619      	mov	r1, r3
		codec->crc_state = crc_compute(crc_data, crc_num, codec->crc_state);
    5274:	89e5      	ldrh	r5, [r4, #14]
    5276:	f8df e044 	ldr.w	lr, [pc, #68]	@ 52bc <bbcodec_decode_chunk+0x170>
    527a:	44c4      	add	ip, r8
		crc = (crc>>8) ^ crc_tbl[0xff & (in[i]^crc)];
    527c:	f81c 1001 	ldrb.w	r1, [ip, r1]
	for(i = 0; i < nbytes; i++)
    5280:	3301      	adds	r3, #1
		crc = (crc>>8) ^ crc_tbl[0xff & (in[i]^crc)];
    5282:	4069      	eors	r1, r5
    5284:	b2c9      	uxtb	r1, r1
    5286:	f83e 1011 	ldrh.w	r1, [lr, r1, lsl #1]
	for(i = 0; i < nbytes; i++)
    528a:	b29b      	uxth	r3, r3
    528c:	429f      	cmp	r7, r3
		crc = (crc>>8) ^ crc_tbl[0xff & (in[i]^crc)];
    528e:	ea81 2515 	eor.w	r5, r1, r5, lsr #8
	for(i = 0; i < nbytes; i++)
    5292:	4619      	mov	r1, r3
    5294:	d8f2      	bhi.n	527c <bbcodec_decode_chunk+0x130>
    5296:	81e5      	strh	r5, [r4, #14]
		codec->crc_pos += crc_num;
    5298:	8226      	strh	r6, [r4, #16]
    529a:	e7b0      	b.n	51fe <bbcodec_decode_chunk+0xb2>
		payload_bits = codec->coded_total*8;
    529c:	00d1      	lsls	r1, r2, #3
    529e:	e7db      	b.n	5258 <bbcodec_decode_chunk+0x10c>
			codec->payload_length = payload[0]>>3;
    52a0:	f898 5000 	ldrb.w	r5, [r8]
    52a4:	08ed      	lsrs	r5, r5, #3
			break;
    52a6:	e7c7      	b.n	5238 <bbcodec_decode_chunk+0xec>
		DIE("dec_nc: error av %d of %d\n", in_length, codec->air_off_b);
    52a8:	4805      	ldr	r0, [pc, #20]	@ (52c0 <bbcodec_decode_chunk+0x174>)
    52aa:	f000 fd5d 	bl	5d68 <die>
			DIE("dec_nc: unk pl len\n");
    52ae:	4805      	ldr	r0, [pc, #20]	@ (52c4 <bbcodec_decode_chunk+0x178>)
    52b0:	f000 fd5a 	bl	5d68 <die>
		DIE("No payload for type %p\n", codec->t);
    52b4:	4804      	ldr	r0, [pc, #16]	@ (52c8 <bbcodec_decode_chunk+0x17c>)
    52b6:	f000 fd57 	bl	5d68 <die>
    52ba:	bf00      	nop
    52bc:	0000e5c0 	.word	0x0000e5c0
    52c0:	0000b168 	.word	0x0000b168
    52c4:	0000b14c 	.word	0x0000b14c
    52c8:	0000b12c 	.word	0x0000b12c

000052cc <bbcodec_decode_finalize>:

/* Finalize decoding of the packet type,
 * must be called after all chunks are received
 */
uint8_t bbcodec_decode_finalize(bbcodec_t *codec, uint8_t *out, uint16_t *out_size)
{
    52cc:	b508      	push	{r3, lr}
	uint8_t *outp;
	uint8_t rc = 0;
	const bbcodec_types_t *t = codec->t;

	/* Check if there is a payload to decode */
	if (codec->coded_pos < codec->coded_total)
    52ce:	6a83      	ldr	r3, [r0, #40]	@ 0x28
    52d0:	f8d0 c020 	ldr.w	ip, [r0, #32]
    52d4:	4563      	cmp	r3, ip
    52d6:	d31d      	bcc.n	5314 <bbcodec_decode_finalize+0x48>
	{
		DIE("Pkt not decoded? %d:%d\n",
			codec->coded_pos, codec->coded_total);
	}
	if (!codec->rx_raw && t->has_crc)
    52d8:	6883      	ldr	r3, [r0, #8]
			BB_DEBUG("(bad crc: cal=%x, crc=%x)", codec->crc_state, crc);
		}
		else{
			rc |= 1<<BBPKT_F_GOOD_CRC;
		}
		*out_size = codec->coded_total-2;
    52da:	46e6      	mov	lr, ip
	if (!codec->rx_raw && t->has_crc)
    52dc:	b9ab      	cbnz	r3, 530a <bbcodec_decode_finalize+0x3e>
    52de:	6943      	ldr	r3, [r0, #20]
    52e0:	795b      	ldrb	r3, [r3, #5]
    52e2:	b19b      	cbz	r3, 530c <bbcodec_decode_finalize+0x40>
		crc = out[codec->coded_total-2]|(out[codec->coded_total-1]<<8);
    52e4:	4461      	add	r1, ip
    52e6:	f811 3c01 	ldrb.w	r3, [r1, #-1]
    52ea:	f811 1c02 	ldrb.w	r1, [r1, #-2]
		*out_size = codec->coded_total-2;
    52ee:	f1ac 0e02 	sub.w	lr, ip, #2
		if (crc!=codec->crc_state)
    52f2:	ea41 2103 	orr.w	r1, r1, r3, lsl #8
    52f6:	89c3      	ldrh	r3, [r0, #14]
		*out_size = codec->coded_total-2;
    52f8:	f8a2 e000 	strh.w	lr, [r2]
		if (crc!=codec->crc_state)
    52fc:	1a5b      	subs	r3, r3, r1
    52fe:	fab3 f383 	clz	r3, r3
    5302:	095b      	lsrs	r3, r3, #5
    5304:	00db      	lsls	r3, r3, #3
	{
		*out_size = codec->coded_total;
	}

	return rc;
}
    5306:	4618      	mov	r0, r3
    5308:	bd08      	pop	{r3, pc}
	uint8_t rc = 0;
    530a:	2300      	movs	r3, #0
}
    530c:	4618      	mov	r0, r3
		*out_size = codec->coded_total-2;
    530e:	f8a2 e000 	strh.w	lr, [r2]
}
    5312:	bd08      	pop	{r3, pc}
		DIE("Pkt not decoded? %d:%d\n",
    5314:	4662      	mov	r2, ip
    5316:	4619      	mov	r1, r3
    5318:	4801      	ldr	r0, [pc, #4]	@ (5320 <bbcodec_decode_finalize+0x54>)
    531a:	f000 fd25 	bl	5d68 <die>
    531e:	bf00      	nop
    5320:	0000b188 	.word	0x0000b188

00005324 <null_decode>:
	0xe5, 0x2b, 0xb2, 0x7c, 0x4b, 0x85, 0x1c, 0xd2, 
	0x72, 0xbc, 0x25, 0xeb, 0xdc, 0x12, 0x8b, 0x45, 
};

void null_decode(uint8_t *out, uint8_t *in, unsigned in_of, unsigned byte_count)
{
    5324:	b508      	push	{r3, lr}
	unsigned i;
	uint8_t b, byte_of;

	if (byte_count == 0)
    5326:	b19b      	cbz	r3, 5350 <null_decode+0x2c>
		return;

	byte_of = in_of/8;
	in_of &= 7;
	in += byte_of;
    5328:	f3c2 0ec7 	ubfx	lr, r2, #3, #8
	if (in_of == 0)
    532c:	f012 0207 	ands.w	r2, r2, #7
	in += byte_of;
    5330:	4471      	add	r1, lr
	if (in_of == 0)
    5332:	d00e      	beq.n	5352 <null_decode+0x2e>
	{
		memcpy(out, in, byte_count);
		return;
	}
	if (in_of != 2)
    5334:	2a02      	cmp	r2, #2
    5336:	d111      	bne.n	535c <null_decode+0x38>
    5338:	3801      	subs	r0, #1
    533a:	440b      	add	r3, r1
		DIE("nyi unaligned in %d\n", in_of);

	for (i=0;i<byte_count;i++)
	{
		out[i] = 0xff & ((in[i]>>2)|(in[i+1]<<6));
    533c:	780a      	ldrb	r2, [r1, #0]
    533e:	f811 cf01 	ldrb.w	ip, [r1, #1]!
    5342:	0892      	lsrs	r2, r2, #2
    5344:	ea42 128c 	orr.w	r2, r2, ip, lsl #6
	for (i=0;i<byte_count;i++)
    5348:	428b      	cmp	r3, r1
		out[i] = 0xff & ((in[i]>>2)|(in[i+1]<<6));
    534a:	f800 2f01 	strb.w	r2, [r0, #1]!
	for (i=0;i<byte_count;i++)
    534e:	d1f5      	bne.n	533c <null_decode+0x18>
	}
}
    5350:	bd08      	pop	{r3, pc}
		memcpy(out, in, byte_count);
    5352:	461a      	mov	r2, r3
}
    5354:	e8bd 4008 	ldmia.w	sp!, {r3, lr}
		memcpy(out, in, byte_count);
    5358:	f7fe beb8 	b.w	40cc <__aeabi_memcpy>
		DIE("nyi unaligned in %d\n", in_of);
    535c:	4611      	mov	r1, r2
    535e:	4801      	ldr	r0, [pc, #4]	@ (5364 <null_decode+0x40>)
    5360:	f000 fd02 	bl	5d68 <die>
    5364:	0000b1a8 	.word	0x0000b1a8

00005368 <null_encode>:

void null_encode(uint8_t *out, uint8_t *in, unsigned out_of, unsigned byte_count)
{
    5368:	b510      	push	{r4, lr}
    536a:	468c      	mov	ip, r1
	unsigned i;
	uint8_t b, byte_of;

	if (byte_count == 0)
    536c:	b32b      	cbz	r3, 53ba <null_encode+0x52>
		return;
	
	byte_of = out_of/8;
	out_of &= 7;
	out += byte_of;
    536e:	f3c2 0ec7 	ubfx	lr, r2, #3, #8
	if (out_of == 0)
    5372:	f012 0207 	ands.w	r2, r2, #7
	out += byte_of;
    5376:	eb00 040e 	add.w	r4, r0, lr
	if (out_of == 0)
    537a:	d01f      	beq.n	53bc <null_encode+0x54>
	{
		memcpy(out, in, byte_count);
		return;
	}
	if (out_of != 2)
    537c:	2a02      	cmp	r2, #2
    537e:	d123      	bne.n	53c8 <null_encode+0x60>
		DIE("nyi unaligned out %d\n", out_of);

	out[0] |= 0xff & (in[0]<<2);
    5380:	7809      	ldrb	r1, [r1, #0]
    5382:	f810 200e 	ldrb.w	r2, [r0, lr]
	for (i=0;i<byte_count-1;i++)
    5386:	2b01      	cmp	r3, #1
	out[0] |= 0xff & (in[0]<<2);
    5388:	ea42 0281 	orr.w	r2, r2, r1, lsl #2
    538c:	f800 200e 	strb.w	r2, [r0, lr]
	for (i=0;i<byte_count-1;i++)
    5390:	d00f      	beq.n	53b2 <null_encode+0x4a>
    5392:	46a6      	mov	lr, r4
    5394:	f10c 31ff 	add.w	r1, ip, #4294967295	@ 0xffffffff
    5398:	4419      	add	r1, r3
	{
		out[i+1] = 0xff & ((in[i]>>6)|(in[i+1]<<2));
    539a:	f89c 2000 	ldrb.w	r2, [ip]
    539e:	f81c 0f01 	ldrb.w	r0, [ip, #1]!
    53a2:	0992      	lsrs	r2, r2, #6
    53a4:	ea42 0280 	orr.w	r2, r2, r0, lsl #2
	for (i=0;i<byte_count-1;i++)
    53a8:	4561      	cmp	r1, ip
		out[i+1] = 0xff & ((in[i]>>6)|(in[i+1]<<2));
    53aa:	f80e 2f01 	strb.w	r2, [lr, #1]!
	for (i=0;i<byte_count-1;i++)
    53ae:	d1f4      	bne.n	539a <null_encode+0x32>
    53b0:	468c      	mov	ip, r1
	}
	// last bits
	out[i+1] = (in[i]>>6);
    53b2:	f89c 2000 	ldrb.w	r2, [ip]
    53b6:	0992      	lsrs	r2, r2, #6
    53b8:	54e2      	strb	r2, [r4, r3]
}
    53ba:	bd10      	pop	{r4, pc}
		memcpy(out, in, byte_count);
    53bc:	4620      	mov	r0, r4
}
    53be:	e8bd 4010 	ldmia.w	sp!, {r4, lr}
		memcpy(out, in, byte_count);
    53c2:	461a      	mov	r2, r3
    53c4:	f7fe be82 	b.w	40cc <__aeabi_memcpy>
		DIE("nyi unaligned out %d\n", out_of);
    53c8:	4611      	mov	r1, r2
    53ca:	4801      	ldr	r0, [pc, #4]	@ (53d0 <null_encode+0x68>)
    53cc:	f000 fccc 	bl	5d68 <die>
    53d0:	0000b1c4 	.word	0x0000b1c4

000053d4 <whiten>:

/* (Un)whiten n bits from input to output, possibly in place*/
void whiten(uint8_t* output, uint8_t* input, int length, uint8_t *statep)
{
    53d4:	e92d 43f0 	stmdb	sp!, {r4, r5, r6, r7, r8, r9, lr}
	unsigned i;
	uint8_t state = *statep;
    53d8:	f893 c000 	ldrb.w	ip, [r3]
	unsigned nbytes = length>>3;
	unsigned nbits = length&7;

	state &= 0x7f;

	for(i=0;i<nbytes;i++)
    53dc:	ea5f 09e2 	movs.w	r9, r2, asr #3
{
    53e0:	461d      	mov	r5, r3
    53e2:	4607      	mov	r7, r0
    53e4:	4688      	mov	r8, r1
	state &= 0x7f;
    53e6:	f00c 0c7f 	and.w	ip, ip, #127	@ 0x7f
    53ea:	f002 0607 	and.w	r6, r2, #7
	for(i=0;i<nbytes;i++)
    53ee:	d011      	beq.n	5414 <whiten+0x40>
    53f0:	1e4a      	subs	r2, r1, #1
    53f2:	4913      	ldr	r1, [pc, #76]	@ (5440 <whiten+0x6c>)
    53f4:	1e43      	subs	r3, r0, #1
    53f6:	eb02 0409 	add.w	r4, r2, r9
	{
		output[i] = input[i]^whiten_word_tbl[state];
    53fa:	f812 ef01 	ldrb.w	lr, [r2, #1]!
    53fe:	f811 000c 	ldrb.w	r0, [r1, ip]
	for(i=0;i<nbytes;i++)
    5402:	42a2      	cmp	r2, r4
		state = whiten_state_tbl[7][state];
    5404:	448c      	add	ip, r1
		output[i] = input[i]^whiten_word_tbl[state];
    5406:	ea8e 0e00 	eor.w	lr, lr, r0
		state = whiten_state_tbl[7][state];
    540a:	f89c c400 	ldrb.w	ip, [ip, #1024]	@ 0x400
		output[i] = input[i]^whiten_word_tbl[state];
    540e:	f803 ef01 	strb.w	lr, [r3, #1]!
	for(i=0;i<nbytes;i++)
    5412:	d1f2      	bne.n	53fa <whiten+0x26>
	}
	if (nbits)
    5414:	b186      	cbz	r6, 5438 <whiten+0x64>
	{
		output[i] = (input[i]^whiten_word_tbl[state]) & ((1<<nbits)-1);
    5416:	2201      	movs	r2, #1
    5418:	4809      	ldr	r0, [pc, #36]	@ (5440 <whiten+0x6c>)
    541a:	f818 3009 	ldrb.w	r3, [r8, r9]

		/* Advance state */
		state = whiten_state_tbl[nbits-1][state];
    541e:	eb00 11c6 	add.w	r1, r0, r6, lsl #7
		output[i] = (input[i]^whiten_word_tbl[state]) & ((1<<nbits)-1);
    5422:	f810 000c 	ldrb.w	r0, [r0, ip]
    5426:	40b2      	lsls	r2, r6
		state = whiten_state_tbl[nbits-1][state];
    5428:	4461      	add	r1, ip
		output[i] = (input[i]^whiten_word_tbl[state]) & ((1<<nbits)-1);
    542a:	4043      	eors	r3, r0
    542c:	3a01      	subs	r2, #1
    542e:	4013      	ands	r3, r2
		state = whiten_state_tbl[nbits-1][state];
    5430:	f891 c000 	ldrb.w	ip, [r1]
		output[i] = (input[i]^whiten_word_tbl[state]) & ((1<<nbits)-1);
    5434:	f807 3009 	strb.w	r3, [r7, r9]
	}
	*statep = state;
    5438:	f885 c000 	strb.w	ip, [r5]
}
    543c:	e8bd 83f0 	ldmia.w	sp!, {r4, r5, r6, r7, r8, r9, pc}
    5440:	0000d860 	.word	0x0000d860

00005444 <fec23>:
 * in : input buffer of nbits
 * out_of: output offset in bits
 * nbits: size of input in bits
*/
int fec23(uint8_t *out, uint8_t *in, unsigned out_of, unsigned nbits)
{
    5444:	e92d 43f0 	stmdb	sp!, {r4, r5, r6, r7, r8, r9, lr}
	unsigned in_bit_pos, byte_pos, out_bit_pos, data;
	unsigned nout = ((nbits+9)/10)*15;
    5448:	3309      	adds	r3, #9

	// 10 bits in -> 15 output bits
	for(in_bit_pos=0, out_bit_pos=out_of
		; in_bit_pos<nout
    544a:	2b09      	cmp	r3, #9
{
    544c:	460c      	mov	r4, r1
		; in_bit_pos<nout
    544e:	d942      	bls.n	54d6 <fec23+0x92>
	for(in_bit_pos=0, out_bit_pos=out_of
    5450:	f04f 0c00 	mov.w	ip, #0
	unsigned nout = ((nbits+9)/10)*15;
    5454:	4960      	ldr	r1, [pc, #384]	@ (55d8 <fec23+0x194>)
    5456:	4d61      	ldr	r5, [pc, #388]	@ (55dc <fec23+0x198>)
    5458:	fba1 3103 	umull	r3, r1, r1, r3
    545c:	08c9      	lsrs	r1, r1, #3
    545e:	ebc1 1101 	rsb	r1, r1, r1, lsl #4
		; in_bit_pos+=10, out_bit_pos+=15)
	{
		byte_pos =in_bit_pos>>3;
    5462:	ea4f 06dc 	mov.w	r6, ip, lsr #3
		switch(in_bit_pos&7) {
    5466:	f00c 0e07 	and.w	lr, ip, #7
		case 0: data = EXTRACT10_0(in+byte_pos); break;
    546a:	5da3      	ldrb	r3, [r4, r6]
    546c:	1c77      	adds	r7, r6, #1
		switch(in_bit_pos&7) {
    546e:	f1be 0f06 	cmp.w	lr, #6
    5472:	f200 8099 	bhi.w	55a8 <fec23+0x164>
    5476:	e8df f00e 	tbb	[pc, lr]
    547a:	8a91      	.short	0x8a91
    547c:	6e757c83 	.word	0x6e757c83
    5480:	04          	.byte	0x04
    5481:	00          	.byte	0x00
		case 1: data = EXTRACT10_1(in+byte_pos); break;
		case 2: data = EXTRACT10_2(in+byte_pos); break;
		case 3: data = EXTRACT10_3(in+byte_pos); break;
		case 4: data = EXTRACT10_4(in+byte_pos); break;
		case 5: data = EXTRACT10_5(in+byte_pos); break;
		case 6: data = EXTRACT10_6(in+byte_pos); break;
    5482:	5de6      	ldrb	r6, [r4, r7]
    5484:	099b      	lsrs	r3, r3, #6
    5486:	ea43 0386 	orr.w	r3, r3, r6, lsl #2
		default:data = EXTRACT10_7(in+byte_pos); break;
		}
		/* Add the fec23 word  */
		data |= fec23_tbl[data]<<10;
    548a:	18ee      	adds	r6, r5, r3
    548c:	f896 7480 	ldrb.w	r7, [r6, #1152]	@ 0x480

		/* write to */
		byte_pos = out_bit_pos>>3;
		switch(out_bit_pos&7) {
    5490:	f002 0e07 	and.w	lr, r2, #7
		byte_pos = out_bit_pos>>3;
    5494:	08d6      	lsrs	r6, r2, #3
		data |= fec23_tbl[data]<<10;
    5496:	ea43 2387 	orr.w	r3, r3, r7, lsl #10
		case 0: ENCODE15_0(out+byte_pos,data); break;
    549a:	eb00 08d2 	add.w	r8, r0, r2, lsr #3
    549e:	1c77      	adds	r7, r6, #1
		switch(out_bit_pos&7) {
    54a0:	f1be 0f06 	cmp.w	lr, #6
    54a4:	f200 808b 	bhi.w	55be <fec23+0x17a>
    54a8:	e8df f00e 	tbb	[pc, lr]
    54ac:	303c4851 	.word	0x303c4851
    54b0:	1824      	.short	0x1824
    54b2:	04          	.byte	0x04
    54b3:	00          	.byte	0x00
		case 1: ENCODE15_1(out+byte_pos,data); break;
		case 2: ENCODE15_2(out+byte_pos,data); break;
		case 3: ENCODE15_3(out+byte_pos,data); break;
		case 4: ENCODE15_4(out+byte_pos,data); break;
		case 5: ENCODE15_5(out+byte_pos,data); break;
		case 6: ENCODE15_6(out+byte_pos,data); break;
    54b4:	f810 e006 	ldrb.w	lr, [r0, r6]
    54b8:	ea4e 1e83 	orr.w	lr, lr, r3, lsl #6
    54bc:	f800 e006 	strb.w	lr, [r0, r6]
    54c0:	089e      	lsrs	r6, r3, #2
    54c2:	0a9b      	lsrs	r3, r3, #10
    54c4:	55c6      	strb	r6, [r0, r7]
    54c6:	f888 3002 	strb.w	r3, [r8, #2]
		; in_bit_pos+=10, out_bit_pos+=15)
    54ca:	f10c 0c0a 	add.w	ip, ip, #10
		; in_bit_pos<nout
    54ce:	4561      	cmp	r1, ip
		; in_bit_pos+=10, out_bit_pos+=15)
    54d0:	f102 020f 	add.w	r2, r2, #15
		; in_bit_pos<nout
    54d4:	d8c5      	bhi.n	5462 <fec23+0x1e>
		default:ENCODE15_7(out+byte_pos,data); break;
		}
		/* TODO: last word padding ? */
	}
	return 0;
}
    54d6:	2000      	movs	r0, #0
    54d8:	e8bd 83f0 	ldmia.w	sp!, {r4, r5, r6, r7, r8, r9, pc}
		case 5: ENCODE15_5(out+byte_pos,data); break;
    54dc:	f810 e006 	ldrb.w	lr, [r0, r6]
    54e0:	ea4e 1e43 	orr.w	lr, lr, r3, lsl #5
    54e4:	f800 e006 	strb.w	lr, [r0, r6]
    54e8:	08de      	lsrs	r6, r3, #3
    54ea:	0adb      	lsrs	r3, r3, #11
    54ec:	55c6      	strb	r6, [r0, r7]
    54ee:	f888 3002 	strb.w	r3, [r8, #2]
    54f2:	e7ea      	b.n	54ca <fec23+0x86>
		case 4: ENCODE15_4(out+byte_pos,data); break;
    54f4:	f810 e006 	ldrb.w	lr, [r0, r6]
    54f8:	ea4e 1e03 	orr.w	lr, lr, r3, lsl #4
    54fc:	f800 e006 	strb.w	lr, [r0, r6]
    5500:	091e      	lsrs	r6, r3, #4
    5502:	0b1b      	lsrs	r3, r3, #12
    5504:	55c6      	strb	r6, [r0, r7]
    5506:	f888 3002 	strb.w	r3, [r8, #2]
    550a:	e7de      	b.n	54ca <fec23+0x86>
		case 3: ENCODE15_3(out+byte_pos,data); break;
    550c:	f810 e006 	ldrb.w	lr, [r0, r6]
    5510:	ea4e 0ec3 	orr.w	lr, lr, r3, lsl #3
    5514:	f800 e006 	strb.w	lr, [r0, r6]
    5518:	095e      	lsrs	r6, r3, #5
    551a:	0b5b      	lsrs	r3, r3, #13
    551c:	55c6      	strb	r6, [r0, r7]
    551e:	f888 3002 	strb.w	r3, [r8, #2]
    5522:	e7d2      	b.n	54ca <fec23+0x86>
		case 2: ENCODE15_2(out+byte_pos,data); break;
    5524:	f810 e006 	ldrb.w	lr, [r0, r6]
    5528:	ea4e 0e83 	orr.w	lr, lr, r3, lsl #2
    552c:	f800 e006 	strb.w	lr, [r0, r6]
    5530:	099e      	lsrs	r6, r3, #6
    5532:	0b9b      	lsrs	r3, r3, #14
    5534:	55c6      	strb	r6, [r0, r7]
    5536:	f888 3002 	strb.w	r3, [r8, #2]
    553a:	e7c6      	b.n	54ca <fec23+0x86>
		case 1: ENCODE15_1(out+byte_pos,data); break;
    553c:	f810 e006 	ldrb.w	lr, [r0, r6]
    5540:	ea4e 0e43 	orr.w	lr, lr, r3, lsl #1
    5544:	09db      	lsrs	r3, r3, #7
    5546:	f800 e006 	strb.w	lr, [r0, r6]
    554a:	55c3      	strb	r3, [r0, r7]
    554c:	e7bd      	b.n	54ca <fec23+0x86>
		case 0: ENCODE15_0(out+byte_pos,data); break;
    554e:	5583      	strb	r3, [r0, r6]
    5550:	0a1b      	lsrs	r3, r3, #8
    5552:	55c3      	strb	r3, [r0, r7]
    5554:	e7b9      	b.n	54ca <fec23+0x86>
		case 5: data = EXTRACT10_5(in+byte_pos); break;
    5556:	5de6      	ldrb	r6, [r4, r7]
    5558:	00f6      	lsls	r6, r6, #3
    555a:	f406 767e 	and.w	r6, r6, #1016	@ 0x3f8
    555e:	ea46 1353 	orr.w	r3, r6, r3, lsr #5
    5562:	e792      	b.n	548a <fec23+0x46>
		case 4: data = EXTRACT10_4(in+byte_pos); break;
    5564:	5de6      	ldrb	r6, [r4, r7]
    5566:	0136      	lsls	r6, r6, #4
    5568:	f406 767c 	and.w	r6, r6, #1008	@ 0x3f0
    556c:	ea46 1313 	orr.w	r3, r6, r3, lsr #4
    5570:	e78b      	b.n	548a <fec23+0x46>
		case 3: data = EXTRACT10_3(in+byte_pos); break;
    5572:	5de6      	ldrb	r6, [r4, r7]
    5574:	0176      	lsls	r6, r6, #5
    5576:	f406 7678 	and.w	r6, r6, #992	@ 0x3e0
    557a:	ea46 03d3 	orr.w	r3, r6, r3, lsr #3
    557e:	e784      	b.n	548a <fec23+0x46>
		case 2: data = EXTRACT10_2(in+byte_pos); break;
    5580:	5de6      	ldrb	r6, [r4, r7]
    5582:	01b6      	lsls	r6, r6, #6
    5584:	f406 7670 	and.w	r6, r6, #960	@ 0x3c0
    5588:	ea46 0393 	orr.w	r3, r6, r3, lsr #2
    558c:	e77d      	b.n	548a <fec23+0x46>
		case 1: data = EXTRACT10_1(in+byte_pos); break;
    558e:	5de6      	ldrb	r6, [r4, r7]
    5590:	01f6      	lsls	r6, r6, #7
    5592:	f406 7660 	and.w	r6, r6, #896	@ 0x380
    5596:	ea46 0353 	orr.w	r3, r6, r3, lsr #1
    559a:	e776      	b.n	548a <fec23+0x46>
		case 0: data = EXTRACT10_0(in+byte_pos); break;
    559c:	5de6      	ldrb	r6, [r4, r7]
    559e:	0236      	lsls	r6, r6, #8
    55a0:	f406 7640 	and.w	r6, r6, #768	@ 0x300
    55a4:	4333      	orrs	r3, r6
    55a6:	e770      	b.n	548a <fec23+0x46>
		default:data = EXTRACT10_7(in+byte_pos); break;
    55a8:	4426      	add	r6, r4
    55aa:	78b6      	ldrb	r6, [r6, #2]
    55ac:	5de7      	ldrb	r7, [r4, r7]
    55ae:	0276      	lsls	r6, r6, #9
    55b0:	09db      	lsrs	r3, r3, #7
    55b2:	ea43 0347 	orr.w	r3, r3, r7, lsl #1
    55b6:	f406 7600 	and.w	r6, r6, #512	@ 0x200
    55ba:	4333      	orrs	r3, r6
    55bc:	e765      	b.n	548a <fec23+0x46>
		default:ENCODE15_7(out+byte_pos,data); break;
    55be:	f810 e006 	ldrb.w	lr, [r0, r6]
    55c2:	ea4e 1ec3 	orr.w	lr, lr, r3, lsl #7
    55c6:	f800 e006 	strb.w	lr, [r0, r6]
    55ca:	085e      	lsrs	r6, r3, #1
    55cc:	0a5b      	lsrs	r3, r3, #9
    55ce:	55c6      	strb	r6, [r0, r7]
    55d0:	f888 3002 	strb.w	r3, [r8, #2]
    55d4:	e779      	b.n	54ca <fec23+0x86>
    55d6:	bf00      	nop
    55d8:	cccccccd 	.word	0xcccccccd
    55dc:	0000d860 	.word	0x0000d860

000055e0 <unfec23_10bytes>:
}


/* Unfec23 15 bytes in -> 10 bytes out, start at bit 2 for obvious reasons */
int unfec23_10bytes(uint8_t *out, uint8_t *in)
{
    55e0:	e92d 4ff0 	stmdb	sp!, {r4, r5, r6, r7, r8, r9, sl, fp, lr}
    55e4:	b089      	sub	sp, #36	@ 0x24
	uint16_t in1, in2, in3, in4, in5, in6, in7, in8;
	int rc = 0;

	in1 = unfec23_10bits(EXTRACT15_2(in));
    55e6:	784a      	ldrb	r2, [r1, #1]
	in2 = unfec23_10bits(EXTRACT15_1(in+2));
	in3 = unfec23_10bits(EXTRACT15_0(in+4));
    55e8:	f891 c005 	ldrb.w	ip, [r1, #5]
	in1 = unfec23_10bits(EXTRACT15_2(in));
    55ec:	780d      	ldrb	r5, [r1, #0]
    55ee:	0192      	lsls	r2, r2, #6
	in3 = unfec23_10bits(EXTRACT15_0(in+4));
    55f0:	f891 b004 	ldrb.w	fp, [r1, #4]
	in1 = unfec23_10bits(EXTRACT15_2(in));
    55f4:	ea42 0295 	orr.w	r2, r2, r5, lsr #2
	in4 = unfec23_10bits(EXTRACT15_7(in+5));
    55f8:	ea4f 15dc 	mov.w	r5, ip, lsr #7
	in3 = unfec23_10bits(EXTRACT15_0(in+4));
    55fc:	ea4f 2c0c 	mov.w	ip, ip, lsl #8
	in5 = unfec23_10bits(EXTRACT15_6(in+7));
	in6 = unfec23_10bits(EXTRACT15_5(in+9));
	in7 = unfec23_10bits(EXTRACT15_4(in+11));
	in8 = unfec23_10bits(EXTRACT15_3(in+13));

	ENCODE10_0(out,  in1&0x3ff);
    5600:	2700      	movs	r7, #0
	in3 = unfec23_10bits(EXTRACT15_0(in+4));
    5602:	f40c 4cfe 	and.w	ip, ip, #32512	@ 0x7f00
	in4 = unfec23_10bits(EXTRACT15_7(in+5));
    5606:	f891 8007 	ldrb.w	r8, [r1, #7]
    560a:	798c      	ldrb	r4, [r1, #6]
	in3 = unfec23_10bits(EXTRACT15_0(in+4));
    560c:	ea4b 0c0c 	orr.w	ip, fp, ip
    5610:	f8cd c004 	str.w	ip, [sp, #4]
	in5 = unfec23_10bits(EXTRACT15_6(in+7));
    5614:	f891 c008 	ldrb.w	ip, [r1, #8]
	in4 = unfec23_10bits(EXTRACT15_7(in+5));
    5618:	ea45 0544 	orr.w	r5, r5, r4, lsl #1
    561c:	ea4f 2448 	mov.w	r4, r8, lsl #9
	in5 = unfec23_10bits(EXTRACT15_6(in+7));
    5620:	ea4f 1898 	mov.w	r8, r8, lsr #6
	in1 = unfec23_10bits(EXTRACT15_2(in));
    5624:	f891 e002 	ldrb.w	lr, [r1, #2]
	in5 = unfec23_10bits(EXTRACT15_6(in+7));
    5628:	f891 9009 	ldrb.w	r9, [r1, #9]
    562c:	ea48 088c 	orr.w	r8, r8, ip, lsl #2
	in7 = unfec23_10bits(EXTRACT15_4(in+11));
    5630:	f891 c00c 	ldrb.w	ip, [r1, #12]
	in2 = unfec23_10bits(EXTRACT15_1(in+2));
    5634:	f891 a003 	ldrb.w	sl, [r1, #3]
	in6 = unfec23_10bits(EXTRACT15_5(in+9));
    5638:	f891 b00a 	ldrb.w	fp, [r1, #10]
	in7 = unfec23_10bits(EXTRACT15_4(in+11));
    563c:	f8cd c014 	str.w	ip, [sp, #20]
	in5 = unfec23_10bits(EXTRACT15_6(in+7));
    5640:	f8cd 800c 	str.w	r8, [sp, #12]
	in4 = unfec23_10bits(EXTRACT15_7(in+5));
    5644:	f404 44fc 	and.w	r4, r4, #32256	@ 0x7e00
	in2 = unfec23_10bits(EXTRACT15_1(in+2));
    5648:	ea4f 085e 	mov.w	r8, lr, lsr #1
	in6 = unfec23_10bits(EXTRACT15_5(in+9));
    564c:	ea4f 1c59 	mov.w	ip, r9, lsr #5
	in4 = unfec23_10bits(EXTRACT15_7(in+5));
    5650:	4325      	orrs	r5, r4
	in2 = unfec23_10bits(EXTRACT15_1(in+2));
    5652:	ea48 18ca 	orr.w	r8, r8, sl, lsl #7
	in6 = unfec23_10bits(EXTRACT15_5(in+9));
    5656:	7acc      	ldrb	r4, [r1, #11]
	in7 = unfec23_10bits(EXTRACT15_4(in+11));
    5658:	f891 a00d 	ldrb.w	sl, [r1, #13]
	in6 = unfec23_10bits(EXTRACT15_5(in+9));
    565c:	ea4c 0ccb 	orr.w	ip, ip, fp, lsl #3
	in1 = unfec23_10bits(EXTRACT15_2(in));
    5660:	ea4f 3e8e 	mov.w	lr, lr, lsl #14
	in8 = unfec23_10bits(EXTRACT15_3(in+13));
    5664:	f891 b00e 	ldrb.w	fp, [r1, #14]
    5668:	7bc9      	ldrb	r1, [r1, #15]
	cor = fec23_cor[err];
    566a:	4b70      	ldr	r3, [pc, #448]	@ (582c <unfec23_10bytes+0x24c>)
	in1 = unfec23_10bits(EXTRACT15_2(in));
    566c:	f40e 4e80 	and.w	lr, lr, #16384	@ 0x4000
	err = 0x1f & ((in>>10)^fec23_tbl[data]);
    5670:	ea42 0e0e 	orr.w	lr, r2, lr
	in8 = unfec23_10bits(EXTRACT15_3(in+13));
    5674:	0349      	lsls	r1, r1, #13
    5676:	f3c2 0209 	ubfx	r2, r2, #0, #10
    567a:	f8cd b018 	str.w	fp, [sp, #24]
    567e:	f401 4bc0 	and.w	fp, r1, #24576	@ 0x6000
	err = 0x1f & ((in>>10)^fec23_tbl[data]);
    5682:	1899      	adds	r1, r3, r2
    5684:	f891 1480 	ldrb.w	r1, [r1, #1152]	@ 0x480
	in7 = unfec23_10bits(EXTRACT15_4(in+11));
    5688:	f8cd a008 	str.w	sl, [sp, #8]
	err = 0x1f & ((in>>10)^fec23_tbl[data]);
    568c:	ea81 219e 	eor.w	r1, r1, lr, lsr #10
	cor = fec23_cor[err];
    5690:	f001 011f 	and.w	r1, r1, #31
    5694:	eb03 0141 	add.w	r1, r3, r1, lsl #1
	data ^= cor;
    5698:	f8b1 1880 	ldrh.w	r1, [r1, #2176]	@ 0x880
    569c:	f3c5 0a09 	ubfx	sl, r5, #0, #10
    56a0:	404a      	eors	r2, r1
	err = 0x1f & ((in>>10)^fec23_tbl[data]);
    56a2:	eb03 010a 	add.w	r1, r3, sl
    56a6:	f891 1480 	ldrb.w	r1, [r1, #1152]	@ 0x480
	in7 = unfec23_10bits(EXTRACT15_4(in+11));
    56aa:	f8dd e014 	ldr.w	lr, [sp, #20]
	err = 0x1f & ((in>>10)^fec23_tbl[data]);
    56ae:	ea81 2195 	eor.w	r1, r1, r5, lsr #10
	cor = fec23_cor[err];
    56b2:	f001 011f 	and.w	r1, r1, #31
    56b6:	eb03 0141 	add.w	r1, r3, r1, lsl #1
	data ^= cor;
    56ba:	f8b1 5880 	ldrh.w	r5, [r1, #2176]	@ 0x880
	in7 = unfec23_10bits(EXTRACT15_4(in+11));
    56be:	0921      	lsrs	r1, r4, #4
	in6 = unfec23_10bits(EXTRACT15_5(in+9));
    56c0:	02e4      	lsls	r4, r4, #11
    56c2:	f404 44f0 	and.w	r4, r4, #30720	@ 0x7800
	in7 = unfec23_10bits(EXTRACT15_4(in+11));
    56c6:	ea41 110e 	orr.w	r1, r1, lr, lsl #4
	err = 0x1f & ((in>>10)^fec23_tbl[data]);
    56ca:	ea4c 0e04 	orr.w	lr, ip, r4
    56ce:	f8cd e014 	str.w	lr, [sp, #20]
	in5 = unfec23_10bits(EXTRACT15_6(in+7));
    56d2:	ea4f 2989 	mov.w	r9, r9, lsl #10
    56d6:	f8dd e004 	ldr.w	lr, [sp, #4]
    56da:	f409 49f8 	and.w	r9, r9, #31744	@ 0x7c00
    56de:	f8cd 9010 	str.w	r9, [sp, #16]
    56e2:	f3ce 0409 	ubfx	r4, lr, #0, #10
    56e6:	f3c8 0909 	ubfx	r9, r8, #0, #10
	data ^= cor;
    56ea:	9401      	str	r4, [sp, #4]
	err = 0x1f & ((in>>10)^fec23_tbl[data]);
    56ec:	eb03 0409 	add.w	r4, r3, r9
    56f0:	f894 4480 	ldrb.w	r4, [r4, #1152]	@ 0x480
	ENCODE10_0(out,  in1&0x3ff);
    56f4:	463e      	mov	r6, r7
	err = 0x1f & ((in>>10)^fec23_tbl[data]);
    56f6:	ea84 2498 	eor.w	r4, r4, r8, lsr #10
	cor = fec23_cor[err];
    56fa:	f004 041f 	and.w	r4, r4, #31
    56fe:	eb03 0444 	add.w	r4, r3, r4, lsl #1
{
    5702:	9007      	str	r0, [sp, #28]
	data ^= cor;
    5704:	ea8a 0505 	eor.w	r5, sl, r5
    5708:	f8b4 a880 	ldrh.w	sl, [r4, #2176]	@ 0x880

	/* FIXME: return bit error count */
	//return ((in1 | in2 | in3 | in4 | in5 | in6 | in7 | in8) >> 10);
	return 0;

}
    570c:	4638      	mov	r0, r7
	err = 0x1f & ((in>>10)^fec23_tbl[data]);
    570e:	9c03      	ldr	r4, [sp, #12]
	data ^= cor;
    5710:	ea89 0a0a 	eor.w	sl, r9, sl
	ENCODE10_0(out,  in1&0x3ff);
    5714:	f362 0707 	bfi	r7, r2, #0, #8
    5718:	f3c2 2201 	ubfx	r2, r2, #8, #2
	ENCODE10_2(out+1,in2&0x3ff);
    571c:	ea42 028a 	orr.w	r2, r2, sl, lsl #2
	ENCODE10_0(out,  in1&0x3ff);
    5720:	f362 270f 	bfi	r7, r2, #8, #8
	err = 0x1f & ((in>>10)^fec23_tbl[data]);
    5724:	191a      	adds	r2, r3, r4
    5726:	f8dd 9010 	ldr.w	r9, [sp, #16]
    572a:	f892 2480 	ldrb.w	r2, [r2, #1152]	@ 0x480
	ENCODE10_2(out+1,in2&0x3ff);
    572e:	f3ca 1a83 	ubfx	sl, sl, #6, #4
	err = 0x1f & ((in>>10)^fec23_tbl[data]);
    5732:	ea82 2299 	eor.w	r2, r2, r9, lsr #10
	cor = fec23_cor[err];
    5736:	f002 021f 	and.w	r2, r2, #31
    573a:	eb03 0242 	add.w	r2, r3, r2, lsl #1
	data ^= cor;
    573e:	f8b2 8880 	ldrh.w	r8, [r2, #2176]	@ 0x880
	in8 = unfec23_10bits(EXTRACT15_3(in+13));
    5742:	f8dd 9018 	ldr.w	r9, [sp, #24]
	data ^= cor;
    5746:	ea84 0808 	eor.w	r8, r4, r8
	in8 = unfec23_10bits(EXTRACT15_3(in+13));
    574a:	9c02      	ldr	r4, [sp, #8]
    574c:	f3cc 0c09 	ubfx	ip, ip, #0, #10
    5750:	08e2      	lsrs	r2, r4, #3
    5752:	ea42 1249 	orr.w	r2, r2, r9, lsl #5
	err = 0x1f & ((in>>10)^fec23_tbl[data]);
    5756:	f8dd 9004 	ldr.w	r9, [sp, #4]
	in7 = unfec23_10bits(EXTRACT15_4(in+11));
    575a:	0324      	lsls	r4, r4, #12
	err = 0x1f & ((in>>10)^fec23_tbl[data]);
    575c:	4499      	add	r9, r3
    575e:	f899 9480 	ldrb.w	r9, [r9, #1152]	@ 0x480
	in7 = unfec23_10bits(EXTRACT15_4(in+11));
    5762:	f404 44e0 	and.w	r4, r4, #28672	@ 0x7000
	err = 0x1f & ((in>>10)^fec23_tbl[data]);
    5766:	ea89 299e 	eor.w	r9, r9, lr, lsr #10
	cor = fec23_cor[err];
    576a:	f009 091f 	and.w	r9, r9, #31
    576e:	eb03 0949 	add.w	r9, r3, r9, lsl #1
	data ^= cor;
    5772:	f8dd e004 	ldr.w	lr, [sp, #4]
    5776:	f8b9 9880 	ldrh.w	r9, [r9, #2176]	@ 0x880
	err = 0x1f & ((in>>10)^fec23_tbl[data]);
    577a:	430c      	orrs	r4, r1
	data ^= cor;
    577c:	ea8e 0909 	eor.w	r9, lr, r9
	ENCODE10_4(out+2,in3&0x3ff);
    5780:	ea4a 1a09 	orr.w	sl, sl, r9, lsl #4
    5784:	f3c9 1905 	ubfx	r9, r9, #4, #6
	ENCODE10_6(out+3,in4&0x3ff);
    5788:	ea49 1985 	orr.w	r9, r9, r5, lsl #6
    578c:	10ad      	asrs	r5, r5, #2
	ENCODE10_0(out,  in1&0x3ff);
    578e:	f365 0607 	bfi	r6, r5, #0, #8
	err = 0x1f & ((in>>10)^fec23_tbl[data]);
    5792:	eb03 050c 	add.w	r5, r3, ip
    5796:	f895 5480 	ldrb.w	r5, [r5, #1152]	@ 0x480
    579a:	f8dd e014 	ldr.w	lr, [sp, #20]
    579e:	f3c1 0109 	ubfx	r1, r1, #0, #10
    57a2:	ea85 259e 	eor.w	r5, r5, lr, lsr #10
	cor = fec23_cor[err];
    57a6:	f005 051f 	and.w	r5, r5, #31
    57aa:	eb03 0545 	add.w	r5, r3, r5, lsl #1
	data ^= cor;
    57ae:	f8b5 5880 	ldrh.w	r5, [r5, #2176]	@ 0x880
	err = 0x1f & ((in>>10)^fec23_tbl[data]);
    57b2:	ea42 0b0b 	orr.w	fp, r2, fp
	data ^= cor;
    57b6:	ea8c 0c05 	eor.w	ip, ip, r5
	err = 0x1f & ((in>>10)^fec23_tbl[data]);
    57ba:	185d      	adds	r5, r3, r1
    57bc:	f895 5480 	ldrb.w	r5, [r5, #1152]	@ 0x480
    57c0:	f3c2 0209 	ubfx	r2, r2, #0, #10
    57c4:	ea85 2494 	eor.w	r4, r5, r4, lsr #10
	cor = fec23_cor[err];
    57c8:	f004 041f 	and.w	r4, r4, #31
    57cc:	eb03 0444 	add.w	r4, r3, r4, lsl #1
	data ^= cor;
    57d0:	f8b4 4880 	ldrh.w	r4, [r4, #2176]	@ 0x880
	ENCODE10_0(out,  in1&0x3ff);
    57d4:	f368 260f 	bfi	r6, r8, #8, #8
	data ^= cor;
    57d8:	4061      	eors	r1, r4
	err = 0x1f & ((in>>10)^fec23_tbl[data]);
    57da:	189c      	adds	r4, r3, r2
    57dc:	f894 4480 	ldrb.w	r4, [r4, #1152]	@ 0x480
	ENCODE10_0(out+5,in5&0x3ff);
    57e0:	f3c8 2801 	ubfx	r8, r8, #8, #2
	err = 0x1f & ((in>>10)^fec23_tbl[data]);
    57e4:	ea84 249b 	eor.w	r4, r4, fp, lsr #10
	cor = fec23_cor[err];
    57e8:	f004 041f 	and.w	r4, r4, #31
    57ec:	eb03 0344 	add.w	r3, r3, r4, lsl #1
	data ^= cor;
    57f0:	f8b3 3880 	ldrh.w	r3, [r3, #2176]	@ 0x880
	ENCODE10_2(out+6,in6&0x3ff);
    57f4:	ea48 088c 	orr.w	r8, r8, ip, lsl #2
    57f8:	f3cc 1c83 	ubfx	ip, ip, #6, #4
	ENCODE10_0(out,  in1&0x3ff);
    57fc:	9c07      	ldr	r4, [sp, #28]
	ENCODE10_4(out+7,in7&0x3ff);
    57fe:	ea4c 1c01 	orr.w	ip, ip, r1, lsl #4
	data ^= cor;
    5802:	405a      	eors	r2, r3
	ENCODE10_0(out,  in1&0x3ff);
    5804:	f36a 4717 	bfi	r7, sl, #16, #8
    5808:	f368 4617 	bfi	r6, r8, #16, #8
	ENCODE10_4(out+7,in7&0x3ff);
    580c:	f3c1 1105 	ubfx	r1, r1, #4, #6
	ENCODE10_6(out+8,in8&0x3ff);
    5810:	ea41 1182 	orr.w	r1, r1, r2, lsl #6
	ENCODE10_0(out,  in1&0x3ff);
    5814:	f369 671f 	bfi	r7, r9, #24, #8
    5818:	f36c 661f 	bfi	r6, ip, #24, #8
	ENCODE10_6(out+8,in8&0x3ff);
    581c:	1092      	asrs	r2, r2, #2
	ENCODE10_0(out,  in1&0x3ff);
    581e:	6027      	str	r7, [r4, #0]
    5820:	6066      	str	r6, [r4, #4]
	ENCODE10_6(out+8,in8&0x3ff);
    5822:	7221      	strb	r1, [r4, #8]
    5824:	7262      	strb	r2, [r4, #9]
}
    5826:	b009      	add	sp, #36	@ 0x24
    5828:	e8bd 8ff0 	ldmia.w	sp!, {r4, r5, r6, r7, r8, r9, sl, fp, pc}
    582c:	0000d860 	.word	0x0000d860

00005830 <unfec23>:
int unfec23(uint8_t *out, uint8_t *in, unsigned in_of, unsigned nbits)
{
    5830:	e92d 47f0 	stmdb	sp!, {r4, r5, r6, r7, r8, r9, sl, lr}
    5834:	4614      	mov	r4, r2
	unsigned in_bit_pos=in_of, byte_pos, data;
	int out_bit_pos=0;
	int rc = 0;

	/* align output to 10 bits */
	nbits = (10*nbits+9)/10;
    5836:	eb03 0383 	add.w	r3, r3, r3, lsl #2
    583a:	ea4f 0843 	mov.w	r8, r3, lsl #1
    583e:	4f77      	ldr	r7, [pc, #476]	@ (5a1c <unfec23+0x1ec>)
    5840:	f108 0809 	add.w	r8, r8, #9
    5844:	fba7 3708 	umull	r3, r7, r7, r8
    5848:	08ff      	lsrs	r7, r7, #3

	/* clear output buffer */
	memset(out, 0, BYTE_ALIGN(nbits));
    584a:	1dfa      	adds	r2, r7, #7
{
    584c:	460e      	mov	r6, r1
	memset(out, 0, BYTE_ALIGN(nbits));
    584e:	08d2      	lsrs	r2, r2, #3
    5850:	2100      	movs	r1, #0
{
    5852:	4605      	mov	r5, r0
	memset(out, 0, BYTE_ALIGN(nbits));
    5854:	f7fe fcb0 	bl	41b8 <memset>

	if ((in_of & 7) == 2)
    5858:	f004 0307 	and.w	r3, r4, #7
    585c:	2b02      	cmp	r3, #2
    585e:	f000 80b3 	beq.w	59c8 <unfec23+0x198>
	int out_bit_pos=0;
    5862:	f04f 0800 	mov.w	r8, #0
	}


	// 15 bits in -> 10 output bits
	for(//out_bit_pos=0, in_bit_pos=in_of
		; out_bit_pos<(int)nbits
    5866:	45b8      	cmp	r8, r7
    5868:	f04f 0000 	mov.w	r0, #0
    586c:	da4b      	bge.n	5906 <unfec23+0xd6>
    586e:	f8df c1b0 	ldr.w	ip, [pc, #432]	@ 5a20 <unfec23+0x1f0>
		; in_bit_pos+=15, out_bit_pos+=10)
	{
		byte_pos = in_bit_pos>>3;
    5872:	08e2      	lsrs	r2, r4, #3
		switch(in_bit_pos&7) {
		case 0: data = EXTRACT15_0(in+byte_pos); break;
    5874:	18b1      	adds	r1, r6, r2
		switch(in_bit_pos&7) {
    5876:	f004 0307 	and.w	r3, r4, #7
		case 0: data = EXTRACT15_0(in+byte_pos); break;
    587a:	f816 e002 	ldrb.w	lr, [r6, r2]
    587e:	784a      	ldrb	r2, [r1, #1]
		switch(in_bit_pos&7) {
    5880:	2b06      	cmp	r3, #6
    5882:	f200 80c1 	bhi.w	5a08 <unfec23+0x1d8>
    5886:	e8df f003 	tbb	[pc, r3]
    588a:	9599      	.short	0x9599
    588c:	6d77818b 	.word	0x6d77818b
    5890:	04          	.byte	0x04
    5891:	00          	.byte	0x00
		case 1: data = EXTRACT15_1(in+byte_pos); break;
		case 2: data = EXTRACT15_2(in+byte_pos); break;
		case 3: data = EXTRACT15_3(in+byte_pos); break;
		case 4: data = EXTRACT15_4(in+byte_pos); break;
		case 5: data = EXTRACT15_5(in+byte_pos); break;
		case 6: data = EXTRACT15_6(in+byte_pos); break;
    5892:	788b      	ldrb	r3, [r1, #2]
    5894:	0092      	lsls	r2, r2, #2
    5896:	029b      	lsls	r3, r3, #10
    5898:	ea42 129e 	orr.w	r2, r2, lr, lsr #6
    589c:	f403 43f8 	and.w	r3, r3, #31744	@ 0x7c00
    58a0:	ea43 0e02 	orr.w	lr, r3, r2
	data = in & 0x3ff;
    58a4:	f3ce 0209 	ubfx	r2, lr, #0, #10
	err = 0x1f & ((in>>10)^fec23_tbl[data]);
    58a8:	eb0c 0302 	add.w	r3, ip, r2
    58ac:	f893 3480 	ldrb.w	r3, [r3, #1152]	@ 0x480
		}
		data = unfec23_10bits(data);
		rc |= (data>>10);
		data &= 0x3ff;
		/* write output */
		byte_pos = out_bit_pos>>3;
    58b0:	ea4f 01e8 	mov.w	r1, r8, asr #3
	err = 0x1f & ((in>>10)^fec23_tbl[data]);
    58b4:	ea83 239e 	eor.w	r3, r3, lr, lsr #10
	cor = fec23_cor[err];
    58b8:	f003 031f 	and.w	r3, r3, #31
    58bc:	eb0c 0343 	add.w	r3, ip, r3, lsl #1
    58c0:	f8b3 3880 	ldrh.w	r3, [r3, #2176]	@ 0x880
		switch(out_bit_pos&7) {
		case 0: ENCODE10_0(out+byte_pos,data); break;
    58c4:	eb05 0ee8 	add.w	lr, r5, r8, asr #3
	data ^= cor;
    58c8:	4053      	eors	r3, r2
		switch(out_bit_pos&7) {
    58ca:	f008 0207 	and.w	r2, r8, #7
		rc |= (data>>10);
    58ce:	ea40 2093 	orr.w	r0, r0, r3, lsr #10
		case 0: ENCODE10_0(out+byte_pos,data); break;
    58d2:	f101 0901 	add.w	r9, r1, #1
    58d6:	f3c3 0309 	ubfx	r3, r3, #0, #10
		switch(out_bit_pos&7) {
    58da:	2a06      	cmp	r2, #6
    58dc:	f200 8089 	bhi.w	59f2 <unfec23+0x1c2>
    58e0:	e8df f002 	tbb	[pc, r2]
    58e4:	232b333b 	.word	0x232b333b
    58e8:	131b      	.short	0x131b
    58ea:	04          	.byte	0x04
    58eb:	00          	.byte	0x00
		case 1: ENCODE10_1(out+byte_pos,data); break;
		case 2: ENCODE10_2(out+byte_pos,data); break;
		case 3: ENCODE10_3(out+byte_pos,data); break;
		case 4: ENCODE10_4(out+byte_pos,data); break;
		case 5: ENCODE10_5(out+byte_pos,data); break;
		case 6: ENCODE10_6(out+byte_pos,data); break;
    58ec:	5c6a      	ldrb	r2, [r5, r1]
    58ee:	ea42 1283 	orr.w	r2, r2, r3, lsl #6
    58f2:	089b      	lsrs	r3, r3, #2
    58f4:	546a      	strb	r2, [r5, r1]
    58f6:	f805 3009 	strb.w	r3, [r5, r9]
		; in_bit_pos+=15, out_bit_pos+=10)
    58fa:	f108 080a 	add.w	r8, r8, #10
		; out_bit_pos<(int)nbits
    58fe:	45b8      	cmp	r8, r7
		; in_bit_pos+=15, out_bit_pos+=10)
    5900:	f104 040f 	add.w	r4, r4, #15
		; out_bit_pos<(int)nbits
    5904:	dbb5      	blt.n	5872 <unfec23+0x42>
		default:ENCODE10_7(out+byte_pos,data); break;
		}
		
	}
	return rc;
}
    5906:	e8bd 87f0 	ldmia.w	sp!, {r4, r5, r6, r7, r8, r9, sl, pc}
		case 5: ENCODE10_5(out+byte_pos,data); break;
    590a:	5c6a      	ldrb	r2, [r5, r1]
    590c:	ea42 1243 	orr.w	r2, r2, r3, lsl #5
    5910:	08db      	lsrs	r3, r3, #3
    5912:	546a      	strb	r2, [r5, r1]
    5914:	f805 3009 	strb.w	r3, [r5, r9]
    5918:	e7ef      	b.n	58fa <unfec23+0xca>
		case 4: ENCODE10_4(out+byte_pos,data); break;
    591a:	5c6a      	ldrb	r2, [r5, r1]
    591c:	ea42 1203 	orr.w	r2, r2, r3, lsl #4
    5920:	091b      	lsrs	r3, r3, #4
    5922:	546a      	strb	r2, [r5, r1]
    5924:	f805 3009 	strb.w	r3, [r5, r9]
    5928:	e7e7      	b.n	58fa <unfec23+0xca>
		case 3: ENCODE10_3(out+byte_pos,data); break;
    592a:	5c6a      	ldrb	r2, [r5, r1]
    592c:	ea42 02c3 	orr.w	r2, r2, r3, lsl #3
    5930:	095b      	lsrs	r3, r3, #5
    5932:	546a      	strb	r2, [r5, r1]
    5934:	f805 3009 	strb.w	r3, [r5, r9]
    5938:	e7df      	b.n	58fa <unfec23+0xca>
		case 2: ENCODE10_2(out+byte_pos,data); break;
    593a:	5c6a      	ldrb	r2, [r5, r1]
    593c:	ea42 0283 	orr.w	r2, r2, r3, lsl #2
    5940:	099b      	lsrs	r3, r3, #6
    5942:	546a      	strb	r2, [r5, r1]
    5944:	f805 3009 	strb.w	r3, [r5, r9]
    5948:	e7d7      	b.n	58fa <unfec23+0xca>
		case 1: ENCODE10_1(out+byte_pos,data); break;
    594a:	5c6a      	ldrb	r2, [r5, r1]
    594c:	ea42 0243 	orr.w	r2, r2, r3, lsl #1
    5950:	09db      	lsrs	r3, r3, #7
    5952:	546a      	strb	r2, [r5, r1]
    5954:	f805 3009 	strb.w	r3, [r5, r9]
    5958:	e7cf      	b.n	58fa <unfec23+0xca>
		case 0: ENCODE10_0(out+byte_pos,data); break;
    595a:	546b      	strb	r3, [r5, r1]
    595c:	0a1b      	lsrs	r3, r3, #8
    595e:	f805 3009 	strb.w	r3, [r5, r9]
    5962:	e7ca      	b.n	58fa <unfec23+0xca>
		case 5: data = EXTRACT15_5(in+byte_pos); break;
    5964:	788b      	ldrb	r3, [r1, #2]
    5966:	00d2      	lsls	r2, r2, #3
    5968:	02db      	lsls	r3, r3, #11
    596a:	ea42 125e 	orr.w	r2, r2, lr, lsr #5
    596e:	f403 43f0 	and.w	r3, r3, #30720	@ 0x7800
    5972:	ea43 0e02 	orr.w	lr, r3, r2
    5976:	e795      	b.n	58a4 <unfec23+0x74>
		case 4: data = EXTRACT15_4(in+byte_pos); break;
    5978:	788b      	ldrb	r3, [r1, #2]
    597a:	0112      	lsls	r2, r2, #4
    597c:	031b      	lsls	r3, r3, #12
    597e:	ea42 121e 	orr.w	r2, r2, lr, lsr #4
    5982:	f403 43e0 	and.w	r3, r3, #28672	@ 0x7000
    5986:	ea43 0e02 	orr.w	lr, r3, r2
    598a:	e78b      	b.n	58a4 <unfec23+0x74>
		case 3: data = EXTRACT15_3(in+byte_pos); break;
    598c:	788b      	ldrb	r3, [r1, #2]
    598e:	0152      	lsls	r2, r2, #5
    5990:	035b      	lsls	r3, r3, #13
    5992:	ea42 02de 	orr.w	r2, r2, lr, lsr #3
    5996:	f403 43c0 	and.w	r3, r3, #24576	@ 0x6000
    599a:	ea43 0e02 	orr.w	lr, r3, r2
    599e:	e781      	b.n	58a4 <unfec23+0x74>
		case 2: data = EXTRACT15_2(in+byte_pos); break;
    59a0:	788b      	ldrb	r3, [r1, #2]
    59a2:	0192      	lsls	r2, r2, #6
    59a4:	039b      	lsls	r3, r3, #14
    59a6:	ea42 029e 	orr.w	r2, r2, lr, lsr #2
    59aa:	f403 4380 	and.w	r3, r3, #16384	@ 0x4000
    59ae:	ea43 0e02 	orr.w	lr, r3, r2
    59b2:	e777      	b.n	58a4 <unfec23+0x74>
		case 1: data = EXTRACT15_1(in+byte_pos); break;
    59b4:	01d2      	lsls	r2, r2, #7
    59b6:	ea42 0e5e 	orr.w	lr, r2, lr, lsr #1
    59ba:	e773      	b.n	58a4 <unfec23+0x74>
		case 0: data = EXTRACT15_0(in+byte_pos); break;
    59bc:	0212      	lsls	r2, r2, #8
    59be:	f402 42fe 	and.w	r2, r2, #32512	@ 0x7f00
    59c2:	ea42 0e0e 	orr.w	lr, r2, lr
    59c6:	e76d      	b.n	58a4 <unfec23+0x74>
			; out_bit_pos<=(int)nbits-80
    59c8:	f5b8 7f48 	cmp.w	r8, #800	@ 0x320
    59cc:	f4ff af49 	bcc.w	5862 <unfec23+0x32>
	int out_bit_pos=0;
    59d0:	f04f 0800 	mov.w	r8, #0
			; out_bit_pos<=(int)nbits-80
    59d4:	f1a7 094f 	sub.w	r9, r7, #79	@ 0x4f
			unfec23_10bytes(&out[out_bit_pos/8], &in[in_bit_pos/8]);
    59d8:	eb06 01d4 	add.w	r1, r6, r4, lsr #3
    59dc:	eb05 00e8 	add.w	r0, r5, r8, asr #3
			; in_bit_pos+=15*8, out_bit_pos+=10*8)
    59e0:	f108 0850 	add.w	r8, r8, #80	@ 0x50
			unfec23_10bytes(&out[out_bit_pos/8], &in[in_bit_pos/8]);
    59e4:	f7ff fdfc 	bl	55e0 <unfec23_10bytes>
			; out_bit_pos<=(int)nbits-80
    59e8:	45c8      	cmp	r8, r9
			; in_bit_pos+=15*8, out_bit_pos+=10*8)
    59ea:	f104 0478 	add.w	r4, r4, #120	@ 0x78
			; out_bit_pos<=(int)nbits-80
    59ee:	dbf3      	blt.n	59d8 <unfec23+0x1a8>
    59f0:	e739      	b.n	5866 <unfec23+0x36>
		default:ENCODE10_7(out+byte_pos,data); break;
    59f2:	5c6a      	ldrb	r2, [r5, r1]
    59f4:	ea42 12c3 	orr.w	r2, r2, r3, lsl #7
    59f8:	546a      	strb	r2, [r5, r1]
    59fa:	085a      	lsrs	r2, r3, #1
    59fc:	0a5b      	lsrs	r3, r3, #9
    59fe:	f805 2009 	strb.w	r2, [r5, r9]
    5a02:	f88e 3002 	strb.w	r3, [lr, #2]
    5a06:	e778      	b.n	58fa <unfec23+0xca>
		default:data = EXTRACT15_7(in+byte_pos); break;
    5a08:	7889      	ldrb	r1, [r1, #2]
    5a0a:	0053      	lsls	r3, r2, #1
    5a0c:	024a      	lsls	r2, r1, #9
    5a0e:	ea43 13de 	orr.w	r3, r3, lr, lsr #7
    5a12:	f402 42fc 	and.w	r2, r2, #32256	@ 0x7e00
    5a16:	ea42 0e03 	orr.w	lr, r2, r3
    5a1a:	e743      	b.n	58a4 <unfec23+0x74>
    5a1c:	cccccccd 	.word	0xcccccccd
    5a20:	0000d860 	.word	0x0000d860

00005a24 <fec13>:
 * in : input buffer of nbits 
 * out_of: output offset in bits, must be multiple of 2
 * nbits: size of input in bits, must be multiple of two
*/
int fec13(uint8_t *out, uint8_t *in, unsigned out_of, unsigned nbits)
{
    5a24:	e92d 4ff0 	stmdb	sp!, {r4, r5, r6, r7, r8, r9, sl, fp, lr}
	unsigned in_bit_pos, out_bit_pos, byte_pos, left;
	uint32_t data;

	if ((out_of|nbits) & 1)
    5a28:	ea42 0e03 	orr.w	lr, r2, r3
    5a2c:	f01e 0e01 	ands.w	lr, lr, #1
{
    5a30:	460e      	mov	r6, r1
    5a32:	461d      	mov	r5, r3
	if ((out_of|nbits) & 1)
    5a34:	f040 80bc 	bne.w	5bb0 <fec13+0x18c>
		return -1;
	}

	/* 8 bits in -> 24 bits out */
	for(in_bit_pos = 0, out_bit_pos = out_of
	; in_bit_pos < (nbits&~7)
    5a38:	2b07      	cmp	r3, #7
    5a3a:	d947      	bls.n	5acc <fec13+0xa8>
    5a3c:	f8df 8178 	ldr.w	r8, [pc, #376]	@ 5bb8 <fec13+0x194>
    5a40:	f023 0707 	bic.w	r7, r3, #7
    5a44:	e012      	b.n	5a6c <fec13+0x48>
	{
		data = fec13_tbl[in[in_bit_pos>>3]];
		byte_pos = out_bit_pos>>3; 
		switch(out_bit_pos&7)
		{
		case 0: ENCODE24_0(out+byte_pos, data); break;
    5a46:	ea4f 2b13 	mov.w	fp, r3, lsr #8
    5a4a:	ea4f 4a13 	mov.w	sl, r3, lsr #16
		switch(out_bit_pos&7)
    5a4e:	2900      	cmp	r1, #0
    5a50:	f040 8081 	bne.w	5b56 <fec13+0x132>
		case 0: ENCODE24_0(out+byte_pos, data); break;
    5a54:	f800 c004 	strb.w	ip, [r0, r4]
    5a58:	f889 b001 	strb.w	fp, [r9, #1]
    5a5c:	f889 a002 	strb.w	sl, [r9, #2]
	; in_bit_pos+=8, out_bit_pos += 24)
    5a60:	f10e 0e08 	add.w	lr, lr, #8
	; in_bit_pos < (nbits&~7)
    5a64:	45be      	cmp	lr, r7
	; in_bit_pos+=8, out_bit_pos += 24)
    5a66:	f102 0218 	add.w	r2, r2, #24
	; in_bit_pos < (nbits&~7)
    5a6a:	d22d      	bcs.n	5ac8 <fec13+0xa4>
		data = fec13_tbl[in[in_bit_pos>>3]];
    5a6c:	ea4f 04de 	mov.w	r4, lr, lsr #3
    5a70:	f816 c004 	ldrb.w	ip, [r6, r4]
		switch(out_bit_pos&7)
    5a74:	f002 0107 	and.w	r1, r2, #7
		data = fec13_tbl[in[in_bit_pos>>3]];
    5a78:	eb08 0c8c 	add.w	ip, r8, ip, lsl #2
    5a7c:	f8dc 38c0 	ldr.w	r3, [ip, #2240]	@ 0x8c0
		switch(out_bit_pos&7)
    5a80:	2902      	cmp	r1, #2
		byte_pos = out_bit_pos>>3; 
    5a82:	ea4f 04d2 	mov.w	r4, r2, lsr #3
		case 0: ENCODE24_0(out+byte_pos, data); break;
    5a86:	fa5f fc83 	uxtb.w	ip, r3
    5a8a:	eb00 09d2 	add.w	r9, r0, r2, lsr #3
		switch(out_bit_pos&7)
    5a8e:	d04d      	beq.n	5b2c <fec13+0x108>
    5a90:	2904      	cmp	r1, #4
    5a92:	d1d8      	bne.n	5a46 <fec13+0x22>
		case 2: ENCODE24_2(out+byte_pos, data); break;
		case 4: ENCODE24_4(out+byte_pos, data); break;
    5a94:	2100      	movs	r1, #0
    5a96:	f810 9004 	ldrb.w	r9, [r0, r4]
	; in_bit_pos+=8, out_bit_pos += 24)
    5a9a:	f10e 0e08 	add.w	lr, lr, #8
		case 4: ENCODE24_4(out+byte_pos, data); break;
    5a9e:	ea49 1c0c 	orr.w	ip, r9, ip, lsl #4
    5aa2:	f36c 0107 	bfi	r1, ip, #0, #8
    5aa6:	ea4f 1c13 	mov.w	ip, r3, lsr #4
    5aaa:	f36c 210f 	bfi	r1, ip, #8, #8
    5aae:	ea4f 3c13 	mov.w	ip, r3, lsr #12
    5ab2:	f36c 4117 	bfi	r1, ip, #16, #8
    5ab6:	f3c3 5303 	ubfx	r3, r3, #20, #4
    5aba:	f363 611f 	bfi	r1, r3, #24, #8
	; in_bit_pos < (nbits&~7)
    5abe:	45be      	cmp	lr, r7
		case 4: ENCODE24_4(out+byte_pos, data); break;
    5ac0:	5101      	str	r1, [r0, r4]
	; in_bit_pos+=8, out_bit_pos += 24)
    5ac2:	f102 0218 	add.w	r2, r2, #24
	; in_bit_pos < (nbits&~7)
    5ac6:	d3d1      	bcc.n	5a6c <fec13+0x48>
		default: ENCODE24_6(out+byte_pos, data); break;
		}
	}
	left = nbits-in_bit_pos;
    5ac8:	eba5 050e 	sub.w	r5, r5, lr
	/* write left bits */
	if (left)
    5acc:	b35d      	cbz	r5, 5b26 <fec13+0x102>
	{
		data = fec13_tbl[in[in_bit_pos>>3]];
		data &= (1<<(left*3))-1;
    5ace:	2301      	movs	r3, #1
		data = fec13_tbl[in[in_bit_pos>>3]];
    5ad0:	ea4f 0ede 	mov.w	lr, lr, lsr #3
    5ad4:	f816 400e 	ldrb.w	r4, [r6, lr]
    5ad8:	4937      	ldr	r1, [pc, #220]	@ (5bb8 <fec13+0x194>)
		data &= (1<<(left*3))-1;
    5ada:	eb05 0545 	add.w	r5, r5, r5, lsl #1
		data = fec13_tbl[in[in_bit_pos>>3]];
    5ade:	eb01 0184 	add.w	r1, r1, r4, lsl #2
    5ae2:	f8d1 68c0 	ldr.w	r6, [r1, #2240]	@ 0x8c0
		data &= (1<<(left*3))-1;
    5ae6:	40ab      	lsls	r3, r5
		byte_pos = out_bit_pos>>3;
		switch(out_bit_pos&7)
    5ae8:	f002 0107 	and.w	r1, r2, #7
		data &= (1<<(left*3))-1;
    5aec:	3b01      	subs	r3, #1
    5aee:	4033      	ands	r3, r6
		switch(out_bit_pos&7)
    5af0:	2902      	cmp	r1, #2
		byte_pos = out_bit_pos>>3;
    5af2:	ea4f 04d2 	mov.w	r4, r2, lsr #3
		{
		case 0: ENCODE24_0(out+byte_pos, data); break;
    5af6:	b2dd      	uxtb	r5, r3
    5af8:	eb00 02d2 	add.w	r2, r0, r2, lsr #3
		switch(out_bit_pos&7)
    5afc:	d04f      	beq.n	5b9e <fec13+0x17a>
    5afe:	2904      	cmp	r1, #4
    5b00:	d044      	beq.n	5b8c <fec13+0x168>
    5b02:	b3e9      	cbz	r1, 5b80 <fec13+0x15c>
		case 2: ENCODE24_2(out+byte_pos, data); break;
		case 4: ENCODE24_4(out+byte_pos, data); break;
		default: ENCODE24_6(out+byte_pos, data); break;
    5b04:	2200      	movs	r2, #0
    5b06:	5d01      	ldrb	r1, [r0, r4]
    5b08:	089e      	lsrs	r6, r3, #2
    5b0a:	ea41 1185 	orr.w	r1, r1, r5, lsl #6
    5b0e:	0a9d      	lsrs	r5, r3, #10
    5b10:	f3c3 4385 	ubfx	r3, r3, #18, #6
    5b14:	f361 0207 	bfi	r2, r1, #0, #8
    5b18:	f366 220f 	bfi	r2, r6, #8, #8
    5b1c:	f365 4217 	bfi	r2, r5, #16, #8
    5b20:	f363 621f 	bfi	r2, r3, #24, #8
    5b24:	5102      	str	r2, [r0, r4]
		}
	}
	return 0;
    5b26:	2000      	movs	r0, #0
}
    5b28:	e8bd 8ff0 	ldmia.w	sp!, {r4, r5, r6, r7, r8, r9, sl, fp, pc}
		case 2: ENCODE24_2(out+byte_pos, data); break;
    5b2c:	2100      	movs	r1, #0
    5b2e:	f810 9004 	ldrb.w	r9, [r0, r4]
    5b32:	ea4f 1a93 	mov.w	sl, r3, lsr #6
    5b36:	ea49 0c8c 	orr.w	ip, r9, ip, lsl #2
    5b3a:	f36c 0107 	bfi	r1, ip, #0, #8
    5b3e:	ea4f 3993 	mov.w	r9, r3, lsr #14
    5b42:	f36a 210f 	bfi	r1, sl, #8, #8
    5b46:	f3c3 5381 	ubfx	r3, r3, #22, #2
    5b4a:	f369 4117 	bfi	r1, r9, #16, #8
    5b4e:	f363 611f 	bfi	r1, r3, #24, #8
    5b52:	5101      	str	r1, [r0, r4]
    5b54:	e784      	b.n	5a60 <fec13+0x3c>
		default: ENCODE24_6(out+byte_pos, data); break;
    5b56:	2100      	movs	r1, #0
    5b58:	f810 9004 	ldrb.w	r9, [r0, r4]
    5b5c:	ea4f 0a93 	mov.w	sl, r3, lsr #2
    5b60:	ea49 198c 	orr.w	r9, r9, ip, lsl #6
    5b64:	f369 0107 	bfi	r1, r9, #0, #8
    5b68:	ea4f 2b93 	mov.w	fp, r3, lsr #10
    5b6c:	f36a 210f 	bfi	r1, sl, #8, #8
    5b70:	f3c3 4c85 	ubfx	ip, r3, #18, #6
    5b74:	f36b 4117 	bfi	r1, fp, #16, #8
    5b78:	f36c 611f 	bfi	r1, ip, #24, #8
    5b7c:	5101      	str	r1, [r0, r4]
    5b7e:	e76f      	b.n	5a60 <fec13+0x3c>
		case 0: ENCODE24_0(out+byte_pos, data); break;
    5b80:	0a19      	lsrs	r1, r3, #8
    5b82:	0c1b      	lsrs	r3, r3, #16
    5b84:	5505      	strb	r5, [r0, r4]
    5b86:	7051      	strb	r1, [r2, #1]
    5b88:	7093      	strb	r3, [r2, #2]
    5b8a:	e7cc      	b.n	5b26 <fec13+0x102>
		case 4: ENCODE24_4(out+byte_pos, data); break;
    5b8c:	5d01      	ldrb	r1, [r0, r4]
    5b8e:	091e      	lsrs	r6, r3, #4
    5b90:	ea41 1105 	orr.w	r1, r1, r5, lsl #4
    5b94:	2200      	movs	r2, #0
    5b96:	0b1d      	lsrs	r5, r3, #12
    5b98:	f3c3 5303 	ubfx	r3, r3, #20, #4
    5b9c:	e7ba      	b.n	5b14 <fec13+0xf0>
		case 2: ENCODE24_2(out+byte_pos, data); break;
    5b9e:	5d01      	ldrb	r1, [r0, r4]
    5ba0:	099e      	lsrs	r6, r3, #6
    5ba2:	ea41 0185 	orr.w	r1, r1, r5, lsl #2
    5ba6:	2200      	movs	r2, #0
    5ba8:	0b9d      	lsrs	r5, r3, #14
    5baa:	f3c3 5381 	ubfx	r3, r3, #22, #2
    5bae:	e7b1      	b.n	5b14 <fec13+0xf0>
		return -1;
    5bb0:	f04f 30ff 	mov.w	r0, #4294967295	@ 0xffffffff
    5bb4:	e7b8      	b.n	5b28 <fec13+0x104>
    5bb6:	bf00      	nop
    5bb8:	0000d860 	.word	0x0000d860

00005bbc <mem_pool_init>:
	pool_el_t *li;
	pool_el_t el[BUF_NUM];
} pool = {0};

void mem_pool_init(void)
{
    5bbc:	b500      	push	{lr}
	int i;

	for(i=0;i<BUF_NUM-1;i++)
		pool.el[i].li = &pool.el[i+1];
	pool.el[BUF_NUM-1].li = NULL;
    5bbe:	2000      	movs	r0, #0
	pool.li = pool.el;
	pool.init = 1;
    5bc0:	2101      	movs	r1, #1
		pool.el[i].li = &pool.el[i+1];
    5bc2:	4b22      	ldr	r3, [pc, #136]	@ (5c4c <mem_pool_init+0x90>)
    5bc4:	f8df c088 	ldr.w	ip, [pc, #136]	@ 5c50 <mem_pool_init+0x94>
    5bc8:	f503 5280 	add.w	r2, r3, #4096	@ 0x1000
	pool.el[BUF_NUM-1].li = NULL;
    5bcc:	f8c2 0610 	str.w	r0, [r2, #1552]	@ 0x610
	pool.li = pool.el;
    5bd0:	f103 0008 	add.w	r0, r3, #8
	pool.init = 1;
    5bd4:	e9c3 1000 	strd	r1, r0, [r3]
		pool.el[i].li = &pool.el[i+1];
    5bd8:	481e      	ldr	r0, [pc, #120]	@ (5c54 <mem_pool_init+0x98>)
    5bda:	f50c 7ebc 	add.w	lr, ip, #376	@ 0x178
    5bde:	f500 71bc 	add.w	r1, r0, #376	@ 0x178
    5be2:	f8c2 1498 	str.w	r1, [r2, #1176]	@ 0x498
    5be6:	f503 618e 	add.w	r1, r3, #1136	@ 0x470
    5bea:	f8c3 12f8 	str.w	r1, [r3, #760]	@ 0x2f8
    5bee:	f503 61ec 	add.w	r1, r3, #1888	@ 0x760
    5bf2:	f8c2 0320 	str.w	r0, [r2, #800]	@ 0x320
    5bf6:	f8c3 15e8 	str.w	r1, [r3, #1512]	@ 0x5e8
    5bfa:	f503 703e 	add.w	r0, r3, #760	@ 0x2f8
    5bfe:	f503 6125 	add.w	r1, r3, #2640	@ 0xa50
    5c02:	f8c3 ceb8 	str.w	ip, [r3, #3768]	@ 0xeb8
    5c06:	f8c3 0180 	str.w	r0, [r3, #384]	@ 0x180
    5c0a:	f503 6cbd 	add.w	ip, r3, #1512	@ 0x5e8
    5c0e:	f603 00d8 	addw	r0, r3, #2264	@ 0x8d8
    5c12:	f8c3 18d8 	str.w	r1, [r3, #2264]	@ 0x8d8
    5c16:	f503 6154 	add.w	r1, r3, #3392	@ 0xd40
    5c1a:	f8c2 e030 	str.w	lr, [r2, #48]	@ 0x30
    5c1e:	f8c3 c470 	str.w	ip, [r3, #1136]	@ 0x470
    5c22:	f503 7ec0 	add.w	lr, r3, #384	@ 0x180
    5c26:	f603 3cc8 	addw	ip, r3, #3016	@ 0xbc8
    5c2a:	f8c3 0760 	str.w	r0, [r3, #1888]	@ 0x760
    5c2e:	f8c3 1bc8 	str.w	r1, [r3, #3016]	@ 0xbc8
    5c32:	f603 60b8 	addw	r0, r3, #3768	@ 0xeb8
    5c36:	f503 5199 	add.w	r1, r3, #4896	@ 0x1320
    5c3a:	f8c3 e008 	str.w	lr, [r3, #8]
    5c3e:	f8c3 ca50 	str.w	ip, [r3, #2640]	@ 0xa50
    5c42:	f8c3 0d40 	str.w	r0, [r3, #3392]	@ 0xd40
    5c46:	f8c2 11a8 	str.w	r1, [r2, #424]	@ 0x1a8
}
    5c4a:	bd00      	pop	{pc}
    5c4c:	10000348 	.word	0x10000348
    5c50:	10001378 	.word	0x10001378
    5c54:	100017e0 	.word	0x100017e0

00005c58 <mem_pool_alloc>:

void *mem_pool_alloc(unsigned size)
{
    5c58:	b508      	push	{r3, lr}
	__asm__ __volatile__ (
    5c5a:	f3ef 8110 	mrs	r1, PRIMASK
    5c5e:	b672      	cpsid	i
	uint32_t flags = irq_save_disable();
	pool_el_t *el;
	void *buf;

	if (!pool.init)
    5c60:	4b0b      	ldr	r3, [pc, #44]	@ (5c90 <mem_pool_alloc+0x38>)
    5c62:	681a      	ldr	r2, [r3, #0]
    5c64:	b152      	cbz	r2, 5c7c <mem_pool_alloc+0x24>
		DIE("pool ny initalized\n");

	if (size > BUF_SIZE)
    5c66:	f5b0 7fba 	cmp.w	r0, #372	@ 0x174
    5c6a:	d80d      	bhi.n	5c88 <mem_pool_alloc+0x30>
		DIE("Cannot alloc %d\n", size);

	if ((el = pool.li) == NULL)
    5c6c:	6858      	ldr	r0, [r3, #4]
    5c6e:	b140      	cbz	r0, 5c82 <mem_pool_alloc+0x2a>
#ifdef MEM_DEBUG
	if (el->allocated)
		DIE("el already allocated\n");
#endif

	pool.li = el->li;
    5c70:	f850 2b04 	ldr.w	r2, [r0], #4
    5c74:	605a      	str	r2, [r3, #4]
	__asm__ __volatile__ (
    5c76:	f381 8810 	msr	PRIMASK, r1
	el->allocated = 1;
#endif
	irq_restore(flags);

	return &el->buf;
}
    5c7a:	bd08      	pop	{r3, pc}
		DIE("pool ny initalized\n");
    5c7c:	4805      	ldr	r0, [pc, #20]	@ (5c94 <mem_pool_alloc+0x3c>)
    5c7e:	f000 f873 	bl	5d68 <die>
		DIE("No more buffers\n");
    5c82:	4805      	ldr	r0, [pc, #20]	@ (5c98 <mem_pool_alloc+0x40>)
    5c84:	f000 f870 	bl	5d68 <die>
		DIE("Cannot alloc %d\n", size);
    5c88:	4601      	mov	r1, r0
    5c8a:	4804      	ldr	r0, [pc, #16]	@ (5c9c <mem_pool_alloc+0x44>)
    5c8c:	f000 f86c 	bl	5d68 <die>
    5c90:	10000348 	.word	0x10000348
    5c94:	0000b1e0 	.word	0x0000b1e0
    5c98:	0000b214 	.word	0x0000b214
    5c9c:	0000b1fc 	.word	0x0000b1fc

00005ca0 <mem_pool_free>:
void mem_pool_free(void *p)
{
#ifdef MEM_DEBUG
	uint32_t lr = get_lr();
#endif
	pool_el_t * el = (pool_el_t*)((unsigned long)p-offsetof(pool_el_t, buf));
    5ca0:	1f01      	subs	r1, r0, #4
	__asm__ __volatile__ (
    5ca2:	f3ef 8210 	mrs	r2, PRIMASK
    5ca6:	b672      	cpsid	i
	if (el->allocated != 1)
		DIE("el not allocated %08x|%d\n",lr,el->allocated);
	el->allocated = 0;
#endif

	el->li = pool.li;
    5ca8:	4b04      	ldr	r3, [pc, #16]	@ (5cbc <mem_pool_free+0x1c>)
    5caa:	f8d3 c004 	ldr.w	ip, [r3, #4]
    5cae:	f840 cc04 	str.w	ip, [r0, #-4]
	pool.li = el;
    5cb2:	6059      	str	r1, [r3, #4]
	__asm__ __volatile__ (
    5cb4:	f382 8810 	msr	PRIMASK, r2

	irq_restore(flags);
}
    5cb8:	4770      	bx	lr
    5cba:	bf00      	nop
    5cbc:	10000348 	.word	0x10000348

00005cc0 <dump_debug_registers>:
		flash_leds(5, 100);
	}
}

static void dump_debug_registers(void)
{
    5cc0:	b5f0      	push	{r4, r5, r6, r7, lr}
    5cc2:	b085      	sub	sp, #20
	int i;
	extern uint32_t _StackTop;
	volatile uint32_t _stk[1] = {0xdeadbeef}, *stk;
	early_printf("CFSR=%08x\n", SCB_CFSR);
    5cc4:	f04f 24e0 	mov.w	r4, #3758153728	@ 0xe000e000
	volatile uint32_t _stk[1] = {0xdeadbeef}, *stk;
    5cc8:	4b1c      	ldr	r3, [pc, #112]	@ (5d3c <dump_debug_registers+0x7c>)
	early_printf("HFSR=%08x\n", SCB_HFSR);
	early_printf("MMSR=%08x\n", SCB_MMSR);
    5cca:	4d1d      	ldr	r5, [pc, #116]	@ (5d40 <dump_debug_registers+0x80>)
	volatile uint32_t _stk[1] = {0xdeadbeef}, *stk;
    5ccc:	9303      	str	r3, [sp, #12]
	early_printf("CFSR=%08x\n", SCB_CFSR);
    5cce:	f8d4 1d28 	ldr.w	r1, [r4, #3368]	@ 0xd28
    5cd2:	481c      	ldr	r0, [pc, #112]	@ (5d44 <dump_debug_registers+0x84>)
    5cd4:	f000 f94a 	bl	5f6c <early_printf>
	early_printf("HFSR=%08x\n", SCB_HFSR);
    5cd8:	f8d4 1d2c 	ldr.w	r1, [r4, #3372]	@ 0xd2c
    5cdc:	481a      	ldr	r0, [pc, #104]	@ (5d48 <dump_debug_registers+0x88>)
    5cde:	f000 f945 	bl	5f6c <early_printf>
	early_printf("MMSR=%08x\n", SCB_MMSR);
    5ce2:	481a      	ldr	r0, [pc, #104]	@ (5d4c <dump_debug_registers+0x8c>)
    5ce4:	f895 1028 	ldrb.w	r1, [r5, #40]	@ 0x28
    5ce8:	f000 f940 	bl	5f6c <early_printf>
	early_printf("BFSR=%08x\n", SCB_BFSR);
    5cec:	4818      	ldr	r0, [pc, #96]	@ (5d50 <dump_debug_registers+0x90>)
    5cee:	f895 1029 	ldrb.w	r1, [r5, #41]	@ 0x29
    5cf2:	f000 f93b 	bl	5f6c <early_printf>
	early_printf("UFSR=%08x\n", SCB_UFSR);
    5cf6:	8d69      	ldrh	r1, [r5, #42]	@ 0x2a
    5cf8:	4816      	ldr	r0, [pc, #88]	@ (5d54 <dump_debug_registers+0x94>)
    5cfa:	b289      	uxth	r1, r1
    5cfc:	f000 f936 	bl	5f6c <early_printf>
	early_printf("BFAR=%08x\n", SCB_BFAR);

	early_printf("\nStack dump (~%p):\n", _stk);
	for (stk=(uint32_t*)((uint32_t)&_stk&~0xf);stk<&_StackTop;stk+=4)
    5d00:	4f15      	ldr	r7, [pc, #84]	@ (5d58 <dump_debug_registers+0x98>)
	early_printf("BFAR=%08x\n", SCB_BFAR);
    5d02:	f8d4 1d38 	ldr.w	r1, [r4, #3384]	@ 0xd38
    5d06:	4815      	ldr	r0, [pc, #84]	@ (5d5c <dump_debug_registers+0x9c>)
	early_printf("\nStack dump (~%p):\n", _stk);
    5d08:	ac03      	add	r4, sp, #12
	early_printf("BFAR=%08x\n", SCB_BFAR);
    5d0a:	f000 f92f 	bl	5f6c <early_printf>
	early_printf("\nStack dump (~%p):\n", _stk);
    5d0e:	4621      	mov	r1, r4
    5d10:	4813      	ldr	r0, [pc, #76]	@ (5d60 <dump_debug_registers+0xa0>)
	for (stk=(uint32_t*)((uint32_t)&_stk&~0xf);stk<&_StackTop;stk+=4)
    5d12:	f024 040f 	bic.w	r4, r4, #15
	early_printf("\nStack dump (~%p):\n", _stk);
    5d16:	f000 f929 	bl	5f6c <early_printf>
	for (stk=(uint32_t*)((uint32_t)&_stk&~0xf);stk<&_StackTop;stk+=4)
    5d1a:	42bc      	cmp	r4, r7
    5d1c:	d20c      	bcs.n	5d38 <dump_debug_registers+0x78>
	{
		early_printf("%p: %08x %08x %08x %08x\n",
    5d1e:	6822      	ldr	r2, [r4, #0]
    5d20:	6863      	ldr	r3, [r4, #4]
    5d22:	68a5      	ldr	r5, [r4, #8]
    5d24:	68e6      	ldr	r6, [r4, #12]
    5d26:	4621      	mov	r1, r4
    5d28:	e9cd 5600 	strd	r5, r6, [sp]
    5d2c:	480d      	ldr	r0, [pc, #52]	@ (5d64 <dump_debug_registers+0xa4>)
	for (stk=(uint32_t*)((uint32_t)&_stk&~0xf);stk<&_StackTop;stk+=4)
    5d2e:	3410      	adds	r4, #16
		early_printf("%p: %08x %08x %08x %08x\n",
    5d30:	f000 f91c 	bl	5f6c <early_printf>
	for (stk=(uint32_t*)((uint32_t)&_stk&~0xf);stk<&_StackTop;stk+=4)
    5d34:	42bc      	cmp	r4, r7
    5d36:	d3f2      	bcc.n	5d1e <dump_debug_registers+0x5e>
			stk, stk[0], stk[1], stk[2], stk[3]);
	}
}
    5d38:	b005      	add	sp, #20
    5d3a:	bdf0      	pop	{r4, r5, r6, r7, pc}
    5d3c:	deadbeef 	.word	0xdeadbeef
    5d40:	e000ed00 	.word	0xe000ed00
    5d44:	0000b22c 	.word	0x0000b22c
    5d48:	0000b238 	.word	0x0000b238
    5d4c:	0000b244 	.word	0x0000b244
    5d50:	0000b250 	.word	0x0000b250
    5d54:	0000b25c 	.word	0x0000b25c
    5d58:	10003fe0 	.word	0x10003fe0
    5d5c:	0000b268 	.word	0x0000b268
    5d60:	0000b274 	.word	0x0000b274
    5d64:	0000b288 	.word	0x0000b288

00005d68 <die>:
{
    5d68:	b40f      	push	{r0, r1, r2, r3}
    5d6a:	b500      	push	{lr}
    5d6c:	b093      	sub	sp, #76	@ 0x4c
	char buf[64] = {0};
    5d6e:	2240      	movs	r2, #64	@ 0x40
    5d70:	2100      	movs	r1, #0
{
    5d72:	ac14      	add	r4, sp, #80	@ 0x50
	char buf[64] = {0};
    5d74:	a802      	add	r0, sp, #8
{
    5d76:	f854 5b04 	ldr.w	r5, [r4], #4
	char buf[64] = {0};
    5d7a:	f7fe fa1d 	bl	41b8 <memset>
	__asm__ __volatile__ (
    5d7e:	f3ef 8310 	mrs	r3, PRIMASK
    5d82:	b672      	cpsid	i
	buf[0] = BTUSB_EARLY_PRINT;
    5d84:	f04f 0c50 	mov.w	ip, #80	@ 0x50
	len = tfp_vsnprintf(buf+1, sizeof(buf)-1, fmt, ap);
    5d88:	213f      	movs	r1, #63	@ 0x3f
    5d8a:	4623      	mov	r3, r4
    5d8c:	462a      	mov	r2, r5
    5d8e:	f10d 0009 	add.w	r0, sp, #9
	va_start(ap, fmt);
    5d92:	9401      	str	r4, [sp, #4]
	buf[0] = BTUSB_EARLY_PRINT;
    5d94:	f88d c008 	strb.w	ip, [sp, #8]
	len = tfp_vsnprintf(buf+1, sizeof(buf)-1, fmt, ap);
    5d98:	f000 fef0 	bl	6b7c <tfp_vsnprintf>
	usb_send_sync((void*)buf, 1+len);
    5d9c:	1c41      	adds	r1, r0, #1
    5d9e:	a802      	add	r0, sp, #8
    5da0:	f7fe fc10 	bl	45c4 <usb_send_sync>
		flash_leds(5, 100);
    5da4:	2164      	movs	r1, #100	@ 0x64
    5da6:	2005      	movs	r0, #5
    5da8:	f000 f906 	bl	5fb8 <flash_leds>
	while (1)
    5dac:	e7fa      	b.n	5da4 <die+0x3c>
    5dae:	bf00      	nop

00005db0 <HardFault_Handler>:

void HardFault_Handler(void)
{
    5db0:	b508      	push	{r3, lr}

static inline unsigned get_lr(void)
{
	uint32_t lr;

	__asm__ __volatile__ (
    5db2:	4671      	mov	r1, lr
	early_printf("HardFault at 0x%x\n", get_lr());
    5db4:	4807      	ldr	r0, [pc, #28]	@ (5dd4 <HardFault_Handler+0x24>)
    5db6:	f000 f8d9 	bl	5f6c <early_printf>
	dump_debug_registers();
    5dba:	f7ff ff81 	bl	5cc0 <dump_debug_registers>
	while (1) {
		flash_leds(2,500);
    5dbe:	f44f 71fa 	mov.w	r1, #500	@ 0x1f4
    5dc2:	2002      	movs	r0, #2
    5dc4:	f000 f8f8 	bl	5fb8 <flash_leds>
		flash_leds(25,100);
    5dc8:	2164      	movs	r1, #100	@ 0x64
    5dca:	2019      	movs	r0, #25
    5dcc:	f000 f8f4 	bl	5fb8 <flash_leds>
	while (1) {
    5dd0:	e7f5      	b.n	5dbe <HardFault_Handler+0xe>
    5dd2:	bf00      	nop
    5dd4:	0000b2a4 	.word	0x0000b2a4

00005dd8 <MemManagement_Handler>:
	}
}

void MemManagement_Handler(void)
{
    5dd8:	b508      	push	{r3, lr}
    5dda:	4671      	mov	r1, lr
	early_printf("MMFault at 0x%x\n", get_lr());
    5ddc:	4807      	ldr	r0, [pc, #28]	@ (5dfc <MemManagement_Handler+0x24>)
    5dde:	f000 f8c5 	bl	5f6c <early_printf>
	dump_debug_registers();
    5de2:	f7ff ff6d 	bl	5cc0 <dump_debug_registers>
	while (1) {
		flash_leds(4,500);
    5de6:	f44f 71fa 	mov.w	r1, #500	@ 0x1f4
    5dea:	2004      	movs	r0, #4
    5dec:	f000 f8e4 	bl	5fb8 <flash_leds>
		flash_leds(12,100);
    5df0:	2164      	movs	r1, #100	@ 0x64
    5df2:	200c      	movs	r0, #12
    5df4:	f000 f8e0 	bl	5fb8 <flash_leds>
	while (1) {
    5df8:	e7f5      	b.n	5de6 <MemManagement_Handler+0xe>
    5dfa:	bf00      	nop
    5dfc:	0000b2b8 	.word	0x0000b2b8

00005e00 <BusFault_Handler>:
	}
}

void BusFault_Handler(void)
{
    5e00:	b508      	push	{r3, lr}
    5e02:	4671      	mov	r1, lr
	early_printf("BusFault at %x\n", get_lr());
    5e04:	4807      	ldr	r0, [pc, #28]	@ (5e24 <BusFault_Handler+0x24>)
    5e06:	f000 f8b1 	bl	5f6c <early_printf>
	dump_debug_registers();
    5e0a:	f7ff ff59 	bl	5cc0 <dump_debug_registers>
	while (1) {
		flash_leds(8,500);
    5e0e:	f44f 71fa 	mov.w	r1, #500	@ 0x1f4
    5e12:	2008      	movs	r0, #8
    5e14:	f000 f8d0 	bl	5fb8 <flash_leds>
		flash_leds(6,100);
    5e18:	2164      	movs	r1, #100	@ 0x64
    5e1a:	2006      	movs	r0, #6
    5e1c:	f000 f8cc 	bl	5fb8 <flash_leds>
	while (1) {
    5e20:	e7f5      	b.n	5e0e <BusFault_Handler+0xe>
    5e22:	bf00      	nop
    5e24:	0000b2cc 	.word	0x0000b2cc

00005e28 <UsageFault_Handler>:
	}
}

void UsageFault_Handler(void)
{
    5e28:	b508      	push	{r3, lr}
    5e2a:	4671      	mov	r1, lr
	early_printf("UsageFault at %x\n", get_lr());
    5e2c:	4807      	ldr	r0, [pc, #28]	@ (5e4c <UsageFault_Handler+0x24>)
    5e2e:	f000 f89d 	bl	5f6c <early_printf>
	dump_debug_registers();
    5e32:	f7ff ff45 	bl	5cc0 <dump_debug_registers>
	while (1) {
		flash_leds(8,500);
    5e36:	f44f 71fa 	mov.w	r1, #500	@ 0x1f4
    5e3a:	2008      	movs	r0, #8
    5e3c:	f000 f8bc 	bl	5fb8 <flash_leds>
		flash_leds(6,100);
    5e40:	2164      	movs	r1, #100	@ 0x64
    5e42:	2006      	movs	r0, #6
    5e44:	f000 f8b8 	bl	5fb8 <flash_leds>
	while (1) {
    5e48:	e7f5      	b.n	5e36 <UsageFault_Handler+0xe>
    5e4a:	bf00      	nop
    5e4c:	0000b2dc 	.word	0x0000b2dc

00005e50 <console_flush>:
#include <ubtbr/system.h>

static msg_t *cur_msg = NULL;

void console_flush(void)
{
    5e50:	b530      	push	{r4, r5, lr}
    5e52:	b083      	sub	sp, #12
    5e54:	f3ef 8510 	mrs	r5, PRIMASK
    5e58:	b672      	cpsid	i
#ifdef USE_CONSOLE
	uint32_t flags = irq_save_disable();
	char *p;
	if (!cur_msg)
    5e5a:	4c12      	ldr	r4, [pc, #72]	@ (5ea4 <console_flush+0x54>)
    5e5c:	6821      	ldr	r1, [r4, #0]
    5e5e:	b1b1      	cbz	r1, 5e8e <console_flush+0x3e>
        uint8_t *tmp = msg->write;
    5e60:	688a      	ldr	r2, [r1, #8]
        return msg->data_len - msg_write_len(msg);
    5e62:	8848      	ldrh	r0, [r1, #2]
	return (int)(msg->write - msg->data);
    5e64:	f101 030c 	add.w	r3, r1, #12
    5e68:	1ad3      	subs	r3, r2, r3
        if (msg_write_avail(msg) < (int) len)
    5e6a:	4298      	cmp	r0, r3
    5e6c:	dd13      	ble.n	5e96 <console_flush+0x46>
        msg->write += len;
    5e6e:	1c53      	adds	r3, r2, #1
    5e70:	608b      	str	r3, [r1, #8]
		goto end;
	p = (char*)msg_put(cur_msg, 1);
	*p = 0;
    5e72:	2300      	movs	r3, #0
    5e74:	7013      	strb	r3, [r2, #0]
    5e76:	f3ef 8310 	mrs	r3, PRIMASK
    5e7a:	b672      	cpsid	i
    5e7c:	480a      	ldr	r0, [pc, #40]	@ (5ea8 <console_flush+0x58>)
    5e7e:	9301      	str	r3, [sp, #4]
    5e80:	f000 feb2 	bl	6be8 <msg_enqueue>
	__asm__ __volatile__ (
    5e84:	9b01      	ldr	r3, [sp, #4]
    5e86:	f383 8810 	msr	PRIMASK, r3
	if (btctl_tx_enqueue(cur_msg))
    5e8a:	b938      	cbnz	r0, 5e9c <console_flush+0x4c>
	{
		DIE("txq full in console\n");
	}
	cur_msg = NULL;
    5e8c:	6020      	str	r0, [r4, #0]
    5e8e:	f385 8810 	msr	PRIMASK, r5
end:
	irq_restore(flags);
#endif
}
    5e92:	b003      	add	sp, #12
    5e94:	bd30      	pop	{r4, r5, pc}
		DIE("msg_put: short buf\n");
    5e96:	4805      	ldr	r0, [pc, #20]	@ (5eac <console_flush+0x5c>)
    5e98:	f7ff ff66 	bl	5d68 <die>
		DIE("txq full in console\n");
    5e9c:	4804      	ldr	r0, [pc, #16]	@ (5eb0 <console_flush+0x60>)
    5e9e:	f7ff ff63 	bl	5d68 <die>
    5ea2:	bf00      	nop
    5ea4:	10001ad0 	.word	0x10001ad0
    5ea8:	100002e4 	.word	0x100002e4
    5eac:	0000afbc 	.word	0x0000afbc
    5eb0:	0000b2f0 	.word	0x0000b2f0

00005eb4 <console_putc>:

void console_putc(char c)
{
    5eb4:	b510      	push	{r4, lr}
    5eb6:	b082      	sub	sp, #8
    5eb8:	4602      	mov	r2, r0
	__asm__ __volatile__ (
    5eba:	f3ef 8410 	mrs	r4, PRIMASK
    5ebe:	b672      	cpsid	i
#ifdef USE_CONSOLE
	uint32_t flags = irq_save_disable();
	char *p;

	if (cur_msg == NULL)
    5ec0:	4b1d      	ldr	r3, [pc, #116]	@ (5f38 <console_putc+0x84>)
    5ec2:	6818      	ldr	r0, [r3, #0]
    5ec4:	b1f8      	cbz	r0, 5f06 <console_putc+0x52>
        uint8_t *tmp = msg->write;
    5ec6:	6883      	ldr	r3, [r0, #8]
        return msg->data_len - msg_write_len(msg);
    5ec8:	f8b0 c002 	ldrh.w	ip, [r0, #2]
    5ecc:	f100 010c 	add.w	r1, r0, #12
	return (int)(msg->write - msg->data);
    5ed0:	eba3 0e01 	sub.w	lr, r3, r1
        if (msg_write_avail(msg) < (int) len)
    5ed4:	45f4      	cmp	ip, lr
    5ed6:	dd2b      	ble.n	5f30 <console_putc+0x7c>
        msg->write += len;
    5ed8:	f103 0c01 	add.w	ip, r3, #1
		cur_msg = btctl_msg_alloc(BTCTL_DEBUG);
	}
	p = (char*)msg_put(cur_msg, 1);
	*p = c;

	if (c == '\n' || msg_write_avail(cur_msg) == 1)
    5edc:	2a0a      	cmp	r2, #10
    5ede:	f8c0 c008 	str.w	ip, [r0, #8]
	*p = c;
    5ee2:	701a      	strb	r2, [r3, #0]
	if (c == '\n' || msg_write_avail(cur_msg) == 1)
    5ee4:	d009      	beq.n	5efa <console_putc+0x46>
	return (int)(msg->write - msg->data);
    5ee6:	6882      	ldr	r2, [r0, #8]
        return msg->data_len - msg_write_len(msg);
    5ee8:	8843      	ldrh	r3, [r0, #2]
	return (int)(msg->write - msg->data);
    5eea:	1a52      	subs	r2, r2, r1
        return msg->data_len - msg_write_len(msg);
    5eec:	1a9b      	subs	r3, r3, r2
    5eee:	2b01      	cmp	r3, #1
    5ef0:	d003      	beq.n	5efa <console_putc+0x46>
	__asm__ __volatile__ (
    5ef2:	f384 8810 	msr	PRIMASK, r4
	{
		console_flush();
	}
	irq_restore(flags);
#endif
}
    5ef6:	b002      	add	sp, #8
    5ef8:	bd10      	pop	{r4, pc}
		console_flush();
    5efa:	f7ff ffa9 	bl	5e50 <console_flush>
    5efe:	f384 8810 	msr	PRIMASK, r4
}
    5f02:	b002      	add	sp, #8
    5f04:	bd10      	pop	{r4, pc}
	msg_t *msg = (msg_t*)btctl_mem_alloc(sizeof(msg_t)+size);
    5f06:	f44f 70ba 	mov.w	r0, #372	@ 0x174
    5f0a:	9201      	str	r2, [sp, #4]
    5f0c:	f7ff fea4 	bl	5c58 <mem_pool_alloc>
	hdr->type = type;
    5f10:	2100      	movs	r1, #0
	msg->data_len = size;
    5f12:	f44f 7cb4 	mov.w	ip, #360	@ 0x168
		cur_msg = btctl_msg_alloc(BTCTL_DEBUG);
    5f16:	4b08      	ldr	r3, [pc, #32]	@ (5f38 <console_putc+0x84>)
    5f18:	7301      	strb	r1, [r0, #12]
    5f1a:	6018      	str	r0, [r3, #0]
	msg->write = msg->data;
    5f1c:	f100 010c 	add.w	r1, r0, #12
        msg->write += len;
    5f20:	f100 0310 	add.w	r3, r0, #16
    5f24:	9a01      	ldr	r2, [sp, #4]
	msg->read = msg->data;
    5f26:	6041      	str	r1, [r0, #4]
	msg->data_len = size;
    5f28:	f8a0 c002 	strh.w	ip, [r0, #2]
        msg->write += len;
    5f2c:	6083      	str	r3, [r0, #8]
    5f2e:	e7cf      	b.n	5ed0 <console_putc+0x1c>
		DIE("msg_put: short buf\n");
    5f30:	4802      	ldr	r0, [pc, #8]	@ (5f3c <console_putc+0x88>)
    5f32:	f7ff ff19 	bl	5d68 <die>
    5f36:	bf00      	nop
    5f38:	10001ad0 	.word	0x10001ad0
    5f3c:	0000afbc 	.word	0x0000afbc

00005f40 <a_putc>:
#include <ubtbr/console.h>
#include <ubtbr/system.h>

static void a_putc(void *arg, char c)
{
	console_putc(c);
    5f40:	4608      	mov	r0, r1
    5f42:	f7ff bfb7 	b.w	5eb4 <console_putc>
    5f46:	bf00      	nop

00005f48 <cprintf>:
}

void cprintf(char *fmt, ...)
{
    5f48:	b40f      	push	{r0, r1, r2, r3}
    5f4a:	b500      	push	{lr}
    5f4c:	b083      	sub	sp, #12
    5f4e:	ab04      	add	r3, sp, #16
    5f50:	f853 2b04 	ldr.w	r2, [r3], #4
	va_list ap;
	void *ret;

	va_start(ap, fmt);
	tfp_format(NULL, a_putc, fmt, ap);
    5f54:	2000      	movs	r0, #0
    5f56:	4904      	ldr	r1, [pc, #16]	@ (5f68 <cprintf+0x20>)
	va_start(ap, fmt);
    5f58:	9301      	str	r3, [sp, #4]
	tfp_format(NULL, a_putc, fmt, ap);
    5f5a:	f000 f963 	bl	6224 <tfp_format>
	va_end(ap);
}
    5f5e:	b003      	add	sp, #12
    5f60:	f85d eb04 	ldr.w	lr, [sp], #4
    5f64:	b004      	add	sp, #16
    5f66:	4770      	bx	lr
    5f68:	00005f41 	.word	0x00005f41

00005f6c <early_printf>:

void early_printf(char *fmt, ...)
{
    5f6c:	b40f      	push	{r0, r1, r2, r3}
    5f6e:	b530      	push	{r4, r5, lr}
    5f70:	b095      	sub	sp, #84	@ 0x54
    5f72:	ab18      	add	r3, sp, #96	@ 0x60
    5f74:	f853 2b04 	ldr.w	r2, [r3], #4
    5f78:	4615      	mov	r5, r2
    5f7a:	9301      	str	r3, [sp, #4]
	__asm__ __volatile__ (
    5f7c:	f3ef 8410 	mrs	r4, PRIMASK
    5f80:	b672      	cpsid	i
	uint32_t flags = irq_save_disable();
	char buf[64] = {0};
    5f82:	2240      	movs	r2, #64	@ 0x40
    5f84:	2100      	movs	r1, #0
    5f86:	a804      	add	r0, sp, #16
    5f88:	f7fe f916 	bl	41b8 <memset>
	int len;
	va_list ap;
	void *ret;
	
	buf[0] = BTUSB_EARLY_PRINT;
    5f8c:	2050      	movs	r0, #80	@ 0x50
	va_start(ap, fmt);
    5f8e:	9b01      	ldr	r3, [sp, #4]
	len = tfp_vsnprintf(buf+1, sizeof(buf)-1, fmt, ap);
    5f90:	462a      	mov	r2, r5
	buf[0] = BTUSB_EARLY_PRINT;
    5f92:	f88d 0010 	strb.w	r0, [sp, #16]
	len = tfp_vsnprintf(buf+1, sizeof(buf)-1, fmt, ap);
    5f96:	213f      	movs	r1, #63	@ 0x3f
    5f98:	f10d 0011 	add.w	r0, sp, #17
	va_start(ap, fmt);
    5f9c:	9303      	str	r3, [sp, #12]
	len = tfp_vsnprintf(buf+1, sizeof(buf)-1, fmt, ap);
    5f9e:	f000 fded 	bl	6b7c <tfp_vsnprintf>
	va_end(ap);
	usb_send_sync((void*)buf, 1+len);
    5fa2:	1c41      	adds	r1, r0, #1
    5fa4:	a804      	add	r0, sp, #16
    5fa6:	f7fe fb0d 	bl	45c4 <usb_send_sync>
	__asm__ __volatile__ (
    5faa:	f384 8810 	msr	PRIMASK, r4

	irq_restore(flags);
}
    5fae:	b015      	add	sp, #84	@ 0x54
    5fb0:	e8bd 4030 	ldmia.w	sp!, {r4, r5, lr}
    5fb4:	b004      	add	sp, #16
    5fb6:	4770      	bx	lr

00005fb8 <flash_leds>:
	int i;
	for (i=msec/2;i;i--);
}

// flash LEDs a certain number of times
void flash_leds(int count, int delay) {
    5fb8:	b410      	push	{r4}
	int i;

	for (i = 0; i < count; ++i) {
    5fba:	f1b0 0c00 	subs.w	ip, r0, #0
    5fbe:	dd0e      	ble.n	5fde <flash_leds+0x26>
    5fc0:	2200      	movs	r2, #0
		USRLED_SET;
    5fc2:	2402      	movs	r4, #2
		RXLED_SET;
    5fc4:	2010      	movs	r0, #16
		TXLED_SET;
    5fc6:	f44f 7180 	mov.w	r1, #256	@ 0x100
		USRLED_SET;
    5fca:	4b06      	ldr	r3, [pc, #24]	@ (5fe4 <flash_leds+0x2c>)
	for (i = 0; i < count; ++i) {
    5fcc:	3201      	adds	r2, #1
    5fce:	4594      	cmp	ip, r2
		USRLED_SET;
    5fd0:	639c      	str	r4, [r3, #56]	@ 0x38
		RXLED_SET;
    5fd2:	6398      	str	r0, [r3, #56]	@ 0x38
		TXLED_SET;
    5fd4:	6399      	str	r1, [r3, #56]	@ 0x38
		active_msleep(delay);
		USRLED_CLR;
    5fd6:	63dc      	str	r4, [r3, #60]	@ 0x3c
		RXLED_CLR;
    5fd8:	63d8      	str	r0, [r3, #60]	@ 0x3c
		TXLED_CLR;
    5fda:	63d9      	str	r1, [r3, #60]	@ 0x3c
	for (i = 0; i < count; ++i) {
    5fdc:	d1f6      	bne.n	5fcc <flash_leds+0x14>
		active_msleep(delay);
	}
}
    5fde:	bc10      	pop	{r4}
    5fe0:	4770      	bx	lr
    5fe2:	bf00      	nop
    5fe4:	2009c000 	.word	0x2009c000

00005fe8 <ulli2a>:


#ifdef PRINTF_LONG_LONG_SUPPORT
static void _TFP_GCC_NO_INLINE_ ulli2a(
    unsigned long long int num, struct param *p)
{
    5fe8:	e92d 4ff8 	stmdb	sp!, {r3, r4, r5, r6, r7, r8, r9, sl, fp, lr}
    int n = 0;
    unsigned long long int d = 1;
    char *bf = p->bf;
    5fec:	e9d2 9803 	ldrd	r9, r8, [r2, #12]
    while (num / d >= p->base)
    5ff0:	4548      	cmp	r0, r9
    5ff2:	f171 0300 	sbcs.w	r3, r1, #0
{
    5ff6:	4693      	mov	fp, r2
    5ff8:	4607      	mov	r7, r0
    5ffa:	460e      	mov	r6, r1
    while (num / d >= p->base)
    5ffc:	46ca      	mov	sl, r9
    unsigned long long int d = 1;
    5ffe:	f04f 0501 	mov.w	r5, #1
    6002:	f04f 0400 	mov.w	r4, #0
    while (num / d >= p->base)
    6006:	d311      	bcc.n	602c <ulli2a+0x44>
        d *= p->base;
    6008:	fb09 f304 	mul.w	r3, r9, r4
    600c:	fba5 5409 	umull	r5, r4, r5, r9
    6010:	441c      	add	r4, r3
    while (num / d >= p->base)
    6012:	4638      	mov	r0, r7
    6014:	4631      	mov	r1, r6
    6016:	462a      	mov	r2, r5
    6018:	4623      	mov	r3, r4
    601a:	f004 fdd9 	bl	abd0 <__aeabi_uldivmod>
    601e:	4548      	cmp	r0, r9
    6020:	f171 0100 	sbcs.w	r1, r1, #0
    6024:	d2f0      	bcs.n	6008 <ulli2a+0x20>
    while (d != 0) {
    6026:	ea55 0304 	orrs.w	r3, r5, r4
    602a:	d053      	beq.n	60d4 <ulli2a+0xec>
        int dgt = num / d;
    602c:	4623      	mov	r3, r4
    602e:	462a      	mov	r2, r5
    6030:	4638      	mov	r0, r7
    6032:	4631      	mov	r1, r6
    6034:	f004 fdcc 	bl	abd0 <__aeabi_uldivmod>
    6038:	4603      	mov	r3, r0
        num %= d;
        d /= p->base;
        if (n || dgt > 0 || d == 0) {
    603a:	2b00      	cmp	r3, #0
    603c:	dc27      	bgt.n	608e <ulli2a+0xa6>
    603e:	e02a      	b.n	6096 <ulli2a+0xae>
            *bf++ = dgt + (dgt < 10 ? '0' : (p->uc ? 'A' : 'a') - 10);
    6040:	f89b 3000 	ldrb.w	r3, [fp]
    6044:	f013 0f04 	tst.w	r3, #4
    6048:	bf14      	ite	ne
    604a:	2337      	movne	r3, #55	@ 0x37
    604c:	2357      	moveq	r3, #87	@ 0x57
    604e:	4403      	add	r3, r0
    while (d != 0) {
    6050:	4555      	cmp	r5, sl
            *bf++ = dgt + (dgt < 10 ? '0' : (p->uc ? 'A' : 'a') - 10);
    6052:	f808 3b01 	strb.w	r3, [r8], #1
    while (d != 0) {
    6056:	f174 0300 	sbcs.w	r3, r4, #0
    605a:	d33b      	bcc.n	60d4 <ulli2a+0xec>
        num %= d;
    605c:	462a      	mov	r2, r5
    605e:	4623      	mov	r3, r4
    6060:	4638      	mov	r0, r7
    6062:	4631      	mov	r1, r6
    6064:	f004 fdb4 	bl	abd0 <__aeabi_uldivmod>
        d /= p->base;
    6068:	4628      	mov	r0, r5
        num %= d;
    606a:	4617      	mov	r7, r2
    606c:	461e      	mov	r6, r3
        d /= p->base;
    606e:	4652      	mov	r2, sl
    6070:	2300      	movs	r3, #0
    6072:	4621      	mov	r1, r4
    6074:	f004 fdac 	bl	abd0 <__aeabi_uldivmod>
    6078:	460b      	mov	r3, r1
    607a:	4602      	mov	r2, r0
        int dgt = num / d;
    607c:	4631      	mov	r1, r6
    607e:	4638      	mov	r0, r7
        d /= p->base;
    6080:	461c      	mov	r4, r3
    6082:	4615      	mov	r5, r2
        int dgt = num / d;
    6084:	f004 fda4 	bl	abd0 <__aeabi_uldivmod>
    6088:	4603      	mov	r3, r0
        d /= p->base;
    608a:	f8db a00c 	ldr.w	sl, [fp, #12]
            *bf++ = dgt + (dgt < 10 ? '0' : (p->uc ? 'A' : 'a') - 10);
    608e:	2b09      	cmp	r3, #9
    6090:	dcd6      	bgt.n	6040 <ulli2a+0x58>
    6092:	2330      	movs	r3, #48	@ 0x30
    6094:	e7db      	b.n	604e <ulli2a+0x66>
        if (n || dgt > 0 || d == 0) {
    6096:	454d      	cmp	r5, r9
    6098:	f174 0300 	sbcs.w	r3, r4, #0
    609c:	d317      	bcc.n	60ce <ulli2a+0xe6>
        num %= d;
    609e:	462a      	mov	r2, r5
    60a0:	4638      	mov	r0, r7
    60a2:	4631      	mov	r1, r6
    60a4:	4623      	mov	r3, r4
    60a6:	f004 fd93 	bl	abd0 <__aeabi_uldivmod>
        d /= p->base;
    60aa:	4628      	mov	r0, r5
        num %= d;
    60ac:	4617      	mov	r7, r2
    60ae:	461e      	mov	r6, r3
        d /= p->base;
    60b0:	4621      	mov	r1, r4
    60b2:	2300      	movs	r3, #0
    60b4:	464a      	mov	r2, r9
    60b6:	f004 fd8b 	bl	abd0 <__aeabi_uldivmod>
    60ba:	460b      	mov	r3, r1
    60bc:	4602      	mov	r2, r0
        int dgt = num / d;
    60be:	4631      	mov	r1, r6
    60c0:	4638      	mov	r0, r7
        d /= p->base;
    60c2:	461c      	mov	r4, r3
    60c4:	4615      	mov	r5, r2
        int dgt = num / d;
    60c6:	f004 fd83 	bl	abd0 <__aeabi_uldivmod>
    60ca:	4603      	mov	r3, r0
        if (n || dgt > 0 || d == 0) {
    60cc:	e7b5      	b.n	603a <ulli2a+0x52>
            *bf++ = dgt + (dgt < 10 ? '0' : (p->uc ? 'A' : 'a') - 10);
    60ce:	3030      	adds	r0, #48	@ 0x30
    60d0:	f808 0b01 	strb.w	r0, [r8], #1
            ++n;
        }
    }
    *bf = 0;
    60d4:	2300      	movs	r3, #0
    60d6:	f888 3000 	strb.w	r3, [r8]
}
    60da:	e8bd 8ff8 	ldmia.w	sp!, {r3, r4, r5, r6, r7, r8, r9, sl, fp, pc}
    60de:	bf00      	nop

000060e0 <putchw>:
    *nump = num;
    return ch;
}

static void putchw(void *putp, putcf putf, struct param *p)
{
    60e0:	e92d 41f0 	stmdb	sp!, {r4, r5, r6, r7, r8, lr}
    60e4:	4617      	mov	r7, r2
    char ch;
    int n = p->width;
    char *bf = p->bf;
    60e6:	6912      	ldr	r2, [r2, #16]
{
    60e8:	460e      	mov	r6, r1

    /* Number of filling characters */
    while (*bf++ && n > 0)
    60ea:	7811      	ldrb	r1, [r2, #0]
{
    60ec:	4605      	mov	r5, r0
    int n = p->width;
    60ee:	687b      	ldr	r3, [r7, #4]
    while (*bf++ && n > 0)
    60f0:	b139      	cbz	r1, 6102 <putchw+0x22>
    60f2:	3201      	adds	r2, #1
    60f4:	e003      	b.n	60fe <putchw+0x1e>
    60f6:	f812 1b01 	ldrb.w	r1, [r2], #1
        n--;
    60fa:	3b01      	subs	r3, #1
    while (*bf++ && n > 0)
    60fc:	b109      	cbz	r1, 6102 <putchw+0x22>
    60fe:	2b00      	cmp	r3, #0
    6100:	dcf9      	bgt.n	60f6 <putchw+0x16>
    if (p->sign)
    6102:	7a39      	ldrb	r1, [r7, #8]
        n--;
    if (p->alt && p->base == 16)
    6104:	783a      	ldrb	r2, [r7, #0]
    if (p->sign)
    6106:	2900      	cmp	r1, #0
    6108:	d138      	bne.n	617c <putchw+0x9c>
    if (p->alt && p->base == 16)
    610a:	0794      	lsls	r4, r2, #30
    610c:	d558      	bpl.n	61c0 <putchw+0xe0>
    610e:	68f8      	ldr	r0, [r7, #12]
    6110:	2810      	cmp	r0, #16
    6112:	d064      	beq.n	61de <putchw+0xfe>
    6114:	461c      	mov	r4, r3
        n -= 2;
    else if (p->alt && p->base == 8)
    6116:	2808      	cmp	r0, #8
        n--;
    6118:	bf08      	it	eq
    611a:	f104 34ff 	addeq.w	r4, r4, #4294967295	@ 0xffffffff

    /* Fill with space to align to the right, before alternate or sign */
    if (!p->lz && !p->align_left) {
    611e:	f012 0f09 	tst.w	r2, #9
    6122:	d037      	beq.n	6194 <putchw+0xb4>
        while (n-- > 0)
            putf(putp, ' ');
    }

    /* print sign */
    if (p->sign)
    6124:	b109      	cbz	r1, 612a <putchw+0x4a>
        putf(putp, p->sign);
    6126:	4628      	mov	r0, r5
    6128:	47b0      	blx	r6
    612a:	783a      	ldrb	r2, [r7, #0]

    /* Alternate */
    if (p->alt && p->base == 16) {
    612c:	0791      	lsls	r1, r2, #30
    612e:	d508      	bpl.n	6142 <putchw+0x62>
    6130:	68fb      	ldr	r3, [r7, #12]
    6132:	2b10      	cmp	r3, #16
    6134:	d05e      	beq.n	61f4 <putchw+0x114>
        putf(putp, '0');
        putf(putp, (p->uc ? 'X' : 'x'));
    } else if (p->alt && p->base == 8) {
    6136:	2b08      	cmp	r3, #8
    6138:	d103      	bne.n	6142 <putchw+0x62>
        putf(putp, '0');
    613a:	2130      	movs	r1, #48	@ 0x30
    613c:	4628      	mov	r0, r5
    613e:	47b0      	blx	r6
    }

    /* Fill with zeros, after alternate or sign */
    if (p->lz) {
    6140:	783a      	ldrb	r2, [r7, #0]
    6142:	07d3      	lsls	r3, r2, #31
    6144:	d508      	bpl.n	6158 <putchw+0x78>
        while (n-- > 0)
    6146:	2c00      	cmp	r4, #0
    6148:	f104 34ff 	add.w	r4, r4, #4294967295	@ 0xffffffff
    614c:	dd04      	ble.n	6158 <putchw+0x78>
            putf(putp, '0');
    614e:	2130      	movs	r1, #48	@ 0x30
    6150:	4628      	mov	r0, r5
    6152:	47b0      	blx	r6
        while (n-- > 0)
    6154:	3c01      	subs	r4, #1
    6156:	d2fa      	bcs.n	614e <putchw+0x6e>
    }

    /* Put actual buffer */
    bf = p->bf;
    6158:	693b      	ldr	r3, [r7, #16]
    while ((ch = *bf++))
    615a:	7819      	ldrb	r1, [r3, #0]
    615c:	f103 0801 	add.w	r8, r3, #1
    6160:	b129      	cbz	r1, 616e <putchw+0x8e>
        putf(putp, ch);
    6162:	4628      	mov	r0, r5
    6164:	47b0      	blx	r6
    while ((ch = *bf++))
    6166:	f818 1b01 	ldrb.w	r1, [r8], #1
    616a:	2900      	cmp	r1, #0
    616c:	d1f9      	bne.n	6162 <putchw+0x82>

    /* Fill with space to align to the left, after string */
    if (!p->lz && p->align_left) {
    616e:	783b      	ldrb	r3, [r7, #0]
    6170:	f003 0309 	and.w	r3, r3, #9
    6174:	2b08      	cmp	r3, #8
    6176:	d028      	beq.n	61ca <putchw+0xea>
        while (n-- > 0)
            putf(putp, ' ');
    }
}
    6178:	e8bd 81f0 	ldmia.w	sp!, {r4, r5, r6, r7, r8, pc}
    if (p->alt && p->base == 16)
    617c:	0790      	lsls	r0, r2, #30
        n--;
    617e:	f103 34ff 	add.w	r4, r3, #4294967295	@ 0xffffffff
    if (p->alt && p->base == 16)
    6182:	d515      	bpl.n	61b0 <putchw+0xd0>
    6184:	68f8      	ldr	r0, [r7, #12]
    6186:	2810      	cmp	r0, #16
    6188:	d1c5      	bne.n	6116 <putchw+0x36>
    if (!p->lz && !p->align_left) {
    618a:	f012 0f09 	tst.w	r2, #9
        n -= 2;
    618e:	f1a3 0403 	sub.w	r4, r3, #3
    if (!p->lz && !p->align_left) {
    6192:	d1c8      	bne.n	6126 <putchw+0x46>
        n -= 2;
    6194:	4623      	mov	r3, r4
        while (n-- > 0)
    6196:	2b00      	cmp	r3, #0
    6198:	f104 34ff 	add.w	r4, r4, #4294967295	@ 0xffffffff
    619c:	ddc2      	ble.n	6124 <putchw+0x44>
            putf(putp, ' ');
    619e:	2120      	movs	r1, #32
    61a0:	4628      	mov	r0, r5
    61a2:	47b0      	blx	r6
        while (n-- > 0)
    61a4:	3c01      	subs	r4, #1
    61a6:	d2fa      	bcs.n	619e <putchw+0xbe>
    if (p->sign)
    61a8:	7a39      	ldrb	r1, [r7, #8]
    61aa:	2900      	cmp	r1, #0
    61ac:	d1bb      	bne.n	6126 <putchw+0x46>
    61ae:	e7bc      	b.n	612a <putchw+0x4a>
    if (!p->lz && !p->align_left) {
    61b0:	f012 0f09 	tst.w	r2, #9
    61b4:	d1b7      	bne.n	6126 <putchw+0x46>
        while (n-- > 0)
    61b6:	2c00      	cmp	r4, #0
    61b8:	f1a3 0402 	sub.w	r4, r3, #2
    61bc:	dcef      	bgt.n	619e <putchw+0xbe>
    61be:	e7b2      	b.n	6126 <putchw+0x46>
    if (!p->lz && !p->align_left) {
    61c0:	f012 0f09 	tst.w	r2, #9
    61c4:	d011      	beq.n	61ea <putchw+0x10a>
    if (p->alt && p->base == 16) {
    61c6:	461c      	mov	r4, r3
    61c8:	e7bb      	b.n	6142 <putchw+0x62>
        while (n-- > 0)
    61ca:	2c00      	cmp	r4, #0
    61cc:	ddd4      	ble.n	6178 <putchw+0x98>
    61ce:	3c01      	subs	r4, #1
            putf(putp, ' ');
    61d0:	2120      	movs	r1, #32
    61d2:	4628      	mov	r0, r5
    61d4:	47b0      	blx	r6
        while (n-- > 0)
    61d6:	3c01      	subs	r4, #1
    61d8:	d2fa      	bcs.n	61d0 <putchw+0xf0>
}
    61da:	e8bd 81f0 	ldmia.w	sp!, {r4, r5, r6, r7, r8, pc}
    if (!p->lz && !p->align_left) {
    61de:	f012 0f09 	tst.w	r2, #9
        n -= 2;
    61e2:	f1a3 0402 	sub.w	r4, r3, #2
    if (!p->lz && !p->align_left) {
    61e6:	d1a1      	bne.n	612c <putchw+0x4c>
    61e8:	e7d4      	b.n	6194 <putchw+0xb4>
        while (n-- > 0)
    61ea:	2b00      	cmp	r3, #0
    61ec:	f103 34ff 	add.w	r4, r3, #4294967295	@ 0xffffffff
    61f0:	dcd5      	bgt.n	619e <putchw+0xbe>
    61f2:	e79b      	b.n	612c <putchw+0x4c>
        putf(putp, '0');
    61f4:	2130      	movs	r1, #48	@ 0x30
    61f6:	4628      	mov	r0, r5
    61f8:	47b0      	blx	r6
        putf(putp, (p->uc ? 'X' : 'x'));
    61fa:	783b      	ldrb	r3, [r7, #0]
    61fc:	4628      	mov	r0, r5
    61fe:	f013 0f04 	tst.w	r3, #4
    6202:	bf0c      	ite	eq
    6204:	2178      	moveq	r1, #120	@ 0x78
    6206:	2158      	movne	r1, #88	@ 0x58
    6208:	47b0      	blx	r6
    if (p->lz) {
    620a:	783a      	ldrb	r2, [r7, #0]
        putf(putp, (p->uc ? 'X' : 'x'));
    620c:	e799      	b.n	6142 <putchw+0x62>
    620e:	bf00      	nop

00006210 <_vsnprintf_putcf>:
};

static void _vsnprintf_putcf(void *p, char c)
{
  struct _vsnprintf_putcf_data *data = (struct _vsnprintf_putcf_data*)p;
  if (data->num_chars < data->dest_capacity)
    6210:	6883      	ldr	r3, [r0, #8]
    6212:	6802      	ldr	r2, [r0, #0]
    6214:	4293      	cmp	r3, r2
    6216:	d202      	bcs.n	621e <_vsnprintf_putcf+0xe>
    data->dest[data->num_chars] = c;
    6218:	6842      	ldr	r2, [r0, #4]
    621a:	54d1      	strb	r1, [r2, r3]
  data->num_chars ++;
    621c:	6883      	ldr	r3, [r0, #8]
    621e:	3301      	adds	r3, #1
    6220:	6083      	str	r3, [r0, #8]
}
    6222:	4770      	bx	lr

00006224 <tfp_format>:
{
    6224:	e92d 47f0 	stmdb	sp!, {r4, r5, r6, r7, r8, r9, sl, lr}
    6228:	b08c      	sub	sp, #48	@ 0x30
    while ((ch = *(fmt++))) {
    622a:	f892 9000 	ldrb.w	r9, [r2]
{
    622e:	4605      	mov	r5, r0
    6230:	460e      	mov	r6, r1
    while ((ch = *(fmt++))) {
    6232:	f1b9 0f00 	cmp.w	r9, #0
    6236:	f000 8091 	beq.w	635c <tfp_format+0x138>
    623a:	461f      	mov	r7, r3
            p.width = 0;
    623c:	f04f 0800 	mov.w	r8, #0
    while ((ch = *(fmt++))) {
    6240:	1c54      	adds	r4, r2, #1
    6242:	e00d      	b.n	6260 <tfp_format+0x3c>
			if (ch == '\n')
    6244:	f1b9 0f0a 	cmp.w	r9, #10
    6248:	d102      	bne.n	6250 <tfp_format+0x2c>
				putf(putp, '\r');
    624a:	210d      	movs	r1, #13
    624c:	4628      	mov	r0, r5
    624e:	47b0      	blx	r6
            putf(putp, ch);
    6250:	4649      	mov	r1, r9
    6252:	4628      	mov	r0, r5
    6254:	47b0      	blx	r6
    while ((ch = *(fmt++))) {
    6256:	f814 9b01 	ldrb.w	r9, [r4], #1
    625a:	f1b9 0f00 	cmp.w	r9, #0
    625e:	d07d      	beq.n	635c <tfp_format+0x138>
        if (ch != '%') {
    6260:	f1b9 0f25 	cmp.w	r9, #37	@ 0x25
    6264:	d1ee      	bne.n	6244 <tfp_format+0x20>
            p.lz = 0;
    6266:	f89d 3004 	ldrb.w	r3, [sp, #4]
            p.width = 0;
    626a:	f8cd 8008 	str.w	r8, [sp, #8]
            p.lz = 0;
    626e:	f023 030b 	bic.w	r3, r3, #11
    6272:	f88d 3004 	strb.w	r3, [sp, #4]
            p.sign = 0;
    6276:	f88d 800c 	strb.w	r8, [sp, #12]
            while ((ch = *(fmt++))) {
    627a:	f814 1b01 	ldrb.w	r1, [r4], #1
    627e:	2900      	cmp	r1, #0
    6280:	d06c      	beq.n	635c <tfp_format+0x138>
                switch (ch) {
    6282:	292d      	cmp	r1, #45	@ 0x2d
    6284:	d060      	beq.n	6348 <tfp_format+0x124>
    6286:	2930      	cmp	r1, #48	@ 0x30
    6288:	d072      	beq.n	6370 <tfp_format+0x14c>
    628a:	2923      	cmp	r1, #35	@ 0x23
    628c:	d069      	beq.n	6362 <tfp_format+0x13e>
            if (ch >= '0' && ch <= '9') {
    628e:	f1a1 0230 	sub.w	r2, r1, #48	@ 0x30
    6292:	b2d3      	uxtb	r3, r2
    6294:	2b09      	cmp	r3, #9
    6296:	d976      	bls.n	6386 <tfp_format+0x162>
            if (ch == '.') {
    6298:	292e      	cmp	r1, #46	@ 0x2e
    629a:	f000 8232 	beq.w	6702 <tfp_format+0x4de>
            if (ch == 'z') {
    629e:	297a      	cmp	r1, #122	@ 0x7a
    62a0:	d06d      	beq.n	637e <tfp_format+0x15a>
            if (ch == 'l') {
    62a2:	296c      	cmp	r1, #108	@ 0x6c
    62a4:	f000 821d 	beq.w	66e2 <tfp_format+0x4be>
            char lng = 0;  /* 1 for long, 2 for long long */
    62a8:	2300      	movs	r3, #0
            switch (ch) {
    62aa:	2978      	cmp	r1, #120	@ 0x78
    62ac:	d8d3      	bhi.n	6256 <tfp_format+0x32>
    62ae:	2957      	cmp	r1, #87	@ 0x57
    62b0:	f240 821e 	bls.w	66f0 <tfp_format+0x4cc>
    62b4:	f1a1 0258 	sub.w	r2, r1, #88	@ 0x58
    62b8:	2a20      	cmp	r2, #32
    62ba:	d8cc      	bhi.n	6256 <tfp_format+0x32>
    62bc:	a001      	add	r0, pc, #4	@ (adr r0, 62c4 <tfp_format+0xa0>)
    62be:	f850 f022 	ldr.w	pc, [r0, r2, lsl #2]
    62c2:	bf00      	nop
    62c4:	0000646b 	.word	0x0000646b
    62c8:	00006257 	.word	0x00006257
    62cc:	00006257 	.word	0x00006257
    62d0:	00006257 	.word	0x00006257
    62d4:	00006257 	.word	0x00006257
    62d8:	00006257 	.word	0x00006257
    62dc:	00006257 	.word	0x00006257
    62e0:	00006257 	.word	0x00006257
    62e4:	00006257 	.word	0x00006257
    62e8:	00006257 	.word	0x00006257
    62ec:	00006257 	.word	0x00006257
    62f0:	00006505 	.word	0x00006505
    62f4:	000063cb 	.word	0x000063cb
    62f8:	00006257 	.word	0x00006257
    62fc:	00006257 	.word	0x00006257
    6300:	00006257 	.word	0x00006257
    6304:	00006257 	.word	0x00006257
    6308:	000063cb 	.word	0x000063cb
    630c:	00006257 	.word	0x00006257
    6310:	00006257 	.word	0x00006257
    6314:	00006257 	.word	0x00006257
    6318:	00006257 	.word	0x00006257
    631c:	00006257 	.word	0x00006257
    6320:	0000666b 	.word	0x0000666b
    6324:	000065b3 	.word	0x000065b3
    6328:	00006257 	.word	0x00006257
    632c:	00006257 	.word	0x00006257
    6330:	000065a1 	.word	0x000065a1
    6334:	00006257 	.word	0x00006257
    6338:	00006511 	.word	0x00006511
    633c:	00006257 	.word	0x00006257
    6340:	00006257 	.word	0x00006257
    6344:	0000646b 	.word	0x0000646b
                    p.align_left = 1;
    6348:	f89d 3004 	ldrb.w	r3, [sp, #4]
    634c:	f043 0308 	orr.w	r3, r3, #8
    6350:	f88d 3004 	strb.w	r3, [sp, #4]
            while ((ch = *(fmt++))) {
    6354:	f814 1b01 	ldrb.w	r1, [r4], #1
    6358:	2900      	cmp	r1, #0
    635a:	d192      	bne.n	6282 <tfp_format+0x5e>
}
    635c:	b00c      	add	sp, #48	@ 0x30
    635e:	e8bd 87f0 	ldmia.w	sp!, {r4, r5, r6, r7, r8, r9, sl, pc}
                    p.alt = 1;
    6362:	f89d 3004 	ldrb.w	r3, [sp, #4]
    6366:	f043 0302 	orr.w	r3, r3, #2
    636a:	f88d 3004 	strb.w	r3, [sp, #4]
                    continue;
    636e:	e784      	b.n	627a <tfp_format+0x56>
                    p.lz = 1;
    6370:	f89d 3004 	ldrb.w	r3, [sp, #4]
    6374:	f043 0301 	orr.w	r3, r3, #1
    6378:	f88d 3004 	strb.w	r3, [sp, #4]
                    continue;
    637c:	e77d      	b.n	627a <tfp_format+0x56>
                    lng = 1;
    637e:	2301      	movs	r3, #1
                ch = *(fmt++);
    6380:	f814 1b01 	ldrb.w	r1, [r4], #1
                    lng = 1;
    6384:	e791      	b.n	62aa <tfp_format+0x86>
    unsigned int num = 0;
    6386:	2300      	movs	r3, #0
    6388:	e00f      	b.n	63aa <tfp_format+0x186>
    else if (ch >= 'A' && ch <= 'F')
    638a:	f1be 0f05 	cmp.w	lr, #5
    638e:	f200 827e 	bhi.w	688e <tfp_format+0x66a>
        return ch - 'A' + 10;
    6392:	f1a1 0237 	sub.w	r2, r1, #55	@ 0x37
        if (digit > base)
    6396:	2a0a      	cmp	r2, #10
    6398:	d115      	bne.n	63c6 <tfp_format+0x1a2>
        ch = *p++;
    639a:	f814 1b01 	ldrb.w	r1, [r4], #1
        num = num * base + digit;
    639e:	eb03 0383 	add.w	r3, r3, r3, lsl #2
    63a2:	eb02 0343 	add.w	r3, r2, r3, lsl #1
        ch = *p++;
    63a6:	f1a1 0230 	sub.w	r2, r1, #48	@ 0x30
    if (ch >= '0' && ch <= '9')
    63aa:	b2d0      	uxtb	r0, r2
    63ac:	2809      	cmp	r0, #9
    else if (ch >= 'a' && ch <= 'f')
    63ae:	f1a1 0c61 	sub.w	ip, r1, #97	@ 0x61
    else if (ch >= 'A' && ch <= 'F')
    63b2:	f1a1 0e41 	sub.w	lr, r1, #65	@ 0x41
    if (ch >= '0' && ch <= '9')
    63b6:	d9f0      	bls.n	639a <tfp_format+0x176>
    else if (ch >= 'a' && ch <= 'f')
    63b8:	f1bc 0f05 	cmp.w	ip, #5
    63bc:	d8e5      	bhi.n	638a <tfp_format+0x166>
        return ch - 'a' + 10;
    63be:	f1a1 0257 	sub.w	r2, r1, #87	@ 0x57
        if (digit > base)
    63c2:	2a0a      	cmp	r2, #10
    63c4:	d0e9      	beq.n	639a <tfp_format+0x176>
    *nump = num;
    63c6:	9302      	str	r3, [sp, #8]
            if (ch == '.') {
    63c8:	e769      	b.n	629e <tfp_format+0x7a>
                p.base = 10;
    63ca:	220a      	movs	r2, #10
                if (2 == lng)
    63cc:	2b02      	cmp	r3, #2
                p.base = 10;
    63ce:	9204      	str	r2, [sp, #16]
                if (2 == lng)
    63d0:	f000 81c9 	beq.w	6766 <tfp_format+0x542>
                  if (1 == lng)
    63d4:	2b01      	cmp	r3, #1
                    uli2a(va_arg(va, unsigned long int), &p);
    63d6:	f107 0104 	add.w	r1, r7, #4
                  if (1 == lng)
    63da:	f000 833e 	beq.w	6a5a <tfp_format+0x836>
                    i2a(va_arg(va, int), &p);
    63de:	683a      	ldr	r2, [r7, #0]
    if (num < 0) {
    63e0:	2a00      	cmp	r2, #0
    63e2:	da03      	bge.n	63ec <tfp_format+0x1c8>
        p->sign = '-';
    63e4:	232d      	movs	r3, #45	@ 0x2d
        num = -num;
    63e6:	4252      	negs	r2, r2
        p->sign = '-';
    63e8:	f88d 300c 	strb.w	r3, [sp, #12]
    while (num / d >= p->base)
    63ec:	2a09      	cmp	r2, #9
    ui2a(num, p);
    63ee:	4610      	mov	r0, r2
    unsigned long int d = 1;
    63f0:	f04f 0701 	mov.w	r7, #1
    while (num / d >= p->base)
    63f4:	dd09      	ble.n	640a <tfp_format+0x1e6>
        d *= p->base;
    63f6:	eb07 0387 	add.w	r3, r7, r7, lsl #2
    63fa:	005f      	lsls	r7, r3, #1
    while (num / d >= p->base)
    63fc:	fbb2 f3f7 	udiv	r3, r2, r7
    6400:	2b09      	cmp	r3, #9
    6402:	d8f8      	bhi.n	63f6 <tfp_format+0x1d2>
    while (d != 0) {
    6404:	2f00      	cmp	r7, #0
    6406:	f000 83b0 	beq.w	6b6a <tfp_format+0x946>
            *bf++ = dgt + (dgt < 10 ? '0' : (p->uc ? 'A' : 'a') - 10);
    640a:	f89d 3004 	ldrb.w	r3, [sp, #4]
        d /= p->base;
    640e:	4ac3      	ldr	r2, [pc, #780]	@ (671c <tfp_format+0x4f8>)
    6410:	075b      	lsls	r3, r3, #29
    6412:	f100 81f0 	bmi.w	67f6 <tfp_format+0x5d2>
        int dgt = num / d;
    6416:	fbb0 f3f7 	udiv	r3, r0, r7
        d /= p->base;
    641a:	fba2 ce07 	umull	ip, lr, r2, r7
        if (n || dgt > 0 || d == 0) {
    641e:	2b00      	cmp	r3, #0
        num %= d;
    6420:	fb07 0013 	mls	r0, r7, r3, r0
        d /= p->base;
    6424:	ea4f 0ede 	mov.w	lr, lr, lsr #3
        if (n || dgt > 0 || d == 0) {
    6428:	f340 8257 	ble.w	68da <tfp_format+0x6b6>
    642c:	f10d 0918 	add.w	r9, sp, #24
    6430:	46cc      	mov	ip, r9
        d /= p->base;
    6432:	f8df a2e8 	ldr.w	sl, [pc, #744]	@ 671c <tfp_format+0x4f8>
    6436:	e008      	b.n	644a <tfp_format+0x226>
        int dgt = num / d;
    6438:	fbb0 f3fe 	udiv	r3, r0, lr
        d /= p->base;
    643c:	fbaa 720e 	umull	r7, r2, sl, lr
        num %= d;
    6440:	fb0e 0013 	mls	r0, lr, r3, r0
        d /= p->base;
    6444:	4677      	mov	r7, lr
    6446:	ea4f 0ed2 	mov.w	lr, r2, lsr #3
            *bf++ = dgt + (dgt < 10 ? '0' : (p->uc ? 'A' : 'a') - 10);
    644a:	2b09      	cmp	r3, #9
    644c:	bfcc      	ite	gt
    644e:	2257      	movgt	r2, #87	@ 0x57
    6450:	2230      	movle	r2, #48	@ 0x30
    while (d != 0) {
    6452:	2f09      	cmp	r7, #9
            *bf++ = dgt + (dgt < 10 ? '0' : (p->uc ? 'A' : 'a') - 10);
    6454:	441a      	add	r2, r3
    6456:	f80c 2b01 	strb.w	r2, [ip], #1
    while (d != 0) {
    645a:	d8ed      	bhi.n	6438 <tfp_format+0x214>
    *bf = 0;
    645c:	2300      	movs	r3, #0
    645e:	f88c 3000 	strb.w	r3, [ip]
                    li2a(va_arg(va, long int), &p);
    6462:	460f      	mov	r7, r1
    6464:	f10d 0a04 	add.w	sl, sp, #4
    6468:	e044      	b.n	64f4 <tfp_format+0x2d0>
                p.base = 16;
    646a:	2210      	movs	r2, #16
                p.uc = (ch == 'X')?1:0;
    646c:	f1a1 0158 	sub.w	r1, r1, #88	@ 0x58
    6470:	fab1 f181 	clz	r1, r1
                p.base = 16;
    6474:	9204      	str	r2, [sp, #16]
                p.uc = (ch == 'X')?1:0;
    6476:	f89d 2004 	ldrb.w	r2, [sp, #4]
    647a:	0949      	lsrs	r1, r1, #5
    647c:	f361 0282 	bfi	r2, r1, #2, #1
                if (2 == lng)
    6480:	2b02      	cmp	r3, #2
                p.uc = (ch == 'X')?1:0;
    6482:	f88d 2004 	strb.w	r2, [sp, #4]
                if (2 == lng)
    6486:	f000 8181 	beq.w	678c <tfp_format+0x568>
                  if (1 == lng)
    648a:	2b01      	cmp	r3, #1
    648c:	f040 809b 	bne.w	65c6 <tfp_format+0x3a2>
                    li2a(va_arg(va, long int), &p);
    6490:	f857 1b04 	ldr.w	r1, [r7], #4
    while (num / d >= p->base)
    6494:	290f      	cmp	r1, #15
    6496:	f240 8366 	bls.w	6b66 <tfp_format+0x942>
        d *= p->base;
    649a:	011b      	lsls	r3, r3, #4
    while (num / d >= p->base)
    649c:	fbb1 f2f3 	udiv	r2, r1, r3
    64a0:	2a0f      	cmp	r2, #15
    64a2:	d8fa      	bhi.n	649a <tfp_format+0x276>
    while (d != 0) {
    64a4:	2b00      	cmp	r3, #0
    64a6:	f000 81ca 	beq.w	683e <tfp_format+0x61a>
            *bf++ = dgt + (dgt < 10 ? '0' : (p->uc ? 'A' : 'a') - 10);
    64aa:	f89d 0004 	ldrb.w	r0, [sp, #4]
        num %= d;
    64ae:	fb03 1112 	mls	r1, r3, r2, r1
    64b2:	f010 0f04 	tst.w	r0, #4
        d /= p->base;
    64b6:	ea4f 1013 	mov.w	r0, r3, lsr #4
    64ba:	f040 8181 	bne.w	67c0 <tfp_format+0x59c>
        if (n || dgt > 0 || d == 0) {
    64be:	2a00      	cmp	r2, #0
    64c0:	f340 81e7 	ble.w	6892 <tfp_format+0x66e>
    64c4:	f10d 0918 	add.w	r9, sp, #24
    64c8:	464b      	mov	r3, r9
    64ca:	e004      	b.n	64d6 <tfp_format+0x2b2>
        int dgt = num / d;
    64cc:	fbb1 f2f0 	udiv	r2, r1, r0
        num %= d;
    64d0:	fb00 1112 	mls	r1, r0, r2, r1
        d /= p->base;
    64d4:	0900      	lsrs	r0, r0, #4
            *bf++ = dgt + (dgt < 10 ? '0' : (p->uc ? 'A' : 'a') - 10);
    64d6:	2a09      	cmp	r2, #9
    64d8:	bfcc      	ite	gt
    64da:	f04f 0c57 	movgt.w	ip, #87	@ 0x57
    64de:	f04f 0c30 	movle.w	ip, #48	@ 0x30
    64e2:	4462      	add	r2, ip
    64e4:	f803 2b01 	strb.w	r2, [r3], #1
    while (d != 0) {
    64e8:	2800      	cmp	r0, #0
    64ea:	d1ef      	bne.n	64cc <tfp_format+0x2a8>
    *bf = 0;
    64ec:	2200      	movs	r2, #0
    64ee:	f10d 0a04 	add.w	sl, sp, #4
    64f2:	701a      	strb	r2, [r3, #0]
                putchw(putp, putf, &p);
    64f4:	4652      	mov	r2, sl
    64f6:	4631      	mov	r1, r6
    64f8:	4628      	mov	r0, r5
    64fa:	f8cd 9014 	str.w	r9, [sp, #20]
    64fe:	f7ff fdef 	bl	60e0 <putchw>
                break;
    6502:	e6a8      	b.n	6256 <tfp_format+0x32>
                putf(putp, (char)(va_arg(va, int)));
    6504:	f857 1b04 	ldr.w	r1, [r7], #4
    6508:	4628      	mov	r0, r5
    650a:	b2c9      	uxtb	r1, r1
    650c:	47b0      	blx	r6
                break;
    650e:	e6a2      	b.n	6256 <tfp_format+0x32>
                p.base = 10;
    6510:	220a      	movs	r2, #10
                if (2 == lng)
    6512:	2b02      	cmp	r3, #2
                p.base = 10;
    6514:	9204      	str	r2, [sp, #16]
                if (2 == lng)
    6516:	f000 8139 	beq.w	678c <tfp_format+0x568>
                  if (1 == lng)
    651a:	2b01      	cmp	r3, #1
                    uli2a(va_arg(va, unsigned long int), &p);
    651c:	f857 2b04 	ldr.w	r2, [r7], #4
                  if (1 == lng)
    6520:	f000 81e2 	beq.w	68e8 <tfp_format+0x6c4>
    while (num / d >= p->base)
    6524:	2a09      	cmp	r2, #9
    unsigned long int d = 1;
    6526:	f04f 0001 	mov.w	r0, #1
    while (num / d >= p->base)
    652a:	d909      	bls.n	6540 <tfp_format+0x31c>
        d *= p->base;
    652c:	eb00 0380 	add.w	r3, r0, r0, lsl #2
    6530:	0058      	lsls	r0, r3, #1
    while (num / d >= p->base)
    6532:	fbb2 f3f0 	udiv	r3, r2, r0
    6536:	2b09      	cmp	r3, #9
    6538:	d8f8      	bhi.n	652c <tfp_format+0x308>
    while (d != 0) {
    653a:	2800      	cmp	r0, #0
    653c:	f000 8289 	beq.w	6a52 <tfp_format+0x82e>
            *bf++ = dgt + (dgt < 10 ? '0' : (p->uc ? 'A' : 'a') - 10);
    6540:	f89d 3004 	ldrb.w	r3, [sp, #4]
    6544:	0759      	lsls	r1, r3, #29
    6546:	f140 8230 	bpl.w	69aa <tfp_format+0x786>
        d /= p->base;
    654a:	4974      	ldr	r1, [pc, #464]	@ (671c <tfp_format+0x4f8>)
        int dgt = num / d;
    654c:	fbb2 faf0 	udiv	sl, r2, r0
        d /= p->base;
    6550:	fba1 c300 	umull	ip, r3, r1, r0
        if (n || dgt > 0 || d == 0) {
    6554:	f1ba 0f00 	cmp.w	sl, #0
        num %= d;
    6558:	fb00 221a 	mls	r2, r0, sl, r2
        d /= p->base;
    655c:	ea4f 03d3 	mov.w	r3, r3, lsr #3
        if (n || dgt > 0 || d == 0) {
    6560:	f340 81a8 	ble.w	68b4 <tfp_format+0x690>
    6564:	f10d 0918 	add.w	r9, sp, #24
    6568:	46cc      	mov	ip, r9
        d /= p->base;
    656a:	f8df e1b0 	ldr.w	lr, [pc, #432]	@ 671c <tfp_format+0x4f8>
    656e:	e007      	b.n	6580 <tfp_format+0x35c>
        int dgt = num / d;
    6570:	fbb2 faf3 	udiv	sl, r2, r3
        d /= p->base;
    6574:	fbae 0103 	umull	r0, r1, lr, r3
        num %= d;
    6578:	fb03 221a 	mls	r2, r3, sl, r2
        d /= p->base;
    657c:	4618      	mov	r0, r3
    657e:	08cb      	lsrs	r3, r1, #3
            *bf++ = dgt + (dgt < 10 ? '0' : (p->uc ? 'A' : 'a') - 10);
    6580:	f1ba 0f09 	cmp.w	sl, #9
    6584:	bfcc      	ite	gt
    6586:	2137      	movgt	r1, #55	@ 0x37
    6588:	2130      	movle	r1, #48	@ 0x30
    while (d != 0) {
    658a:	2809      	cmp	r0, #9
            *bf++ = dgt + (dgt < 10 ? '0' : (p->uc ? 'A' : 'a') - 10);
    658c:	4451      	add	r1, sl
    658e:	f80c 1b01 	strb.w	r1, [ip], #1
    while (d != 0) {
    6592:	d8ed      	bhi.n	6570 <tfp_format+0x34c>
    *bf = 0;
    6594:	2300      	movs	r3, #0
    6596:	f10d 0a04 	add.w	sl, sp, #4
    659a:	f88c 3000 	strb.w	r3, [ip]
}
    659e:	e7a9      	b.n	64f4 <tfp_format+0x2d0>
                putchw(putp, putf, &p);
    65a0:	f857 3b04 	ldr.w	r3, [r7], #4
    65a4:	4631      	mov	r1, r6
    65a6:	4628      	mov	r0, r5
    65a8:	aa01      	add	r2, sp, #4
    65aa:	9305      	str	r3, [sp, #20]
    65ac:	f7ff fd98 	bl	60e0 <putchw>
                break;
    65b0:	e651      	b.n	6256 <tfp_format+0x32>
                p.base = 16;
    65b2:	2310      	movs	r3, #16
    65b4:	9304      	str	r3, [sp, #16]
                p.alt = 1;
    65b6:	f89d 3004 	ldrb.w	r3, [sp, #4]
    65ba:	f023 0306 	bic.w	r3, r3, #6
    65be:	f043 0302 	orr.w	r3, r3, #2
    65c2:	f88d 3004 	strb.w	r3, [sp, #4]
                    ui2a(va_arg(va, unsigned int), &p);
    65c6:	f857 2b04 	ldr.w	r2, [r7], #4
    unsigned long int d = 1;
    65ca:	2101      	movs	r1, #1
    while (num / d >= p->base)
    65cc:	2a0f      	cmp	r2, #15
    65ce:	f240 82c8 	bls.w	6b62 <tfp_format+0x93e>
        d *= p->base;
    65d2:	0109      	lsls	r1, r1, #4
    while (num / d >= p->base)
    65d4:	fbb2 f3f1 	udiv	r3, r2, r1
    65d8:	2b0f      	cmp	r3, #15
    65da:	d8fa      	bhi.n	65d2 <tfp_format+0x3ae>
    while (d != 0) {
    65dc:	2900      	cmp	r1, #0
    65de:	f000 812e 	beq.w	683e <tfp_format+0x61a>
            *bf++ = dgt + (dgt < 10 ? '0' : (p->uc ? 'A' : 'a') - 10);
    65e2:	f89d 0004 	ldrb.w	r0, [sp, #4]
        num %= d;
    65e6:	fb01 2213 	mls	r2, r1, r3, r2
    65ea:	f010 0f04 	tst.w	r0, #4
        d /= p->base;
    65ee:	ea4f 1011 	mov.w	r0, r1, lsr #4
    65f2:	d123      	bne.n	663c <tfp_format+0x418>
        if (n || dgt > 0 || d == 0) {
    65f4:	2b00      	cmp	r3, #0
    65f6:	f340 8126 	ble.w	6846 <tfp_format+0x622>
    65fa:	f10d 0918 	add.w	r9, sp, #24
    65fe:	46cc      	mov	ip, r9
    6600:	e005      	b.n	660e <tfp_format+0x3ea>
            *bf++ = dgt + (dgt < 10 ? '0' : (p->uc ? 'A' : 'a') - 10);
    6602:	469c      	mov	ip, r3
        int dgt = num / d;
    6604:	fbb2 f3f0 	udiv	r3, r2, r0
        num %= d;
    6608:	fb00 2213 	mls	r2, r0, r3, r2
        d /= p->base;
    660c:	0900      	lsrs	r0, r0, #4
            *bf++ = dgt + (dgt < 10 ? '0' : (p->uc ? 'A' : 'a') - 10);
    660e:	2b09      	cmp	r3, #9
    6610:	bfcc      	ite	gt
    6612:	2157      	movgt	r1, #87	@ 0x57
    6614:	2130      	movle	r1, #48	@ 0x30
    6616:	4419      	add	r1, r3
    6618:	4663      	mov	r3, ip
    661a:	f803 1b01 	strb.w	r1, [r3], #1
    while (d != 0) {
    661e:	2800      	cmp	r0, #0
    6620:	d1ef      	bne.n	6602 <tfp_format+0x3de>
    6622:	e763      	b.n	64ec <tfp_format+0x2c8>
        if (n || dgt > 0 || d == 0) {
    6624:	290f      	cmp	r1, #15
    6626:	f240 8140 	bls.w	68aa <tfp_format+0x686>
    while (d != 0) {
    662a:	2800      	cmp	r0, #0
    662c:	f000 8107 	beq.w	683e <tfp_format+0x61a>
        int dgt = num / d;
    6630:	fbb2 f3f0 	udiv	r3, r2, r0
        d /= p->base;
    6634:	4601      	mov	r1, r0
        num %= d;
    6636:	fb00 2213 	mls	r2, r0, r3, r2
        d /= p->base;
    663a:	0900      	lsrs	r0, r0, #4
        if (n || dgt > 0 || d == 0) {
    663c:	2b00      	cmp	r3, #0
    663e:	ddf1      	ble.n	6624 <tfp_format+0x400>
    6640:	f10d 0918 	add.w	r9, sp, #24
    6644:	46cc      	mov	ip, r9
    6646:	e005      	b.n	6654 <tfp_format+0x430>
            *bf++ = dgt + (dgt < 10 ? '0' : (p->uc ? 'A' : 'a') - 10);
    6648:	469c      	mov	ip, r3
        int dgt = num / d;
    664a:	fbb2 f3f0 	udiv	r3, r2, r0
        num %= d;
    664e:	fb00 2213 	mls	r2, r0, r3, r2
        d /= p->base;
    6652:	0900      	lsrs	r0, r0, #4
            *bf++ = dgt + (dgt < 10 ? '0' : (p->uc ? 'A' : 'a') - 10);
    6654:	2b09      	cmp	r3, #9
    6656:	bfcc      	ite	gt
    6658:	2137      	movgt	r1, #55	@ 0x37
    665a:	2130      	movle	r1, #48	@ 0x30
    665c:	4419      	add	r1, r3
    665e:	4663      	mov	r3, ip
    6660:	f803 1b01 	strb.w	r1, [r3], #1
    while (d != 0) {
    6664:	2800      	cmp	r0, #0
    6666:	d1ef      	bne.n	6648 <tfp_format+0x424>
    6668:	e740      	b.n	64ec <tfp_format+0x2c8>
                p.base = 8;
    666a:	2308      	movs	r3, #8
                ui2a(va_arg(va, unsigned int), &p);
    666c:	f857 1b04 	ldr.w	r1, [r7], #4
    unsigned long int d = 1;
    6670:	2201      	movs	r2, #1
    while (num / d >= p->base)
    6672:	2907      	cmp	r1, #7
                p.base = 8;
    6674:	9304      	str	r3, [sp, #16]
    while (num / d >= p->base)
    6676:	f240 81ea 	bls.w	6a4e <tfp_format+0x82a>
        d *= p->base;
    667a:	00d2      	lsls	r2, r2, #3
    while (num / d >= p->base)
    667c:	fbb1 f3f2 	udiv	r3, r1, r2
    6680:	2b07      	cmp	r3, #7
    6682:	d8fa      	bhi.n	667a <tfp_format+0x456>
    while (d != 0) {
    6684:	2a00      	cmp	r2, #0
    6686:	f000 8268 	beq.w	6b5a <tfp_format+0x936>
            *bf++ = dgt + (dgt < 10 ? '0' : (p->uc ? 'A' : 'a') - 10);
    668a:	f89d 0004 	ldrb.w	r0, [sp, #4]
        num %= d;
    668e:	fb02 1113 	mls	r1, r2, r3, r1
    6692:	f010 0f04 	tst.w	r0, #4
        d /= p->base;
    6696:	ea4f 00d2 	mov.w	r0, r2, lsr #3
    669a:	d14a      	bne.n	6732 <tfp_format+0x50e>
        if (n || dgt > 0 || d == 0) {
    669c:	2b00      	cmp	r3, #0
    669e:	f340 80e6 	ble.w	686e <tfp_format+0x64a>
    66a2:	f10d 0918 	add.w	r9, sp, #24
    66a6:	464a      	mov	r2, r9
    66a8:	e005      	b.n	66b6 <tfp_format+0x492>
            *bf++ = dgt + (dgt < 10 ? '0' : (p->uc ? 'A' : 'a') - 10);
    66aa:	461a      	mov	r2, r3
        int dgt = num / d;
    66ac:	fbb1 f3f0 	udiv	r3, r1, r0
        num %= d;
    66b0:	fb00 1113 	mls	r1, r0, r3, r1
        d /= p->base;
    66b4:	08c0      	lsrs	r0, r0, #3
            *bf++ = dgt + (dgt < 10 ? '0' : (p->uc ? 'A' : 'a') - 10);
    66b6:	2b09      	cmp	r3, #9
    66b8:	bfcc      	ite	gt
    66ba:	f04f 0c57 	movgt.w	ip, #87	@ 0x57
    66be:	f04f 0c30 	movle.w	ip, #48	@ 0x30
    66c2:	449c      	add	ip, r3
    66c4:	4613      	mov	r3, r2
    66c6:	f803 cb01 	strb.w	ip, [r3], #1
    while (d != 0) {
    66ca:	2800      	cmp	r0, #0
    66cc:	d1ed      	bne.n	66aa <tfp_format+0x486>
    *bf = 0;
    66ce:	2200      	movs	r2, #0
                putchw(putp, putf, &p);
    66d0:	4631      	mov	r1, r6
    *bf = 0;
    66d2:	701a      	strb	r2, [r3, #0]
                putchw(putp, putf, &p);
    66d4:	4628      	mov	r0, r5
    66d6:	aa01      	add	r2, sp, #4
    66d8:	f8cd 9014 	str.w	r9, [sp, #20]
    66dc:	f7ff fd00 	bl	60e0 <putchw>
                break;
    66e0:	e5b9      	b.n	6256 <tfp_format+0x32>
                ch = *(fmt++);
    66e2:	7821      	ldrb	r1, [r4, #0]
                if (ch == 'l') {
    66e4:	296c      	cmp	r1, #108	@ 0x6c
    66e6:	f000 80ce 	beq.w	6886 <tfp_format+0x662>
                lng = 1;
    66ea:	2301      	movs	r3, #1
                ch = *(fmt++);
    66ec:	3401      	adds	r4, #1
    66ee:	e5dc      	b.n	62aa <tfp_format+0x86>
            switch (ch) {
    66f0:	2900      	cmp	r1, #0
    66f2:	f43f ae33 	beq.w	635c <tfp_format+0x138>
    66f6:	2925      	cmp	r1, #37	@ 0x25
    66f8:	f47f adad 	bne.w	6256 <tfp_format+0x32>
                putf(putp, ch);
    66fc:	4628      	mov	r0, r5
    66fe:	47b0      	blx	r6
    6700:	e5a9      	b.n	6256 <tfp_format+0x32>
              p.lz = 1;  /* zero-padding */
    6702:	f89d 3004 	ldrb.w	r3, [sp, #4]
    6706:	f043 0301 	orr.w	r3, r3, #1
    670a:	f88d 3004 	strb.w	r3, [sp, #4]
                ch = *(fmt++);
    670e:	f814 1b01 	ldrb.w	r1, [r4], #1
              } while ((ch >= '0') && (ch <= '9'));
    6712:	f1a1 0330 	sub.w	r3, r1, #48	@ 0x30
    6716:	2b09      	cmp	r3, #9
    6718:	d9f9      	bls.n	670e <tfp_format+0x4ea>
    671a:	e5c0      	b.n	629e <tfp_format+0x7a>
    671c:	cccccccd 	.word	0xcccccccd
    while (d != 0) {
    6720:	2800      	cmp	r0, #0
    6722:	f000 821a 	beq.w	6b5a <tfp_format+0x936>
        int dgt = num / d;
    6726:	fbb1 f3f0 	udiv	r3, r1, r0
        d /= p->base;
    672a:	4602      	mov	r2, r0
        num %= d;
    672c:	fb00 1113 	mls	r1, r0, r3, r1
        d /= p->base;
    6730:	08c0      	lsrs	r0, r0, #3
        if (n || dgt > 0 || d == 0) {
    6732:	2b00      	cmp	r3, #0
    6734:	f340 8092 	ble.w	685c <tfp_format+0x638>
    6738:	f10d 0918 	add.w	r9, sp, #24
    673c:	464a      	mov	r2, r9
    673e:	e005      	b.n	674c <tfp_format+0x528>
            *bf++ = dgt + (dgt < 10 ? '0' : (p->uc ? 'A' : 'a') - 10);
    6740:	461a      	mov	r2, r3
        int dgt = num / d;
    6742:	fbb1 f3f0 	udiv	r3, r1, r0
        num %= d;
    6746:	fb00 1113 	mls	r1, r0, r3, r1
        d /= p->base;
    674a:	08c0      	lsrs	r0, r0, #3
            *bf++ = dgt + (dgt < 10 ? '0' : (p->uc ? 'A' : 'a') - 10);
    674c:	2b09      	cmp	r3, #9
    674e:	bfcc      	ite	gt
    6750:	f04f 0c37 	movgt.w	ip, #55	@ 0x37
    6754:	f04f 0c30 	movle.w	ip, #48	@ 0x30
    6758:	449c      	add	ip, r3
    675a:	4613      	mov	r3, r2
    675c:	f803 cb01 	strb.w	ip, [r3], #1
    while (d != 0) {
    6760:	2800      	cmp	r0, #0
    6762:	d1ed      	bne.n	6740 <tfp_format+0x51c>
    6764:	e7b3      	b.n	66ce <tfp_format+0x4aa>
                    lli2a(va_arg(va, long long int), &p);
    6766:	3707      	adds	r7, #7
    6768:	f027 0707 	bic.w	r7, r7, #7
    676c:	6879      	ldr	r1, [r7, #4]
    676e:	f857 0b08 	ldr.w	r0, [r7], #8
    if (num < 0) {
    6772:	2900      	cmp	r1, #0
    6774:	f2c0 8164 	blt.w	6a40 <tfp_format+0x81c>
    ulli2a(num, p);
    6778:	f10d 0a04 	add.w	sl, sp, #4
    677c:	f10d 0918 	add.w	r9, sp, #24
    6780:	4652      	mov	r2, sl
    6782:	f8cd 9014 	str.w	r9, [sp, #20]
    6786:	f7ff fc2f 	bl	5fe8 <ulli2a>
}
    678a:	e6b3      	b.n	64f4 <tfp_format+0x2d0>
                    ulli2a(va_arg(va, unsigned long long int), &p);
    678c:	f10d 0918 	add.w	r9, sp, #24
    6790:	3707      	adds	r7, #7
    6792:	f027 0707 	bic.w	r7, r7, #7
    6796:	f10d 0a04 	add.w	sl, sp, #4
    679a:	f8cd 9014 	str.w	r9, [sp, #20]
    679e:	4652      	mov	r2, sl
    67a0:	e8f7 0102 	ldrd	r0, r1, [r7], #8
    67a4:	f7ff fc20 	bl	5fe8 <ulli2a>
    67a8:	e6a4      	b.n	64f4 <tfp_format+0x2d0>
        if (n || dgt > 0 || d == 0) {
    67aa:	2b0f      	cmp	r3, #15
    67ac:	f240 8133 	bls.w	6a16 <tfp_format+0x7f2>
    while (d != 0) {
    67b0:	2800      	cmp	r0, #0
    67b2:	d044      	beq.n	683e <tfp_format+0x61a>
        int dgt = num / d;
    67b4:	fbb1 f2f0 	udiv	r2, r1, r0
        d /= p->base;
    67b8:	4603      	mov	r3, r0
        num %= d;
    67ba:	fb00 1112 	mls	r1, r0, r2, r1
        d /= p->base;
    67be:	0900      	lsrs	r0, r0, #4
        if (n || dgt > 0 || d == 0) {
    67c0:	2a00      	cmp	r2, #0
    67c2:	ddf2      	ble.n	67aa <tfp_format+0x586>
    67c4:	f10d 0918 	add.w	r9, sp, #24
    67c8:	464b      	mov	r3, r9
    67ca:	e004      	b.n	67d6 <tfp_format+0x5b2>
        int dgt = num / d;
    67cc:	fbb1 f2f0 	udiv	r2, r1, r0
        num %= d;
    67d0:	fb00 1112 	mls	r1, r0, r2, r1
        d /= p->base;
    67d4:	0900      	lsrs	r0, r0, #4
            *bf++ = dgt + (dgt < 10 ? '0' : (p->uc ? 'A' : 'a') - 10);
    67d6:	2a09      	cmp	r2, #9
    67d8:	bfcc      	ite	gt
    67da:	f04f 0c37 	movgt.w	ip, #55	@ 0x37
    67de:	f04f 0c30 	movle.w	ip, #48	@ 0x30
    67e2:	4462      	add	r2, ip
    67e4:	f803 2b01 	strb.w	r2, [r3], #1
    while (d != 0) {
    67e8:	2800      	cmp	r0, #0
    67ea:	d1ef      	bne.n	67cc <tfp_format+0x5a8>
    67ec:	e67e      	b.n	64ec <tfp_format+0x2c8>
        if (n || dgt > 0 || d == 0) {
    67ee:	2f09      	cmp	r7, #9
    67f0:	f240 811b 	bls.w	6a2a <tfp_format+0x806>
    67f4:	461f      	mov	r7, r3
        int dgt = num / d;
    67f6:	fbb0 fef7 	udiv	lr, r0, r7
        d /= p->base;
    67fa:	fba2 c307 	umull	ip, r3, r2, r7
        if (n || dgt > 0 || d == 0) {
    67fe:	f1be 0f00 	cmp.w	lr, #0
        num %= d;
    6802:	fb07 001e 	mls	r0, r7, lr, r0
        d /= p->base;
    6806:	ea4f 03d3 	mov.w	r3, r3, lsr #3
        if (n || dgt > 0 || d == 0) {
    680a:	ddf0      	ble.n	67ee <tfp_format+0x5ca>
    680c:	f10d 0918 	add.w	r9, sp, #24
    6810:	46cc      	mov	ip, r9
        d /= p->base;
    6812:	f8df a2f0 	ldr.w	sl, [pc, #752]	@ 6b04 <tfp_format+0x8e0>
    6816:	e007      	b.n	6828 <tfp_format+0x604>
        int dgt = num / d;
    6818:	fbb0 fef3 	udiv	lr, r0, r3
        d /= p->base;
    681c:	fbaa 7203 	umull	r7, r2, sl, r3
        num %= d;
    6820:	fb03 001e 	mls	r0, r3, lr, r0
        d /= p->base;
    6824:	461f      	mov	r7, r3
    6826:	08d3      	lsrs	r3, r2, #3
            *bf++ = dgt + (dgt < 10 ? '0' : (p->uc ? 'A' : 'a') - 10);
    6828:	f1be 0f09 	cmp.w	lr, #9
    682c:	bfcc      	ite	gt
    682e:	2237      	movgt	r2, #55	@ 0x37
    6830:	2230      	movle	r2, #48	@ 0x30
    while (d != 0) {
    6832:	2f09      	cmp	r7, #9
            *bf++ = dgt + (dgt < 10 ? '0' : (p->uc ? 'A' : 'a') - 10);
    6834:	4472      	add	r2, lr
    6836:	f80c 2b01 	strb.w	r2, [ip], #1
    while (d != 0) {
    683a:	d8ed      	bhi.n	6818 <tfp_format+0x5f4>
    683c:	e60e      	b.n	645c <tfp_format+0x238>
    char *bf = p->bf;
    683e:	f10d 0918 	add.w	r9, sp, #24
    6842:	464b      	mov	r3, r9
    6844:	e652      	b.n	64ec <tfp_format+0x2c8>
        if (n || dgt > 0 || d == 0) {
    6846:	290f      	cmp	r1, #15
    6848:	d93c      	bls.n	68c4 <tfp_format+0x6a0>
    while (d != 0) {
    684a:	2800      	cmp	r0, #0
    684c:	d0f7      	beq.n	683e <tfp_format+0x61a>
        int dgt = num / d;
    684e:	fbb2 f3f0 	udiv	r3, r2, r0
        d /= p->base;
    6852:	4601      	mov	r1, r0
        num %= d;
    6854:	fb00 2213 	mls	r2, r0, r3, r2
        d /= p->base;
    6858:	0900      	lsrs	r0, r0, #4
    685a:	e6cb      	b.n	65f4 <tfp_format+0x3d0>
        if (n || dgt > 0 || d == 0) {
    685c:	2a07      	cmp	r2, #7
    685e:	f63f af5f 	bhi.w	6720 <tfp_format+0x4fc>
    6862:	f10d 0918 	add.w	r9, sp, #24
    6866:	464a      	mov	r2, r9
            *bf++ = dgt + (dgt < 10 ? '0' : (p->uc ? 'A' : 'a') - 10);
    6868:	f04f 0c30 	mov.w	ip, #48	@ 0x30
    686c:	e774      	b.n	6758 <tfp_format+0x534>
        if (n || dgt > 0 || d == 0) {
    686e:	2a07      	cmp	r2, #7
    6870:	d92d      	bls.n	68ce <tfp_format+0x6aa>
    while (d != 0) {
    6872:	2800      	cmp	r0, #0
    6874:	f000 8171 	beq.w	6b5a <tfp_format+0x936>
        int dgt = num / d;
    6878:	fbb1 f3f0 	udiv	r3, r1, r0
        d /= p->base;
    687c:	4602      	mov	r2, r0
        num %= d;
    687e:	fb00 1113 	mls	r1, r0, r3, r1
        d /= p->base;
    6882:	08c0      	lsrs	r0, r0, #3
    6884:	e70a      	b.n	669c <tfp_format+0x478>
                  ch = *(fmt++);
    6886:	7861      	ldrb	r1, [r4, #1]
                  lng = 2;
    6888:	2302      	movs	r3, #2
                  ch = *(fmt++);
    688a:	3402      	adds	r4, #2
    688c:	e50d      	b.n	62aa <tfp_format+0x86>
    *nump = num;
    688e:	9302      	str	r3, [sp, #8]
    return ch;
    6890:	e502      	b.n	6298 <tfp_format+0x74>
        if (n || dgt > 0 || d == 0) {
    6892:	2b0f      	cmp	r3, #15
    6894:	f240 80b9 	bls.w	6a0a <tfp_format+0x7e6>
    while (d != 0) {
    6898:	2800      	cmp	r0, #0
    689a:	d0d0      	beq.n	683e <tfp_format+0x61a>
        int dgt = num / d;
    689c:	fbb1 f2f0 	udiv	r2, r1, r0
        d /= p->base;
    68a0:	4603      	mov	r3, r0
        num %= d;
    68a2:	fb00 1112 	mls	r1, r0, r2, r1
        d /= p->base;
    68a6:	0900      	lsrs	r0, r0, #4
    68a8:	e609      	b.n	64be <tfp_format+0x29a>
    68aa:	f10d 0918 	add.w	r9, sp, #24
    68ae:	46cc      	mov	ip, r9
            *bf++ = dgt + (dgt < 10 ? '0' : (p->uc ? 'A' : 'a') - 10);
    68b0:	2130      	movs	r1, #48	@ 0x30
    68b2:	e6d3      	b.n	665c <tfp_format+0x438>
        if (n || dgt > 0 || d == 0) {
    68b4:	2809      	cmp	r0, #9
    68b6:	f200 80b6 	bhi.w	6a26 <tfp_format+0x802>
            *bf++ = dgt + (dgt < 10 ? '0' : (p->uc ? 'A' : 'a') - 10);
    68ba:	f10a 0a30 	add.w	sl, sl, #48	@ 0x30
    68be:	f88d a018 	strb.w	sl, [sp, #24]
    while (d != 0) {
    68c2:	e09d      	b.n	6a00 <tfp_format+0x7dc>
        if (n || dgt > 0 || d == 0) {
    68c4:	f10d 0918 	add.w	r9, sp, #24
    68c8:	46cc      	mov	ip, r9
            *bf++ = dgt + (dgt < 10 ? '0' : (p->uc ? 'A' : 'a') - 10);
    68ca:	2130      	movs	r1, #48	@ 0x30
    68cc:	e6a3      	b.n	6616 <tfp_format+0x3f2>
        if (n || dgt > 0 || d == 0) {
    68ce:	f10d 0918 	add.w	r9, sp, #24
    68d2:	464a      	mov	r2, r9
            *bf++ = dgt + (dgt < 10 ? '0' : (p->uc ? 'A' : 'a') - 10);
    68d4:	f04f 0c30 	mov.w	ip, #48	@ 0x30
    68d8:	e6f3      	b.n	66c2 <tfp_format+0x49e>
        if (n || dgt > 0 || d == 0) {
    68da:	2f09      	cmp	r7, #9
    68dc:	f200 80ae 	bhi.w	6a3c <tfp_format+0x818>
            *bf++ = dgt + (dgt < 10 ? '0' : (p->uc ? 'A' : 'a') - 10);
    68e0:	3330      	adds	r3, #48	@ 0x30
    68e2:	f88d 3018 	strb.w	r3, [sp, #24]
    while (d != 0) {
    68e6:	e0a4      	b.n	6a32 <tfp_format+0x80e>
    while (num / d >= p->base)
    68e8:	2a09      	cmp	r2, #9
    68ea:	d909      	bls.n	6900 <tfp_format+0x6dc>
        d *= p->base;
    68ec:	eb03 0383 	add.w	r3, r3, r3, lsl #2
    68f0:	005b      	lsls	r3, r3, #1
    while (num / d >= p->base)
    68f2:	fbb2 f1f3 	udiv	r1, r2, r3
    68f6:	2909      	cmp	r1, #9
    68f8:	d8f8      	bhi.n	68ec <tfp_format+0x6c8>
    while (d != 0) {
    68fa:	2b00      	cmp	r3, #0
    68fc:	f000 80a9 	beq.w	6a52 <tfp_format+0x82e>
            *bf++ = dgt + (dgt < 10 ? '0' : (p->uc ? 'A' : 'a') - 10);
    6900:	f89d 1004 	ldrb.w	r1, [sp, #4]
        d /= p->base;
    6904:	f8df c1fc 	ldr.w	ip, [pc, #508]	@ 6b04 <tfp_format+0x8e0>
    6908:	0748      	lsls	r0, r1, #29
    690a:	d429      	bmi.n	6960 <tfp_format+0x73c>
        int dgt = num / d;
    690c:	fbb2 f0f3 	udiv	r0, r2, r3
        d /= p->base;
    6910:	fbac e103 	umull	lr, r1, ip, r3
        if (n || dgt > 0 || d == 0) {
    6914:	2800      	cmp	r0, #0
        num %= d;
    6916:	fb03 2210 	mls	r2, r3, r0, r2
        d /= p->base;
    691a:	ea4f 01d1 	mov.w	r1, r1, lsr #3
        if (n || dgt > 0 || d == 0) {
    691e:	f340 8108 	ble.w	6b32 <tfp_format+0x90e>
    6922:	f10d 0918 	add.w	r9, sp, #24
    6926:	46cc      	mov	ip, r9
        d /= p->base;
    6928:	f8df a1d8 	ldr.w	sl, [pc, #472]	@ 6b04 <tfp_format+0x8e0>
    692c:	e008      	b.n	6940 <tfp_format+0x71c>
        int dgt = num / d;
    692e:	fbb2 f0f1 	udiv	r0, r2, r1
        d /= p->base;
    6932:	fbaa 3e01 	umull	r3, lr, sl, r1
        num %= d;
    6936:	fb01 2210 	mls	r2, r1, r0, r2
        d /= p->base;
    693a:	460b      	mov	r3, r1
    693c:	ea4f 01de 	mov.w	r1, lr, lsr #3
            *bf++ = dgt + (dgt < 10 ? '0' : (p->uc ? 'A' : 'a') - 10);
    6940:	2809      	cmp	r0, #9
    6942:	bfcc      	ite	gt
    6944:	f04f 0e57 	movgt.w	lr, #87	@ 0x57
    6948:	f04f 0e30 	movle.w	lr, #48	@ 0x30
    while (d != 0) {
    694c:	2b09      	cmp	r3, #9
            *bf++ = dgt + (dgt < 10 ? '0' : (p->uc ? 'A' : 'a') - 10);
    694e:	4470      	add	r0, lr
    6950:	f80c 0b01 	strb.w	r0, [ip], #1
    while (d != 0) {
    6954:	d8eb      	bhi.n	692e <tfp_format+0x70a>
    6956:	e61d      	b.n	6594 <tfp_format+0x370>
        if (n || dgt > 0 || d == 0) {
    6958:	2b09      	cmp	r3, #9
    695a:	f240 80ee 	bls.w	6b3a <tfp_format+0x916>
    695e:	460b      	mov	r3, r1
        int dgt = num / d;
    6960:	fbb2 f0f3 	udiv	r0, r2, r3
        d /= p->base;
    6964:	fbac e103 	umull	lr, r1, ip, r3
        if (n || dgt > 0 || d == 0) {
    6968:	2800      	cmp	r0, #0
        num %= d;
    696a:	fb03 2210 	mls	r2, r3, r0, r2
        d /= p->base;
    696e:	ea4f 01d1 	mov.w	r1, r1, lsr #3
        if (n || dgt > 0 || d == 0) {
    6972:	ddf1      	ble.n	6958 <tfp_format+0x734>
    6974:	f10d 0918 	add.w	r9, sp, #24
    6978:	46cc      	mov	ip, r9
        d /= p->base;
    697a:	f8df a188 	ldr.w	sl, [pc, #392]	@ 6b04 <tfp_format+0x8e0>
    697e:	e008      	b.n	6992 <tfp_format+0x76e>
        int dgt = num / d;
    6980:	fbb2 f0f1 	udiv	r0, r2, r1
        d /= p->base;
    6984:	fbaa 3e01 	umull	r3, lr, sl, r1
        num %= d;
    6988:	fb01 2210 	mls	r2, r1, r0, r2
        d /= p->base;
    698c:	460b      	mov	r3, r1
    698e:	ea4f 01de 	mov.w	r1, lr, lsr #3
            *bf++ = dgt + (dgt < 10 ? '0' : (p->uc ? 'A' : 'a') - 10);
    6992:	2809      	cmp	r0, #9
    6994:	bfcc      	ite	gt
    6996:	f04f 0e37 	movgt.w	lr, #55	@ 0x37
    699a:	f04f 0e30 	movle.w	lr, #48	@ 0x30
    while (d != 0) {
    699e:	2b09      	cmp	r3, #9
            *bf++ = dgt + (dgt < 10 ? '0' : (p->uc ? 'A' : 'a') - 10);
    69a0:	4470      	add	r0, lr
    69a2:	f80c 0b01 	strb.w	r0, [ip], #1
    while (d != 0) {
    69a6:	d8eb      	bhi.n	6980 <tfp_format+0x75c>
    69a8:	e5f4      	b.n	6594 <tfp_format+0x370>
        d /= p->base;
    69aa:	4b56      	ldr	r3, [pc, #344]	@ (6b04 <tfp_format+0x8e0>)
        int dgt = num / d;
    69ac:	fbb2 faf0 	udiv	sl, r2, r0
        d /= p->base;
    69b0:	fba3 1e00 	umull	r1, lr, r3, r0
        if (n || dgt > 0 || d == 0) {
    69b4:	f1ba 0f00 	cmp.w	sl, #0
        num %= d;
    69b8:	fb00 221a 	mls	r2, r0, sl, r2
        d /= p->base;
    69bc:	ea4f 0ede 	mov.w	lr, lr, lsr #3
        if (n || dgt > 0 || d == 0) {
    69c0:	dd18      	ble.n	69f4 <tfp_format+0x7d0>
    69c2:	f10d 0918 	add.w	r9, sp, #24
    69c6:	46cc      	mov	ip, r9
        d /= p->base;
    69c8:	4b4e      	ldr	r3, [pc, #312]	@ (6b04 <tfp_format+0x8e0>)
    69ca:	e008      	b.n	69de <tfp_format+0x7ba>
        int dgt = num / d;
    69cc:	fbb2 fafe 	udiv	sl, r2, lr
        d /= p->base;
    69d0:	fba3 010e 	umull	r0, r1, r3, lr
        num %= d;
    69d4:	fb0e 221a 	mls	r2, lr, sl, r2
        d /= p->base;
    69d8:	4670      	mov	r0, lr
    69da:	ea4f 0ed1 	mov.w	lr, r1, lsr #3
            *bf++ = dgt + (dgt < 10 ? '0' : (p->uc ? 'A' : 'a') - 10);
    69de:	f1ba 0f09 	cmp.w	sl, #9
    69e2:	bfcc      	ite	gt
    69e4:	2157      	movgt	r1, #87	@ 0x57
    69e6:	2130      	movle	r1, #48	@ 0x30
    while (d != 0) {
    69e8:	2809      	cmp	r0, #9
            *bf++ = dgt + (dgt < 10 ? '0' : (p->uc ? 'A' : 'a') - 10);
    69ea:	4451      	add	r1, sl
    69ec:	f80c 1b01 	strb.w	r1, [ip], #1
    while (d != 0) {
    69f0:	d8ec      	bhi.n	69cc <tfp_format+0x7a8>
    69f2:	e5cf      	b.n	6594 <tfp_format+0x370>
        if (n || dgt > 0 || d == 0) {
    69f4:	2809      	cmp	r0, #9
    69f6:	d814      	bhi.n	6a22 <tfp_format+0x7fe>
            *bf++ = dgt + (dgt < 10 ? '0' : (p->uc ? 'A' : 'a') - 10);
    69f8:	f10a 0330 	add.w	r3, sl, #48	@ 0x30
    69fc:	f88d 3018 	strb.w	r3, [sp, #24]
    6a00:	f10d 0c19 	add.w	ip, sp, #25
    6a04:	f10d 0918 	add.w	r9, sp, #24
    6a08:	e5c4      	b.n	6594 <tfp_format+0x370>
        if (n || dgt > 0 || d == 0) {
    6a0a:	f10d 0918 	add.w	r9, sp, #24
    6a0e:	464b      	mov	r3, r9
            *bf++ = dgt + (dgt < 10 ? '0' : (p->uc ? 'A' : 'a') - 10);
    6a10:	f04f 0c30 	mov.w	ip, #48	@ 0x30
    6a14:	e565      	b.n	64e2 <tfp_format+0x2be>
    6a16:	f10d 0918 	add.w	r9, sp, #24
    6a1a:	464b      	mov	r3, r9
    6a1c:	f04f 0c30 	mov.w	ip, #48	@ 0x30
    6a20:	e6df      	b.n	67e2 <tfp_format+0x5be>
        d /= p->base;
    6a22:	4670      	mov	r0, lr
    6a24:	e7c2      	b.n	69ac <tfp_format+0x788>
    6a26:	4618      	mov	r0, r3
    6a28:	e590      	b.n	654c <tfp_format+0x328>
            *bf++ = dgt + (dgt < 10 ? '0' : (p->uc ? 'A' : 'a') - 10);
    6a2a:	f10e 0e30 	add.w	lr, lr, #48	@ 0x30
    6a2e:	f88d e018 	strb.w	lr, [sp, #24]
    6a32:	f10d 0c19 	add.w	ip, sp, #25
    6a36:	f10d 0918 	add.w	r9, sp, #24
    6a3a:	e50f      	b.n	645c <tfp_format+0x238>
        d /= p->base;
    6a3c:	4677      	mov	r7, lr
    6a3e:	e4ea      	b.n	6416 <tfp_format+0x1f2>
        p->sign = '-';
    6a40:	232d      	movs	r3, #45	@ 0x2d
        num = -num;
    6a42:	4240      	negs	r0, r0
    6a44:	eb61 0141 	sbc.w	r1, r1, r1, lsl #1
        p->sign = '-';
    6a48:	f88d 300c 	strb.w	r3, [sp, #12]
    6a4c:	e694      	b.n	6778 <tfp_format+0x554>
    6a4e:	460b      	mov	r3, r1
    6a50:	e61b      	b.n	668a <tfp_format+0x466>
    char *bf = p->bf;
    6a52:	f10d 0918 	add.w	r9, sp, #24
    6a56:	46cc      	mov	ip, r9
    6a58:	e59c      	b.n	6594 <tfp_format+0x370>
                    li2a(va_arg(va, long int), &p);
    6a5a:	6838      	ldr	r0, [r7, #0]
    if (num < 0) {
    6a5c:	2800      	cmp	r0, #0
    6a5e:	da03      	bge.n	6a68 <tfp_format+0x844>
        p->sign = '-';
    6a60:	232d      	movs	r3, #45	@ 0x2d
        num = -num;
    6a62:	4240      	negs	r0, r0
        p->sign = '-';
    6a64:	f88d 300c 	strb.w	r3, [sp, #12]
    while (num / d >= p->base)
    6a68:	2809      	cmp	r0, #9
    uli2a(num, p);
    6a6a:	4684      	mov	ip, r0
    unsigned long int d = 1;
    6a6c:	f04f 0301 	mov.w	r3, #1
    while (num / d >= p->base)
    6a70:	dd08      	ble.n	6a84 <tfp_format+0x860>
        d *= p->base;
    6a72:	eb03 0383 	add.w	r3, r3, r3, lsl #2
    6a76:	005b      	lsls	r3, r3, #1
    while (num / d >= p->base)
    6a78:	fbb0 f2f3 	udiv	r2, r0, r3
    6a7c:	2a09      	cmp	r2, #9
    6a7e:	d8f8      	bhi.n	6a72 <tfp_format+0x84e>
    while (d != 0) {
    6a80:	2b00      	cmp	r3, #0
    6a82:	d076      	beq.n	6b72 <tfp_format+0x94e>
            *bf++ = dgt + (dgt < 10 ? '0' : (p->uc ? 'A' : 'a') - 10);
    6a84:	f89d 2004 	ldrb.w	r2, [sp, #4]
    6a88:	f012 0f04 	tst.w	r2, #4
        d /= p->base;
    6a8c:	4a1d      	ldr	r2, [pc, #116]	@ (6b04 <tfp_format+0x8e0>)
    6a8e:	d129      	bne.n	6ae4 <tfp_format+0x8c0>
        int dgt = num / d;
    6a90:	fbbc f7f3 	udiv	r7, ip, r3
        d /= p->base;
    6a94:	fba2 e003 	umull	lr, r0, r2, r3
        if (n || dgt > 0 || d == 0) {
    6a98:	2f00      	cmp	r7, #0
        num %= d;
    6a9a:	fb03 cc17 	mls	ip, r3, r7, ip
        d /= p->base;
    6a9e:	ea4f 00d0 	mov.w	r0, r0, lsr #3
        if (n || dgt > 0 || d == 0) {
    6aa2:	dd4e      	ble.n	6b42 <tfp_format+0x91e>
    6aa4:	f10d 0918 	add.w	r9, sp, #24
    6aa8:	464a      	mov	r2, r9
        d /= p->base;
    6aaa:	f8df a058 	ldr.w	sl, [pc, #88]	@ 6b04 <tfp_format+0x8e0>
    6aae:	e008      	b.n	6ac2 <tfp_format+0x89e>
        int dgt = num / d;
    6ab0:	fbbc f7f0 	udiv	r7, ip, r0
        d /= p->base;
    6ab4:	fbaa 3e00 	umull	r3, lr, sl, r0
        num %= d;
    6ab8:	fb00 cc17 	mls	ip, r0, r7, ip
        d /= p->base;
    6abc:	4603      	mov	r3, r0
    6abe:	ea4f 00de 	mov.w	r0, lr, lsr #3
            *bf++ = dgt + (dgt < 10 ? '0' : (p->uc ? 'A' : 'a') - 10);
    6ac2:	2f09      	cmp	r7, #9
    6ac4:	bfcc      	ite	gt
    6ac6:	f04f 0e57 	movgt.w	lr, #87	@ 0x57
    6aca:	f04f 0e30 	movle.w	lr, #48	@ 0x30
    while (d != 0) {
    6ace:	2b09      	cmp	r3, #9
            *bf++ = dgt + (dgt < 10 ? '0' : (p->uc ? 'A' : 'a') - 10);
    6ad0:	4477      	add	r7, lr
    6ad2:	f802 7b01 	strb.w	r7, [r2], #1
    while (d != 0) {
    6ad6:	d8eb      	bhi.n	6ab0 <tfp_format+0x88c>
    *bf = 0;
    6ad8:	2300      	movs	r3, #0
    6ada:	7013      	strb	r3, [r2, #0]
}
    6adc:	e4c1      	b.n	6462 <tfp_format+0x23e>
        if (n || dgt > 0 || d == 0) {
    6ade:	2b09      	cmp	r3, #9
    6ae0:	d933      	bls.n	6b4a <tfp_format+0x926>
    6ae2:	4603      	mov	r3, r0
        int dgt = num / d;
    6ae4:	fbbc f7f3 	udiv	r7, ip, r3
        d /= p->base;
    6ae8:	fba2 e003 	umull	lr, r0, r2, r3
        if (n || dgt > 0 || d == 0) {
    6aec:	2f00      	cmp	r7, #0
        num %= d;
    6aee:	fb03 cc17 	mls	ip, r3, r7, ip
        d /= p->base;
    6af2:	ea4f 00d0 	mov.w	r0, r0, lsr #3
        if (n || dgt > 0 || d == 0) {
    6af6:	ddf2      	ble.n	6ade <tfp_format+0x8ba>
    6af8:	f10d 0918 	add.w	r9, sp, #24
    6afc:	464a      	mov	r2, r9
        d /= p->base;
    6afe:	f8df a004 	ldr.w	sl, [pc, #4]	@ 6b04 <tfp_format+0x8e0>
    6b02:	e00a      	b.n	6b1a <tfp_format+0x8f6>
    6b04:	cccccccd 	.word	0xcccccccd
        int dgt = num / d;
    6b08:	fbbc f7f0 	udiv	r7, ip, r0
        d /= p->base;
    6b0c:	fbaa 3e00 	umull	r3, lr, sl, r0
        num %= d;
    6b10:	fb00 cc17 	mls	ip, r0, r7, ip
        d /= p->base;
    6b14:	4603      	mov	r3, r0
    6b16:	ea4f 00de 	mov.w	r0, lr, lsr #3
            *bf++ = dgt + (dgt < 10 ? '0' : (p->uc ? 'A' : 'a') - 10);
    6b1a:	2f09      	cmp	r7, #9
    6b1c:	bfcc      	ite	gt
    6b1e:	f04f 0e37 	movgt.w	lr, #55	@ 0x37
    6b22:	f04f 0e30 	movle.w	lr, #48	@ 0x30
    while (d != 0) {
    6b26:	2b09      	cmp	r3, #9
            *bf++ = dgt + (dgt < 10 ? '0' : (p->uc ? 'A' : 'a') - 10);
    6b28:	4477      	add	r7, lr
    6b2a:	f802 7b01 	strb.w	r7, [r2], #1
    while (d != 0) {
    6b2e:	d8eb      	bhi.n	6b08 <tfp_format+0x8e4>
    6b30:	e7d2      	b.n	6ad8 <tfp_format+0x8b4>
        if (n || dgt > 0 || d == 0) {
    6b32:	2b09      	cmp	r3, #9
    6b34:	d901      	bls.n	6b3a <tfp_format+0x916>
        d /= p->base;
    6b36:	460b      	mov	r3, r1
    6b38:	e6e8      	b.n	690c <tfp_format+0x6e8>
            *bf++ = dgt + (dgt < 10 ? '0' : (p->uc ? 'A' : 'a') - 10);
    6b3a:	3030      	adds	r0, #48	@ 0x30
    6b3c:	f88d 0018 	strb.w	r0, [sp, #24]
    while (d != 0) {
    6b40:	e75e      	b.n	6a00 <tfp_format+0x7dc>
        if (n || dgt > 0 || d == 0) {
    6b42:	2b09      	cmp	r3, #9
    6b44:	d901      	bls.n	6b4a <tfp_format+0x926>
        d /= p->base;
    6b46:	4603      	mov	r3, r0
    6b48:	e7a2      	b.n	6a90 <tfp_format+0x86c>
            *bf++ = dgt + (dgt < 10 ? '0' : (p->uc ? 'A' : 'a') - 10);
    6b4a:	3730      	adds	r7, #48	@ 0x30
    6b4c:	f88d 7018 	strb.w	r7, [sp, #24]
    6b50:	f10d 0219 	add.w	r2, sp, #25
    6b54:	f10d 0918 	add.w	r9, sp, #24
    6b58:	e7be      	b.n	6ad8 <tfp_format+0x8b4>
    char *bf = p->bf;
    6b5a:	f10d 0918 	add.w	r9, sp, #24
    6b5e:	464b      	mov	r3, r9
    6b60:	e5b5      	b.n	66ce <tfp_format+0x4aa>
    6b62:	4613      	mov	r3, r2
    6b64:	e53d      	b.n	65e2 <tfp_format+0x3be>
    6b66:	460a      	mov	r2, r1
    6b68:	e49f      	b.n	64aa <tfp_format+0x286>
    6b6a:	f10d 0918 	add.w	r9, sp, #24
    6b6e:	46cc      	mov	ip, r9
    6b70:	e474      	b.n	645c <tfp_format+0x238>
    6b72:	f10d 0918 	add.w	r9, sp, #24
    6b76:	464a      	mov	r2, r9
    6b78:	e7ae      	b.n	6ad8 <tfp_format+0x8b4>
    6b7a:	bf00      	nop

00006b7c <tfp_vsnprintf>:

int tfp_vsnprintf(char *str, size_t size, const char *format, va_list ap)
{
    6b7c:	b500      	push	{lr}
    6b7e:	b085      	sub	sp, #20
  struct _vsnprintf_putcf_data data;

  if (size < 1)
    6b80:	b911      	cbnz	r1, 6b88 <tfp_vsnprintf+0xc>
    return 0;
    6b82:	4608      	mov	r0, r1
    data.dest[data.num_chars] = '\0';
  else
    data.dest[data.dest_capacity] = '\0';

  return data.num_chars;
}
    6b84:	b005      	add	sp, #20
    6b86:	bd00      	pop	{pc}
  data.num_chars = 0;
    6b88:	f04f 0c00 	mov.w	ip, #0
  data.dest_capacity = size-1;
    6b8c:	3901      	subs	r1, #1
    6b8e:	e9cd 1001 	strd	r1, r0, [sp, #4]
  tfp_format(&data, _vsnprintf_putcf, format, ap);
    6b92:	a801      	add	r0, sp, #4
    6b94:	4908      	ldr	r1, [pc, #32]	@ (6bb8 <tfp_vsnprintf+0x3c>)
  data.num_chars = 0;
    6b96:	f8cd c00c 	str.w	ip, [sp, #12]
  tfp_format(&data, _vsnprintf_putcf, format, ap);
    6b9a:	f7ff fb43 	bl	6224 <tfp_format>
    data.dest[data.num_chars] = '\0';
    6b9e:	e9dd 3101 	ldrd	r3, r1, [sp, #4]
  if (data.num_chars < data.dest_capacity)
    6ba2:	9a03      	ldr	r2, [sp, #12]
    6ba4:	429a      	cmp	r2, r3
    data.dest[data.num_chars] = '\0';
    6ba6:	bf35      	itete	cc
    6ba8:	2300      	movcc	r3, #0
    data.dest[data.dest_capacity] = '\0';
    6baa:	2200      	movcs	r2, #0
    data.dest[data.num_chars] = '\0';
    6bac:	548b      	strbcc	r3, [r1, r2]
    data.dest[data.dest_capacity] = '\0';
    6bae:	54ca      	strbcs	r2, [r1, r3]
  return data.num_chars;
    6bb0:	9803      	ldr	r0, [sp, #12]
}
    6bb2:	b005      	add	sp, #20
    6bb4:	bd00      	pop	{pc}
    6bb6:	bf00      	nop
    6bb8:	00006211 	.word	0x00006211

00006bbc <msg_dequeue>:

msg_t *msg_dequeue(msg_queue_t*q)
{
	msg_t *p = NULL;

	if (!msg_queue_empty(q))
    6bbc:	e9d0 2300 	ldrd	r2, r3, [r0]
    6bc0:	429a      	cmp	r2, r3
{
    6bc2:	4601      	mov	r1, r0
	if (!msg_queue_empty(q))
    6bc4:	d00d      	beq.n	6be2 <msg_dequeue+0x26>
	{
		p = q->msg[q->head];
		q->head = (q->head+1)%MSG_QUEUE_SIZE;
    6bc6:	1c53      	adds	r3, r2, #1
    6bc8:	4258      	negs	r0, r3
    6bca:	f000 0007 	and.w	r0, r0, #7
    6bce:	f003 0307 	and.w	r3, r3, #7
		p = q->msg[q->head];
    6bd2:	f102 0202 	add.w	r2, r2, #2
		q->head = (q->head+1)%MSG_QUEUE_SIZE;
    6bd6:	bf58      	it	pl
    6bd8:	4243      	negpl	r3, r0
		p = q->msg[q->head];
    6bda:	f851 0022 	ldr.w	r0, [r1, r2, lsl #2]
		q->head = (q->head+1)%MSG_QUEUE_SIZE;
    6bde:	600b      	str	r3, [r1, #0]
    6be0:	4770      	bx	lr
	msg_t *p = NULL;
    6be2:	2000      	movs	r0, #0
	}

	return p;
}
    6be4:	4770      	bx	lr
    6be6:	bf00      	nop

00006be8 <msg_enqueue>:

int msg_enqueue(msg_queue_t *q, msg_t *p)
{
    6be8:	4602      	mov	r2, r0
	return q->head == q->tail;
}

static inline int msg_queue_full(msg_queue_t *q)
{
	return (q->tail+1)%MSG_QUEUE_SIZE == q->head;
    6bea:	6840      	ldr	r0, [r0, #4]
    6bec:	1c43      	adds	r3, r0, #1
    6bee:	f1d3 0c00 	rsbs	ip, r3, #0
    6bf2:	f00c 0c07 	and.w	ip, ip, #7
    6bf6:	f003 0307 	and.w	r3, r3, #7
    6bfa:	bf58      	it	pl
    6bfc:	f1cc 0300 	rsbpl	r3, ip, #0
	if (msg_queue_full(q))
    6c00:	f8d2 c000 	ldr.w	ip, [r2]
    6c04:	4563      	cmp	r3, ip
    6c06:	d005      	beq.n	6c14 <msg_enqueue+0x2c>
		return -1;

	q->msg[q->tail] = p;
    6c08:	3002      	adds	r0, #2
    6c0a:	f842 1020 	str.w	r1, [r2, r0, lsl #2]
	q->tail = (q->tail+1)%MSG_QUEUE_SIZE;

	return 0;
    6c0e:	2000      	movs	r0, #0
	q->tail = (q->tail+1)%MSG_QUEUE_SIZE;
    6c10:	6053      	str	r3, [r2, #4]
	return 0;
    6c12:	4770      	bx	lr
		return -1;
    6c14:	f04f 30ff 	mov.w	r0, #4294967295	@ 0xffffffff
}
    6c18:	4770      	bx	lr
    6c1a:	bf00      	nop

00006c1c <msg_queue_init>:

void msg_queue_init(msg_queue_t *q)
{
	q->head = q->tail = 0;
    6c1c:	2300      	movs	r3, #0
    6c1e:	e9c0 3300 	strd	r3, r3, [r0]
}
    6c22:	4770      	bx	lr

00006c24 <hop_init>:

hop_state_t hop_state;

/* do all of the one time precalculation */
void hop_init(uint32_t address)
{
    6c24:	e92d 41f0 	stmdb	sp!, {r4, r5, r6, r7, r8, lr}
    6c28:	2200      	movs	r2, #0
    6c2a:	4930      	ldr	r1, [pc, #192]	@ (6cec <hop_init+0xc8>)
    6c2c:	4604      	mov	r4, r0
	uint8_t i;

	/* populate frequency register bank */
	for (i = 0; i < NUM_BREDR_CHANNELS; i++)
	{
		hop_state.basic_bank[i] = ((i * 2) % NUM_BREDR_CHANNELS);
    6c2e:	4830      	ldr	r0, [pc, #192]	@ (6cf0 <hop_init+0xcc>)
    6c30:	f101 0e4f 	add.w	lr, r1, #79	@ 0x4f
    6c34:	fba0 c302 	umull	ip, r3, r0, r2
    6c38:	099b      	lsrs	r3, r3, #6
    6c3a:	eb03 0c83 	add.w	ip, r3, r3, lsl #2
    6c3e:	ebc3 130c 	rsb	r3, r3, ip, lsl #4
    6c42:	1ad3      	subs	r3, r2, r3
    6c44:	f801 3f01 	strb.w	r3, [r1, #1]!
	for (i = 0; i < NUM_BREDR_CHANNELS; i++)
    6c48:	4571      	cmp	r1, lr
    6c4a:	f102 0202 	add.w	r2, r2, #2
    6c4e:	d1f1      	bne.n	6c34 <hop_init+0x10>
	}
		/* actual frequency is 2402 + bank[i] MHz */

	/* precalculate some of next_hop()'s variables */
	hop_state.a27_23 = (address >> 23) & 0x1f;
    6c50:	2100      	movs	r1, #0
			((address >> 2) & 0x02) +
			((address >> 1) & 0x01);
	hop_state.x = 0;
	hop_state.afh_enabled = 0;
	hop_state.bank = hop_state.basic_bank;
	hop_state.chan_count = NUM_BREDR_CHANNELS;
    6c52:	f04f 0e4f 	mov.w	lr, #79	@ 0x4f
	hop_state.x = 0;
    6c56:	468c      	mov	ip, r1
			((address >> 3) & 0x08) |
    6c58:	f3c4 00c7 	ubfx	r0, r4, #3, #8
	hop_state.C = ((address >> 4) & 0x10) |
    6c5c:	f3c4 1507 	ubfx	r5, r4, #4, #8
			((address >> 3) & 0x08) |
    6c60:	f000 0308 	and.w	r3, r0, #8
	hop_state.C = ((address >> 4) & 0x10) |
    6c64:	f005 0710 	and.w	r7, r5, #16
    6c68:	431f      	orrs	r7, r3
			(address & 0x01);
    6c6a:	f004 0301 	and.w	r3, r4, #1
			((address >> 1) & 0x02) |
    6c6e:	431f      	orrs	r7, r3
	hop_state.E =	((address >> 7) & 0x40) +
    6c70:	09e3      	lsrs	r3, r4, #7
			((address >> 3) & 0x04) +
    6c72:	f000 0804 	and.w	r8, r0, #4
	hop_state.E =	((address >> 7) & 0x40) +
    6c76:	f003 0040 	and.w	r0, r3, #64	@ 0x40
			((address >> 6) & 0x20) +
    6c7a:	09a3      	lsrs	r3, r4, #6
			((address >> 2) & 0x04) |
    6c7c:	f3c4 0287 	ubfx	r2, r4, #2, #8
			((address >> 6) & 0x20) +
    6c80:	f003 0320 	and.w	r3, r3, #32
	hop_state.E =	((address >> 7) & 0x40) +
    6c84:	4303      	orrs	r3, r0
			((address >> 2) & 0x02) +
    6c86:	f002 0002 	and.w	r0, r2, #2
			((address >> 2) & 0x04) |
    6c8a:	f002 0204 	and.w	r2, r2, #4
			((address >> 1) & 0x02) |
    6c8e:	f3c4 0647 	ubfx	r6, r4, #1, #8
    6c92:	433a      	orrs	r2, r7
	hop_state.a27_23 = (address >> 23) & 0x1f;
    6c94:	f3c4 57c4 	ubfx	r7, r4, #23, #5
    6c98:	f367 0107 	bfi	r1, r7, #0, #8
			((address >> 2) & 0x02) +
    6c9c:	ea48 0000 	orr.w	r0, r8, r0
			((address >> 1) & 0x01);
    6ca0:	f006 0701 	and.w	r7, r6, #1
			((address >> 2) & 0x02) +
    6ca4:	4438      	add	r0, r7
    6ca6:	4403      	add	r3, r0
			((address >> 5) & 0x10) +
    6ca8:	0960      	lsrs	r0, r4, #5
			((address >> 4) & 0x08) +
    6caa:	f005 0508 	and.w	r5, r5, #8
			((address >> 5) & 0x10) +
    6cae:	f000 0010 	and.w	r0, r0, #16
			((address >> 2) & 0x02) +
    6cb2:	4328      	orrs	r0, r5
    6cb4:	4403      	add	r3, r0
			((address >> 1) & 0x02) |
    6cb6:	f006 0602 	and.w	r6, r6, #2
	hop_state.a22_19 = (address >> 19) & 0x0f; 	// Addr22_19
    6cba:	f3c4 40c3 	ubfx	r0, r4, #19, #4
			((address >> 1) & 0x02) |
    6cbe:	4332      	orrs	r2, r6
	hop_state.a27_23 = (address >> 23) & 0x1f;
    6cc0:	f360 210f 	bfi	r1, r0, #8, #8
    6cc4:	f362 4117 	bfi	r1, r2, #16, #8
    6cc8:	f363 611f 	bfi	r1, r3, #24, #8
	hop_state.a18_10 = (address >> 10) & 0x1ff;
    6ccc:	4b09      	ldr	r3, [pc, #36]	@ (6cf4 <hop_init+0xd0>)
    6cce:	f3c4 2488 	ubfx	r4, r4, #10, #9
	hop_state.bank = hop_state.basic_bank;
    6cd2:	1dda      	adds	r2, r3, #7
	hop_state.a27_23 = (address >> 23) & 0x1f;
    6cd4:	6019      	str	r1, [r3, #0]
	hop_state.x = 0;
    6cd6:	f883 c006 	strb.w	ip, [r3, #6]
	hop_state.afh_enabled = 0;
    6cda:	f883 c0a6 	strb.w	ip, [r3, #166]	@ 0xa6
	hop_state.chan_count = NUM_BREDR_CHANNELS;
    6cde:	f883 e0ac 	strb.w	lr, [r3, #172]	@ 0xac
	hop_state.bank = hop_state.basic_bank;
    6ce2:	f8c3 20a8 	str.w	r2, [r3, #168]	@ 0xa8
	hop_state.a18_10 = (address >> 10) & 0x1ff;
    6ce6:	809c      	strh	r4, [r3, #4]
}
    6ce8:	e8bd 81f0 	ldmia.w	sp!, {r4, r5, r6, r7, r8, pc}
    6cec:	10001ada 	.word	0x10001ada
    6cf0:	cf6474a9 	.word	0xcf6474a9
    6cf4:	10001ad4 	.word	0x10001ad4

00006cf8 <hop_cfg_afh>:
	}
	hop_state.afh_chan_count = count;
}

void hop_cfg_afh(uint8_t* buf)
{
    6cf8:	b5f8      	push	{r3, r4, r5, r6, r7, lr}
	uint8_t enabled = buf[0] & 1;
    6cfa:	7805      	ldrb	r5, [r0, #0]
{
    6cfc:	4606      	mov	r6, r0
	uint8_t *map = buf+1;

	if (enabled)
    6cfe:	f015 0501 	ands.w	r5, r5, #1
    6d02:	d023      	beq.n	6d4c <hop_cfg_afh+0x54>
	{
		cprintf("(+afh)");
    6d04:	4818      	ldr	r0, [pc, #96]	@ (6d68 <hop_cfg_afh+0x70>)
    6d06:	f7ff f91f 	bl	5f48 <cprintf>
	for (i = 0, count=0; i < NUM_BREDR_CHANNELS; i++) {
    6d0a:	2000      	movs	r0, #0
    6d0c:	4917      	ldr	r1, [pc, #92]	@ (6d6c <hop_cfg_afh+0x74>)
    6d0e:	f101 074f 	add.w	r7, r1, #79	@ 0x4f
    6d12:	1f8c      	subs	r4, r1, #6
		chan = hop_state.basic_bank[i];
    6d14:	f811 2f01 	ldrb.w	r2, [r1, #1]!
			hop_state.afh_bank[count++] = chan;
    6d18:	eb04 0e00 	add.w	lr, r4, r0
		if(afh_map[chan/8] & (0x1 << (chan%8)))
    6d1c:	eb06 03d2 	add.w	r3, r6, r2, lsr #3
    6d20:	785b      	ldrb	r3, [r3, #1]
    6d22:	f002 0c07 	and.w	ip, r2, #7
    6d26:	fa43 f30c 	asr.w	r3, r3, ip
    6d2a:	07db      	lsls	r3, r3, #31
			hop_state.afh_bank[count++] = chan;
    6d2c:	bf44      	itt	mi
    6d2e:	f88e 2056 	strbmi.w	r2, [lr, #86]	@ 0x56
    6d32:	3001      	addmi	r0, #1
	for (i = 0, count=0; i < NUM_BREDR_CHANNELS; i++) {
    6d34:	428f      	cmp	r7, r1
    6d36:	d1ed      	bne.n	6d14 <hop_cfg_afh+0x1c>
	hop_state.afh_chan_count = count;
    6d38:	4b0d      	ldr	r3, [pc, #52]	@ (6d70 <hop_cfg_afh+0x78>)
    6d3a:	f884 00a5 	strb.w	r0, [r4, #165]	@ 0xa5
		hop_set_afh_map(map);
		hop_state.bank = hop_state.afh_bank;
		hop_state.chan_count = hop_state.afh_chan_count;
    6d3e:	f884 00ac 	strb.w	r0, [r4, #172]	@ 0xac
	{
		cprintf("(-afh)");
		hop_state.bank = hop_state.basic_bank;
		hop_state.chan_count = NUM_BREDR_CHANNELS;
	}
	hop_state.afh_enabled = enabled;
    6d42:	f884 50a6 	strb.w	r5, [r4, #166]	@ 0xa6
		hop_state.bank = hop_state.afh_bank;
    6d46:	f8c4 30a8 	str.w	r3, [r4, #168]	@ 0xa8
}
    6d4a:	bdf8      	pop	{r3, r4, r5, r6, r7, pc}
		cprintf("(-afh)");
    6d4c:	4809      	ldr	r0, [pc, #36]	@ (6d74 <hop_cfg_afh+0x7c>)
    6d4e:	f7ff f8fb 	bl	5f48 <cprintf>
    6d52:	204f      	movs	r0, #79	@ 0x4f
    6d54:	4b08      	ldr	r3, [pc, #32]	@ (6d78 <hop_cfg_afh+0x80>)
		hop_state.chan_count = hop_state.afh_chan_count;
    6d56:	f883 00a5 	strb.w	r0, [r3, #165]	@ 0xa5
	hop_state.afh_enabled = enabled;
    6d5a:	f883 509f 	strb.w	r5, [r3, #159]	@ 0x9f
    6d5e:	1fdc      	subs	r4, r3, #7
		hop_state.bank = hop_state.afh_bank;
    6d60:	f8c4 30a8 	str.w	r3, [r4, #168]	@ 0xa8
}
    6d64:	bdf8      	pop	{r3, r4, r5, r6, r7, pc}
    6d66:	bf00      	nop
    6d68:	0000b30c 	.word	0x0000b30c
    6d6c:	10001ada 	.word	0x10001ada
    6d70:	10001b2a 	.word	0x10001b2a
    6d74:	0000b314 	.word	0x0000b314
    6d78:	10001adb 	.word	0x10001adb

00006d7c <hop_basic>:

uint8_t hop_basic(uint32_t clk)
{
    6d7c:	b570      	push	{r4, r5, r6, lr}
	uint8_t clk1, sel;

	// Same-channel mechanism for AFH (FIXME: is this correct ?)
	if (hop_state.afh_enabled)
    6d7e:	4927      	ldr	r1, [pc, #156]	@ (6e1c <hop_basic+0xa0>)
{
    6d80:	4604      	mov	r4, r0
	if (hop_state.afh_enabled)
    6d82:	f891 30a6 	ldrb.w	r3, [r1, #166]	@ 0xa6
    6d86:	2b00      	cmp	r3, #0
    6d88:	d144      	bne.n	6e14 <hop_basic+0x98>
		clk1 = 0;
	else
		clk1 = 1&(clk>>1);
    6d8a:	f3c0 0e40 	ubfx	lr, r0, #1, #1
	y1 = ~(y1-1);
    6d8e:	f340 0340 	sbfx	r3, r0, #1, #1

	sel = hop_selection_kernel(
    6d92:	ea4f 1e4e 	mov.w	lr, lr, lsl #5
		hop_state.a27_23^(0x1f&(clk>>21)),	// A = A27_23 ^ clk25_21
		hop_state.a22_19,			// B = A22_19
		hop_state.C^(0x1f&(clk>>16)),		// C = A8,6,4,2,0 ^ clk20_16
		hop_state.a18_10^(0x1ff&(clk>>7)),	// D = a18_10 ^ clk15_7
		hop_state.E,				// E = A13,11,9,7,5,3,1
		((clk>>(7-4))&(0x1fffff<<4))%hop_state.chan_count	// F = 16*clk27_7 % 79
    6d96:	4822      	ldr	r0, [pc, #136]	@ (6e20 <hop_basic+0xa4>)
    6d98:	f891 c0ac 	ldrb.w	ip, [r1, #172]	@ 0xac
    6d9c:	ea00 00d4 	and.w	r0, r0, r4, lsr #3
    6da0:	fbb0 f2fc 	udiv	r2, r0, ip
	sel = hop_selection_kernel(
    6da4:	788d      	ldrb	r5, [r1, #2]
		((clk>>(7-4))&(0x1fffff<<4))%hop_state.chan_count	// F = 16*clk27_7 % 79
    6da6:	fb0c 0012 	mls	r0, ip, r2, r0
		hop_state.C^(0x1f&(clk>>16)),		// C = A8,6,4,2,0 ^ clk20_16
    6daa:	f3c4 4204 	ubfx	r2, r4, #16, #5
	sel = hop_selection_kernel(
    6dae:	406a      	eors	r2, r5
    6db0:	888e      	ldrh	r6, [r1, #4]
extern hop_state_t hop_state;

static inline uint8_t perm5(uint8_t z, uint8_t p_high, uint16_t p_low)
{
	extern uint8_t perm5_lut[2][4096];
	uint16_t p = (p_low&0x1ff)|((p_high&0x1f)<<9);
    6db2:	4053      	eors	r3, r2
		hop_state.a18_10^(0x1ff&(clk>>7)),	// D = a18_10 ^ clk15_7
    6db4:	f3c4 12c8 	ubfx	r2, r4, #7, #9
	sel = hop_selection_kernel(
    6db8:	4072      	eors	r2, r6
    6dba:	025b      	lsls	r3, r3, #9
    6dbc:	780d      	ldrb	r5, [r1, #0]
    6dbe:	f3c2 0208 	ubfx	r2, r2, #0, #9
    6dc2:	f403 5378 	and.w	r3, r3, #15872	@ 0x3e00
    6dc6:	4313      	orrs	r3, r2
		hop_state.a27_23^(0x1f&(clk>>21)),	// A = A27_23 ^ clk25_21
    6dc8:	f3c4 5244 	ubfx	r2, r4, #21, #5
	sel = hop_selection_kernel(
    6dcc:	406a      	eors	r2, r5
    6dce:	f3c4 0484 	ubfx	r4, r4, #2, #5
	return (perm5((a+x)^b, y1^c, d) + e + f + y2);
    6dd2:	4422      	add	r2, r4

	z &= 0x1f;
    6dd4:	784c      	ldrb	r4, [r1, #1]
	z = perm5_lut[0][(((p>>7))<<5)|z];
    6dd6:	09dd      	lsrs	r5, r3, #7
	z &= 0x1f;
    6dd8:	4062      	eors	r2, r4
	z = perm5_lut[0][(((p>>7))<<5)|z];
    6dda:	f002 021f 	and.w	r2, r2, #31
    6dde:	4c11      	ldr	r4, [pc, #68]	@ (6e24 <hop_basic+0xa8>)
    6de0:	ea42 1245 	orr.w	r2, r2, r5, lsl #5
	z = perm5_lut[1][((0x7f&(p>>0))<<5)|z];
    6de4:	5ca5      	ldrb	r5, [r4, r2]
    6de6:	015a      	lsls	r2, r3, #5
    6de8:	f402 627e 	and.w	r2, r2, #4064	@ 0xfe0
    6dec:	432a      	orrs	r2, r5
    6dee:	78cb      	ldrb	r3, [r1, #3]
    6df0:	4414      	add	r4, r2
    6df2:	f504 5480 	add.w	r4, r4, #4096	@ 0x1000
    6df6:	7822      	ldrb	r2, [r4, #0]
    6df8:	4418      	add	r0, r3
    6dfa:	eb0e 0300 	add.w	r3, lr, r0
    6dfe:	4413      	add	r3, r2
		);
	return hop_state.bank[sel%hop_state.chan_count];
    6e00:	b2db      	uxtb	r3, r3
    6e02:	fbb3 f0fc 	udiv	r0, r3, ip
    6e06:	fb0c 3310 	mls	r3, ip, r0, r3
    6e0a:	f8d1 20a8 	ldr.w	r2, [r1, #168]	@ 0xa8
    6e0e:	b2db      	uxtb	r3, r3
}
    6e10:	5cd0      	ldrb	r0, [r2, r3]
    6e12:	bd70      	pop	{r4, r5, r6, pc}
    6e14:	f04f 0e00 	mov.w	lr, #0
    6e18:	4673      	mov	r3, lr
    6e1a:	e7bc      	b.n	6d96 <hop_basic+0x1a>
    6e1c:	10001ad4 	.word	0x10001ad4
    6e20:	01fffff0 	.word	0x01fffff0
    6e24:	0000b73c 	.word	0x0000b73c

00006e28 <hop_channel>:

uint8_t hop_channel(uint32_t clk)
{
    6e28:	b508      	push	{r3, lr}
	switch(btphy.mode)
    6e2a:	4b22      	ldr	r3, [pc, #136]	@ (6eb4 <hop_channel+0x8c>)
    6e2c:	7819      	ldrb	r1, [r3, #0]
    6e2e:	2903      	cmp	r1, #3
    6e30:	d906      	bls.n	6e40 <hop_channel+0x18>
    6e32:	1f0b      	subs	r3, r1, #4
    6e34:	2b01      	cmp	r3, #1
    6e36:	d839      	bhi.n	6eac <hop_channel+0x84>
	case BT_MODE_SLAVE:
		return hop_basic(clk);
	default:
		DIE("Invalid hop mode %d\n", btphy.mode);
	}
}
    6e38:	e8bd 4008 	ldmia.w	sp!, {r3, lr}
		return hop_basic(clk);
    6e3c:	f7ff bf9e 	b.w	6d7c <hop_basic>
	sel = hop_selection_kernel(
    6e40:	4a1d      	ldr	r2, [pc, #116]	@ (6eb8 <hop_channel+0x90>)
	y1 = ~(y1-1);
    6e42:	f340 0c40 	sbfx	ip, r0, #1, #1
	return (perm5((a+x)^b, y1^c, d) + e + f + y2);
    6e46:	7893      	ldrb	r3, [r2, #2]
	uint16_t p = (p_low&0x1ff)|((p_high&0x1f)<<9);
    6e48:	8891      	ldrh	r1, [r2, #4]
    6e4a:	ea83 030c 	eor.w	r3, r3, ip
    6e4e:	025b      	lsls	r3, r3, #9
    6e50:	f3c1 0108 	ubfx	r1, r1, #0, #9
    6e54:	f403 5378 	and.w	r3, r3, #15872	@ 0x3e00
    6e58:	f892 e000 	ldrb.w	lr, [r2]
    6e5c:	430b      	orrs	r3, r1
    6e5e:	7991      	ldrb	r1, [r2, #6]
	clk1 = 1&(clk>>1);
    6e60:	f3c0 0c40 	ubfx	ip, r0, #1, #1
	z &= 0x1f;
    6e64:	7850      	ldrb	r0, [r2, #1]
	return (perm5((a+x)^b, y1^c, d) + e + f + y2);
    6e66:	4471      	add	r1, lr
    6e68:	4041      	eors	r1, r0
	z = perm5_lut[0][(((p>>7))<<5)|z];
    6e6a:	f001 011f 	and.w	r1, r1, #31
    6e6e:	09d8      	lsrs	r0, r3, #7
    6e70:	ea41 1140 	orr.w	r1, r1, r0, lsl #5
    6e74:	4811      	ldr	r0, [pc, #68]	@ (6ebc <hop_channel+0x94>)
	z = perm5_lut[1][((0x7f&(p>>0))<<5)|z];
    6e76:	015b      	lsls	r3, r3, #5
    6e78:	5c41      	ldrb	r1, [r0, r1]
    6e7a:	f403 637e 	and.w	r3, r3, #4064	@ 0xfe0
    6e7e:	430b      	orrs	r3, r1
    6e80:	4418      	add	r0, r3
    6e82:	f500 5080 	add.w	r0, r0, #4096	@ 0x1000
    6e86:	78d3      	ldrb	r3, [r2, #3]
    6e88:	7800      	ldrb	r0, [r0, #0]
    6e8a:	eb03 134c 	add.w	r3, r3, ip, lsl #5
    6e8e:	4403      	add	r3, r0
	sel = hop_selection_kernel(
    6e90:	490b      	ldr	r1, [pc, #44]	@ (6ec0 <hop_channel+0x98>)
    6e92:	b2db      	uxtb	r3, r3
    6e94:	fba1 0103 	umull	r0, r1, r1, r3
    6e98:	0989      	lsrs	r1, r1, #6
    6e9a:	eb01 0081 	add.w	r0, r1, r1, lsl #2
    6e9e:	ebc1 1100 	rsb	r1, r1, r0, lsl #4
    6ea2:	1a5b      	subs	r3, r3, r1
	return hop_state.basic_bank[sel];
    6ea4:	b2db      	uxtb	r3, r3
    6ea6:	441a      	add	r2, r3
    6ea8:	79d0      	ldrb	r0, [r2, #7]
}
    6eaa:	bd08      	pop	{r3, pc}
		DIE("Invalid hop mode %d\n", btphy.mode);
    6eac:	4805      	ldr	r0, [pc, #20]	@ (6ec4 <hop_channel+0x9c>)
    6eae:	f7fe ff5b 	bl	5d68 <die>
    6eb2:	bf00      	nop
    6eb4:	10002198 	.word	0x10002198
    6eb8:	10001ad4 	.word	0x10001ad4
    6ebc:	0000b73c 	.word	0x0000b73c
    6ec0:	cf6474a9 	.word	0xcf6474a9
    6ec4:	0000b31c 	.word	0x0000b31c

00006ec8 <tx_done_cb>:
}

static void slave_state_schedule_rx(unsigned skip_slots)
{
	/* Wait for next rx slot */
	unsigned delay = 4*skip_slots+(3&(RX_PREPARE_IDX-CUR_SLAVE_SLOT_IDX()));
    6ec8:	4a04      	ldr	r2, [pc, #16]	@ (6edc <tx_done_cb+0x14>)

	/* Schedule rx: */
	rx_task_schedule(delay,
    6eca:	2301      	movs	r3, #1
	unsigned delay = 4*skip_slots+(3&(RX_PREPARE_IDX-CUR_SLAVE_SLOT_IDX()));
    6ecc:	6890      	ldr	r0, [r2, #8]
	rx_task_schedule(delay,
    6ece:	4904      	ldr	r1, [pc, #16]	@ (6ee0 <tx_done_cb+0x18>)
	unsigned delay = 4*skip_slots+(3&(RX_PREPARE_IDX-CUR_SLAVE_SLOT_IDX()));
    6ed0:	43c0      	mvns	r0, r0
	rx_task_schedule(delay,
    6ed2:	2200      	movs	r2, #0
    6ed4:	f000 0003 	and.w	r0, r0, #3
    6ed8:	f001 bb2c 	b.w	8534 <rx_task_schedule>
    6edc:	10002198 	.word	0x10002198
    6ee0:	00006ee5 	.word	0x00006ee5

00006ee4 <slave_rx_cb>:
{
    6ee4:	b500      	push	{lr}
    6ee6:	b087      	sub	sp, #28
	return btctl.state;
    6ee8:	4b29      	ldr	r3, [pc, #164]	@ (6f90 <slave_rx_cb+0xac>)
    6eea:	4601      	mov	r1, r0
	if (slave_state_canceled())
    6eec:	781b      	ldrb	r3, [r3, #0]
    6eee:	2b03      	cmp	r3, #3
    6ef0:	d121      	bne.n	6f36 <slave_rx_cb+0x52>
	if (BBPKT_HAS_PKT(pkt))
    6ef2:	7d43      	ldrb	r3, [r0, #21]
    6ef4:	07db      	lsls	r3, r3, #31
    6ef6:	d413      	bmi.n	6f20 <slave_rx_cb+0x3c>
	rc = ll_process_rx(&slave_state.ll, msg);
    6ef8:	4826      	ldr	r0, [pc, #152]	@ (6f94 <slave_rx_cb+0xb0>)
    6efa:	f001 fb3d 	bl	8578 <ll_process_rx>
	if (rc < 0)
    6efe:	1e01      	subs	r1, r0, #0
    6f00:	db23      	blt.n	6f4a <slave_rx_cb+0x66>
	unsigned delay = 4*skip_slots+(3&(TX_PREPARE_IDX-CUR_SLAVE_SLOT_IDX()));
    6f02:	4b25      	ldr	r3, [pc, #148]	@ (6f98 <slave_rx_cb+0xb4>)
	else if (rc == 1)
    6f04:	2901      	cmp	r1, #1
	unsigned delay = 4*skip_slots+(3&(TX_PREPARE_IDX-CUR_SLAVE_SLOT_IDX()));
    6f06:	689b      	ldr	r3, [r3, #8]
	else if (rc == 1)
    6f08:	d02c      	beq.n	6f64 <slave_rx_cb+0x80>
	unsigned delay = 4*skip_slots+(3&(RX_PREPARE_IDX-CUR_SLAVE_SLOT_IDX()));
    6f0a:	43d8      	mvns	r0, r3
	rx_task_schedule(delay,
    6f0c:	2200      	movs	r2, #0
    6f0e:	2301      	movs	r3, #1
    6f10:	4922      	ldr	r1, [pc, #136]	@ (6f9c <slave_rx_cb+0xb8>)
    6f12:	f000 0003 	and.w	r0, r0, #3
    6f16:	f001 fb0d 	bl	8534 <rx_task_schedule>
}
    6f1a:	2000      	movs	r0, #0
    6f1c:	b007      	add	sp, #28
    6f1e:	bd00      	pop	{pc}
    6f20:	9003      	str	r0, [sp, #12]
		btphy_adj_clkn_delay(time_offset);
    6f22:	4610      	mov	r0, r2
    6f24:	f001 fe2e 	bl	8b84 <btphy_adj_clkn_delay>
    6f28:	9903      	ldr	r1, [sp, #12]
	rc = ll_process_rx(&slave_state.ll, msg);
    6f2a:	481a      	ldr	r0, [pc, #104]	@ (6f94 <slave_rx_cb+0xb0>)
    6f2c:	f001 fb24 	bl	8578 <ll_process_rx>
	if (rc < 0)
    6f30:	1e01      	subs	r1, r0, #0
    6f32:	dae6      	bge.n	6f02 <slave_rx_cb+0x1e>
    6f34:	e009      	b.n	6f4a <slave_rx_cb+0x66>
    6f36:	9003      	str	r0, [sp, #12]
		ll_reset(&slave_state.ll);
    6f38:	4816      	ldr	r0, [pc, #88]	@ (6f94 <slave_rx_cb+0xb0>)
    6f3a:	f001 fc0d 	bl	8758 <ll_reset>
	btctl_mem_free(msg);
    6f3e:	9803      	ldr	r0, [sp, #12]
    6f40:	f7fe feae 	bl	5ca0 <mem_pool_free>
}
    6f44:	2000      	movs	r0, #0
    6f46:	b007      	add	sp, #28
    6f48:	bd00      	pop	{pc}
		ll_reset(&slave_state.ll);
    6f4a:	4812      	ldr	r0, [pc, #72]	@ (6f94 <slave_rx_cb+0xb0>)
    6f4c:	9103      	str	r1, [sp, #12]
    6f4e:	f001 fc03 	bl	8758 <ll_reset>
		btctl_set_state(BTCTL_STATE_STANDBY, -rc);
    6f52:	9903      	ldr	r1, [sp, #12]
    6f54:	2000      	movs	r0, #0
    6f56:	4249      	negs	r1, r1
    6f58:	b2c9      	uxtb	r1, r1
    6f5a:	f7fd fcf5 	bl	4948 <btctl_set_state>
}
    6f5e:	2000      	movs	r0, #0
    6f60:	b007      	add	sp, #28
    6f62:	bd00      	pop	{pc}
	ll_prepare_tx(&slave_state.ll, &tx_hdr, &tx_data);
    6f64:	aa05      	add	r2, sp, #20
    6f66:	a904      	add	r1, sp, #16
    6f68:	480a      	ldr	r0, [pc, #40]	@ (6f94 <slave_rx_cb+0xb0>)
    6f6a:	9303      	str	r3, [sp, #12]
    6f6c:	f001 fbb6 	bl	86dc <ll_prepare_tx>
	unsigned delay = 4*skip_slots+(3&(TX_PREPARE_IDX-CUR_SLAVE_SLOT_IDX()));
    6f70:	9b03      	ldr	r3, [sp, #12]
	tx_task_schedule(delay,
    6f72:	2200      	movs	r2, #0
	unsigned delay = 4*skip_slots+(3&(TX_PREPARE_IDX-CUR_SLAVE_SLOT_IDX()));
    6f74:	f1c3 0001 	rsb	r0, r3, #1
	tx_task_schedule(delay,
    6f78:	4909      	ldr	r1, [pc, #36]	@ (6fa0 <slave_rx_cb+0xbc>)
    6f7a:	e9dd 3c04 	ldrd	r3, ip, [sp, #16]
    6f7e:	f000 0003 	and.w	r0, r0, #3
    6f82:	f8cd c000 	str.w	ip, [sp]
    6f86:	f000 fbe3 	bl	7750 <tx_task_schedule>
}
    6f8a:	2000      	movs	r0, #0
    6f8c:	b007      	add	sp, #28
    6f8e:	bd00      	pop	{pc}
    6f90:	100002b8 	.word	0x100002b8
    6f94:	10001b94 	.word	0x10001b94
    6f98:	10002198 	.word	0x10002198
    6f9c:	00006ee5 	.word	0x00006ee5
    6fa0:	00006ec9 	.word	0x00006ec9

00006fa4 <slave_state_init>:
		1<<RX_F_PAYLOAD		// wait for header
	);
}

void slave_state_init(uint64_t master_bdaddr, uint8_t lt_addr)
{
    6fa4:	b570      	push	{r4, r5, r6, lr}
    6fa6:	4615      	mov	r5, r2
	slave_state.master_bdaddr = master_bdaddr;
    6fa8:	4c11      	ldr	r4, [pc, #68]	@ (6ff0 <slave_state_init+0x4c>)
	slave_state.lt_addr = lt_addr;

	/* Initialize basic hopping from master's clock */
	btphy_set_mode(BT_MODE_SLAVE, master_bdaddr&0xffffff, 0xff & (master_bdaddr>>24));
    6faa:	0e02      	lsrs	r2, r0, #24
	slave_state.master_bdaddr = master_bdaddr;
    6fac:	e9c4 0100 	strd	r0, r1, [r4]
	btphy_set_mode(BT_MODE_SLAVE, master_bdaddr&0xffffff, 0xff & (master_bdaddr>>24));
    6fb0:	f020 417f 	bic.w	r1, r0, #4278190080	@ 0xff000000
    6fb4:	2005      	movs	r0, #5
	slave_state.lt_addr = lt_addr;
    6fb6:	7225      	strb	r5, [r4, #8]
	btphy_set_mode(BT_MODE_SLAVE, master_bdaddr&0xffffff, 0xff & (master_bdaddr>>24));
    6fb8:	f001 fe38 	bl	8c2c <btphy_set_mode>

	ll_init(&slave_state.ll, 0, lt_addr);
    6fbc:	462a      	mov	r2, r5
    6fbe:	2100      	movs	r1, #0
    6fc0:	f104 000c 	add.w	r0, r4, #12
    6fc4:	f001 fbd6 	bl	8774 <ll_init>

	cprintf("slave started\n");
    6fc8:	480a      	ldr	r0, [pc, #40]	@ (6ff4 <slave_state_init+0x50>)
    6fca:	f7fe ffbd 	bl	5f48 <cprintf>
	btctl_set_state(BTCTL_STATE_CONNECTED, BTCTL_REASON_PAGED);
    6fce:	2102      	movs	r1, #2
    6fd0:	2003      	movs	r0, #3
    6fd2:	f7fd fcb9 	bl	4948 <btctl_set_state>
	slave_state_schedule_rx(1);
}
    6fd6:	e8bd 4070 	ldmia.w	sp!, {r4, r5, r6, lr}
	unsigned delay = 4*skip_slots+(3&(RX_PREPARE_IDX-CUR_SLAVE_SLOT_IDX()));
    6fda:	4a07      	ldr	r2, [pc, #28]	@ (6ff8 <slave_state_init+0x54>)
	rx_task_schedule(delay,
    6fdc:	2301      	movs	r3, #1
	unsigned delay = 4*skip_slots+(3&(RX_PREPARE_IDX-CUR_SLAVE_SLOT_IDX()));
    6fde:	6890      	ldr	r0, [r2, #8]
	rx_task_schedule(delay,
    6fe0:	4906      	ldr	r1, [pc, #24]	@ (6ffc <slave_state_init+0x58>)
	unsigned delay = 4*skip_slots+(3&(RX_PREPARE_IDX-CUR_SLAVE_SLOT_IDX()));
    6fe2:	43c0      	mvns	r0, r0
    6fe4:	f000 0003 	and.w	r0, r0, #3
	rx_task_schedule(delay,
    6fe8:	2200      	movs	r2, #0
    6fea:	3004      	adds	r0, #4
    6fec:	f001 baa2 	b.w	8534 <rx_task_schedule>
    6ff0:	10001b88 	.word	0x10001b88
    6ff4:	0000b338 	.word	0x0000b338
    6ff8:	10002198 	.word	0x10002198
    6ffc:	00006ee5 	.word	0x00006ee5

00007000 <tx_done_cb>:
{
	/* Wait for next rx slot */
	unsigned delay = 4*skip_slots+(3&(RX_PREPARE_IDX-CUR_MASTER_SLOT_IDX()));

	/* Schedule rx: */
	rx_task_schedule(delay,
    7000:	2301      	movs	r3, #1
	unsigned delay = 4*skip_slots+(3&(RX_PREPARE_IDX-CUR_MASTER_SLOT_IDX()));
    7002:	4a04      	ldr	r2, [pc, #16]	@ (7014 <tx_done_cb+0x14>)
	rx_task_schedule(delay,
    7004:	4904      	ldr	r1, [pc, #16]	@ (7018 <tx_done_cb+0x18>)
	unsigned delay = 4*skip_slots+(3&(RX_PREPARE_IDX-CUR_MASTER_SLOT_IDX()));
    7006:	6850      	ldr	r0, [r2, #4]
	rx_task_schedule(delay,
    7008:	2200      	movs	r2, #0
	unsigned delay = 4*skip_slots+(3&(RX_PREPARE_IDX-CUR_MASTER_SLOT_IDX()));
    700a:	1a18      	subs	r0, r3, r0
	rx_task_schedule(delay,
    700c:	f000 0003 	and.w	r0, r0, #3
    7010:	f001 ba90 	b.w	8534 <rx_task_schedule>
    7014:	10002198 	.word	0x10002198
    7018:	0000701d 	.word	0x0000701d

0000701c <master_rx_cb>:
{
    701c:	b500      	push	{lr}
    701e:	b087      	sub	sp, #28
    7020:	4b21      	ldr	r3, [pc, #132]	@ (70a8 <master_rx_cb+0x8c>)
    7022:	4601      	mov	r1, r0
	if (master_canceled())
    7024:	781b      	ldrb	r3, [r3, #0]
    7026:	2b03      	cmp	r3, #3
    7028:	d007      	beq.n	703a <master_rx_cb+0x1e>
    702a:	f7fe fe39 	bl	5ca0 <mem_pool_free>
		ll_reset(&master_state.ll);
    702e:	481f      	ldr	r0, [pc, #124]	@ (70ac <master_rx_cb+0x90>)
    7030:	f001 fb92 	bl	8758 <ll_reset>
}
    7034:	2000      	movs	r0, #0
    7036:	b007      	add	sp, #28
    7038:	bd00      	pop	{pc}
	rc = ll_process_rx(&master_state.ll, msg);
    703a:	481c      	ldr	r0, [pc, #112]	@ (70ac <master_rx_cb+0x90>)
    703c:	f001 fa9c 	bl	8578 <ll_process_rx>
	if (rc < 0)
    7040:	1e01      	subs	r1, r0, #0
    7042:	db0f      	blt.n	7064 <master_rx_cb+0x48>
}

static void master_state_schedule_tx(unsigned skip_slots)
{
	/* Wait for next tx slot */
	unsigned delay = skip_slots * 4 + (3&(TX_PREPARE_IDX-CUR_MASTER_SLOT_IDX()));
    7044:	4b1a      	ldr	r3, [pc, #104]	@ (70b0 <master_rx_cb+0x94>)
	else if (rc == 1)
    7046:	2901      	cmp	r1, #1
	unsigned delay = skip_slots * 4 + (3&(TX_PREPARE_IDX-CUR_MASTER_SLOT_IDX()));
    7048:	685b      	ldr	r3, [r3, #4]
	else if (rc == 1)
    704a:	d018      	beq.n	707e <master_rx_cb+0x62>
	unsigned delay = 4*skip_slots+(3&(RX_PREPARE_IDX-CUR_MASTER_SLOT_IDX()));
    704c:	f1c3 0001 	rsb	r0, r3, #1
	rx_task_schedule(delay,
    7050:	2200      	movs	r2, #0
    7052:	2301      	movs	r3, #1
    7054:	4917      	ldr	r1, [pc, #92]	@ (70b4 <master_rx_cb+0x98>)
    7056:	f000 0003 	and.w	r0, r0, #3
    705a:	f001 fa6b 	bl	8534 <rx_task_schedule>
}
    705e:	2000      	movs	r0, #0
    7060:	b007      	add	sp, #28
    7062:	bd00      	pop	{pc}
		ll_reset(&master_state.ll);
    7064:	4811      	ldr	r0, [pc, #68]	@ (70ac <master_rx_cb+0x90>)
    7066:	9103      	str	r1, [sp, #12]
    7068:	f001 fb76 	bl	8758 <ll_reset>
		btctl_set_state(BTCTL_STATE_STANDBY, -rc);
    706c:	9903      	ldr	r1, [sp, #12]
    706e:	2000      	movs	r0, #0
    7070:	4249      	negs	r1, r1
    7072:	b2c9      	uxtb	r1, r1
    7074:	f7fd fc68 	bl	4948 <btctl_set_state>
}
    7078:	2000      	movs	r0, #0
    707a:	b007      	add	sp, #28
    707c:	bd00      	pop	{pc}
	bbhdr_t *tx_hdr;
	uint8_t *tx_data;

	ll_prepare_tx(&master_state.ll, &tx_hdr, &tx_data);
    707e:	aa05      	add	r2, sp, #20
    7080:	a904      	add	r1, sp, #16
    7082:	480a      	ldr	r0, [pc, #40]	@ (70ac <master_rx_cb+0x90>)
    7084:	9303      	str	r3, [sp, #12]
    7086:	f001 fb29 	bl	86dc <ll_prepare_tx>
	unsigned delay = skip_slots * 4 + (3&(TX_PREPARE_IDX-CUR_MASTER_SLOT_IDX()));
    708a:	9b03      	ldr	r3, [sp, #12]

	tx_task_schedule(delay,
    708c:	2200      	movs	r2, #0
	unsigned delay = skip_slots * 4 + (3&(TX_PREPARE_IDX-CUR_MASTER_SLOT_IDX()));
    708e:	43d8      	mvns	r0, r3
	tx_task_schedule(delay,
    7090:	e9dd 3c04 	ldrd	r3, ip, [sp, #16]
    7094:	4908      	ldr	r1, [pc, #32]	@ (70b8 <master_rx_cb+0x9c>)
    7096:	f8cd c000 	str.w	ip, [sp]
    709a:	f000 0003 	and.w	r0, r0, #3
    709e:	f000 fb57 	bl	7750 <tx_task_schedule>
}
    70a2:	2000      	movs	r0, #0
    70a4:	b007      	add	sp, #28
    70a6:	bd00      	pop	{pc}
    70a8:	100002b8 	.word	0x100002b8
    70ac:	10001bb8 	.word	0x10001bb8
    70b0:	10002198 	.word	0x10002198
    70b4:	0000701d 	.word	0x0000701d
    70b8:	00007001 	.word	0x00007001

000070bc <master_state_init>:
		tx_hdr, tx_data);
}

/* Called by paging task once the slave acknowledged our FHS */
void master_state_init(void)
{
    70bc:	b510      	push	{r4, lr}
    70be:	b084      	sub	sp, #16
	/* Initialize basic hopping from master's clock */
	btphy_set_mode(BT_MODE_MASTER, btphy.my_lap, btphy.my_uap);
    70c0:	4c13      	ldr	r4, [pc, #76]	@ (7110 <master_state_init+0x54>)
    70c2:	2004      	movs	r0, #4
    70c4:	f894 2038 	ldrb.w	r2, [r4, #56]	@ 0x38
    70c8:	6b61      	ldr	r1, [r4, #52]	@ 0x34
    70ca:	f001 fdaf 	bl	8c2c <btphy_set_mode>

	ll_init(&master_state.ll, 1, 1); // FIXME: fixed slave lt_addr = 1
    70ce:	2201      	movs	r2, #1
    70d0:	4810      	ldr	r0, [pc, #64]	@ (7114 <master_state_init+0x58>)
    70d2:	4611      	mov	r1, r2
    70d4:	f001 fb4e 	bl	8774 <ll_init>

	/* We are already in sync, just schedule the first tx (in a while)*/
	cprintf("master started\n");
    70d8:	480f      	ldr	r0, [pc, #60]	@ (7118 <master_state_init+0x5c>)
    70da:	f7fe ff35 	bl	5f48 <cprintf>
	unsigned delay = skip_slots * 4 + (3&(TX_PREPARE_IDX-CUR_MASTER_SLOT_IDX()));
    70de:	6863      	ldr	r3, [r4, #4]
	ll_prepare_tx(&master_state.ll, &tx_hdr, &tx_data);
    70e0:	aa03      	add	r2, sp, #12
	unsigned delay = skip_slots * 4 + (3&(TX_PREPARE_IDX-CUR_MASTER_SLOT_IDX()));
    70e2:	43db      	mvns	r3, r3
    70e4:	f003 0303 	and.w	r3, r3, #3
	ll_prepare_tx(&master_state.ll, &tx_hdr, &tx_data);
    70e8:	a902      	add	r1, sp, #8
	unsigned delay = skip_slots * 4 + (3&(TX_PREPARE_IDX-CUR_MASTER_SLOT_IDX()));
    70ea:	1d1c      	adds	r4, r3, #4
	ll_prepare_tx(&master_state.ll, &tx_hdr, &tx_data);
    70ec:	4809      	ldr	r0, [pc, #36]	@ (7114 <master_state_init+0x58>)
    70ee:	f001 faf5 	bl	86dc <ll_prepare_tx>
	tx_task_schedule(delay,
    70f2:	4620      	mov	r0, r4
    70f4:	e9dd 3402 	ldrd	r3, r4, [sp, #8]
    70f8:	2200      	movs	r2, #0
    70fa:	4908      	ldr	r1, [pc, #32]	@ (711c <master_state_init+0x60>)
    70fc:	9400      	str	r4, [sp, #0]
    70fe:	f000 fb27 	bl	7750 <tx_task_schedule>
	master_state_schedule_tx(1);
	btctl_set_state(BTCTL_STATE_CONNECTED, BTCTL_REASON_PAGED);
    7102:	2102      	movs	r1, #2
    7104:	2003      	movs	r0, #3
}
    7106:	b004      	add	sp, #16
    7108:	e8bd 4010 	ldmia.w	sp!, {r4, lr}
	btctl_set_state(BTCTL_STATE_CONNECTED, BTCTL_REASON_PAGED);
    710c:	f7fd bc1c 	b.w	4948 <btctl_set_state>
    7110:	10002198 	.word	0x10002198
    7114:	10001bb8 	.word	0x10001bb8
    7118:	0000b348 	.word	0x0000b348
    711c:	00007001 	.word	0x00007001

00007120 <scan_wait>:
	/* Call user callback */
	scan_task.cb(scan_task.pkt_received, scan_task.cb_arg);
}

static void scan_wait(void)
{
    7120:	b500      	push	{lr}
    7122:	b085      	sub	sp, #20
	int clkn_delay;

	/* Wait for packet.. */
	while (CLKN_OFFSET < SCAN_WAIT_SYNCWORD)
    7124:	f04f 2240 	mov.w	r2, #1073758208	@ 0x40004000
	{
		/* PKT strobe goes low if a syncword is detected */
		if (GIO6 == 0)
    7128:	4922      	ldr	r1, [pc, #136]	@ (71b4 <scan_wait+0x94>)
	while (CLKN_OFFSET < SCAN_WAIT_SYNCWORD)
    712a:	e002      	b.n	7132 <scan_wait+0x12>
		if (GIO6 == 0)
    712c:	6d4b      	ldr	r3, [r1, #84]	@ 0x54
    712e:	075b      	lsls	r3, r3, #29
    7130:	d52b      	bpl.n	718a <scan_wait+0x6a>
	while (CLKN_OFFSET < SCAN_WAIT_SYNCWORD)
    7132:	6893      	ldr	r3, [r2, #8]
    7134:	2bf9      	cmp	r3, #249	@ 0xf9
    7136:	d9f9      	bls.n	712c <scan_wait+0xc>
			scan_task.pkt_received = 1;
			break;
		}
	}
	scan_task.num_slots ++;
	if (scan_task.pkt_received)
    7138:	4b1f      	ldr	r3, [pc, #124]	@ (71b8 <scan_wait+0x98>)
	scan_task.num_slots ++;
    713a:	68da      	ldr	r2, [r3, #12]
	if (scan_task.pkt_received)
    713c:	7a98      	ldrb	r0, [r3, #10]
	scan_task.num_slots ++;
    713e:	3201      	adds	r2, #1
    7140:	60da      	str	r2, [r3, #12]
	if (scan_task.pkt_received)
    7142:	bb50      	cbnz	r0, 719a <scan_wait+0x7a>
		/* finalize */
		scan_finalize();
	}
	else
	{
		if (scan_task.num_slots == SCAN_MAX_SLOTS)
    7144:	2a08      	cmp	r2, #8
    7146:	d00c      	beq.n	7162 <scan_wait+0x42>
			scan_finalize();
		}
		else
		{
			/* Wait one more slot */
			tdma_schedule(1, scan_wait_more, 0, 0, 0, -3);
    7148:	f06f 0c02 	mvn.w	ip, #2
    714c:	4603      	mov	r3, r0
    714e:	4602      	mov	r2, r0
    7150:	9000      	str	r0, [sp, #0]
    7152:	491a      	ldr	r1, [pc, #104]	@ (71bc <scan_wait+0x9c>)
    7154:	f8cd c004 	str.w	ip, [sp, #4]
    7158:	2001      	movs	r0, #1
    715a:	f002 f979 	bl	9450 <tdma_schedule>
		}
	}
}
    715e:	b005      	add	sp, #20
    7160:	bd00      	pop	{pc}
    7162:	9303      	str	r3, [sp, #12]
void btphy_rf_enable_int(btbr_int_cb_t cb, void*cb_arg, int tx);
void btphy_rf_disable_int(void);

static inline void btphy_rf_idle(void)
{
	cc2400_strobe(SRFOFF);
    7164:	2064      	movs	r0, #100	@ 0x64
    7166:	f002 fcf5 	bl	9b54 <cc2400_strobe>
	TXLED_CLR;
    716a:	f44f 7c80 	mov.w	ip, #256	@ 0x100
	RXLED_CLR;
    716e:	2010      	movs	r0, #16
	if (scan_task.cb == NULL)
    7170:	9b03      	ldr	r3, [sp, #12]
	TXLED_CLR;
    7172:	4910      	ldr	r1, [pc, #64]	@ (71b4 <scan_wait+0x94>)
    7174:	681a      	ldr	r2, [r3, #0]
    7176:	f8c1 c03c 	str.w	ip, [r1, #60]	@ 0x3c
	RXLED_CLR;
    717a:	63c8      	str	r0, [r1, #60]	@ 0x3c
    717c:	b1ba      	cbz	r2, 71ae <scan_wait+0x8e>
	scan_task.cb(scan_task.pkt_received, scan_task.cb_arg);
    717e:	6859      	ldr	r1, [r3, #4]
    7180:	7a98      	ldrb	r0, [r3, #10]
}
    7182:	b005      	add	sp, #20
    7184:	f85d eb04 	ldr.w	lr, [sp], #4
	scan_task.cb(scan_task.pkt_received, scan_task.cb_arg);
    7188:	4710      	bx	r2
			scan_task.pkt_received = 1;
    718a:	2101      	movs	r1, #1
			scan_task.pkt_time = CLKN_OFFSET;
    718c:	4b0a      	ldr	r3, [pc, #40]	@ (71b8 <scan_wait+0x98>)
    718e:	6890      	ldr	r0, [r2, #8]
	scan_task.num_slots ++;
    7190:	68da      	ldr	r2, [r3, #12]
			scan_task.pkt_time = CLKN_OFFSET;
    7192:	8118      	strh	r0, [r3, #8]
	scan_task.num_slots ++;
    7194:	440a      	add	r2, r1
    7196:	60da      	str	r2, [r3, #12]
			scan_task.pkt_received = 1;
    7198:	7299      	strb	r1, [r3, #10]
		btphy.slave_clkn = 0;
    719a:	2100      	movs	r1, #0
		clkn_delay = scan_task.pkt_time - RF_EXPECTED_RX_CLKN_OFFSET;
    719c:	8918      	ldrh	r0, [r3, #8]
		btphy.slave_clkn = 0;
    719e:	4a08      	ldr	r2, [pc, #32]	@ (71c0 <scan_wait+0xa0>)
		btphy_adj_clkn_delay(clkn_delay);
    71a0:	f2a0 2062 	subw	r0, r0, #610	@ 0x262
		clkn_delay = scan_task.pkt_time - RF_EXPECTED_RX_CLKN_OFFSET;
    71a4:	9303      	str	r3, [sp, #12]
		btphy.slave_clkn = 0;
    71a6:	6091      	str	r1, [r2, #8]
		btphy_adj_clkn_delay(clkn_delay);
    71a8:	f001 fcec 	bl	8b84 <btphy_adj_clkn_delay>
    71ac:	e7da      	b.n	7164 <scan_wait+0x44>
		DIE("no cb in scan task\n");
    71ae:	4805      	ldr	r0, [pc, #20]	@ (71c4 <scan_wait+0xa4>)
    71b0:	f7fe fdda 	bl	5d68 <die>
    71b4:	2009c000 	.word	0x2009c000
    71b8:	10001bdc 	.word	0x10001bdc
    71bc:	00007239 	.word	0x00007239
    71c0:	10002198 	.word	0x10002198
    71c4:	0000b358 	.word	0x0000b358

000071c8 <scan_start>:
	scan_wait();
	return 0;
}

static int scan_start(uint8_t p1, uint8_t p2, uint16_t p3)
{
    71c8:	b508      	push	{r3, lr}
	uint8_t chan;

	chan = hop_channel(0);	// Assume clk1 = 0 = master tx
    71ca:	2000      	movs	r0, #0
    71cc:	f7ff fe2c 	bl	6e28 <hop_channel>

	/* Tune to chan & start RX */
	btphy_rf_tune_chan(2402+chan, 0);
    71d0:	f600 1062 	addw	r0, r0, #2402	@ 0x962
    71d4:	2100      	movs	r1, #0
    71d6:	b280      	uxth	r0, r0
    71d8:	f002 f924 	bl	9424 <btphy_rf_tune_chan>

	scan_task.pkt_received = 0;
    71dc:	2200      	movs	r2, #0
    71de:	4b13      	ldr	r3, [pc, #76]	@ (722c <scan_start+0x64>)
	scan_task.pkt_time = 0;
	scan_task.num_slots = 0;

	/* Here i must strobe SRX before & after GRMDM cfg. why ? */
	cc2400_strobe(SFSON);
    71e0:	2061      	movs	r0, #97	@ 0x61
	scan_task.pkt_received = 0;
    71e2:	729a      	strb	r2, [r3, #10]
	scan_task.pkt_time = 0;
    71e4:	811a      	strh	r2, [r3, #8]
	scan_task.num_slots = 0;
    71e6:	60da      	str	r2, [r3, #12]
	cc2400_strobe(SFSON);
    71e8:	f002 fcb4 	bl	9b54 <cc2400_strobe>

/* cc2400 configure for un-buffered rx */
static inline void btphy_rf_cfg_rx(void)
{
	/* un-buffered mode, packet w/ sync word detection */
	cc2400_set(GRMDM,   0x4E1|(rf_state.max_ac_errors<<13));
    71ec:	f240 41e1 	movw	r1, #1249	@ 0x4e1
    71f0:	4b0f      	ldr	r3, [pc, #60]	@ (7230 <scan_start+0x68>)
    71f2:	2020      	movs	r0, #32
    71f4:	885b      	ldrh	r3, [r3, #2]
    71f6:	ea41 3143 	orr.w	r1, r1, r3, lsl #13
    71fa:	b289      	uxth	r1, r1
    71fc:	f002 fc30 	bl	9a60 <cc2400_set>
	//   |  |  | |   +-----------> sync word: 32 MSB bits of SYNC_WORD
	//   |  |  | +---------------> 1 preamble bytes of (0)1010101
	//   |  |  +-----------------> packet mode
	//   |  +--------------------> un-buffered mode // use sync word to trigger 
	//   +-----------------------> sync error bits allowed: N
	cc2400_set(IOCFG, 0x170|(GIO_PKT<<9));
    7200:	f44f 6157 	mov.w	r1, #3440	@ 0xd70
    7204:	2008      	movs	r0, #8
    7206:	f002 fc2b 	bl	9a60 <cc2400_set>
	cc2400_strobe(SRX);
    720a:	2062      	movs	r0, #98	@ 0x62
    720c:	f002 fca2 	bl	9b54 <cc2400_strobe>
	RXLED_SET;
    7210:	2210      	movs	r2, #16
    7212:	4b08      	ldr	r3, [pc, #32]	@ (7234 <scan_start+0x6c>)
    7214:	639a      	str	r2, [r3, #56]	@ 0x38
	btphy_rf_cfg_rx();
	btphy_rf_rx();
	while ((cc2400_get(FSMSTATE) & 0x1f) != STATE_STROBE_RX);
    7216:	200e      	movs	r0, #14
    7218:	f002 fbf0 	bl	99fc <cc2400_get>
    721c:	f000 001f 	and.w	r0, r0, #31
    7220:	2810      	cmp	r0, #16
    7222:	d1f8      	bne.n	7216 <scan_start+0x4e>

	scan_wait();
    7224:	f7ff ff7c 	bl	7120 <scan_wait>

	return 0; 
}
    7228:	2000      	movs	r0, #0
    722a:	bd08      	pop	{r3, pc}
    722c:	10001bdc 	.word	0x10001bdc
    7230:	100021fc 	.word	0x100021fc
    7234:	2009c000 	.word	0x2009c000

00007238 <scan_wait_more>:
{
    7238:	b508      	push	{r3, lr}
	scan_wait();
    723a:	f7ff ff71 	bl	7120 <scan_wait>
}
    723e:	2000      	movs	r0, #0
    7240:	bd08      	pop	{r3, pc}
    7242:	bf00      	nop

00007244 <scan_task_schedule>:

void scan_task_schedule(unsigned delay, scan_task_cb_t cb, void*cbarg)
{
    7244:	b500      	push	{lr}
    7246:	b083      	sub	sp, #12

	/* In inquiry/paging scan , hop.x must be incremented before
	 * master TX */
	hop_increment();

	tdma_schedule(1, scan_start, 0, 0, 0, -3);
    7248:	f06f 0c02 	mvn.w	ip, #2
    724c:	2300      	movs	r3, #0

/* This function increment the x variable of for paging/inquiry hopping.
 * It must be called before each master's transmission. */
static inline void hop_increment(void)
{
	hop_state.x++;
    724e:	f8df e028 	ldr.w	lr, [pc, #40]	@ 7278 <scan_task_schedule+0x34>
    7252:	f8cd c004 	str.w	ip, [sp, #4]
    7256:	f89e c006 	ldrb.w	ip, [lr, #6]
	scan_task.cb = cb;
    725a:	4808      	ldr	r0, [pc, #32]	@ (727c <scan_task_schedule+0x38>)
    725c:	f10c 0c01 	add.w	ip, ip, #1
    7260:	6001      	str	r1, [r0, #0]
	tdma_schedule(1, scan_start, 0, 0, 0, -3);
    7262:	9300      	str	r3, [sp, #0]
    7264:	4906      	ldr	r1, [pc, #24]	@ (7280 <scan_task_schedule+0x3c>)
	scan_task.cb_arg = cbarg;
    7266:	6042      	str	r2, [r0, #4]
    7268:	f88e c006 	strb.w	ip, [lr, #6]
	tdma_schedule(1, scan_start, 0, 0, 0, -3);
    726c:	461a      	mov	r2, r3
    726e:	2001      	movs	r0, #1
    7270:	f002 f8ee 	bl	9450 <tdma_schedule>
}
    7274:	b003      	add	sp, #12
    7276:	bd00      	pop	{pc}
    7278:	10001ad4 	.word	0x10001ad4
    727c:	10001bdc 	.word	0x10001bdc
    7280:	000071c9 	.word	0x000071c9

00007284 <page_scan_tx_cb>:
{
	return btctl_get_state() != BTCTL_STATE_PAGE_SCAN;
}

static void page_scan_tx_cb(void *arg)
{
    7284:	b510      	push	{r4, lr}
    7286:	b082      	sub	sp, #8
	cprintf("fhs: ba=%llx clk27_2=%x lta=%d\n",
    7288:	4c08      	ldr	r4, [pc, #32]	@ (72ac <page_scan_tx_cb+0x28>)
    728a:	4809      	ldr	r0, [pc, #36]	@ (72b0 <page_scan_tx_cb+0x2c>)
    728c:	7b22      	ldrb	r2, [r4, #12]
    728e:	68a3      	ldr	r3, [r4, #8]
    7290:	e9cd 3200 	strd	r3, r2, [sp]
    7294:	e9d4 2300 	ldrd	r2, r3, [r4]
    7298:	f7fe fe56 	bl	5f48 <cprintf>
		page_scan_state.fhs_info.bdaddr,
		page_scan_state.fhs_info.clk27_2,
		page_scan_state.fhs_info.lt_addr);

	slave_state_init(page_scan_state.fhs_info.bdaddr,
    729c:	e9d4 0100 	ldrd	r0, r1, [r4]
    72a0:	7b22      	ldrb	r2, [r4, #12]
			page_scan_state.fhs_info.lt_addr);
}
    72a2:	b002      	add	sp, #8
    72a4:	e8bd 4010 	ldmia.w	sp!, {r4, lr}
	slave_state_init(page_scan_state.fhs_info.bdaddr,
    72a8:	f7ff be7c 	b.w	6fa4 <slave_state_init>
    72ac:	10001bf0 	.word	0x10001bf0
    72b0:	0000b374 	.word	0x0000b374

000072b4 <page_scan_rx_fhs_cb>:

/* RX FHS cb */
static int page_scan_rx_fhs_cb(msg_t *msg, void *arg, int time_offset)
{
    72b4:	b510      	push	{r4, lr}
    72b6:	b084      	sub	sp, #16
    72b8:	4b2e      	ldr	r3, [pc, #184]	@ (7374 <page_scan_rx_fhs_cb+0xc0>)
    72ba:	4604      	mov	r4, r0
	btctl_hdr_t *h = (btctl_hdr_t*)msg->data;
	btctl_rx_pkt_t *pkt;

	if (page_scan_canceled())
    72bc:	781b      	ldrb	r3, [r3, #0]
    72be:	2b05      	cmp	r3, #5
    72c0:	d123      	bne.n	730a <page_scan_rx_fhs_cb+0x56>
	{
		cprintf("page scan canceled\n");
		goto end;
	}
	pkt = (btctl_rx_pkt_t *)h->data;
	if (BBPKT_GOOD_CRC(pkt))
    72c2:	7d42      	ldrb	r2, [r0, #21]
    72c4:	f012 0208 	ands.w	r2, r2, #8
    72c8:	d00b      	beq.n	72e2 <page_scan_rx_fhs_cb+0x2e>
	{
		if (pkt->bb_hdr.type != BB_TYPE_FHS)
    72ca:	7e41      	ldrb	r1, [r0, #25]
    72cc:	2902      	cmp	r1, #2
    72ce:	d025      	beq.n	731c <page_scan_rx_fhs_cb+0x68>
		{
			cprintf("(bad type %d)", pkt->bb_hdr.type);
    72d0:	4829      	ldr	r0, [pc, #164]	@ (7378 <page_scan_rx_fhs_cb+0xc4>)
    72d2:	f7fe fe39 	bl	5f48 <cprintf>
    72d6:	4620      	mov	r0, r4
    72d8:	f7fe fce2 	bl	5ca0 <mem_pool_free>
		page_scan_schedule(0);
	}
end:
	msg_free(msg);
	return 0;
}
    72dc:	2000      	movs	r0, #0
    72de:	b004      	add	sp, #16
    72e0:	bd10      	pop	{r4, pc}
	}
}

static void page_scan_schedule(unsigned delay)
{
	if (MASTER_CLKN >= page_scan_state.clkn_start + PAGE_SCAN_MAX_TICKS)
    72e2:	4b26      	ldr	r3, [pc, #152]	@ (737c <page_scan_rx_fhs_cb+0xc8>)
    72e4:	4926      	ldr	r1, [pc, #152]	@ (7380 <page_scan_rx_fhs_cb+0xcc>)
    72e6:	691b      	ldr	r3, [r3, #16]
    72e8:	6889      	ldr	r1, [r1, #8]
    72ea:	f503 333b 	add.w	r3, r3, #191488	@ 0x2ec00
    72ee:	f503 7300 	add.w	r3, r3, #512	@ 0x200
    72f2:	4299      	cmp	r1, r3
    72f4:	d235      	bcs.n	7362 <page_scan_rx_fhs_cb+0xae>
	{
		cprintf("page scan timeout\n");
		btctl_set_state(BTCTL_STATE_STANDBY, BTCTL_REASON_TIMEOUT);
		return;
	}
	scan_task_schedule(delay, page_scan_rx_id_cb, NULL);
    72f6:	4610      	mov	r0, r2
    72f8:	4922      	ldr	r1, [pc, #136]	@ (7384 <page_scan_rx_fhs_cb+0xd0>)
    72fa:	f7ff ffa3 	bl	7244 <scan_task_schedule>
    72fe:	4620      	mov	r0, r4
    7300:	f7fe fcce 	bl	5ca0 <mem_pool_free>
}
    7304:	2000      	movs	r0, #0
    7306:	b004      	add	sp, #16
    7308:	bd10      	pop	{r4, pc}
		cprintf("page scan canceled\n");
    730a:	481f      	ldr	r0, [pc, #124]	@ (7388 <page_scan_rx_fhs_cb+0xd4>)
    730c:	f7fe fe1c 	bl	5f48 <cprintf>
    7310:	4620      	mov	r0, r4
    7312:	f7fe fcc5 	bl	5ca0 <mem_pool_free>
}
    7316:	2000      	movs	r0, #0
    7318:	b004      	add	sp, #16
    731a:	bd10      	pop	{r4, pc}
		bbpkt_decode_fhs(pkt->bt_data, &page_scan_state.fhs_info);
    731c:	4917      	ldr	r1, [pc, #92]	@ (737c <page_scan_rx_fhs_cb+0xc8>)
    731e:	301c      	adds	r0, #28
    7320:	f7fd fd2c 	bl	4d7c <bbpkt_decode_fhs>
		tx_task_schedule(3&(TX_PREPARE_IDX-CUR_SLAVE_SLOT_IDX()),
    7324:	2300      	movs	r3, #0
				 + (btphy.slave_clkn-pkt->clkn);
    7326:	f8df c064 	ldr.w	ip, [pc, #100]	@ 738c <page_scan_rx_fhs_cb+0xd8>
		btphy.slave_clkn = (page_scan_state.fhs_info.clk27_2<<2)
    732a:	4a14      	ldr	r2, [pc, #80]	@ (737c <page_scan_rx_fhs_cb+0xc8>)
				 + (btphy.slave_clkn-pkt->clkn);
    732c:	f8d4 e010 	ldr.w	lr, [r4, #16]
		btphy.slave_clkn = (page_scan_state.fhs_info.clk27_2<<2)
    7330:	6890      	ldr	r0, [r2, #8]
    7332:	f8dc 2008 	ldr.w	r2, [ip, #8]
		tx_task_schedule(3&(TX_PREPARE_IDX-CUR_SLAVE_SLOT_IDX()),
    7336:	4916      	ldr	r1, [pc, #88]	@ (7390 <page_scan_rx_fhs_cb+0xdc>)
    7338:	eb02 0280 	add.w	r2, r2, r0, lsl #2
    733c:	f1c2 0001 	rsb	r0, r2, #1
    7340:	4470      	add	r0, lr
				 + (btphy.slave_clkn-pkt->clkn);
    7342:	eba2 020e 	sub.w	r2, r2, lr
		tx_task_schedule(3&(TX_PREPARE_IDX-CUR_SLAVE_SLOT_IDX()),
    7346:	9300      	str	r3, [sp, #0]
    7348:	f000 0003 	and.w	r0, r0, #3
		btphy.slave_clkn = (page_scan_state.fhs_info.clk27_2<<2)
    734c:	f8cc 2008 	str.w	r2, [ip, #8]
		tx_task_schedule(3&(TX_PREPARE_IDX-CUR_SLAVE_SLOT_IDX()),
    7350:	461a      	mov	r2, r3
    7352:	f000 f9fd 	bl	7750 <tx_task_schedule>
    7356:	4620      	mov	r0, r4
    7358:	f7fe fca2 	bl	5ca0 <mem_pool_free>
}
    735c:	2000      	movs	r0, #0
    735e:	b004      	add	sp, #16
    7360:	bd10      	pop	{r4, pc}
		cprintf("page scan timeout\n");
    7362:	480c      	ldr	r0, [pc, #48]	@ (7394 <page_scan_rx_fhs_cb+0xe0>)
    7364:	9203      	str	r2, [sp, #12]
    7366:	f7fe fdef 	bl	5f48 <cprintf>
		btctl_set_state(BTCTL_STATE_STANDBY, BTCTL_REASON_TIMEOUT);
    736a:	2101      	movs	r1, #1
    736c:	9803      	ldr	r0, [sp, #12]
    736e:	f7fd faeb 	bl	4948 <btctl_set_state>
		return;
    7372:	e7b0      	b.n	72d6 <page_scan_rx_fhs_cb+0x22>
    7374:	100002b8 	.word	0x100002b8
    7378:	0000b3a8 	.word	0x0000b3a8
    737c:	10001bf0 	.word	0x10001bf0
    7380:	40008000 	.word	0x40008000
    7384:	00007399 	.word	0x00007399
    7388:	0000b394 	.word	0x0000b394
    738c:	10002198 	.word	0x10002198
    7390:	00007285 	.word	0x00007285
    7394:	0000b3b8 	.word	0x0000b3b8

00007398 <page_scan_rx_id_cb>:
{
    7398:	b500      	push	{lr}
    739a:	b085      	sub	sp, #20
    739c:	4b20      	ldr	r3, [pc, #128]	@ (7420 <page_scan_rx_id_cb+0x88>)
    739e:	4602      	mov	r2, r0
	if(page_scan_canceled())
    73a0:	781b      	ldrb	r3, [r3, #0]
    73a2:	2b05      	cmp	r3, #5
    73a4:	d12a      	bne.n	73fc <page_scan_rx_id_cb+0x64>
	if (sw_detected)
    73a6:	b978      	cbnz	r0, 73c8 <page_scan_rx_id_cb+0x30>
	if (MASTER_CLKN >= page_scan_state.clkn_start + PAGE_SCAN_MAX_TICKS)
    73a8:	4b1e      	ldr	r3, [pc, #120]	@ (7424 <page_scan_rx_id_cb+0x8c>)
    73aa:	491f      	ldr	r1, [pc, #124]	@ (7428 <page_scan_rx_id_cb+0x90>)
    73ac:	691b      	ldr	r3, [r3, #16]
    73ae:	6889      	ldr	r1, [r1, #8]
    73b0:	f503 333b 	add.w	r3, r3, #191488	@ 0x2ec00
    73b4:	f503 7300 	add.w	r3, r3, #512	@ 0x200
    73b8:	4299      	cmp	r1, r3
    73ba:	d225      	bcs.n	7408 <page_scan_rx_id_cb+0x70>
	scan_task_schedule(delay, page_scan_rx_id_cb, NULL);
    73bc:	491b      	ldr	r1, [pc, #108]	@ (742c <page_scan_rx_id_cb+0x94>)
}
    73be:	b005      	add	sp, #20
    73c0:	f85d eb04 	ldr.w	lr, [sp], #4
	scan_task_schedule(delay, page_scan_rx_id_cb, NULL);
    73c4:	f7ff bf3e 	b.w	7244 <scan_task_schedule>
		console_putc('!');
    73c8:	2021      	movs	r0, #33	@ 0x21
    73ca:	f7fe fd73 	bl	5eb4 <console_putc>
		tx_task_schedule(delay,
    73ce:	2200      	movs	r2, #0
		delay = 3&(TX_PREPARE_IDX-CUR_SLAVE_SLOT_IDX());
    73d0:	4b17      	ldr	r3, [pc, #92]	@ (7430 <page_scan_rx_id_cb+0x98>)
		tx_task_schedule(delay,
    73d2:	4611      	mov	r1, r2
		delay = 3&(TX_PREPARE_IDX-CUR_SLAVE_SLOT_IDX());
    73d4:	6898      	ldr	r0, [r3, #8]
		tx_task_schedule(delay,
    73d6:	4613      	mov	r3, r2
		delay = 3&(TX_PREPARE_IDX-CUR_SLAVE_SLOT_IDX());
    73d8:	f1c0 0001 	rsb	r0, r0, #1
    73dc:	f000 0003 	and.w	r0, r0, #3
		tx_task_schedule(delay,
    73e0:	9200      	str	r2, [sp, #0]
    73e2:	9003      	str	r0, [sp, #12]
    73e4:	f000 f9b4 	bl	7750 <tx_task_schedule>
		rx_task_schedule(delay+2,
    73e8:	2301      	movs	r3, #1
    73ea:	2200      	movs	r2, #0
    73ec:	9803      	ldr	r0, [sp, #12]
    73ee:	4911      	ldr	r1, [pc, #68]	@ (7434 <page_scan_rx_id_cb+0x9c>)
    73f0:	3002      	adds	r0, #2
}
    73f2:	b005      	add	sp, #20
    73f4:	f85d eb04 	ldr.w	lr, [sp], #4
		rx_task_schedule(delay+2,
    73f8:	f001 b89c 	b.w	8534 <rx_task_schedule>
		cprintf("page scan canceled\n");
    73fc:	480e      	ldr	r0, [pc, #56]	@ (7438 <page_scan_rx_id_cb+0xa0>)
}
    73fe:	b005      	add	sp, #20
    7400:	f85d eb04 	ldr.w	lr, [sp], #4
		cprintf("page scan canceled\n");
    7404:	f7fe bda0 	b.w	5f48 <cprintf>
    7408:	9003      	str	r0, [sp, #12]
		cprintf("page scan timeout\n");
    740a:	480c      	ldr	r0, [pc, #48]	@ (743c <page_scan_rx_id_cb+0xa4>)
    740c:	f7fe fd9c 	bl	5f48 <cprintf>
		btctl_set_state(BTCTL_STATE_STANDBY, BTCTL_REASON_TIMEOUT);
    7410:	2101      	movs	r1, #1
    7412:	9803      	ldr	r0, [sp, #12]
}
    7414:	b005      	add	sp, #20
    7416:	f85d eb04 	ldr.w	lr, [sp], #4
		btctl_set_state(BTCTL_STATE_STANDBY, BTCTL_REASON_TIMEOUT);
    741a:	f7fd ba95 	b.w	4948 <btctl_set_state>
    741e:	bf00      	nop
    7420:	100002b8 	.word	0x100002b8
    7424:	10001bf0 	.word	0x10001bf0
    7428:	40008000 	.word	0x40008000
    742c:	00007399 	.word	0x00007399
    7430:	10002198 	.word	0x10002198
    7434:	000072b5 	.word	0x000072b5
    7438:	0000b394 	.word	0x0000b394
    743c:	0000b3b8 	.word	0x0000b3b8

00007440 <page_scan_state_setup>:

/*
 * Page slave
 */
void page_scan_state_setup(void)
{
    7440:	b508      	push	{r3, lr}
	btphy_set_mode(BT_MODE_PAGE_SCAN, btphy.my_lap, btphy.my_uap);
    7442:	4b13      	ldr	r3, [pc, #76]	@ (7490 <page_scan_state_setup+0x50>)
    7444:	2003      	movs	r0, #3
    7446:	f893 2038 	ldrb.w	r2, [r3, #56]	@ 0x38
    744a:	6b59      	ldr	r1, [r3, #52]	@ 0x34
    744c:	f001 fbee 	bl	8c2c <btphy_set_mode>
	btctl_set_state(BTCTL_STATE_PAGE_SCAN, BTCTL_REASON_SUCCESS);
    7450:	2100      	movs	r1, #0
    7452:	2005      	movs	r0, #5
    7454:	f7fd fa78 	bl	4948 <btctl_set_state>
	page_scan_state.clkn_start = MASTER_CLKN+1;
    7458:	4a0e      	ldr	r2, [pc, #56]	@ (7494 <page_scan_state_setup+0x54>)
    745a:	480f      	ldr	r0, [pc, #60]	@ (7498 <page_scan_state_setup+0x58>)
    745c:	6893      	ldr	r3, [r2, #8]
	if (MASTER_CLKN >= page_scan_state.clkn_start + PAGE_SCAN_MAX_TICKS)
    745e:	6891      	ldr	r1, [r2, #8]
    7460:	f503 323b 	add.w	r2, r3, #191488	@ 0x2ec00
    7464:	f202 2201 	addw	r2, r2, #513	@ 0x201
	page_scan_state.clkn_start = MASTER_CLKN+1;
    7468:	3301      	adds	r3, #1
	if (MASTER_CLKN >= page_scan_state.clkn_start + PAGE_SCAN_MAX_TICKS)
    746a:	4291      	cmp	r1, r2
	page_scan_state.clkn_start = MASTER_CLKN+1;
    746c:	6103      	str	r3, [r0, #16]
	if (MASTER_CLKN >= page_scan_state.clkn_start + PAGE_SCAN_MAX_TICKS)
    746e:	d206      	bcs.n	747e <page_scan_state_setup+0x3e>
	page_scan_schedule(1);
}
    7470:	e8bd 4008 	ldmia.w	sp!, {r3, lr}
	scan_task_schedule(delay, page_scan_rx_id_cb, NULL);
    7474:	2200      	movs	r2, #0
    7476:	2001      	movs	r0, #1
    7478:	4908      	ldr	r1, [pc, #32]	@ (749c <page_scan_state_setup+0x5c>)
    747a:	f7ff bee3 	b.w	7244 <scan_task_schedule>
		cprintf("page scan timeout\n");
    747e:	4808      	ldr	r0, [pc, #32]	@ (74a0 <page_scan_state_setup+0x60>)
    7480:	f7fe fd62 	bl	5f48 <cprintf>
}
    7484:	e8bd 4008 	ldmia.w	sp!, {r3, lr}
		btctl_set_state(BTCTL_STATE_STANDBY, BTCTL_REASON_TIMEOUT);
    7488:	2101      	movs	r1, #1
    748a:	2000      	movs	r0, #0
    748c:	f7fd ba5c 	b.w	4948 <btctl_set_state>
    7490:	10002198 	.word	0x10002198
    7494:	40008000 	.word	0x40008000
    7498:	10001bf0 	.word	0x10001bf0
    749c:	00007399 	.word	0x00007399
    74a0:	0000b3b8 	.word	0x0000b3b8

000074a4 <tx_finalize>:
	return 0;
}

#define	TX_MAX_WAIT 1500
static int tx_finalize(uint8_t p1, uint8_t p2, uint16_t p3)
{
    74a4:	b538      	push	{r3, r4, r5, lr}
	/* Wait end of transmission .. */
	while (CLKN_OFFSET < TX_MAX_WAIT && (cc2400_get(FSMSTATE) & 0x1f) != STATE_STROBE_FS_ON);
    74a6:	f04f 2540 	mov.w	r5, #1073758208	@ 0x40004000
    74aa:	f240 54db 	movw	r4, #1499	@ 0x5db
    74ae:	e006      	b.n	74be <tx_finalize+0x1a>
    74b0:	200e      	movs	r0, #14
    74b2:	f002 faa3 	bl	99fc <cc2400_get>
    74b6:	f000 001f 	and.w	r0, r0, #31
    74ba:	280f      	cmp	r0, #15
    74bc:	d002      	beq.n	74c4 <tx_finalize+0x20>
    74be:	68ab      	ldr	r3, [r5, #8]
    74c0:	42a3      	cmp	r3, r4
    74c2:	d9f5      	bls.n	74b0 <tx_finalize+0xc>
	cc2400_strobe(SRFOFF);
    74c4:	2064      	movs	r0, #100	@ 0x64
    74c6:	f002 fb45 	bl	9b54 <cc2400_strobe>
	TXLED_CLR;
    74ca:	f44f 7180 	mov.w	r1, #256	@ 0x100
	RXLED_CLR;
    74ce:	2210      	movs	r2, #16
	TXLED_CLR;
    74d0:	4b08      	ldr	r3, [pc, #32]	@ (74f4 <tx_finalize+0x50>)
    74d2:	63d9      	str	r1, [r3, #60]	@ 0x3c
	RXLED_CLR;
    74d4:	63da      	str	r2, [r3, #60]	@ 0x3c
	SCHED_END_SET()
};

void tx_task_reset(void)
{
	btphy_rf_disable_int();
    74d6:	f001 fe79 	bl	91cc <btphy_rf_disable_int>
	tx_task.user_hdr = NULL;
    74da:	2200      	movs	r2, #0
    74dc:	4b06      	ldr	r3, [pc, #24]	@ (74f8 <tx_finalize+0x54>)
	if(tx_task.cb)
    74de:	6819      	ldr	r1, [r3, #0]
	tx_task.user_hdr = NULL;
    74e0:	609a      	str	r2, [r3, #8]
	tx_task.user_data = NULL;
    74e2:	639a      	str	r2, [r3, #56]	@ 0x38
	tx_task.p = NULL;
    74e4:	f8c3 224c 	str.w	r2, [r3, #588]	@ 0x24c
	if(tx_task.cb)
    74e8:	b109      	cbz	r1, 74ee <tx_finalize+0x4a>
		tx_task.cb(tx_task.cb_arg);
    74ea:	6858      	ldr	r0, [r3, #4]
    74ec:	4788      	blx	r1
}
    74ee:	2000      	movs	r0, #0
    74f0:	bd38      	pop	{r3, r4, r5, pc}
    74f2:	bf00      	nop
    74f4:	2009c000 	.word	0x2009c000
    74f8:	10001c08 	.word	0x10001c08

000074fc <tx_prepare>:
{
    74fc:	b5f0      	push	{r4, r5, r6, r7, lr}
    74fe:	b083      	sub	sp, #12
#define CUR_MASTER_SLOT_IDX()	(btphy.master_clkn&3)
#define CUR_SLAVE_SLOT_IDX()	(btphy.slave_clkn&3)

static inline uint32_t btphy_cur_clkn(void)
{
	switch(btphy.mode)
    7500:	4e45      	ldr	r6, [pc, #276]	@ (7618 <tx_prepare+0x11c>)
    7502:	7833      	ldrb	r3, [r6, #0]
    7504:	2b03      	cmp	r3, #3
    7506:	d876      	bhi.n	75f6 <tx_prepare+0xfa>
    7508:	2b01      	cmp	r3, #1
    750a:	d979      	bls.n	7600 <tx_prepare+0x104>
	uint32_t tx_clkn = btphy_cur_clkn()+1;
    750c:	68b5      	ldr	r5, [r6, #8]
    750e:	3501      	adds	r5, #1
	chan = hop_channel(tx_clkn);
    7510:	4628      	mov	r0, r5
    7512:	f7ff fc89 	bl	6e28 <hop_channel>
	btphy_rf_tune_chan(2402+chan, 1);
    7516:	f600 1062 	addw	r0, r0, #2402	@ 0x962
    751a:	2101      	movs	r1, #1
    751c:	b280      	uxth	r0, r0
    751e:	f001 ff81 	bl	9424 <btphy_rf_tune_chan>
	cc2400_strobe(SFSON);
    7522:	2061      	movs	r0, #97	@ 0x61
    7524:	f002 fb16 	bl	9b54 <cc2400_strobe>
}

/* cc2400 configure for buffered tx */
static inline void btphy_rf_cfg_tx(void)
{
	cc2400_set(GRMDM,   0x0CE1);
    7528:	f640 41e1 	movw	r1, #3297	@ 0xce1
    752c:	2020      	movs	r0, #32
    752e:	f002 fa97 	bl	9a60 <cc2400_set>
	if (tx_task.user_hdr)
    7532:	4c3a      	ldr	r4, [pc, #232]	@ (761c <tx_prepare+0x120>)
	//      |  | |   |  +--------> CRC off
	//      |  | |   +-----------> sync word: 32 MSB bits of SYNC_WORD
	//      |  | +---------------> 1 preamble bytes of (0)1010101
	//      |  +-----------------> packet mode / sync word detection
	//      +--------------------> buffered mode
	cc2400_set(IOCFG, 0x170|(GIO_FIFO_EMPTY<<9));
    7534:	f644 5170 	movw	r1, #19824	@ 0x4d70
    7538:	2008      	movs	r0, #8
    753a:	f002 fa91 	bl	9a60 <cc2400_set>
	btphy_rf_fifo_write(btphy.chan_sw_hi, 4);
    753e:	2104      	movs	r1, #4
    7540:	4837      	ldr	r0, [pc, #220]	@ (7620 <tx_prepare+0x124>)
    7542:	f001 fef7 	bl	9334 <btphy_rf_fifo_write>
	if (tx_task.user_hdr)
    7546:	68a3      	ldr	r3, [r4, #8]
    7548:	2b00      	cmp	r3, #0
    754a:	d062      	beq.n	7612 <tx_prepare+0x116>
			btphy_whiten_seed(tx_clkn),
    754c:	4628      	mov	r0, r5
    754e:	f001 fb51 	bl	8bf4 <btphy_whiten_seed>
		uint8_t uap,
		int use_whiten,
		int rx_raw)
{
	codec->uap = uap;
	codec->use_whiten = use_whiten;
    7552:	2100      	movs	r1, #0
    7554:	2201      	movs	r2, #1
		bbcodec_init(&tx_task.codec,
    7556:	7e33      	ldrb	r3, [r6, #24]
    7558:	e9c4 2104 	strd	r2, r1, [r4, #16]
        return rev8_map[data];
    755c:	4a31      	ldr	r2, [pc, #196]	@ (7624 <tx_prepare+0x128>)
	codec->uap = uap;
    755e:	7323      	strb	r3, [r4, #12]
	codec->rx_raw = rx_raw;
	codec->crc_state = reverse8(uap)<<8;
    7560:	5cd3      	ldrb	r3, [r2, r3]
		memset(tx_task.air_data, 0, sizeof(tx_task.air_data));
    7562:	f104 0740 	add.w	r7, r4, #64	@ 0x40
    7566:	021b      	lsls	r3, r3, #8
    7568:	f44f 7203 	mov.w	r2, #524	@ 0x20c
	codec->crc_pos = 0;
	codec->whiten_state = whiten_init;
    756c:	7620      	strb	r0, [r4, #24]
    756e:	4638      	mov	r0, r7
	codec->t = NULL;
	codec->payload_length = 0;
    7570:	e9c4 1108 	strd	r1, r1, [r4, #32]
	codec->air_off_b = 0;
	codec->air_bytes = 0;
	codec->coded_total = 0;
    7574:	e9c4 110a 	strd	r1, r1, [r4, #40]	@ 0x28
	codec->crc_pos = 0;
    7578:	83a1      	strh	r1, [r4, #28]
	codec->air_off_b = 0;
    757a:	6321      	str	r1, [r4, #48]	@ 0x30
	codec->coded_pos = 0;
    757c:	6361      	str	r1, [r4, #52]	@ 0x34
	codec->crc_state = reverse8(uap)<<8;
    757e:	8363      	strh	r3, [r4, #26]
    7580:	f7fc fe1a 	bl	41b8 <memset>
		bbcodec_encode_header(&tx_task.codec, tx_task.air_data, tx_task.user_hdr, btphy.chan_trailer, tx_task.user_data);
    7584:	6ba0      	ldr	r0, [r4, #56]	@ 0x38
    7586:	f896 3028 	ldrb.w	r3, [r6, #40]	@ 0x28
    758a:	68a2      	ldr	r2, [r4, #8]
    758c:	4639      	mov	r1, r7
    758e:	9000      	str	r0, [sp, #0]
    7590:	f104 000c 	add.w	r0, r4, #12
    7594:	f7fd fce4 	bl	4f60 <bbcodec_encode_header>
		tx_task.data_size = tx_task.codec.air_bytes;
    7598:	6aa6      	ldr	r6, [r4, #40]	@ 0x28
		nslots = tx_task.codec.t->nslots;
    759a:	6a22      	ldr	r2, [r4, #32]
		if (tx_task.user_data)
    759c:	6ba3      	ldr	r3, [r4, #56]	@ 0x38
		tx_task.p = tx_task.air_data;
    759e:	f8c4 724c 	str.w	r7, [r4, #588]	@ 0x24c
		tx_task.data_size = tx_task.codec.air_bytes;
    75a2:	63e6      	str	r6, [r4, #60]	@ 0x3c
		nslots = tx_task.codec.t->nslots;
    75a4:	7815      	ldrb	r5, [r2, #0]
		if (tx_task.user_data)
    75a6:	2b00      	cmp	r3, #0
    75a8:	d031      	beq.n	760e <tx_prepare+0x112>
			bbcodec_encode_chunk(&tx_task.codec, tx_task.air_data, tx_task.user_hdr, tx_task.user_data);
    75aa:	f104 000c 	add.w	r0, r4, #12
    75ae:	4639      	mov	r1, r7
    75b0:	68a2      	ldr	r2, [r4, #8]
    75b2:	f7fd fd6b 	bl	508c <bbcodec_encode_chunk>
		len = MIN(32-4, tx_task.data_size);
    75b6:	6be6      	ldr	r6, [r4, #60]	@ 0x3c
		btphy_rf_fifo_write(tx_task.p, len);
    75b8:	f8d4 024c 	ldr.w	r0, [r4, #588]	@ 0x24c
		len = MIN(32-4, tx_task.data_size);
    75bc:	2e1c      	cmp	r6, #28
    75be:	bf28      	it	cs
    75c0:	261c      	movcs	r6, #28
		btphy_rf_fifo_write(tx_task.p, len);
    75c2:	4631      	mov	r1, r6
    75c4:	f001 feb6 	bl	9334 <btphy_rf_fifo_write>
		tx_task.p += len;
    75c8:	f8d4 224c 	ldr.w	r2, [r4, #588]	@ 0x24c
		tx_task.data_size -= len;
    75cc:	6be3      	ldr	r3, [r4, #60]	@ 0x3c
		tx_task.p += len;
    75ce:	4432      	add	r2, r6
		tx_task.data_size -= len;
    75d0:	1b9b      	subs	r3, r3, r6
	tdma_schedule(2*nslots, tx_finalize, 0, 0, 0, -3);
    75d2:	0068      	lsls	r0, r5, #1
		tx_task.p += len;
    75d4:	f8c4 224c 	str.w	r2, [r4, #588]	@ 0x24c
		tx_task.data_size -= len;
    75d8:	63e3      	str	r3, [r4, #60]	@ 0x3c
	tdma_schedule(2*nslots, tx_finalize, 0, 0, 0, -3);
    75da:	b2c0      	uxtb	r0, r0
    75dc:	2400      	movs	r4, #0
    75de:	f06f 0202 	mvn.w	r2, #2
    75e2:	4623      	mov	r3, r4
    75e4:	9201      	str	r2, [sp, #4]
    75e6:	4910      	ldr	r1, [pc, #64]	@ (7628 <tx_prepare+0x12c>)
    75e8:	4622      	mov	r2, r4
    75ea:	9400      	str	r4, [sp, #0]
    75ec:	f001 ff30 	bl	9450 <tdma_schedule>
}
    75f0:	4620      	mov	r0, r4
    75f2:	b003      	add	sp, #12
    75f4:	bdf0      	pop	{r4, r5, r6, r7, pc}
    75f6:	2b05      	cmp	r3, #5
    75f8:	d088      	beq.n	750c <tx_prepare+0x10>
	uint32_t tx_clkn = btphy_cur_clkn()+1;
    75fa:	6875      	ldr	r5, [r6, #4]
    75fc:	3501      	adds	r5, #1
	if (btphy.mode == BT_MODE_INQUIRY || btphy.mode == BT_MODE_PAGING)
    75fe:	e787      	b.n	7510 <tx_prepare+0x14>
    7600:	4a0a      	ldr	r2, [pc, #40]	@ (762c <tx_prepare+0x130>)
	uint32_t tx_clkn = btphy_cur_clkn()+1;
    7602:	6875      	ldr	r5, [r6, #4]
    7604:	7993      	ldrb	r3, [r2, #6]
    7606:	3501      	adds	r5, #1
    7608:	3301      	adds	r3, #1
    760a:	7193      	strb	r3, [r2, #6]
}
    760c:	e780      	b.n	7510 <tx_prepare+0x14>
    760e:	4638      	mov	r0, r7
    7610:	e7d4      	b.n	75bc <tx_prepare+0xc0>
    7612:	2002      	movs	r0, #2
    7614:	e7e2      	b.n	75dc <tx_prepare+0xe0>
    7616:	bf00      	nop
    7618:	10002198 	.word	0x10002198
    761c:	10001c08 	.word	0x10001c08
    7620:	100021c5 	.word	0x100021c5
    7624:	0000e7c0 	.word	0x0000e7c0
    7628:	000074a5 	.word	0x000074a5
    762c:	10001ad4 	.word	0x10001ad4

00007630 <tx_fifo_cb>:
{
    7630:	b510      	push	{r4, lr}
    7632:	b082      	sub	sp, #8
	if (tx_task.p == NULL)
    7634:	4c13      	ldr	r4, [pc, #76]	@ (7684 <tx_fifo_cb+0x54>)
    7636:	f8d4 024c 	ldr.w	r0, [r4, #588]	@ 0x24c
		DIE("No p in tx_fifo_cb (size %d)\n", tx_task.data_size);
    763a:	6be1      	ldr	r1, [r4, #60]	@ 0x3c
	if (tx_task.p == NULL)
    763c:	b1f8      	cbz	r0, 767e <tx_fifo_cb+0x4e>
	len = MIN(tx_task.data_size, PHY_FIFO_THRESHOLD); // (128usec of tx)
    763e:	2910      	cmp	r1, #16
    7640:	bf28      	it	cs
    7642:	2110      	movcs	r1, #16
	btphy_rf_fifo_write(tx_task.p, len);
    7644:	9101      	str	r1, [sp, #4]
    7646:	f001 fe75 	bl	9334 <btphy_rf_fifo_write>
	tx_task.p += len;
    764a:	f8d4 224c 	ldr.w	r2, [r4, #588]	@ 0x24c
	tx_task.data_size -= len;
    764e:	6be3      	ldr	r3, [r4, #60]	@ 0x3c
	tx_task.p += len;
    7650:	9901      	ldr	r1, [sp, #4]
    7652:	440a      	add	r2, r1
	tx_task.data_size -= len;
    7654:	1a5b      	subs	r3, r3, r1
	tx_task.p += len;
    7656:	f8c4 224c 	str.w	r2, [r4, #588]	@ 0x24c
	tx_task.data_size -= len;
    765a:	63e3      	str	r3, [r4, #60]	@ 0x3c
	if (tx_task.data_size == 0)
    765c:	b923      	cbnz	r3, 7668 <tx_fifo_cb+0x38>
}
    765e:	b002      	add	sp, #8
    7660:	e8bd 4010 	ldmia.w	sp!, {r4, lr}
		btphy_rf_disable_int();
    7664:	f001 bdb2 	b.w	91cc <btphy_rf_disable_int>
		bbcodec_encode_chunk(&tx_task.codec, tx_task.air_data, tx_task.user_hdr, tx_task.user_data);
    7668:	6ba3      	ldr	r3, [r4, #56]	@ 0x38
    766a:	68a2      	ldr	r2, [r4, #8]
    766c:	f104 0140 	add.w	r1, r4, #64	@ 0x40
    7670:	f104 000c 	add.w	r0, r4, #12
}
    7674:	b002      	add	sp, #8
    7676:	e8bd 4010 	ldmia.w	sp!, {r4, lr}
		bbcodec_encode_chunk(&tx_task.codec, tx_task.air_data, tx_task.user_hdr, tx_task.user_data);
    767a:	f7fd bd07 	b.w	508c <bbcodec_encode_chunk>
		DIE("No p in tx_fifo_cb (size %d)\n", tx_task.data_size);
    767e:	4802      	ldr	r0, [pc, #8]	@ (7688 <tx_fifo_cb+0x58>)
    7680:	f7fe fb72 	bl	5d68 <die>
    7684:	10001c08 	.word	0x10001c08
    7688:	0000b3cc 	.word	0x0000b3cc

0000768c <tx_execute>:
{
    768c:	b500      	push	{lr}
    768e:	b083      	sub	sp, #12
	if (!FS_TUNED())
    7690:	f002 fa18 	bl	9ac4 <cc2400_status>
    7694:	f010 0304 	ands.w	r3, r0, #4
    7698:	d028      	beq.n	76ec <tx_execute+0x60>
	cc2400_strobe(STX);
    769a:	2063      	movs	r0, #99	@ 0x63
    769c:	f002 fa5a 	bl	9b54 <cc2400_strobe>
	TXLED_SET;
    76a0:	f44f 7180 	mov.w	r1, #256	@ 0x100
	if (tx_task.data_size)
    76a4:	4b1e      	ldr	r3, [pc, #120]	@ (7720 <tx_execute+0x94>)
    76a6:	4a1f      	ldr	r2, [pc, #124]	@ (7724 <tx_execute+0x98>)
    76a8:	6bdb      	ldr	r3, [r3, #60]	@ 0x3c
    76aa:	6391      	str	r1, [r2, #56]	@ 0x38
    76ac:	b9a3      	cbnz	r3, 76d8 <tx_execute+0x4c>
    76ae:	4b1e      	ldr	r3, [pc, #120]	@ (7728 <tx_execute+0x9c>)
    76b0:	781a      	ldrb	r2, [r3, #0]
    76b2:	2a03      	cmp	r2, #3
    76b4:	d807      	bhi.n	76c6 <tx_execute+0x3a>
    76b6:	2a01      	cmp	r2, #1
    76b8:	d907      	bls.n	76ca <tx_execute+0x3e>
	if (btphy_cur_clkn() & 1)
    76ba:	689a      	ldr	r2, [r3, #8]
    76bc:	07d1      	lsls	r1, r2, #31
    76be:	d42d      	bmi.n	771c <tx_execute+0x90>
}
    76c0:	2000      	movs	r0, #0
    76c2:	b003      	add	sp, #12
    76c4:	bd00      	pop	{pc}
    76c6:	2a05      	cmp	r2, #5
    76c8:	d0f7      	beq.n	76ba <tx_execute+0x2e>
	if (btphy_cur_clkn() & 1)
    76ca:	685a      	ldr	r2, [r3, #4]
    76cc:	07d2      	lsls	r2, r2, #31
    76ce:	d5f7      	bpl.n	76c0 <tx_execute+0x34>
	case BT_MODE_INQUIRY_SCAN:
	case BT_MODE_PAGE_SCAN:
	case BT_MODE_SLAVE:
		return btphy.slave_clkn;
	default:
		return btphy.master_clkn;
    76d0:	6859      	ldr	r1, [r3, #4]
		DIE("txe: wrong clkn %x", btphy_cur_clkn());
    76d2:	4816      	ldr	r0, [pc, #88]	@ (772c <tx_execute+0xa0>)
    76d4:	f7fe fb48 	bl	5d68 <die>
		btphy_rf_enable_int(tx_fifo_cb, NULL, 1);
    76d8:	2201      	movs	r2, #1
    76da:	2100      	movs	r1, #0
    76dc:	4814      	ldr	r0, [pc, #80]	@ (7730 <tx_execute+0xa4>)
    76de:	f001 fd41 	bl	9164 <btphy_rf_enable_int>
	switch(btphy.mode)
    76e2:	4b11      	ldr	r3, [pc, #68]	@ (7728 <tx_execute+0x9c>)
    76e4:	781a      	ldrb	r2, [r3, #0]
    76e6:	2a03      	cmp	r2, #3
    76e8:	d8ed      	bhi.n	76c6 <tx_execute+0x3a>
    76ea:	e7e4      	b.n	76b6 <tx_execute+0x2a>
		cprintf("TX: RF not FS_ON\n");
    76ec:	4811      	ldr	r0, [pc, #68]	@ (7734 <tx_execute+0xa8>)
    76ee:	9301      	str	r3, [sp, #4]
    76f0:	f7fe fc2a 	bl	5f48 <cprintf>
	btphy_rf_disable_int();
    76f4:	f001 fd6a 	bl	91cc <btphy_rf_disable_int>
	tx_task.user_hdr = NULL;
    76f8:	9b01      	ldr	r3, [sp, #4]
    76fa:	4a09      	ldr	r2, [pc, #36]	@ (7720 <tx_execute+0x94>)
	cc2400_strobe(SRFOFF);
    76fc:	2064      	movs	r0, #100	@ 0x64
    76fe:	6093      	str	r3, [r2, #8]
	tx_task.user_data = NULL;
    7700:	6393      	str	r3, [r2, #56]	@ 0x38
	tx_task.p = NULL;
    7702:	f8c2 324c 	str.w	r3, [r2, #588]	@ 0x24c
    7706:	f002 fa25 	bl	9b54 <cc2400_strobe>
	TXLED_CLR;
    770a:	f44f 7180 	mov.w	r1, #256	@ 0x100
	RXLED_CLR;
    770e:	2210      	movs	r2, #16
}
    7710:	2000      	movs	r0, #0
	TXLED_CLR;
    7712:	4b04      	ldr	r3, [pc, #16]	@ (7724 <tx_execute+0x98>)
    7714:	63d9      	str	r1, [r3, #60]	@ 0x3c
	RXLED_CLR;
    7716:	63da      	str	r2, [r3, #60]	@ 0x3c
    7718:	b003      	add	sp, #12
    771a:	bd00      	pop	{pc}
		return btphy.slave_clkn;
    771c:	6899      	ldr	r1, [r3, #8]
    771e:	e7d8      	b.n	76d2 <tx_execute+0x46>
    7720:	10001c08 	.word	0x10001c08
    7724:	2009c000 	.word	0x2009c000
    7728:	10002198 	.word	0x10002198
    772c:	0000b404 	.word	0x0000b404
    7730:	00007631 	.word	0x00007631
    7734:	0000b3f0 	.word	0x0000b3f0

00007738 <tx_task_reset>:
{
    7738:	b508      	push	{r3, lr}
	btphy_rf_disable_int();
    773a:	f001 fd47 	bl	91cc <btphy_rf_disable_int>
	tx_task.user_hdr = NULL;
    773e:	2200      	movs	r2, #0
    7740:	4b02      	ldr	r3, [pc, #8]	@ (774c <tx_task_reset+0x14>)
    7742:	609a      	str	r2, [r3, #8]
	tx_task.user_data = NULL;
    7744:	639a      	str	r2, [r3, #56]	@ 0x38
	tx_task.p = NULL;
    7746:	f8c3 224c 	str.w	r2, [r3, #588]	@ 0x24c
}
    774a:	bd08      	pop	{r3, pc}
    774c:	10001c08 	.word	0x10001c08

00007750 <tx_task_schedule>:

void tx_task_schedule(unsigned delay, tx_task_cb_t cb, void*cbarg, bbhdr_t *hdr, uint8_t *data)
{
    7750:	b510      	push	{r4, lr}
	unsigned bitsize = 0;
	if (tx_task.user_hdr)
    7752:	f8df c02c 	ldr.w	ip, [pc, #44]	@ 7780 <tx_task_schedule+0x30>
{
    7756:	4614      	mov	r4, r2
	if (tx_task.user_hdr)
    7758:	f8dc 2008 	ldr.w	r2, [ip, #8]
{
    775c:	f8dd e008 	ldr.w	lr, [sp, #8]
	if (tx_task.user_hdr)
    7760:	b95a      	cbnz	r2, 777a <tx_task_schedule+0x2a>
		DIE("txs: already got pkt");
	tx_task.cb = cb;
	tx_task.cb_arg = cbarg;
    7762:	e9cc 1400 	strd	r1, r4, [ip]
	tx_task.user_hdr = hdr;
	tx_task.user_data = data;
    7766:	f8cc e038 	str.w	lr, [ip, #56]	@ 0x38
	tdma_schedule_set(delay, tx_sched_set, 0);
    776a:	4906      	ldr	r1, [pc, #24]	@ (7784 <tx_task_schedule+0x34>)
    776c:	b2c0      	uxtb	r0, r0
}
    776e:	e8bd 4010 	ldmia.w	sp!, {r4, lr}
	tx_task.user_hdr = hdr;
    7772:	f8cc 3008 	str.w	r3, [ip, #8]
	tdma_schedule_set(delay, tx_sched_set, 0);
    7776:	f001 bea3 	b.w	94c0 <tdma_schedule_set>
		DIE("txs: already got pkt");
    777a:	4803      	ldr	r0, [pc, #12]	@ (7788 <tx_task_schedule+0x38>)
    777c:	f7fe faf4 	bl	5d68 <die>
    7780:	10001c08 	.word	0x10001c08
    7784:	0000e8c0 	.word	0x0000e8c0
    7788:	0000b41c 	.word	0x0000b41c

0000778c <start_monitor2>:
{
	return btctl_get_state() != BTCTL_STATE_PAGE_SCAN;
}

static int start_monitor2(uint8_t p1, uint8_t p2, uint16_t p3)
{
    778c:	b510      	push	{r4, lr}
    778e:	b082      	sub	sp, #8
	cprintf("fhs: ba=%llx clk27_2=%x lta=%d\n",
    7790:	4c08      	ldr	r4, [pc, #32]	@ (77b4 <start_monitor2+0x28>)
    7792:	4809      	ldr	r0, [pc, #36]	@ (77b8 <start_monitor2+0x2c>)
    7794:	7b22      	ldrb	r2, [r4, #12]
    7796:	68a3      	ldr	r3, [r4, #8]
    7798:	e9cd 3200 	strd	r3, r2, [sp]
    779c:	e9d4 2300 	ldrd	r2, r3, [r4]
    77a0:	f7fe fbd2 	bl	5f48 <cprintf>
		monitor1_state.fhs_info.bdaddr,
		monitor1_state.fhs_info.clk27_2,
		monitor1_state.fhs_info.lt_addr);

	monitor2_state_init(monitor1_state.fhs_info.bdaddr);
    77a4:	e9d4 0100 	ldrd	r0, r1, [r4]
    77a8:	f001 fca0 	bl	90ec <monitor2_state_init>
	return 0;
}
    77ac:	2000      	movs	r0, #0
    77ae:	b002      	add	sp, #8
    77b0:	bd10      	pop	{r4, pc}
    77b2:	bf00      	nop
    77b4:	10001e58 	.word	0x10001e58
    77b8:	0000b374 	.word	0x0000b374

000077bc <monitor1_rx_fhs_cb>:

/* RX FHS cb */
static int monitor1_rx_fhs_cb(msg_t *msg, void *arg, int time_offset)
{
    77bc:	b530      	push	{r4, r5, lr}
    77be:	b085      	sub	sp, #20
    77c0:	4d2e      	ldr	r5, [pc, #184]	@ (787c <monitor1_rx_fhs_cb+0xc0>)
    77c2:	4604      	mov	r4, r0
	btctl_hdr_t *h = (btctl_hdr_t*)msg->data;
	btctl_rx_pkt_t *pkt;

	if (monitor1_canceled())
    77c4:	782b      	ldrb	r3, [r5, #0]
    77c6:	2b05      	cmp	r3, #5
    77c8:	d126      	bne.n	7818 <monitor1_rx_fhs_cb+0x5c>
	{
		cprintf("monitor1 canceled\n");
		goto end;
	}
	pkt = (btctl_rx_pkt_t *)h->data;
	if (BBPKT_GOOD_CRC(pkt))
    77ca:	7d43      	ldrb	r3, [r0, #21]
    77cc:	071a      	lsls	r2, r3, #28
    77ce:	d50b      	bpl.n	77e8 <monitor1_rx_fhs_cb+0x2c>
	{
		if (pkt->bb_hdr.type != BB_TYPE_FHS)
    77d0:	7e41      	ldrb	r1, [r0, #25]
    77d2:	2902      	cmp	r1, #2
    77d4:	d02c      	beq.n	7830 <monitor1_rx_fhs_cb+0x74>
		{
			cprintf("(bad type %d)", pkt->bb_hdr.type);
    77d6:	482a      	ldr	r0, [pc, #168]	@ (7880 <monitor1_rx_fhs_cb+0xc4>)
    77d8:	f7fe fbb6 	bl	5f48 <cprintf>
    77dc:	4620      	mov	r0, r4
    77de:	f7fe fa5f 	bl	5ca0 <mem_pool_free>
	}
end:
	msg_free(msg);
end_nofree:
	return 0;
}
    77e2:	2000      	movs	r0, #0
    77e4:	b005      	add	sp, #20
    77e6:	bd30      	pop	{r4, r5, pc}
		if (BBPKT_HAS_HDR(pkt) && pkt->bb_hdr.type)
    77e8:	079b      	lsls	r3, r3, #30
    77ea:	d505      	bpl.n	77f8 <monitor1_rx_fhs_cb+0x3c>
    77ec:	7e40      	ldrb	r0, [r0, #25]
    77ee:	b118      	cbz	r0, 77f8 <monitor1_rx_fhs_cb+0x3c>
			console_putc('0'+pkt->bb_hdr.type);
    77f0:	3030      	adds	r0, #48	@ 0x30
    77f2:	b2c0      	uxtb	r0, r0
    77f4:	f7fe fb5e 	bl	5eb4 <console_putc>
	}
}

static void monitor1_schedule(unsigned delay)
{
	if (MASTER_CLKN >= monitor1_state.clkn_start + PAGE_SCAN_MAX_TICKS)
    77f8:	4b22      	ldr	r3, [pc, #136]	@ (7884 <monitor1_rx_fhs_cb+0xc8>)
    77fa:	4a23      	ldr	r2, [pc, #140]	@ (7888 <monitor1_rx_fhs_cb+0xcc>)
    77fc:	691b      	ldr	r3, [r3, #16]
    77fe:	6892      	ldr	r2, [r2, #8]
    7800:	f503 333b 	add.w	r3, r3, #191488	@ 0x2ec00
    7804:	f503 7300 	add.w	r3, r3, #512	@ 0x200
    7808:	429a      	cmp	r2, r3
    780a:	d209      	bcs.n	7820 <monitor1_rx_fhs_cb+0x64>
	{
		cprintf("monitor1 timeout\n");
		btctl_set_state(BTCTL_STATE_STANDBY, BTCTL_REASON_TIMEOUT);
		return;
	}
	scan_task_schedule(delay, monitor1_rx_id_cb, NULL);
    780c:	2200      	movs	r2, #0
    780e:	491f      	ldr	r1, [pc, #124]	@ (788c <monitor1_rx_fhs_cb+0xd0>)
    7810:	4610      	mov	r0, r2
    7812:	f7ff fd17 	bl	7244 <scan_task_schedule>
    7816:	e7e1      	b.n	77dc <monitor1_rx_fhs_cb+0x20>
		cprintf("monitor1 canceled\n");
    7818:	481d      	ldr	r0, [pc, #116]	@ (7890 <monitor1_rx_fhs_cb+0xd4>)
    781a:	f7fe fb95 	bl	5f48 <cprintf>
		goto end;
    781e:	e7dd      	b.n	77dc <monitor1_rx_fhs_cb+0x20>
		cprintf("monitor1 timeout\n");
    7820:	481c      	ldr	r0, [pc, #112]	@ (7894 <monitor1_rx_fhs_cb+0xd8>)
    7822:	f7fe fb91 	bl	5f48 <cprintf>
		btctl_set_state(BTCTL_STATE_STANDBY, BTCTL_REASON_TIMEOUT);
    7826:	2101      	movs	r1, #1
    7828:	2000      	movs	r0, #0
    782a:	f7fd f88d 	bl	4948 <btctl_set_state>
		return;
    782e:	e7d5      	b.n	77dc <monitor1_rx_fhs_cb+0x20>
		bbpkt_decode_fhs(pkt->bt_data, &monitor1_state.fhs_info);
    7830:	4914      	ldr	r1, [pc, #80]	@ (7884 <monitor1_rx_fhs_cb+0xc8>)
    7832:	301c      	adds	r0, #28
    7834:	f7fd faa2 	bl	4d7c <bbpkt_decode_fhs>
		tdma_schedule(1, start_monitor2, 0, 0, 0, -3);
    7838:	f06f 0202 	mvn.w	r2, #2
    783c:	2300      	movs	r3, #0
		btphy.slave_clkn = (monitor1_state.fhs_info.clk27_2<<2)
    783e:	4911      	ldr	r1, [pc, #68]	@ (7884 <monitor1_rx_fhs_cb+0xc8>)
		tdma_schedule(1, start_monitor2, 0, 0, 0, -3);
    7840:	9201      	str	r2, [sp, #4]
		btphy.slave_clkn = (monitor1_state.fhs_info.clk27_2<<2)
    7842:	4815      	ldr	r0, [pc, #84]	@ (7898 <monitor1_rx_fhs_cb+0xdc>)
    7844:	6889      	ldr	r1, [r1, #8]
		tdma_schedule(1, start_monitor2, 0, 0, 0, -3);
    7846:	9300      	str	r3, [sp, #0]
				 + (btphy.slave_clkn-pkt->clkn);
    7848:	6882      	ldr	r2, [r0, #8]
    784a:	eb02 0281 	add.w	r2, r2, r1, lsl #2
    784e:	6921      	ldr	r1, [r4, #16]
    7850:	1a52      	subs	r2, r2, r1
		btphy.slave_clkn = (monitor1_state.fhs_info.clk27_2<<2)
    7852:	6082      	str	r2, [r0, #8]
		tdma_schedule(1, start_monitor2, 0, 0, 0, -3);
    7854:	4911      	ldr	r1, [pc, #68]	@ (789c <monitor1_rx_fhs_cb+0xe0>)
    7856:	461a      	mov	r2, r3
    7858:	2001      	movs	r0, #1
    785a:	f001 fdf9 	bl	9450 <tdma_schedule>
	__asm__ __volatile__ (
    785e:	f3ef 8310 	mrs	r3, PRIMASK
    7862:	b672      	cpsid	i
	rc = msg_enqueue(q, msg);
    7864:	4621      	mov	r1, r4
    7866:	f105 002c 	add.w	r0, r5, #44	@ 0x2c
    786a:	9303      	str	r3, [sp, #12]
    786c:	f7ff f9bc 	bl	6be8 <msg_enqueue>
	__asm__ __volatile__ (
    7870:	9b03      	ldr	r3, [sp, #12]
    7872:	f383 8810 	msr	PRIMASK, r3
}
    7876:	2000      	movs	r0, #0
    7878:	b005      	add	sp, #20
    787a:	bd30      	pop	{r4, r5, pc}
    787c:	100002b8 	.word	0x100002b8
    7880:	0000b3a8 	.word	0x0000b3a8
    7884:	10001e58 	.word	0x10001e58
    7888:	40008000 	.word	0x40008000
    788c:	000078a1 	.word	0x000078a1
    7890:	0000b438 	.word	0x0000b438
    7894:	0000b44c 	.word	0x0000b44c
    7898:	10002198 	.word	0x10002198
    789c:	0000778d 	.word	0x0000778d

000078a0 <monitor1_rx_id_cb>:
{
    78a0:	b500      	push	{lr}
    78a2:	b085      	sub	sp, #20
	return btctl.state;
    78a4:	4b20      	ldr	r3, [pc, #128]	@ (7928 <monitor1_rx_id_cb+0x88>)
    78a6:	4602      	mov	r2, r0
	if(monitor1_canceled())
    78a8:	781b      	ldrb	r3, [r3, #0]
    78aa:	2b05      	cmp	r3, #5
    78ac:	d12a      	bne.n	7904 <monitor1_rx_id_cb+0x64>
	if (sw_detected)
    78ae:	b978      	cbnz	r0, 78d0 <monitor1_rx_id_cb+0x30>
	if (MASTER_CLKN >= monitor1_state.clkn_start + PAGE_SCAN_MAX_TICKS)
    78b0:	4b1e      	ldr	r3, [pc, #120]	@ (792c <monitor1_rx_id_cb+0x8c>)
    78b2:	491f      	ldr	r1, [pc, #124]	@ (7930 <monitor1_rx_id_cb+0x90>)
    78b4:	691b      	ldr	r3, [r3, #16]
    78b6:	6889      	ldr	r1, [r1, #8]
    78b8:	f503 333b 	add.w	r3, r3, #191488	@ 0x2ec00
    78bc:	f503 7300 	add.w	r3, r3, #512	@ 0x200
    78c0:	4299      	cmp	r1, r3
    78c2:	d225      	bcs.n	7910 <monitor1_rx_id_cb+0x70>
	scan_task_schedule(delay, monitor1_rx_id_cb, NULL);
    78c4:	491b      	ldr	r1, [pc, #108]	@ (7934 <monitor1_rx_id_cb+0x94>)
}
    78c6:	b005      	add	sp, #20
    78c8:	f85d eb04 	ldr.w	lr, [sp], #4
	scan_task_schedule(delay, monitor1_rx_id_cb, NULL);
    78cc:	f7ff bcba 	b.w	7244 <scan_task_schedule>
		console_putc('!');
    78d0:	2021      	movs	r0, #33	@ 0x21
    78d2:	f7fe faef 	bl	5eb4 <console_putc>
		tx_task_schedule(delay,
    78d6:	2200      	movs	r2, #0
		delay = 3&(TX_PREPARE_IDX-CUR_SLAVE_SLOT_IDX());
    78d8:	4b17      	ldr	r3, [pc, #92]	@ (7938 <monitor1_rx_id_cb+0x98>)
		tx_task_schedule(delay,
    78da:	4611      	mov	r1, r2
		delay = 3&(TX_PREPARE_IDX-CUR_SLAVE_SLOT_IDX());
    78dc:	6898      	ldr	r0, [r3, #8]
		tx_task_schedule(delay,
    78de:	4613      	mov	r3, r2
		delay = 3&(TX_PREPARE_IDX-CUR_SLAVE_SLOT_IDX());
    78e0:	f1c0 0001 	rsb	r0, r0, #1
    78e4:	f000 0003 	and.w	r0, r0, #3
		tx_task_schedule(delay,
    78e8:	9200      	str	r2, [sp, #0]
    78ea:	9003      	str	r0, [sp, #12]
    78ec:	f7ff ff30 	bl	7750 <tx_task_schedule>
		rx_task_schedule(delay+2,
    78f0:	2301      	movs	r3, #1
    78f2:	2200      	movs	r2, #0
    78f4:	9803      	ldr	r0, [sp, #12]
    78f6:	4911      	ldr	r1, [pc, #68]	@ (793c <monitor1_rx_id_cb+0x9c>)
    78f8:	3002      	adds	r0, #2
}
    78fa:	b005      	add	sp, #20
    78fc:	f85d eb04 	ldr.w	lr, [sp], #4
		rx_task_schedule(delay+2,
    7900:	f000 be18 	b.w	8534 <rx_task_schedule>
		cprintf("monitor1 canceled\n");
    7904:	480e      	ldr	r0, [pc, #56]	@ (7940 <monitor1_rx_id_cb+0xa0>)
}
    7906:	b005      	add	sp, #20
    7908:	f85d eb04 	ldr.w	lr, [sp], #4
		cprintf("monitor1 canceled\n");
    790c:	f7fe bb1c 	b.w	5f48 <cprintf>
    7910:	9003      	str	r0, [sp, #12]
		cprintf("monitor1 timeout\n");
    7912:	480c      	ldr	r0, [pc, #48]	@ (7944 <monitor1_rx_id_cb+0xa4>)
    7914:	f7fe fb18 	bl	5f48 <cprintf>
		btctl_set_state(BTCTL_STATE_STANDBY, BTCTL_REASON_TIMEOUT);
    7918:	2101      	movs	r1, #1
    791a:	9803      	ldr	r0, [sp, #12]
}
    791c:	b005      	add	sp, #20
    791e:	f85d eb04 	ldr.w	lr, [sp], #4
		btctl_set_state(BTCTL_STATE_STANDBY, BTCTL_REASON_TIMEOUT);
    7922:	f7fd b811 	b.w	4948 <btctl_set_state>
    7926:	bf00      	nop
    7928:	100002b8 	.word	0x100002b8
    792c:	10001e58 	.word	0x10001e58
    7930:	40008000 	.word	0x40008000
    7934:	000078a1 	.word	0x000078a1
    7938:	10002198 	.word	0x10002198
    793c:	000077bd 	.word	0x000077bd
    7940:	0000b438 	.word	0x0000b438
    7944:	0000b44c 	.word	0x0000b44c

00007948 <monitor1_state_setup>:
 * 3 - Receive FHS, do not send ID(3) (thats the trick!!)
 * 4 - Start hopping on piconet and wait for real connection to establish
 * 5 - Sniff all timeslots
 */
void monitor1_state_setup(uint64_t slave_bdaddr)
{
    7948:	b508      	push	{r3, lr}
	btphy_set_bdaddr(slave_bdaddr);
    794a:	f001 f9b9 	bl	8cc0 <btphy_set_bdaddr>
	btphy_set_mode(BT_MODE_PAGE_SCAN, btphy.my_lap, btphy.my_uap);
    794e:	4b13      	ldr	r3, [pc, #76]	@ (799c <monitor1_state_setup+0x54>)
    7950:	2003      	movs	r0, #3
    7952:	f893 2038 	ldrb.w	r2, [r3, #56]	@ 0x38
    7956:	6b59      	ldr	r1, [r3, #52]	@ 0x34
    7958:	f001 f968 	bl	8c2c <btphy_set_mode>
	btctl_set_state(BTCTL_STATE_PAGE_SCAN, BTCTL_REASON_SUCCESS);
    795c:	2100      	movs	r1, #0
    795e:	2005      	movs	r0, #5
    7960:	f7fc fff2 	bl	4948 <btctl_set_state>
	monitor1_state.clkn_start = MASTER_CLKN+1;
    7964:	4a0e      	ldr	r2, [pc, #56]	@ (79a0 <monitor1_state_setup+0x58>)
    7966:	480f      	ldr	r0, [pc, #60]	@ (79a4 <monitor1_state_setup+0x5c>)
    7968:	6893      	ldr	r3, [r2, #8]
	if (MASTER_CLKN >= monitor1_state.clkn_start + PAGE_SCAN_MAX_TICKS)
    796a:	6891      	ldr	r1, [r2, #8]
    796c:	f503 323b 	add.w	r2, r3, #191488	@ 0x2ec00
    7970:	f202 2201 	addw	r2, r2, #513	@ 0x201
	monitor1_state.clkn_start = MASTER_CLKN+1;
    7974:	3301      	adds	r3, #1
	if (MASTER_CLKN >= monitor1_state.clkn_start + PAGE_SCAN_MAX_TICKS)
    7976:	4291      	cmp	r1, r2
	monitor1_state.clkn_start = MASTER_CLKN+1;
    7978:	6103      	str	r3, [r0, #16]
	if (MASTER_CLKN >= monitor1_state.clkn_start + PAGE_SCAN_MAX_TICKS)
    797a:	d206      	bcs.n	798a <monitor1_state_setup+0x42>
	monitor1_schedule(1);
}
    797c:	e8bd 4008 	ldmia.w	sp!, {r3, lr}
	scan_task_schedule(delay, monitor1_rx_id_cb, NULL);
    7980:	2200      	movs	r2, #0
    7982:	2001      	movs	r0, #1
    7984:	4908      	ldr	r1, [pc, #32]	@ (79a8 <monitor1_state_setup+0x60>)
    7986:	f7ff bc5d 	b.w	7244 <scan_task_schedule>
		cprintf("monitor1 timeout\n");
    798a:	4808      	ldr	r0, [pc, #32]	@ (79ac <monitor1_state_setup+0x64>)
    798c:	f7fe fadc 	bl	5f48 <cprintf>
}
    7990:	e8bd 4008 	ldmia.w	sp!, {r3, lr}
		btctl_set_state(BTCTL_STATE_STANDBY, BTCTL_REASON_TIMEOUT);
    7994:	2101      	movs	r1, #1
    7996:	2000      	movs	r0, #0
    7998:	f7fc bfd6 	b.w	4948 <btctl_set_state>
    799c:	10002198 	.word	0x10002198
    79a0:	40008000 	.word	0x40008000
    79a4:	10001e58 	.word	0x10001e58
    79a8:	000078a1 	.word	0x000078a1
    79ac:	0000b44c 	.word	0x0000b44c

000079b0 <inquiry_start_sync>:
		);
}

/* dummy tick handler to start TX'ing with a proper clock */
static int inquiry_start_sync(uint8_t p1, uint8_t p2, uint16_t p3)
{
    79b0:	b510      	push	{r4, lr}
    79b2:	b082      	sub	sp, #8
	unsigned delay;

	/* Use the master clkn */
	btphy_cancel_clkn_delay();
    79b4:	f001 f8f8 	bl	8ba8 <btphy_cancel_clkn_delay>
	delay = 4+(3&(TX_PREPARE_IDX-CUR_MASTER_SLOT_IDX()));
    79b8:	4b13      	ldr	r3, [pc, #76]	@ (7a08 <inquiry_start_sync+0x58>)
	inquiry_state.clkn_start = btphy.master_clkn+delay;
    79ba:	4914      	ldr	r1, [pc, #80]	@ (7a0c <inquiry_start_sync+0x5c>)
	delay = 4+(3&(TX_PREPARE_IDX-CUR_MASTER_SLOT_IDX()));
    79bc:	685a      	ldr	r2, [r3, #4]
    79be:	43d4      	mvns	r4, r2
    79c0:	f004 0403 	and.w	r4, r4, #3
    79c4:	1d20      	adds	r0, r4, #4
	inquiry_state.clkn_start = btphy.master_clkn+delay;
    79c6:	1813      	adds	r3, r2, r0
    79c8:	600b      	str	r3, [r1, #0]
	if (btphy.master_clkn >= inquiry_state.clkn_start + INQ_MAX_TICKS)
    79ca:	f503 333b 	add.w	r3, r3, #191488	@ 0x2ec00
    79ce:	f503 7300 	add.w	r3, r3, #512	@ 0x200
    79d2:	429a      	cmp	r2, r3
    79d4:	d20e      	bcs.n	79f4 <inquiry_start_sync+0x44>
	tx_task_schedule(delay,
    79d6:	2200      	movs	r2, #0
    79d8:	4613      	mov	r3, r2
    79da:	4611      	mov	r1, r2
    79dc:	9200      	str	r2, [sp, #0]
    79de:	f7ff feb7 	bl	7750 <tx_task_schedule>
	rx_task_schedule(delay+2,
    79e2:	1da0      	adds	r0, r4, #6
    79e4:	2301      	movs	r3, #1
    79e6:	2200      	movs	r2, #0
    79e8:	4909      	ldr	r1, [pc, #36]	@ (7a10 <inquiry_start_sync+0x60>)
    79ea:	f000 fda3 	bl	8534 <rx_task_schedule>
	inquiry_schedule(delay);
	return 0;
}
    79ee:	2000      	movs	r0, #0
    79f0:	b002      	add	sp, #8
    79f2:	bd10      	pop	{r4, pc}
		cprintf("inquiry timeout\n");
    79f4:	4807      	ldr	r0, [pc, #28]	@ (7a14 <inquiry_start_sync+0x64>)
    79f6:	f7fe faa7 	bl	5f48 <cprintf>
		btctl_set_state(BTCTL_STATE_STANDBY, BTCTL_REASON_TIMEOUT);
    79fa:	2101      	movs	r1, #1
    79fc:	2000      	movs	r0, #0
    79fe:	f7fc ffa3 	bl	4948 <btctl_set_state>
}
    7a02:	2000      	movs	r0, #0
    7a04:	b002      	add	sp, #8
    7a06:	bd10      	pop	{r4, pc}
    7a08:	10002198 	.word	0x10002198
    7a0c:	10001e70 	.word	0x10001e70
    7a10:	00007a19 	.word	0x00007a19
    7a14:	0000b460 	.word	0x0000b460

00007a18 <inquiry_rx_cb>:
{
    7a18:	b530      	push	{r4, r5, lr}
    7a1a:	b085      	sub	sp, #20
    7a1c:	4b3a      	ldr	r3, [pc, #232]	@ (7b08 <inquiry_rx_cb+0xf0>)
    7a1e:	4604      	mov	r4, r0
	if (inquiry_canceled())
    7a20:	781d      	ldrb	r5, [r3, #0]
    7a22:	2d01      	cmp	r5, #1
    7a24:	d152      	bne.n	7acc <inquiry_rx_cb+0xb4>
	if (h->type != BTCTL_RX_PKT)
    7a26:	7b03      	ldrb	r3, [r0, #12]
    7a28:	2b28      	cmp	r3, #40	@ 0x28
    7a2a:	d16a      	bne.n	7b02 <inquiry_rx_cb+0xea>
	if (!BBPKT_GOOD_CRC(pkt))
    7a2c:	7d42      	ldrb	r2, [r0, #21]
    7a2e:	f012 0208 	ands.w	r2, r2, #8
    7a32:	d02a      	beq.n	7a8a <inquiry_rx_cb+0x72>
		if (pkt->bb_hdr.type == BB_TYPE_FHS)
    7a34:	7e40      	ldrb	r0, [r0, #25]
    7a36:	2802      	cmp	r0, #2
    7a38:	d05d      	beq.n	7af6 <inquiry_rx_cb+0xde>
	if (btphy.master_clkn >= inquiry_state.clkn_start + INQ_MAX_TICKS)
    7a3a:	4b34      	ldr	r3, [pc, #208]	@ (7b0c <inquiry_rx_cb+0xf4>)
			inquiry_schedule(3&(TX_PREPARE_IDX-CUR_MASTER_SLOT_IDX()));
    7a3c:	4a34      	ldr	r2, [pc, #208]	@ (7b10 <inquiry_rx_cb+0xf8>)
	if (btphy.master_clkn >= inquiry_state.clkn_start + INQ_MAX_TICKS)
    7a3e:	681b      	ldr	r3, [r3, #0]
			inquiry_schedule(3&(TX_PREPARE_IDX-CUR_MASTER_SLOT_IDX()));
    7a40:	6850      	ldr	r0, [r2, #4]
	if (btphy.master_clkn >= inquiry_state.clkn_start + INQ_MAX_TICKS)
    7a42:	f503 333b 	add.w	r3, r3, #191488	@ 0x2ec00
    7a46:	f503 7300 	add.w	r3, r3, #512	@ 0x200
    7a4a:	4298      	cmp	r0, r3
    7a4c:	d243      	bcs.n	7ad6 <inquiry_rx_cb+0xbe>
	tx_task_schedule(delay,
    7a4e:	2200      	movs	r2, #0
			inquiry_schedule(3&(TX_PREPARE_IDX-CUR_MASTER_SLOT_IDX()));
    7a50:	43c0      	mvns	r0, r0
	tx_task_schedule(delay,
    7a52:	4613      	mov	r3, r2
    7a54:	4611      	mov	r1, r2
			inquiry_schedule(3&(TX_PREPARE_IDX-CUR_MASTER_SLOT_IDX()));
    7a56:	f000 0003 	and.w	r0, r0, #3
	tx_task_schedule(delay,
    7a5a:	9200      	str	r2, [sp, #0]
    7a5c:	9003      	str	r0, [sp, #12]
    7a5e:	f7ff fe77 	bl	7750 <tx_task_schedule>
	rx_task_schedule(delay+2,
    7a62:	9803      	ldr	r0, [sp, #12]
    7a64:	462b      	mov	r3, r5
    7a66:	2200      	movs	r2, #0
    7a68:	492a      	ldr	r1, [pc, #168]	@ (7b14 <inquiry_rx_cb+0xfc>)
    7a6a:	3002      	adds	r0, #2
    7a6c:	f000 fd62 	bl	8534 <rx_task_schedule>
	__asm__ __volatile__ (
    7a70:	f3ef 8510 	mrs	r5, PRIMASK
    7a74:	b672      	cpsid	i
	rc = msg_enqueue(q, msg);
    7a76:	4828      	ldr	r0, [pc, #160]	@ (7b18 <inquiry_rx_cb+0x100>)
    7a78:	4621      	mov	r1, r4
    7a7a:	f7ff f8b5 	bl	6be8 <msg_enqueue>
	__asm__ __volatile__ (
    7a7e:	f385 8810 	msr	PRIMASK, r5
		if (btctl_tx_enqueue(msg))
    7a82:	b328      	cbz	r0, 7ad0 <inquiry_rx_cb+0xb8>
			DIE("txq full in inquiry\n");
    7a84:	4825      	ldr	r0, [pc, #148]	@ (7b1c <inquiry_rx_cb+0x104>)
    7a86:	f7fe f96f 	bl	5d68 <die>
    7a8a:	9203      	str	r2, [sp, #12]
    7a8c:	f7fe f908 	bl	5ca0 <mem_pool_free>
	if (btphy.master_clkn >= inquiry_state.clkn_start + INQ_MAX_TICKS)
    7a90:	4b1e      	ldr	r3, [pc, #120]	@ (7b0c <inquiry_rx_cb+0xf4>)
		inquiry_schedule(3&(TX_PREPARE_IDX-CUR_MASTER_SLOT_IDX()));	// schedule tx in next slot
    7a92:	491f      	ldr	r1, [pc, #124]	@ (7b10 <inquiry_rx_cb+0xf8>)
	if (btphy.master_clkn >= inquiry_state.clkn_start + INQ_MAX_TICKS)
    7a94:	681b      	ldr	r3, [r3, #0]
		inquiry_schedule(3&(TX_PREPARE_IDX-CUR_MASTER_SLOT_IDX()));	// schedule tx in next slot
    7a96:	6848      	ldr	r0, [r1, #4]
	if (btphy.master_clkn >= inquiry_state.clkn_start + INQ_MAX_TICKS)
    7a98:	f503 333b 	add.w	r3, r3, #191488	@ 0x2ec00
    7a9c:	f503 7300 	add.w	r3, r3, #512	@ 0x200
    7aa0:	4298      	cmp	r0, r3
    7aa2:	9a03      	ldr	r2, [sp, #12]
    7aa4:	d21f      	bcs.n	7ae6 <inquiry_rx_cb+0xce>
		inquiry_schedule(3&(TX_PREPARE_IDX-CUR_MASTER_SLOT_IDX()));	// schedule tx in next slot
    7aa6:	43c0      	mvns	r0, r0
    7aa8:	f000 0403 	and.w	r4, r0, #3
	tx_task_schedule(delay,
    7aac:	4613      	mov	r3, r2
    7aae:	4611      	mov	r1, r2
    7ab0:	4620      	mov	r0, r4
    7ab2:	9200      	str	r2, [sp, #0]
    7ab4:	9203      	str	r2, [sp, #12]
    7ab6:	f7ff fe4b 	bl	7750 <tx_task_schedule>
	rx_task_schedule(delay+2,
    7aba:	1ca0      	adds	r0, r4, #2
    7abc:	462b      	mov	r3, r5
    7abe:	9a03      	ldr	r2, [sp, #12]
    7ac0:	4914      	ldr	r1, [pc, #80]	@ (7b14 <inquiry_rx_cb+0xfc>)
    7ac2:	f000 fd37 	bl	8534 <rx_task_schedule>
}
    7ac6:	2000      	movs	r0, #0
    7ac8:	b005      	add	sp, #20
    7aca:	bd30      	pop	{r4, r5, pc}
    7acc:	f7fe f8e8 	bl	5ca0 <mem_pool_free>
    7ad0:	2000      	movs	r0, #0
    7ad2:	b005      	add	sp, #20
    7ad4:	bd30      	pop	{r4, r5, pc}
		cprintf("inquiry timeout\n");
    7ad6:	4812      	ldr	r0, [pc, #72]	@ (7b20 <inquiry_rx_cb+0x108>)
    7ad8:	f7fe fa36 	bl	5f48 <cprintf>
		btctl_set_state(BTCTL_STATE_STANDBY, BTCTL_REASON_TIMEOUT);
    7adc:	4629      	mov	r1, r5
    7ade:	2000      	movs	r0, #0
    7ae0:	f7fc ff32 	bl	4948 <btctl_set_state>
		return;
    7ae4:	e7c4      	b.n	7a70 <inquiry_rx_cb+0x58>
		cprintf("inquiry timeout\n");
    7ae6:	480e      	ldr	r0, [pc, #56]	@ (7b20 <inquiry_rx_cb+0x108>)
    7ae8:	f7fe fa2e 	bl	5f48 <cprintf>
		btctl_set_state(BTCTL_STATE_STANDBY, BTCTL_REASON_TIMEOUT);
    7aec:	4629      	mov	r1, r5
    7aee:	9803      	ldr	r0, [sp, #12]
    7af0:	f7fc ff2a 	bl	4948 <btctl_set_state>
		return;
    7af4:	e7ec      	b.n	7ad0 <inquiry_rx_cb+0xb8>
			rx_task_schedule(2,
    7af6:	462b      	mov	r3, r5
    7af8:	2200      	movs	r2, #0
    7afa:	4906      	ldr	r1, [pc, #24]	@ (7b14 <inquiry_rx_cb+0xfc>)
    7afc:	f000 fd1a 	bl	8534 <rx_task_schedule>
    7b00:	e7b6      	b.n	7a70 <inquiry_rx_cb+0x58>
		DIE("paging : expect acl rx");
    7b02:	4808      	ldr	r0, [pc, #32]	@ (7b24 <inquiry_rx_cb+0x10c>)
    7b04:	f7fe f930 	bl	5d68 <die>
    7b08:	100002b8 	.word	0x100002b8
    7b0c:	10001e70 	.word	0x10001e70
    7b10:	10002198 	.word	0x10002198
    7b14:	00007a19 	.word	0x00007a19
    7b18:	100002e4 	.word	0x100002e4
    7b1c:	0000b490 	.word	0x0000b490
    7b20:	0000b460 	.word	0x0000b460
    7b24:	0000b474 	.word	0x0000b474

00007b28 <inquiry_state_setup>:

/*
 * Inquiry master
 */
void inquiry_state_setup(void)
{
    7b28:	b500      	push	{lr}
    7b2a:	b083      	sub	sp, #12
	/* Init only with the lap, DCI(0) is used as UAP */
	btphy_set_mode(BT_MODE_INQUIRY, GIAC, 0);
    7b2c:	2200      	movs	r2, #0
    7b2e:	490a      	ldr	r1, [pc, #40]	@ (7b58 <inquiry_state_setup+0x30>)
    7b30:	4610      	mov	r0, r2
    7b32:	f001 f87b 	bl	8c2c <btphy_set_mode>

	tdma_schedule(2, inquiry_start_sync, 0,0,0,-3);
    7b36:	2300      	movs	r3, #0
    7b38:	f06f 0202 	mvn.w	r2, #2
    7b3c:	4907      	ldr	r1, [pc, #28]	@ (7b5c <inquiry_state_setup+0x34>)
    7b3e:	9201      	str	r2, [sp, #4]
    7b40:	9300      	str	r3, [sp, #0]
    7b42:	461a      	mov	r2, r3
    7b44:	2002      	movs	r0, #2
    7b46:	f001 fc83 	bl	9450 <tdma_schedule>
	btctl_set_state(BTCTL_STATE_INQUIRY, BTCTL_REASON_SUCCESS);
    7b4a:	2100      	movs	r1, #0
    7b4c:	2001      	movs	r0, #1
}
    7b4e:	b003      	add	sp, #12
    7b50:	f85d eb04 	ldr.w	lr, [sp], #4
	btctl_set_state(BTCTL_STATE_INQUIRY, BTCTL_REASON_SUCCESS);
    7b54:	f7fc bef8 	b.w	4948 <btctl_set_state>
    7b58:	009e8b33 	.word	0x009e8b33
    7b5c:	000079b1 	.word	0x000079b1

00007b60 <rx_prepare>:
	rx_task.pkt_cb(msg, rx_task.cb_arg, rx_task.pkt_time-RF_EXPECTED_RX_CLKN_OFFSET);
}

// -1
static int rx_prepare(uint8_t p1, uint8_t p2, uint16_t p3)
{
    7b60:	b570      	push	{r4, r5, r6, lr}
	switch(btphy.mode)
    7b62:	4e3d      	ldr	r6, [pc, #244]	@ (7c58 <rx_prepare+0xf8>)
    7b64:	7833      	ldrb	r3, [r6, #0]
    7b66:	2b03      	cmp	r3, #3
    7b68:	d867      	bhi.n	7c3a <rx_prepare+0xda>
    7b6a:	2b01      	cmp	r3, #1
    7b6c:	d86a      	bhi.n	7c44 <rx_prepare+0xe4>
	uint8_t chan;
	uint32_t rx_clkn = btphy_cur_clkn()+1;
    7b6e:	6874      	ldr	r4, [r6, #4]
    7b70:	3401      	adds	r4, #1
	 * of the master / RX of the slave
	 * (Actually, rx_task in not used in mode INQUIRY_SCAN)
	 */
	if (btphy.mode == BT_MODE_PAGE_SCAN)
		hop_increment();
	chan = hop_channel(rx_clkn);
    7b72:	4620      	mov	r0, r4
    7b74:	f7ff f958 	bl	6e28 <hop_channel>
    7b78:	4605      	mov	r5, r0

	/* Tune to chan & start RX */
	//cprintf("tune rx %d\n", pkt->chan);
	btphy_rf_tune_chan(2402+chan, 0);
    7b7a:	f600 1062 	addw	r0, r0, #2402	@ 0x962
    7b7e:	2100      	movs	r1, #0
    7b80:	b280      	uxth	r0, r0
    7b82:	f001 fc4f 	bl	9424 <btphy_rf_tune_chan>
	/* Here i must strobe SRX before & after GRMDM cfg. why ? */
	cc2400_strobe(SFSON);
    7b86:	2061      	movs	r0, #97	@ 0x61
    7b88:	f001 ffe4 	bl	9b54 <cc2400_strobe>
	cc2400_set(GRMDM,   0x4E1|(rf_state.max_ac_errors<<13));
    7b8c:	f240 41e1 	movw	r1, #1249	@ 0x4e1
    7b90:	4b32      	ldr	r3, [pc, #200]	@ (7c5c <rx_prepare+0xfc>)
    7b92:	2020      	movs	r0, #32
    7b94:	885b      	ldrh	r3, [r3, #2]
    7b96:	ea41 3143 	orr.w	r1, r1, r3, lsl #13
    7b9a:	b289      	uxth	r1, r1
    7b9c:	f001 ff60 	bl	9a60 <cc2400_set>
	cc2400_set(IOCFG, 0x170|(GIO_PKT<<9));
    7ba0:	f44f 6157 	mov.w	r1, #3440	@ 0xd70
    7ba4:	2008      	movs	r0, #8
    7ba6:	f001 ff5b 	bl	9a60 <cc2400_set>
	cc2400_strobe(SRX);
    7baa:	2062      	movs	r0, #98	@ 0x62
    7bac:	f001 ffd2 	bl	9b54 <cc2400_strobe>
	RXLED_SET;
    7bb0:	2210      	movs	r2, #16
    7bb2:	4b2b      	ldr	r3, [pc, #172]	@ (7c60 <rx_prepare+0x100>)
	msg_t *msg = (msg_t*)btctl_mem_alloc(sizeof(msg_t)+size);
    7bb4:	f44f 70ba 	mov.w	r0, #372	@ 0x174
    7bb8:	639a      	str	r2, [r3, #56]	@ 0x38
    7bba:	f7fe f84d 	bl	5c58 <mem_pool_alloc>
    7bbe:	4603      	mov	r3, r0
	msg->write = msg->data;
    7bc0:	f100 020c 	add.w	r2, r0, #12
	msg->read = msg->data;
    7bc4:	6042      	str	r2, [r0, #4]
	msg->data_len = size;
    7bc6:	f44f 72b4 	mov.w	r2, #360	@ 0x168
	if (!(rx_task.rx_msg = btctl_msg_alloc(BTCTL_RX_PKT)))
		DIE("rx_prepare: no more buf");
	pkt = rx_task.rx_pkt = (btctl_rx_pkt_t*)msg_put(rx_task.rx_msg, sizeof(*rx_task.rx_pkt));

	/* Setup rx packet */
	pkt->chan = chan;
    7bca:	7505      	strb	r5, [r0, #20]
	hdr->type = type;
    7bcc:	2128      	movs	r1, #40	@ 0x28
	pkt->data_size = 0;
    7bce:	2500      	movs	r5, #0
	pkt->clkn = rx_clkn; // clkn at time of execute
    7bd0:	611c      	str	r4, [r3, #16]
	pkt->flags = 0;

	bbcodec_init(&rx_task.codec, btphy_whiten_seed(rx_clkn), btphy.chan_uap, 1, rx_task.rx_raw);
    7bd2:	4620      	mov	r0, r4
	if (!(rx_task.rx_msg = btctl_msg_alloc(BTCTL_RX_PKT)))
    7bd4:	4c23      	ldr	r4, [pc, #140]	@ (7c64 <rx_prepare+0x104>)
    7bd6:	805a      	strh	r2, [r3, #2]
        msg->write += len;
    7bd8:	f103 021c 	add.w	r2, r3, #28
    7bdc:	7319      	strb	r1, [r3, #12]
	pkt->data_size = 0;
    7bde:	759d      	strb	r5, [r3, #22]
    7be0:	75dd      	strb	r5, [r3, #23]
	pkt->flags = 0;
    7be2:	755d      	strb	r5, [r3, #21]
	if (!(rx_task.rx_msg = btctl_msg_alloc(BTCTL_RX_PKT)))
    7be4:	60a3      	str	r3, [r4, #8]
    7be6:	609a      	str	r2, [r3, #8]
    7be8:	3310      	adds	r3, #16
	pkt = rx_task.rx_pkt = (btctl_rx_pkt_t*)msg_put(rx_task.rx_msg, sizeof(*rx_task.rx_pkt));
    7bea:	60e3      	str	r3, [r4, #12]
	bbcodec_init(&rx_task.codec, btphy_whiten_seed(rx_clkn), btphy.chan_uap, 1, rx_task.rx_raw);
    7bec:	f001 f802 	bl	8bf4 <btphy_whiten_seed>
    7bf0:	f894 2256 	ldrb.w	r2, [r4, #598]	@ 0x256
	codec->payload_length = 0;
    7bf4:	2100      	movs	r1, #0
	codec->rx_raw = rx_raw;
    7bf6:	61a2      	str	r2, [r4, #24]
	codec->use_whiten = use_whiten;
    7bf8:	2201      	movs	r2, #1
	codec->whiten_state = whiten_init;
    7bfa:	7720      	strb	r0, [r4, #28]
	codec->payload_length = 0;
    7bfc:	2000      	movs	r0, #0
    7bfe:	7e33      	ldrb	r3, [r6, #24]
	codec->use_whiten = use_whiten;
    7c00:	6162      	str	r2, [r4, #20]
    7c02:	4a19      	ldr	r2, [pc, #100]	@ (7c68 <rx_prepare+0x108>)
	codec->uap = uap;
    7c04:	7423      	strb	r3, [r4, #16]
	codec->crc_state = reverse8(uap)<<8;
    7c06:	5cd3      	ldrb	r3, [r2, r3]
	codec->payload_length = 0;
    7c08:	e9c4 010a 	strd	r0, r1, [r4, #40]	@ 0x28
    7c0c:	e9c4 010c 	strd	r0, r1, [r4, #48]	@ 0x30
	codec->crc_state = reverse8(uap)<<8;
    7c10:	021b      	lsls	r3, r3, #8
	rx_task.pkt_time = 0;
	rx_task.rx_done = 0;
	rx_task.rx_offset = 0;
	/* Configure DMA RX */
	dma_init_rx_single(rx_task.rx_dma_buf, sizeof(rx_task.rx_dma_buf));
    7c12:	f104 003d 	add.w	r0, r4, #61	@ 0x3d
    7c16:	f44f 7104 	mov.w	r1, #528	@ 0x210
    7c1a:	83e3      	strh	r3, [r4, #30]
	codec->crc_pos = 0;
    7c1c:	8425      	strh	r5, [r4, #32]
	codec->t = NULL;
    7c1e:	6265      	str	r5, [r4, #36]	@ 0x24
	codec->coded_pos = 0;
    7c20:	63a5      	str	r5, [r4, #56]	@ 0x38
	rx_task.pkt_time = 0;
    7c22:	f8a4 524e 	strh.w	r5, [r4, #590]	@ 0x24e
	rx_task.rx_done = 0;
    7c26:	f884 5254 	strb.w	r5, [r4, #596]	@ 0x254
	rx_task.rx_offset = 0;
    7c2a:	f8c4 5250 	str.w	r5, [r4, #592]	@ 0x250
	dma_init_rx_single(rx_task.rx_dma_buf, sizeof(rx_task.rx_dma_buf));
    7c2e:	f7fc fbbb 	bl	43a8 <dma_init_rx_single>

	/* Start SPI DMA */
	dio_ssp_start_rx();
    7c32:	f7fc fb97 	bl	4364 <dio_ssp_start_rx>


	return 0; 
}
    7c36:	4628      	mov	r0, r5
    7c38:	bd70      	pop	{r4, r5, r6, pc}
    7c3a:	2b05      	cmp	r3, #5
    7c3c:	d197      	bne.n	7b6e <rx_prepare+0xe>
	uint32_t rx_clkn = btphy_cur_clkn()+1;
    7c3e:	68b4      	ldr	r4, [r6, #8]
    7c40:	3401      	adds	r4, #1
	if (btphy.mode == BT_MODE_PAGE_SCAN)
    7c42:	e796      	b.n	7b72 <rx_prepare+0x12>
	uint32_t rx_clkn = btphy_cur_clkn()+1;
    7c44:	68b4      	ldr	r4, [r6, #8]
	if (btphy.mode == BT_MODE_PAGE_SCAN)
    7c46:	2b03      	cmp	r3, #3
	uint32_t rx_clkn = btphy_cur_clkn()+1;
    7c48:	f104 0401 	add.w	r4, r4, #1
	if (btphy.mode == BT_MODE_PAGE_SCAN)
    7c4c:	d191      	bne.n	7b72 <rx_prepare+0x12>
	hop_state.x++;
    7c4e:	4a07      	ldr	r2, [pc, #28]	@ (7c6c <rx_prepare+0x10c>)
    7c50:	7993      	ldrb	r3, [r2, #6]
    7c52:	3301      	adds	r3, #1
    7c54:	7193      	strb	r3, [r2, #6]
}
    7c56:	e78c      	b.n	7b72 <rx_prepare+0x12>
    7c58:	10002198 	.word	0x10002198
    7c5c:	100021fc 	.word	0x100021fc
    7c60:	2009c000 	.word	0x2009c000
    7c64:	10001e78 	.word	0x10001e78
    7c68:	0000e7c0 	.word	0x0000e7c0
    7c6c:	10001ad4 	.word	0x10001ad4

00007c70 <rx_finalize>:
{
    7c70:	e92d 4ff0 	stmdb	sp!, {r4, r5, r6, r7, r8, r9, sl, fp, lr}
    7c74:	b087      	sub	sp, #28
	msg_t *msg = rx_task.rx_msg;
    7c76:	4d73      	ldr	r5, [pc, #460]	@ (7e44 <rx_finalize+0x1d4>)
	cc2400_strobe(SRFOFF);
    7c78:	2064      	movs	r0, #100	@ 0x64
	btctl_rx_pkt_t *pkt = rx_task.rx_pkt;
    7c7a:	e9d5 7402 	ldrd	r7, r4, [r5, #8]
    7c7e:	f001 ff69 	bl	9b54 <cc2400_strobe>
	TXLED_CLR;
    7c82:	f44f 7180 	mov.w	r1, #256	@ 0x100
	RXLED_CLR;
    7c86:	2210      	movs	r2, #16
	TXLED_CLR;
    7c88:	4b6f      	ldr	r3, [pc, #444]	@ (7e48 <rx_finalize+0x1d8>)
    7c8a:	63d9      	str	r1, [r3, #60]	@ 0x3c
	RXLED_CLR;
    7c8c:	63da      	str	r2, [r3, #60]	@ 0x3c
	dio_ssp_stop();
    7c8e:	f7fc fb39 	bl	4304 <dio_ssp_stop>
	if (!pkt)
    7c92:	2c00      	cmp	r4, #0
    7c94:	f000 80d2 	beq.w	7e3c <rx_finalize+0x1cc>
	if (!rx_task.pkt_cb)
    7c98:	682e      	ldr	r6, [r5, #0]
    7c9a:	2e00      	cmp	r6, #0
    7c9c:	f000 80cb 	beq.w	7e36 <rx_finalize+0x1c6>
	if (BBPKT_HAS_HDR(pkt))
    7ca0:	7963      	ldrb	r3, [r4, #5]
    7ca2:	f013 0302 	ands.w	r3, r3, #2
    7ca6:	d11e      	bne.n	7ce6 <rx_finalize+0x76>
		pkt->data_size = 0;
    7ca8:	71a3      	strb	r3, [r4, #6]
    7caa:	71e3      	strb	r3, [r4, #7]
    7cac:	230c      	movs	r3, #12
	msg_set_write(rx_task.rx_msg, &pkt->bt_data[pkt->data_size]);
    7cae:	68aa      	ldr	r2, [r5, #8]
    7cb0:	441c      	add	r4, r3
	if (write < msg->data || write > (msg->data + msg->data_len))
    7cb2:	f102 030c 	add.w	r3, r2, #12
    7cb6:	429c      	cmp	r4, r3
    7cb8:	d304      	bcc.n	7cc4 <rx_finalize+0x54>
    7cba:	8851      	ldrh	r1, [r2, #2]
    7cbc:	440b      	add	r3, r1
    7cbe:	429c      	cmp	r4, r3
        msg->write = write;
    7cc0:	bf98      	it	ls
    7cc2:	6094      	strls	r4, [r2, #8]
	rx_task.rx_msg = NULL;
    7cc4:	f04f 0800 	mov.w	r8, #0
    7cc8:	f04f 0900 	mov.w	r9, #0
	rx_task.pkt_cb(msg, rx_task.cb_arg, rx_task.pkt_time-RF_EXPECTED_RX_CLKN_OFFSET);
    7ccc:	4638      	mov	r0, r7
    7cce:	4633      	mov	r3, r6
    7cd0:	f8b5 224e 	ldrh.w	r2, [r5, #590]	@ 0x24e
    7cd4:	6869      	ldr	r1, [r5, #4]
    7cd6:	f2a2 2262 	subw	r2, r2, #610	@ 0x262
	rx_task.rx_msg = NULL;
    7cda:	e9c5 8902 	strd	r8, r9, [r5, #8]
}
    7cde:	b007      	add	sp, #28
    7ce0:	e8bd 4ff0 	ldmia.w	sp!, {r4, r5, r6, r7, r8, r9, sl, fp, lr}
	rx_task.pkt_cb(msg, rx_task.cb_arg, rx_task.pkt_time-RF_EXPECTED_RX_CLKN_OFFSET);
    7ce4:	4718      	bx	r3
	unsigned i, size = dma_get_rx_offset();
    7ce6:	f7fc fb7f 	bl	43e8 <dma_get_rx_offset>
	for(i=rx_task.rx_offset;i<size;i++)
    7cea:	f8d5 1250 	ldr.w	r1, [r5, #592]	@ 0x250
	unsigned i, size = dma_get_rx_offset();
    7cee:	4606      	mov	r6, r0
	for(i=rx_task.rx_offset;i<size;i++)
    7cf0:	4288      	cmp	r0, r1
    7cf2:	f240 808f 	bls.w	7e14 <rx_finalize+0x1a4>
    7cf6:	eba0 0c01 	sub.w	ip, r0, r1
    7cfa:	f10c 33ff 	add.w	r3, ip, #4294967295	@ 0xffffffff
    7cfe:	2b06      	cmp	r3, #6
    7d00:	f240 8097 	bls.w	7e32 <rx_finalize+0x1c2>
    7d04:	f02c 0e07 	bic.w	lr, ip, #7
    7d08:	f101 033d 	add.w	r3, r1, #61	@ 0x3d
    7d0c:	e9cd 7400 	strd	r7, r4, [sp]
    7d10:	e9cd 1e02 	strd	r1, lr, [sp, #8]
    7d14:	e9cd c004 	strd	ip, r0, [sp, #16]
    7d18:	442b      	add	r3, r5
    7d1a:	4a4c      	ldr	r2, [pc, #304]	@ (7e4c <rx_finalize+0x1dc>)
    7d1c:	eb03 0b0e 	add.w	fp, r3, lr
    7d20:	2100      	movs	r1, #0
    7d22:	7818      	ldrb	r0, [r3, #0]
    7d24:	3308      	adds	r3, #8
    7d26:	f812 a000 	ldrb.w	sl, [r2, r0]
    7d2a:	f813 0c04 	ldrb.w	r0, [r3, #-4]
    7d2e:	f812 c000 	ldrb.w	ip, [r2, r0]
    7d32:	f813 0c07 	ldrb.w	r0, [r3, #-7]
    7d36:	f812 9000 	ldrb.w	r9, [r2, r0]
    7d3a:	f813 0c03 	ldrb.w	r0, [r3, #-3]
    7d3e:	5c17      	ldrb	r7, [r2, r0]
    7d40:	f813 0c06 	ldrb.w	r0, [r3, #-6]
    7d44:	f812 8000 	ldrb.w	r8, [r2, r0]
    7d48:	f813 0c02 	ldrb.w	r0, [r3, #-2]
    7d4c:	5c16      	ldrb	r6, [r2, r0]
    7d4e:	f813 0c05 	ldrb.w	r0, [r3, #-5]
    7d52:	f812 e000 	ldrb.w	lr, [r2, r0]
    7d56:	f813 0c01 	ldrb.w	r0, [r3, #-1]
    7d5a:	455b      	cmp	r3, fp
    7d5c:	5c14      	ldrb	r4, [r2, r0]
    7d5e:	4608      	mov	r0, r1
    7d60:	f36a 0107 	bfi	r1, sl, #0, #8
    7d64:	f36c 0007 	bfi	r0, ip, #0, #8
    7d68:	f369 210f 	bfi	r1, r9, #8, #8
    7d6c:	f367 200f 	bfi	r0, r7, #8, #8
    7d70:	f368 4117 	bfi	r1, r8, #16, #8
    7d74:	f366 4017 	bfi	r0, r6, #16, #8
    7d78:	f36e 611f 	bfi	r1, lr, #24, #8
    7d7c:	f364 601f 	bfi	r0, r4, #24, #8
		rx_task.rx_dma_buf[i] = reverse8(rx_task.rx_dma_buf[i]);
    7d80:	f843 1c08 	str.w	r1, [r3, #-8]
    7d84:	f843 0c04 	str.w	r0, [r3, #-4]
	for(i=rx_task.rx_offset;i<size;i++)
    7d88:	d1ca      	bne.n	7d20 <rx_finalize+0xb0>
    7d8a:	e9dd 1e02 	ldrd	r1, lr, [sp, #8]
    7d8e:	e9dd c604 	ldrd	ip, r6, [sp, #16]
    7d92:	e9dd 7400 	ldrd	r7, r4, [sp]
    7d96:	45e6      	cmp	lr, ip
    7d98:	d03c      	beq.n	7e14 <rx_finalize+0x1a4>
    7d9a:	4471      	add	r1, lr
		rx_task.rx_dma_buf[i] = reverse8(rx_task.rx_dma_buf[i]);
    7d9c:	186b      	adds	r3, r5, r1
    7d9e:	f893 003d 	ldrb.w	r0, [r3, #61]	@ 0x3d
    7da2:	5c10      	ldrb	r0, [r2, r0]
    7da4:	f883 003d 	strb.w	r0, [r3, #61]	@ 0x3d
	for(i=rx_task.rx_offset;i<size;i++)
    7da8:	1c4b      	adds	r3, r1, #1
    7daa:	429e      	cmp	r6, r3
    7dac:	d932      	bls.n	7e14 <rx_finalize+0x1a4>
		rx_task.rx_dma_buf[i] = reverse8(rx_task.rx_dma_buf[i]);
    7dae:	442b      	add	r3, r5
    7db0:	f893 003d 	ldrb.w	r0, [r3, #61]	@ 0x3d
    7db4:	5c10      	ldrb	r0, [r2, r0]
    7db6:	f883 003d 	strb.w	r0, [r3, #61]	@ 0x3d
	for(i=rx_task.rx_offset;i<size;i++)
    7dba:	1c8b      	adds	r3, r1, #2
    7dbc:	429e      	cmp	r6, r3
    7dbe:	d929      	bls.n	7e14 <rx_finalize+0x1a4>
		rx_task.rx_dma_buf[i] = reverse8(rx_task.rx_dma_buf[i]);
    7dc0:	442b      	add	r3, r5
    7dc2:	f893 003d 	ldrb.w	r0, [r3, #61]	@ 0x3d
    7dc6:	5c10      	ldrb	r0, [r2, r0]
    7dc8:	f883 003d 	strb.w	r0, [r3, #61]	@ 0x3d
	for(i=rx_task.rx_offset;i<size;i++)
    7dcc:	1ccb      	adds	r3, r1, #3
    7dce:	429e      	cmp	r6, r3
    7dd0:	d920      	bls.n	7e14 <rx_finalize+0x1a4>
		rx_task.rx_dma_buf[i] = reverse8(rx_task.rx_dma_buf[i]);
    7dd2:	442b      	add	r3, r5
    7dd4:	f893 003d 	ldrb.w	r0, [r3, #61]	@ 0x3d
    7dd8:	5c10      	ldrb	r0, [r2, r0]
    7dda:	f883 003d 	strb.w	r0, [r3, #61]	@ 0x3d
	for(i=rx_task.rx_offset;i<size;i++)
    7dde:	1d0b      	adds	r3, r1, #4
    7de0:	429e      	cmp	r6, r3
    7de2:	d917      	bls.n	7e14 <rx_finalize+0x1a4>
		rx_task.rx_dma_buf[i] = reverse8(rx_task.rx_dma_buf[i]);
    7de4:	442b      	add	r3, r5
    7de6:	f893 003d 	ldrb.w	r0, [r3, #61]	@ 0x3d
    7dea:	5c10      	ldrb	r0, [r2, r0]
    7dec:	f883 003d 	strb.w	r0, [r3, #61]	@ 0x3d
	for(i=rx_task.rx_offset;i<size;i++)
    7df0:	1d4b      	adds	r3, r1, #5
    7df2:	429e      	cmp	r6, r3
    7df4:	d90e      	bls.n	7e14 <rx_finalize+0x1a4>
		rx_task.rx_dma_buf[i] = reverse8(rx_task.rx_dma_buf[i]);
    7df6:	442b      	add	r3, r5
    7df8:	f893 003d 	ldrb.w	r0, [r3, #61]	@ 0x3d
	for(i=rx_task.rx_offset;i<size;i++)
    7dfc:	3106      	adds	r1, #6
		rx_task.rx_dma_buf[i] = reverse8(rx_task.rx_dma_buf[i]);
    7dfe:	5c10      	ldrb	r0, [r2, r0]
	for(i=rx_task.rx_offset;i<size;i++)
    7e00:	428e      	cmp	r6, r1
		rx_task.rx_dma_buf[i] = reverse8(rx_task.rx_dma_buf[i]);
    7e02:	f883 003d 	strb.w	r0, [r3, #61]	@ 0x3d
	for(i=rx_task.rx_offset;i<size;i++)
    7e06:	d905      	bls.n	7e14 <rx_finalize+0x1a4>
		rx_task.rx_dma_buf[i] = reverse8(rx_task.rx_dma_buf[i]);
    7e08:	4429      	add	r1, r5
    7e0a:	f891 303d 	ldrb.w	r3, [r1, #61]	@ 0x3d
    7e0e:	5cd3      	ldrb	r3, [r2, r3]
    7e10:	f881 303d 	strb.w	r3, [r1, #61]	@ 0x3d
		pkt->flags |= bbcodec_decode_finalize(&rx_task.codec, pkt->bt_data, &pkt->data_size);
    7e14:	480e      	ldr	r0, [pc, #56]	@ (7e50 <rx_finalize+0x1e0>)
    7e16:	1da2      	adds	r2, r4, #6
    7e18:	f104 010c 	add.w	r1, r4, #12
	rx_task.rx_offset = size;
    7e1c:	f8c5 6250 	str.w	r6, [r5, #592]	@ 0x250
		pkt->flags |= bbcodec_decode_finalize(&rx_task.codec, pkt->bt_data, &pkt->data_size);
    7e20:	f7fd fa54 	bl	52cc <bbcodec_decode_finalize>
    7e24:	7963      	ldrb	r3, [r4, #5]
	rx_task.pkt_cb(msg, rx_task.cb_arg, rx_task.pkt_time-RF_EXPECTED_RX_CLKN_OFFSET);
    7e26:	682e      	ldr	r6, [r5, #0]
		pkt->flags |= bbcodec_decode_finalize(&rx_task.codec, pkt->bt_data, &pkt->data_size);
    7e28:	4318      	orrs	r0, r3
    7e2a:	88e3      	ldrh	r3, [r4, #6]
    7e2c:	7160      	strb	r0, [r4, #5]
    7e2e:	330c      	adds	r3, #12
    7e30:	e73d      	b.n	7cae <rx_finalize+0x3e>
    7e32:	4a06      	ldr	r2, [pc, #24]	@ (7e4c <rx_finalize+0x1dc>)
    7e34:	e7b2      	b.n	7d9c <rx_finalize+0x12c>
		DIE("rxnd: no pkt_cb");
    7e36:	4807      	ldr	r0, [pc, #28]	@ (7e54 <rx_finalize+0x1e4>)
    7e38:	f7fd ff96 	bl	5d68 <die>
		DIE("rxnd: no rx_pkt");
    7e3c:	4806      	ldr	r0, [pc, #24]	@ (7e58 <rx_finalize+0x1e8>)
    7e3e:	f7fd ff93 	bl	5d68 <die>
    7e42:	bf00      	nop
    7e44:	10001e78 	.word	0x10001e78
    7e48:	2009c000 	.word	0x2009c000
    7e4c:	0000e7c0 	.word	0x0000e7c0
    7e50:	10001e88 	.word	0x10001e88
    7e54:	0000b4c4 	.word	0x0000b4c4
    7e58:	0000b4ac 	.word	0x0000b4ac

00007e5c <rx_execute>:
	}
}

// 0
static int rx_execute(uint8_t p1, uint8_t p2, uint16_t p3)
{
    7e5c:	e92d 4ff0 	stmdb	sp!, {r4, r5, r6, r7, r8, r9, sl, fp, lr}
    7e60:	b089      	sub	sp, #36	@ 0x24
	unsigned i, delay;
	btctl_rx_pkt_t *pkt = rx_task.rx_pkt;
    7e62:	f8df a040 	ldr.w	sl, [pc, #64]	@ 7ea4 <rx_execute+0x48>

	if ((cc2400_get(FSMSTATE) & 0x1f) != STATE_STROBE_RX)
    7e66:	200e      	movs	r0, #14
	btctl_rx_pkt_t *pkt = rx_task.rx_pkt;
    7e68:	f8da 400c 	ldr.w	r4, [sl, #12]
	if ((cc2400_get(FSMSTATE) & 0x1f) != STATE_STROBE_RX)
    7e6c:	f001 fdc6 	bl	99fc <cc2400_get>
    7e70:	f000 001f 	and.w	r0, r0, #31
    7e74:	2810      	cmp	r0, #16
    7e76:	f040 818c 	bne.w	8192 <rx_execute+0x336>
		cprintf("rxne: RF not rdy\n");
		rx_finalize();
		return 0;
	}

	while (CLKN_OFFSET < WAIT_SYNCWORD)
    7e7a:	f04f 2240 	mov.w	r2, #1073758208	@ 0x40004000
    7e7e:	f240 21c5 	movw	r1, #709	@ 0x2c5
	{
		/* PKT strobe goes low if a syncword is detected */
		if (GIO6 == 0)
    7e82:	4809      	ldr	r0, [pc, #36]	@ (7ea8 <rx_execute+0x4c>)
    7e84:	e002      	b.n	7e8c <rx_execute+0x30>
    7e86:	6d43      	ldr	r3, [r0, #84]	@ 0x54
    7e88:	075d      	lsls	r5, r3, #29
    7e8a:	d50f      	bpl.n	7eac <rx_execute+0x50>
	while (CLKN_OFFSET < WAIT_SYNCWORD)
    7e8c:	6893      	ldr	r3, [r2, #8]
    7e8e:	428b      	cmp	r3, r1
    7e90:	d9f9      	bls.n	7e86 <rx_execute+0x2a>
			pkt->flags |= 1<<BBPKT_F_HAS_PKT;
			break;
		}
	}
	/* If a packet is being received and it has a payload,*/
	if (BBPKT_HAS_PKT(pkt) && rx_task.do_rx_payload)
    7e92:	7963      	ldrb	r3, [r4, #5]
    7e94:	07db      	lsls	r3, r3, #31
    7e96:	d410      	bmi.n	7eba <rx_execute+0x5e>
				}
			}
		}
	}
	/* No packet/ID was received, stop now */
	rx_finalize();
    7e98:	f7ff feea 	bl	7c70 <rx_finalize>

	return 0; 
}
    7e9c:	2000      	movs	r0, #0
    7e9e:	b009      	add	sp, #36	@ 0x24
    7ea0:	e8bd 8ff0 	ldmia.w	sp!, {r4, r5, r6, r7, r8, r9, sl, fp, pc}
    7ea4:	10001e78 	.word	0x10001e78
    7ea8:	2009c000 	.word	0x2009c000
			rx_task.pkt_time = CLKN_OFFSET;
    7eac:	6893      	ldr	r3, [r2, #8]
    7eae:	f8aa 324e 	strh.w	r3, [sl, #590]	@ 0x24e
			pkt->flags |= 1<<BBPKT_F_HAS_PKT;
    7eb2:	7963      	ldrb	r3, [r4, #5]
    7eb4:	f043 0301 	orr.w	r3, r3, #1
    7eb8:	7163      	strb	r3, [r4, #5]
	if (BBPKT_HAS_PKT(pkt) && rx_task.do_rx_payload)
    7eba:	f89a 303c 	ldrb.w	r3, [sl, #60]	@ 0x3c
    7ebe:	2b00      	cmp	r3, #0
    7ec0:	d0ea      	beq.n	7e98 <rx_execute+0x3c>
	btctl_rx_pkt_t *pkt = rx_task.rx_pkt;
    7ec2:	f8da 600c 	ldr.w	r6, [sl, #12]
	while((size=rx_buf_update()) < NUM_PKT_HDR_BYTES);
    7ec6:	4cc6      	ldr	r4, [pc, #792]	@ (81e0 <rx_execute+0x384>)
    7ec8:	9604      	str	r6, [sp, #16]
	unsigned i, size = dma_get_rx_offset();
    7eca:	f7fc fa8d 	bl	43e8 <dma_get_rx_offset>
	for(i=rx_task.rx_offset;i<size;i++)
    7ece:	f8da 2250 	ldr.w	r2, [sl, #592]	@ 0x250
    7ed2:	4290      	cmp	r0, r2
    7ed4:	f240 8083 	bls.w	7fde <rx_execute+0x182>
    7ed8:	1a86      	subs	r6, r0, r2
    7eda:	1e73      	subs	r3, r6, #1
    7edc:	2b06      	cmp	r3, #6
    7ede:	f240 8161 	bls.w	81a4 <rx_execute+0x348>
    7ee2:	4625      	mov	r5, r4
    7ee4:	f102 033d 	add.w	r3, r2, #61	@ 0x3d
    7ee8:	e9cd 6202 	strd	r6, r2, [sp, #8]
    7eec:	4453      	add	r3, sl
    7eee:	f026 0707 	bic.w	r7, r6, #7
    7ef2:	4683      	mov	fp, r0
    7ef4:	18f8      	adds	r0, r7, r3
    7ef6:	2200      	movs	r2, #0
    7ef8:	7859      	ldrb	r1, [r3, #1]
    7efa:	f893 c000 	ldrb.w	ip, [r3]
    7efe:	791e      	ldrb	r6, [r3, #4]
    7f00:	f814 9001 	ldrb.w	r9, [r4, r1]
    7f04:	7959      	ldrb	r1, [r3, #5]
    7f06:	f814 800c 	ldrb.w	r8, [r4, ip]
    7f0a:	f814 c006 	ldrb.w	ip, [r4, r6]
    7f0e:	5c66      	ldrb	r6, [r4, r1]
    7f10:	7899      	ldrb	r1, [r3, #2]
    7f12:	3308      	adds	r3, #8
    7f14:	f814 e001 	ldrb.w	lr, [r4, r1]
    7f18:	4611      	mov	r1, r2
    7f1a:	f36c 0107 	bfi	r1, ip, #0, #8
    7f1e:	f366 210f 	bfi	r1, r6, #8, #8
    7f22:	f813 6c02 	ldrb.w	r6, [r3, #-2]
    7f26:	f368 0207 	bfi	r2, r8, #0, #8
    7f2a:	5da6      	ldrb	r6, [r4, r6]
    7f2c:	f369 220f 	bfi	r2, r9, #8, #8
    7f30:	f366 4117 	bfi	r1, r6, #16, #8
    7f34:	f813 6c01 	ldrb.w	r6, [r3, #-1]
    7f38:	f36e 4217 	bfi	r2, lr, #16, #8
    7f3c:	5da6      	ldrb	r6, [r4, r6]
    7f3e:	4283      	cmp	r3, r0
    7f40:	f366 611f 	bfi	r1, r6, #24, #8
    7f44:	f813 6c05 	ldrb.w	r6, [r3, #-5]
    7f48:	5da6      	ldrb	r6, [r4, r6]
		rx_task.rx_dma_buf[i] = reverse8(rx_task.rx_dma_buf[i]);
    7f4a:	f843 1c04 	str.w	r1, [r3, #-4]
    7f4e:	f366 621f 	bfi	r2, r6, #24, #8
    7f52:	f843 2c08 	str.w	r2, [r3, #-8]
    7f56:	d1ce      	bne.n	7ef6 <rx_execute+0x9a>
    7f58:	e9dd 6202 	ldrd	r6, r2, [sp, #8]
    7f5c:	42be      	cmp	r6, r7
    7f5e:	4658      	mov	r0, fp
    7f60:	d03d      	beq.n	7fde <rx_execute+0x182>
    7f62:	443a      	add	r2, r7
    7f64:	eb0a 0302 	add.w	r3, sl, r2
    7f68:	f893 103d 	ldrb.w	r1, [r3, #61]	@ 0x3d
    7f6c:	5c69      	ldrb	r1, [r5, r1]
    7f6e:	f883 103d 	strb.w	r1, [r3, #61]	@ 0x3d
	for(i=rx_task.rx_offset;i<size;i++)
    7f72:	1c53      	adds	r3, r2, #1
    7f74:	4298      	cmp	r0, r3
    7f76:	d932      	bls.n	7fde <rx_execute+0x182>
		rx_task.rx_dma_buf[i] = reverse8(rx_task.rx_dma_buf[i]);
    7f78:	4453      	add	r3, sl
    7f7a:	f893 103d 	ldrb.w	r1, [r3, #61]	@ 0x3d
    7f7e:	5c69      	ldrb	r1, [r5, r1]
    7f80:	f883 103d 	strb.w	r1, [r3, #61]	@ 0x3d
	for(i=rx_task.rx_offset;i<size;i++)
    7f84:	1c93      	adds	r3, r2, #2
    7f86:	4298      	cmp	r0, r3
    7f88:	d929      	bls.n	7fde <rx_execute+0x182>
		rx_task.rx_dma_buf[i] = reverse8(rx_task.rx_dma_buf[i]);
    7f8a:	4453      	add	r3, sl
    7f8c:	f893 103d 	ldrb.w	r1, [r3, #61]	@ 0x3d
    7f90:	5c69      	ldrb	r1, [r5, r1]
    7f92:	f883 103d 	strb.w	r1, [r3, #61]	@ 0x3d
	for(i=rx_task.rx_offset;i<size;i++)
    7f96:	1cd3      	adds	r3, r2, #3
    7f98:	4298      	cmp	r0, r3
    7f9a:	d920      	bls.n	7fde <rx_execute+0x182>
		rx_task.rx_dma_buf[i] = reverse8(rx_task.rx_dma_buf[i]);
    7f9c:	4453      	add	r3, sl
    7f9e:	f893 103d 	ldrb.w	r1, [r3, #61]	@ 0x3d
    7fa2:	5c69      	ldrb	r1, [r5, r1]
    7fa4:	f883 103d 	strb.w	r1, [r3, #61]	@ 0x3d
	for(i=rx_task.rx_offset;i<size;i++)
    7fa8:	1d13      	adds	r3, r2, #4
    7faa:	4298      	cmp	r0, r3
    7fac:	d917      	bls.n	7fde <rx_execute+0x182>
		rx_task.rx_dma_buf[i] = reverse8(rx_task.rx_dma_buf[i]);
    7fae:	4453      	add	r3, sl
    7fb0:	f893 103d 	ldrb.w	r1, [r3, #61]	@ 0x3d
    7fb4:	5c69      	ldrb	r1, [r5, r1]
    7fb6:	f883 103d 	strb.w	r1, [r3, #61]	@ 0x3d
	for(i=rx_task.rx_offset;i<size;i++)
    7fba:	1d53      	adds	r3, r2, #5
    7fbc:	4298      	cmp	r0, r3
    7fbe:	d90e      	bls.n	7fde <rx_execute+0x182>
		rx_task.rx_dma_buf[i] = reverse8(rx_task.rx_dma_buf[i]);
    7fc0:	4453      	add	r3, sl
    7fc2:	f893 103d 	ldrb.w	r1, [r3, #61]	@ 0x3d
	for(i=rx_task.rx_offset;i<size;i++)
    7fc6:	3206      	adds	r2, #6
		rx_task.rx_dma_buf[i] = reverse8(rx_task.rx_dma_buf[i]);
    7fc8:	5c69      	ldrb	r1, [r5, r1]
	for(i=rx_task.rx_offset;i<size;i++)
    7fca:	4290      	cmp	r0, r2
		rx_task.rx_dma_buf[i] = reverse8(rx_task.rx_dma_buf[i]);
    7fcc:	f883 103d 	strb.w	r1, [r3, #61]	@ 0x3d
	for(i=rx_task.rx_offset;i<size;i++)
    7fd0:	d905      	bls.n	7fde <rx_execute+0x182>
		rx_task.rx_dma_buf[i] = reverse8(rx_task.rx_dma_buf[i]);
    7fd2:	4452      	add	r2, sl
    7fd4:	f892 303d 	ldrb.w	r3, [r2, #61]	@ 0x3d
    7fd8:	5ceb      	ldrb	r3, [r5, r3]
    7fda:	f882 303d 	strb.w	r3, [r2, #61]	@ 0x3d
	if (size > 4)
    7fde:	2804      	cmp	r0, #4
    7fe0:	4603      	mov	r3, r0
    7fe2:	bf38      	it	cc
    7fe4:	2304      	movcc	r3, #4
    7fe6:	3b04      	subs	r3, #4
	while((size=rx_buf_update()) < NUM_PKT_HDR_BYTES);
    7fe8:	2b07      	cmp	r3, #7
	rx_task.rx_offset = size;
    7fea:	f8ca 0250 	str.w	r0, [sl, #592]	@ 0x250
	while((size=rx_buf_update()) < NUM_PKT_HDR_BYTES);
    7fee:	f67f af6c 	bls.w	7eca <rx_execute+0x6e>
	if(bbcodec_decode_header(&rx_task.codec, &pkt->bb_hdr, rx_task.rx_dma_buf+4))
    7ff2:	9e04      	ldr	r6, [sp, #16]
    7ff4:	4a7b      	ldr	r2, [pc, #492]	@ (81e4 <rx_execute+0x388>)
    7ff6:	f106 0108 	add.w	r1, r6, #8
    7ffa:	f1a2 0031 	sub.w	r0, r2, #49	@ 0x31
    7ffe:	f7fc feeb 	bl	4dd8 <bbcodec_decode_header>
    8002:	2800      	cmp	r0, #0
    8004:	f47f af48 	bne.w	7e98 <rx_execute+0x3c>
	if (rx_task.codec.t->has_crc)
    8008:	f8da 2024 	ldr.w	r2, [sl, #36]	@ 0x24
		pkt->flags |= 1<<BBPKT_F_HAS_CRC;
    800c:	7973      	ldrb	r3, [r6, #5]
	if (rx_task.codec.t->has_crc)
    800e:	7950      	ldrb	r0, [r2, #5]
		pkt->flags |= 1<<BBPKT_F_HAS_CRC;
    8010:	f043 0104 	orr.w	r1, r3, #4
    8014:	2800      	cmp	r0, #0
    8016:	bf18      	it	ne
    8018:	460b      	movne	r3, r1
	pkt->flags |= 1<<BBPKT_F_HAS_HDR;
    801a:	f043 0302 	orr.w	r3, r3, #2
    801e:	7173      	strb	r3, [r6, #5]
			if (rx_task.codec.t->payload_bytes)
    8020:	8853      	ldrh	r3, [r2, #2]
    8022:	2b00      	cmp	r3, #0
    8024:	f43f af38 	beq.w	7e98 <rx_execute+0x3c>
	btctl_rx_pkt_t *pkt = rx_task.rx_pkt;
    8028:	f8da 500c 	ldr.w	r5, [sl, #12]
	while((size=rx_buf_update()) < NUM_DATA_HDR_BYTES);
    802c:	f8df 91b0 	ldr.w	r9, [pc, #432]	@ 81e0 <rx_execute+0x384>
    8030:	9507      	str	r5, [sp, #28]
	unsigned i, size = dma_get_rx_offset();
    8032:	f7fc f9d9 	bl	43e8 <dma_get_rx_offset>
	for(i=rx_task.rx_offset;i<size;i++)
    8036:	f8da 2250 	ldr.w	r2, [sl, #592]	@ 0x250
    803a:	4290      	cmp	r0, r2
    803c:	f240 808e 	bls.w	815c <rx_execute+0x300>
    8040:	1a85      	subs	r5, r0, r2
    8042:	1e6b      	subs	r3, r5, #1
    8044:	2b06      	cmp	r3, #6
    8046:	f240 80af 	bls.w	81a8 <rx_execute+0x34c>
    804a:	f025 0607 	bic.w	r6, r5, #7
    804e:	f102 033d 	add.w	r3, r2, #61	@ 0x3d
    8052:	e9cd 2502 	strd	r2, r5, [sp, #8]
    8056:	e9cd 6904 	strd	r6, r9, [sp, #16]
    805a:	4453      	add	r3, sl
    805c:	eb06 0b03 	add.w	fp, r6, r3
    8060:	9006      	str	r0, [sp, #24]
    8062:	2200      	movs	r2, #0
    8064:	7819      	ldrb	r1, [r3, #0]
    8066:	3308      	adds	r3, #8
    8068:	f819 8001 	ldrb.w	r8, [r9, r1]
    806c:	f813 1c04 	ldrb.w	r1, [r3, #-4]
    8070:	f819 6001 	ldrb.w	r6, [r9, r1]
    8074:	f813 1c07 	ldrb.w	r1, [r3, #-7]
    8078:	f819 e001 	ldrb.w	lr, [r9, r1]
    807c:	f813 1c03 	ldrb.w	r1, [r3, #-3]
    8080:	f819 5001 	ldrb.w	r5, [r9, r1]
    8084:	f813 1c06 	ldrb.w	r1, [r3, #-6]
    8088:	f819 c001 	ldrb.w	ip, [r9, r1]
    808c:	f813 1c02 	ldrb.w	r1, [r3, #-2]
    8090:	f819 4001 	ldrb.w	r4, [r9, r1]
    8094:	f813 1c05 	ldrb.w	r1, [r3, #-5]
    8098:	f819 7001 	ldrb.w	r7, [r9, r1]
    809c:	f813 1c01 	ldrb.w	r1, [r3, #-1]
    80a0:	459b      	cmp	fp, r3
    80a2:	f819 0001 	ldrb.w	r0, [r9, r1]
    80a6:	4611      	mov	r1, r2
    80a8:	f368 0207 	bfi	r2, r8, #0, #8
    80ac:	f366 0107 	bfi	r1, r6, #0, #8
    80b0:	f36e 220f 	bfi	r2, lr, #8, #8
    80b4:	f365 210f 	bfi	r1, r5, #8, #8
    80b8:	f36c 4217 	bfi	r2, ip, #16, #8
    80bc:	f364 4117 	bfi	r1, r4, #16, #8
    80c0:	f367 621f 	bfi	r2, r7, #24, #8
    80c4:	f360 611f 	bfi	r1, r0, #24, #8
		rx_task.rx_dma_buf[i] = reverse8(rx_task.rx_dma_buf[i]);
    80c8:	f843 2c08 	str.w	r2, [r3, #-8]
    80cc:	f843 1c04 	str.w	r1, [r3, #-4]
	for(i=rx_task.rx_offset;i<size;i++)
    80d0:	d1c7      	bne.n	8062 <rx_execute+0x206>
    80d2:	e9dd 2502 	ldrd	r2, r5, [sp, #8]
    80d6:	e9dd 6404 	ldrd	r6, r4, [sp, #16]
    80da:	42b5      	cmp	r5, r6
    80dc:	9806      	ldr	r0, [sp, #24]
    80de:	d03d      	beq.n	815c <rx_execute+0x300>
    80e0:	4432      	add	r2, r6
		rx_task.rx_dma_buf[i] = reverse8(rx_task.rx_dma_buf[i]);
    80e2:	eb0a 0302 	add.w	r3, sl, r2
    80e6:	f893 103d 	ldrb.w	r1, [r3, #61]	@ 0x3d
    80ea:	5c61      	ldrb	r1, [r4, r1]
    80ec:	f883 103d 	strb.w	r1, [r3, #61]	@ 0x3d
	for(i=rx_task.rx_offset;i<size;i++)
    80f0:	1c53      	adds	r3, r2, #1
    80f2:	4283      	cmp	r3, r0
    80f4:	d232      	bcs.n	815c <rx_execute+0x300>
		rx_task.rx_dma_buf[i] = reverse8(rx_task.rx_dma_buf[i]);
    80f6:	4453      	add	r3, sl
    80f8:	f893 103d 	ldrb.w	r1, [r3, #61]	@ 0x3d
    80fc:	5c61      	ldrb	r1, [r4, r1]
    80fe:	f883 103d 	strb.w	r1, [r3, #61]	@ 0x3d
	for(i=rx_task.rx_offset;i<size;i++)
    8102:	1c93      	adds	r3, r2, #2
    8104:	4298      	cmp	r0, r3
    8106:	d929      	bls.n	815c <rx_execute+0x300>
		rx_task.rx_dma_buf[i] = reverse8(rx_task.rx_dma_buf[i]);
    8108:	4453      	add	r3, sl
    810a:	f893 103d 	ldrb.w	r1, [r3, #61]	@ 0x3d
    810e:	5c61      	ldrb	r1, [r4, r1]
    8110:	f883 103d 	strb.w	r1, [r3, #61]	@ 0x3d
	for(i=rx_task.rx_offset;i<size;i++)
    8114:	1cd3      	adds	r3, r2, #3
    8116:	4298      	cmp	r0, r3
    8118:	d920      	bls.n	815c <rx_execute+0x300>
		rx_task.rx_dma_buf[i] = reverse8(rx_task.rx_dma_buf[i]);
    811a:	4453      	add	r3, sl
    811c:	f893 103d 	ldrb.w	r1, [r3, #61]	@ 0x3d
    8120:	5c61      	ldrb	r1, [r4, r1]
    8122:	f883 103d 	strb.w	r1, [r3, #61]	@ 0x3d
	for(i=rx_task.rx_offset;i<size;i++)
    8126:	1d13      	adds	r3, r2, #4
    8128:	4298      	cmp	r0, r3
    812a:	d917      	bls.n	815c <rx_execute+0x300>
		rx_task.rx_dma_buf[i] = reverse8(rx_task.rx_dma_buf[i]);
    812c:	4453      	add	r3, sl
    812e:	f893 103d 	ldrb.w	r1, [r3, #61]	@ 0x3d
    8132:	5c61      	ldrb	r1, [r4, r1]
    8134:	f883 103d 	strb.w	r1, [r3, #61]	@ 0x3d
	for(i=rx_task.rx_offset;i<size;i++)
    8138:	1d53      	adds	r3, r2, #5
    813a:	4298      	cmp	r0, r3
    813c:	d90e      	bls.n	815c <rx_execute+0x300>
		rx_task.rx_dma_buf[i] = reverse8(rx_task.rx_dma_buf[i]);
    813e:	4453      	add	r3, sl
    8140:	f893 103d 	ldrb.w	r1, [r3, #61]	@ 0x3d
	for(i=rx_task.rx_offset;i<size;i++)
    8144:	3206      	adds	r2, #6
		rx_task.rx_dma_buf[i] = reverse8(rx_task.rx_dma_buf[i]);
    8146:	5c61      	ldrb	r1, [r4, r1]
	for(i=rx_task.rx_offset;i<size;i++)
    8148:	4290      	cmp	r0, r2
		rx_task.rx_dma_buf[i] = reverse8(rx_task.rx_dma_buf[i]);
    814a:	f883 103d 	strb.w	r1, [r3, #61]	@ 0x3d
	for(i=rx_task.rx_offset;i<size;i++)
    814e:	d905      	bls.n	815c <rx_execute+0x300>
		rx_task.rx_dma_buf[i] = reverse8(rx_task.rx_dma_buf[i]);
    8150:	4452      	add	r2, sl
    8152:	f892 303d 	ldrb.w	r3, [r2, #61]	@ 0x3d
    8156:	5ce3      	ldrb	r3, [r4, r3]
    8158:	f882 303d 	strb.w	r3, [r2, #61]	@ 0x3d
	if (size > 4)
    815c:	2804      	cmp	r0, #4
    815e:	4603      	mov	r3, r0
    8160:	bf38      	it	cc
    8162:	2304      	movcc	r3, #4
    8164:	1f1a      	subs	r2, r3, #4
	while((size=rx_buf_update()) < NUM_DATA_HDR_BYTES);
    8166:	2a16      	cmp	r2, #22
	rx_task.rx_offset = size;
    8168:	f8ca 0250 	str.w	r0, [sl, #592]	@ 0x250
	while((size=rx_buf_update()) < NUM_DATA_HDR_BYTES);
    816c:	f67f af61 	bls.w	8032 <rx_execute+0x1d6>
	if((rc=bbcodec_decode_chunk(&rx_task.codec, pkt->bt_data, &pkt->bb_hdr, rx_task.rx_dma_buf+4, size)))
    8170:	9d07      	ldr	r5, [sp, #28]
    8172:	4b1c      	ldr	r3, [pc, #112]	@ (81e4 <rx_execute+0x388>)
    8174:	9200      	str	r2, [sp, #0]
    8176:	f105 010c 	add.w	r1, r5, #12
    817a:	f105 0208 	add.w	r2, r5, #8
    817e:	f1a3 0031 	sub.w	r0, r3, #49	@ 0x31
    8182:	f7fc ffe3 	bl	514c <bbcodec_decode_chunk>
    8186:	b188      	cbz	r0, 81ac <rx_execute+0x350>
		if (rc == 1)
    8188:	2801      	cmp	r0, #1
    818a:	d123      	bne.n	81d4 <rx_execute+0x378>
			rx_task.rx_done = 1;
    818c:	f88a 0254 	strb.w	r0, [sl, #596]	@ 0x254
				if (!rx_task.rx_done)
    8190:	e682      	b.n	7e98 <rx_execute+0x3c>
		cprintf("rxne: RF not rdy\n");
    8192:	4815      	ldr	r0, [pc, #84]	@ (81e8 <rx_execute+0x38c>)
    8194:	f7fd fed8 	bl	5f48 <cprintf>
		rx_finalize();
    8198:	f7ff fd6a 	bl	7c70 <rx_finalize>
}
    819c:	2000      	movs	r0, #0
    819e:	b009      	add	sp, #36	@ 0x24
    81a0:	e8bd 8ff0 	ldmia.w	sp!, {r4, r5, r6, r7, r8, r9, sl, fp, pc}
    81a4:	4d0e      	ldr	r5, [pc, #56]	@ (81e0 <rx_execute+0x384>)
    81a6:	e6dd      	b.n	7f64 <rx_execute+0x108>
    81a8:	4c0d      	ldr	r4, [pc, #52]	@ (81e0 <rx_execute+0x384>)
    81aa:	e79a      	b.n	80e2 <rx_execute+0x286>
				if (!rx_task.rx_done)
    81ac:	f89a 3254 	ldrb.w	r3, [sl, #596]	@ 0x254
    81b0:	2b00      	cmp	r3, #0
    81b2:	f47f ae71 	bne.w	7e98 <rx_execute+0x3c>
					rx_task.slot_num = rx_task.codec.t->nslots*2-1;
    81b6:	f8da 2024 	ldr.w	r2, [sl, #36]	@ 0x24
					tdma_schedule(1, rx_decode, 0, 0, 0, 0);
    81ba:	2001      	movs	r0, #1
					rx_task.slot_num = rx_task.codec.t->nslots*2-1;
    81bc:	7811      	ldrb	r1, [r2, #0]
					tdma_schedule(1, rx_decode, 0, 0, 0, 0);
    81be:	e9cd 3300 	strd	r3, r3, [sp]
					rx_task.slot_num = rx_task.codec.t->nslots*2-1;
    81c2:	0049      	lsls	r1, r1, #1
    81c4:	3901      	subs	r1, #1
    81c6:	f88a 1255 	strb.w	r1, [sl, #597]	@ 0x255
					tdma_schedule(1, rx_decode, 0, 0, 0, 0);
    81ca:	461a      	mov	r2, r3
    81cc:	4907      	ldr	r1, [pc, #28]	@ (81ec <rx_execute+0x390>)
    81ce:	f001 f93f 	bl	9450 <tdma_schedule>
					return 0;
    81d2:	e663      	b.n	7e9c <rx_execute+0x40>
			DIE("dec hdr %d: rc=%d\n", pkt->bb_hdr.type, rc);
    81d4:	4602      	mov	r2, r0
    81d6:	7a69      	ldrb	r1, [r5, #9]
    81d8:	4805      	ldr	r0, [pc, #20]	@ (81f0 <rx_execute+0x394>)
    81da:	f7fd fdc5 	bl	5d68 <die>
    81de:	bf00      	nop
    81e0:	0000e7c0 	.word	0x0000e7c0
    81e4:	10001eb9 	.word	0x10001eb9
    81e8:	0000b4dc 	.word	0x0000b4dc
    81ec:	000081f5 	.word	0x000081f5
    81f0:	0000b4f0 	.word	0x0000b4f0

000081f4 <rx_decode>:

/* 1+n : Rx multislot: decode available data */
static int rx_decode(uint8_t p1, uint8_t p2, uint16_t p3)
{
    81f4:	e92d 4ff0 	stmdb	sp!, {r4, r5, r6, r7, r8, r9, sl, fp, lr}
    81f8:	b089      	sub	sp, #36	@ 0x24
	unsigned i, size, bytes_left;
	int rc, last;
	btctl_rx_pkt_t *pkt = rx_task.rx_pkt;
    81fa:	f8df b30c 	ldr.w	fp, [pc, #780]	@ 8508 <rx_decode+0x314>

	/* Check if we're in the last slot according to BT spec table 6.2 */
	last = --rx_task.slot_num == 0;
    81fe:	f89b 3255 	ldrb.w	r3, [fp, #597]	@ 0x255
	btctl_rx_pkt_t *pkt = rx_task.rx_pkt;
    8202:	f8db 800c 	ldr.w	r8, [fp, #12]
	last = --rx_task.slot_num == 0;
    8206:	3b01      	subs	r3, #1
    8208:	b2df      	uxtb	r7, r3
    820a:	f88b 7255 	strb.w	r7, [fp, #597]	@ 0x255
	unsigned i, size = dma_get_rx_offset();
    820e:	f7fc f8eb 	bl	43e8 <dma_get_rx_offset>
	for(i=rx_task.rx_offset;i<size;i++)
    8212:	f8db 1250 	ldr.w	r1, [fp, #592]	@ 0x250
    8216:	4288      	cmp	r0, r1
    8218:	f240 8089 	bls.w	832e <rx_decode+0x13a>
    821c:	1a45      	subs	r5, r0, r1
    821e:	1e6b      	subs	r3, r5, #1
    8220:	2b06      	cmp	r3, #6
    8222:	f240 816f 	bls.w	8504 <rx_decode+0x310>
    8226:	f101 033d 	add.w	r3, r1, #61	@ 0x3d
    822a:	e9cd 7802 	strd	r7, r8, [sp, #8]
    822e:	445b      	add	r3, fp
    8230:	f025 0607 	bic.w	r6, r5, #7
    8234:	4ab5      	ldr	r2, [pc, #724]	@ (850c <rx_decode+0x318>)
    8236:	eb03 0e06 	add.w	lr, r3, r6
    823a:	2400      	movs	r4, #0
    823c:	781f      	ldrb	r7, [r3, #0]
    823e:	3308      	adds	r3, #8
    8240:	f812 a007 	ldrb.w	sl, [r2, r7]
    8244:	f813 7c04 	ldrb.w	r7, [r3, #-4]
    8248:	f812 8007 	ldrb.w	r8, [r2, r7]
    824c:	f813 7c07 	ldrb.w	r7, [r3, #-7]
    8250:	f812 9007 	ldrb.w	r9, [r2, r7]
    8254:	f813 7c03 	ldrb.w	r7, [r3, #-3]
    8258:	f812 c007 	ldrb.w	ip, [r2, r7]
    825c:	4627      	mov	r7, r4
    825e:	f368 0707 	bfi	r7, r8, #0, #8
    8262:	f36c 270f 	bfi	r7, ip, #8, #8
    8266:	f813 cc06 	ldrb.w	ip, [r3, #-6]
    826a:	f36a 0407 	bfi	r4, sl, #0, #8
    826e:	f812 c00c 	ldrb.w	ip, [r2, ip]
    8272:	f369 240f 	bfi	r4, r9, #8, #8
    8276:	f36c 4417 	bfi	r4, ip, #16, #8
    827a:	f813 cc02 	ldrb.w	ip, [r3, #-2]
    827e:	f812 c00c 	ldrb.w	ip, [r2, ip]
    8282:	f36c 4717 	bfi	r7, ip, #16, #8
    8286:	f813 cc05 	ldrb.w	ip, [r3, #-5]
    828a:	f812 c00c 	ldrb.w	ip, [r2, ip]
    828e:	f36c 641f 	bfi	r4, ip, #24, #8
    8292:	f813 cc01 	ldrb.w	ip, [r3, #-1]
    8296:	f812 c00c 	ldrb.w	ip, [r2, ip]
		rx_task.rx_dma_buf[i] = reverse8(rx_task.rx_dma_buf[i]);
    829a:	f843 4c08 	str.w	r4, [r3, #-8]
    829e:	f36c 671f 	bfi	r7, ip, #24, #8
    82a2:	f843 7c04 	str.w	r7, [r3, #-4]
	for(i=rx_task.rx_offset;i<size;i++)
    82a6:	459e      	cmp	lr, r3
    82a8:	d1c7      	bne.n	823a <rx_decode+0x46>
    82aa:	e9dd 7802 	ldrd	r7, r8, [sp, #8]
    82ae:	42b5      	cmp	r5, r6
    82b0:	d03d      	beq.n	832e <rx_decode+0x13a>
    82b2:	4431      	add	r1, r6
		rx_task.rx_dma_buf[i] = reverse8(rx_task.rx_dma_buf[i]);
    82b4:	eb0b 0301 	add.w	r3, fp, r1
    82b8:	f893 403d 	ldrb.w	r4, [r3, #61]	@ 0x3d
    82bc:	5d14      	ldrb	r4, [r2, r4]
    82be:	f883 403d 	strb.w	r4, [r3, #61]	@ 0x3d
	for(i=rx_task.rx_offset;i<size;i++)
    82c2:	1c4b      	adds	r3, r1, #1
    82c4:	4298      	cmp	r0, r3
    82c6:	d932      	bls.n	832e <rx_decode+0x13a>
		rx_task.rx_dma_buf[i] = reverse8(rx_task.rx_dma_buf[i]);
    82c8:	445b      	add	r3, fp
    82ca:	f893 403d 	ldrb.w	r4, [r3, #61]	@ 0x3d
    82ce:	5d14      	ldrb	r4, [r2, r4]
    82d0:	f883 403d 	strb.w	r4, [r3, #61]	@ 0x3d
	for(i=rx_task.rx_offset;i<size;i++)
    82d4:	1c8b      	adds	r3, r1, #2
    82d6:	4298      	cmp	r0, r3
    82d8:	d929      	bls.n	832e <rx_decode+0x13a>
		rx_task.rx_dma_buf[i] = reverse8(rx_task.rx_dma_buf[i]);
    82da:	445b      	add	r3, fp
    82dc:	f893 403d 	ldrb.w	r4, [r3, #61]	@ 0x3d
    82e0:	5d14      	ldrb	r4, [r2, r4]
    82e2:	f883 403d 	strb.w	r4, [r3, #61]	@ 0x3d
	for(i=rx_task.rx_offset;i<size;i++)
    82e6:	1ccb      	adds	r3, r1, #3
    82e8:	4298      	cmp	r0, r3
    82ea:	d920      	bls.n	832e <rx_decode+0x13a>
		rx_task.rx_dma_buf[i] = reverse8(rx_task.rx_dma_buf[i]);
    82ec:	445b      	add	r3, fp
    82ee:	f893 403d 	ldrb.w	r4, [r3, #61]	@ 0x3d
    82f2:	5d14      	ldrb	r4, [r2, r4]
    82f4:	f883 403d 	strb.w	r4, [r3, #61]	@ 0x3d
	for(i=rx_task.rx_offset;i<size;i++)
    82f8:	1d0b      	adds	r3, r1, #4
    82fa:	4298      	cmp	r0, r3
    82fc:	d917      	bls.n	832e <rx_decode+0x13a>
		rx_task.rx_dma_buf[i] = reverse8(rx_task.rx_dma_buf[i]);
    82fe:	445b      	add	r3, fp
    8300:	f893 403d 	ldrb.w	r4, [r3, #61]	@ 0x3d
    8304:	5d14      	ldrb	r4, [r2, r4]
    8306:	f883 403d 	strb.w	r4, [r3, #61]	@ 0x3d
	for(i=rx_task.rx_offset;i<size;i++)
    830a:	1d4b      	adds	r3, r1, #5
    830c:	4298      	cmp	r0, r3
    830e:	d90e      	bls.n	832e <rx_decode+0x13a>
		rx_task.rx_dma_buf[i] = reverse8(rx_task.rx_dma_buf[i]);
    8310:	445b      	add	r3, fp
    8312:	f893 403d 	ldrb.w	r4, [r3, #61]	@ 0x3d
	for(i=rx_task.rx_offset;i<size;i++)
    8316:	3106      	adds	r1, #6
		rx_task.rx_dma_buf[i] = reverse8(rx_task.rx_dma_buf[i]);
    8318:	5d14      	ldrb	r4, [r2, r4]
	for(i=rx_task.rx_offset;i<size;i++)
    831a:	4288      	cmp	r0, r1
		rx_task.rx_dma_buf[i] = reverse8(rx_task.rx_dma_buf[i]);
    831c:	f883 403d 	strb.w	r4, [r3, #61]	@ 0x3d
	for(i=rx_task.rx_offset;i<size;i++)
    8320:	d905      	bls.n	832e <rx_decode+0x13a>
		rx_task.rx_dma_buf[i] = reverse8(rx_task.rx_dma_buf[i]);
    8322:	4459      	add	r1, fp
    8324:	f891 303d 	ldrb.w	r3, [r1, #61]	@ 0x3d
    8328:	5cd3      	ldrb	r3, [r2, r3]
    832a:	f881 303d 	strb.w	r3, [r1, #61]	@ 0x3d
	if (size > 4)
    832e:	2804      	cmp	r0, #4
    8330:	4604      	mov	r4, r0
    8332:	bf38      	it	cc
    8334:	2404      	movcc	r4, #4

	/* Reverse the dma buf */
	size=rx_buf_update();

	/* Check if we can rx end of packet in this slot*/
	bytes_left = rx_task.codec.air_bytes - size;
    8336:	f8db 302c 	ldr.w	r3, [fp, #44]	@ 0x2c
	if (size > 4)
    833a:	3c04      	subs	r4, #4
	bytes_left = rx_task.codec.air_bytes - size;
    833c:	1b1a      	subs	r2, r3, r4
	last |= bytes_left < MAX_WAIT_BYTES;

	/* last slot: wait for rx end */
	if (last)
    833e:	2a0f      	cmp	r2, #15
	rx_task.rx_offset = size;
    8340:	f8cb 0250 	str.w	r0, [fp, #592]	@ 0x250
	if (last)
    8344:	d91d      	bls.n	8382 <rx_decode+0x18e>
    8346:	b1e7      	cbz	r7, 8382 <rx_decode+0x18e>
    8348:	f108 0508 	add.w	r5, r8, #8
    834c:	f108 080c 	add.w	r8, r8, #12
			size=rx_buf_update();
		}
	}

	/* Decode what we can */
	while((rc=bbcodec_decode_chunk(&rx_task.codec, pkt->bt_data, &pkt->bb_hdr, rx_task.rx_dma_buf+4, size))==0)
    8350:	4b6f      	ldr	r3, [pc, #444]	@ (8510 <rx_decode+0x31c>)
    8352:	462a      	mov	r2, r5
    8354:	4641      	mov	r1, r8
    8356:	f1a3 0031 	sub.w	r0, r3, #49	@ 0x31
    835a:	9400      	str	r4, [sp, #0]
    835c:	f7fc fef6 	bl	514c <bbcodec_decode_chunk>
    8360:	2800      	cmp	r0, #0
    8362:	d0f5      	beq.n	8350 <rx_decode+0x15c>
	{
		//cputc('D');
	}
	if (rc == BBCODEC_DONE)
    8364:	2801      	cmp	r0, #1
    8366:	f000 80c7 	beq.w	84f8 <rx_decode+0x304>
		rx_finalize();
	}
	else
	{
		/* Schedule one more decode */
		tdma_schedule(1, rx_decode, 0, 0, 0, 0);
    836a:	2300      	movs	r3, #0
    836c:	4969      	ldr	r1, [pc, #420]	@ (8514 <rx_decode+0x320>)
    836e:	461a      	mov	r2, r3
    8370:	e9cd 3300 	strd	r3, r3, [sp]
    8374:	2001      	movs	r0, #1
    8376:	f001 f86b 	bl	9450 <tdma_schedule>
	}
	return 0;
}
    837a:	2000      	movs	r0, #0
    837c:	b009      	add	sp, #36	@ 0x24
    837e:	e8bd 8ff0 	ldmia.w	sp!, {r4, r5, r6, r7, r8, r9, sl, fp, pc}
		while(CLKN_OFFSET < WAIT_RX_MAX && size < rx_task.codec.air_bytes)
    8382:	f04f 2240 	mov.w	r2, #1073758208	@ 0x40004000
    8386:	f240 51db 	movw	r1, #1499	@ 0x5db
    838a:	6892      	ldr	r2, [r2, #8]
    838c:	428a      	cmp	r2, r1
    838e:	d8db      	bhi.n	8348 <rx_decode+0x154>
    8390:	429c      	cmp	r4, r3
    8392:	f8df a178 	ldr.w	sl, [pc, #376]	@ 850c <rx_decode+0x318>
    8396:	f8cd 801c 	str.w	r8, [sp, #28]
    839a:	f080 80a8 	bcs.w	84ee <rx_decode+0x2fa>
	unsigned i, size = dma_get_rx_offset();
    839e:	f7fc f823 	bl	43e8 <dma_get_rx_offset>
	for(i=rx_task.rx_offset;i<size;i++)
    83a2:	f8db 2250 	ldr.w	r2, [fp, #592]	@ 0x250
    83a6:	4290      	cmp	r0, r2
    83a8:	f240 808e 	bls.w	84c8 <rx_decode+0x2d4>
    83ac:	1a85      	subs	r5, r0, r2
    83ae:	1e6b      	subs	r3, r5, #1
    83b0:	2b06      	cmp	r3, #6
    83b2:	f240 809f 	bls.w	84f4 <rx_decode+0x300>
    83b6:	f025 0607 	bic.w	r6, r5, #7
    83ba:	f102 033d 	add.w	r3, r2, #61	@ 0x3d
    83be:	e9cd 5202 	strd	r5, r2, [sp, #8]
    83c2:	e9cd 6a04 	strd	r6, sl, [sp, #16]
    83c6:	445b      	add	r3, fp
    83c8:	eb06 0903 	add.w	r9, r6, r3
    83cc:	9006      	str	r0, [sp, #24]
    83ce:	2200      	movs	r2, #0
    83d0:	7819      	ldrb	r1, [r3, #0]
    83d2:	3308      	adds	r3, #8
    83d4:	f81a 8001 	ldrb.w	r8, [sl, r1]
    83d8:	f813 1c04 	ldrb.w	r1, [r3, #-4]
    83dc:	f81a 6001 	ldrb.w	r6, [sl, r1]
    83e0:	f813 1c07 	ldrb.w	r1, [r3, #-7]
    83e4:	f81a e001 	ldrb.w	lr, [sl, r1]
    83e8:	f813 1c03 	ldrb.w	r1, [r3, #-3]
    83ec:	f81a 5001 	ldrb.w	r5, [sl, r1]
    83f0:	f813 1c06 	ldrb.w	r1, [r3, #-6]
    83f4:	f81a c001 	ldrb.w	ip, [sl, r1]
    83f8:	f813 1c02 	ldrb.w	r1, [r3, #-2]
    83fc:	f81a 4001 	ldrb.w	r4, [sl, r1]
    8400:	f813 1c05 	ldrb.w	r1, [r3, #-5]
    8404:	f81a 7001 	ldrb.w	r7, [sl, r1]
    8408:	f813 1c01 	ldrb.w	r1, [r3, #-1]
    840c:	454b      	cmp	r3, r9
    840e:	f81a 0001 	ldrb.w	r0, [sl, r1]
    8412:	4611      	mov	r1, r2
    8414:	f368 0207 	bfi	r2, r8, #0, #8
    8418:	f366 0107 	bfi	r1, r6, #0, #8
    841c:	f36e 220f 	bfi	r2, lr, #8, #8
    8420:	f365 210f 	bfi	r1, r5, #8, #8
    8424:	f36c 4217 	bfi	r2, ip, #16, #8
    8428:	f364 4117 	bfi	r1, r4, #16, #8
    842c:	f367 621f 	bfi	r2, r7, #24, #8
    8430:	f360 611f 	bfi	r1, r0, #24, #8
		rx_task.rx_dma_buf[i] = reverse8(rx_task.rx_dma_buf[i]);
    8434:	f843 2c08 	str.w	r2, [r3, #-8]
    8438:	f843 1c04 	str.w	r1, [r3, #-4]
	for(i=rx_task.rx_offset;i<size;i++)
    843c:	d1c7      	bne.n	83ce <rx_decode+0x1da>
    843e:	e9dd 5202 	ldrd	r5, r2, [sp, #8]
    8442:	e9dd 6404 	ldrd	r6, r4, [sp, #16]
    8446:	42b5      	cmp	r5, r6
    8448:	9806      	ldr	r0, [sp, #24]
    844a:	d03d      	beq.n	84c8 <rx_decode+0x2d4>
    844c:	4432      	add	r2, r6
		rx_task.rx_dma_buf[i] = reverse8(rx_task.rx_dma_buf[i]);
    844e:	eb0b 0102 	add.w	r1, fp, r2
    8452:	f891 503d 	ldrb.w	r5, [r1, #61]	@ 0x3d
	for(i=rx_task.rx_offset;i<size;i++)
    8456:	1c53      	adds	r3, r2, #1
		rx_task.rx_dma_buf[i] = reverse8(rx_task.rx_dma_buf[i]);
    8458:	5d65      	ldrb	r5, [r4, r5]
	for(i=rx_task.rx_offset;i<size;i++)
    845a:	4298      	cmp	r0, r3
		rx_task.rx_dma_buf[i] = reverse8(rx_task.rx_dma_buf[i]);
    845c:	f881 503d 	strb.w	r5, [r1, #61]	@ 0x3d
	for(i=rx_task.rx_offset;i<size;i++)
    8460:	d932      	bls.n	84c8 <rx_decode+0x2d4>
		rx_task.rx_dma_buf[i] = reverse8(rx_task.rx_dma_buf[i]);
    8462:	445b      	add	r3, fp
    8464:	f893 503d 	ldrb.w	r5, [r3, #61]	@ 0x3d
	for(i=rx_task.rx_offset;i<size;i++)
    8468:	1c91      	adds	r1, r2, #2
		rx_task.rx_dma_buf[i] = reverse8(rx_task.rx_dma_buf[i]);
    846a:	5d65      	ldrb	r5, [r4, r5]
	for(i=rx_task.rx_offset;i<size;i++)
    846c:	4288      	cmp	r0, r1
		rx_task.rx_dma_buf[i] = reverse8(rx_task.rx_dma_buf[i]);
    846e:	f883 503d 	strb.w	r5, [r3, #61]	@ 0x3d
	for(i=rx_task.rx_offset;i<size;i++)
    8472:	d929      	bls.n	84c8 <rx_decode+0x2d4>
		rx_task.rx_dma_buf[i] = reverse8(rx_task.rx_dma_buf[i]);
    8474:	4459      	add	r1, fp
    8476:	f891 303d 	ldrb.w	r3, [r1, #61]	@ 0x3d
    847a:	5ce3      	ldrb	r3, [r4, r3]
    847c:	f881 303d 	strb.w	r3, [r1, #61]	@ 0x3d
	for(i=rx_task.rx_offset;i<size;i++)
    8480:	1cd3      	adds	r3, r2, #3
    8482:	4298      	cmp	r0, r3
    8484:	d920      	bls.n	84c8 <rx_decode+0x2d4>
		rx_task.rx_dma_buf[i] = reverse8(rx_task.rx_dma_buf[i]);
    8486:	445b      	add	r3, fp
    8488:	f893 103d 	ldrb.w	r1, [r3, #61]	@ 0x3d
    848c:	5c61      	ldrb	r1, [r4, r1]
    848e:	f883 103d 	strb.w	r1, [r3, #61]	@ 0x3d
	for(i=rx_task.rx_offset;i<size;i++)
    8492:	1d13      	adds	r3, r2, #4
    8494:	4298      	cmp	r0, r3
    8496:	d917      	bls.n	84c8 <rx_decode+0x2d4>
		rx_task.rx_dma_buf[i] = reverse8(rx_task.rx_dma_buf[i]);
    8498:	445b      	add	r3, fp
    849a:	f893 103d 	ldrb.w	r1, [r3, #61]	@ 0x3d
    849e:	5c61      	ldrb	r1, [r4, r1]
    84a0:	f883 103d 	strb.w	r1, [r3, #61]	@ 0x3d
	for(i=rx_task.rx_offset;i<size;i++)
    84a4:	1d53      	adds	r3, r2, #5
    84a6:	4298      	cmp	r0, r3
    84a8:	d90e      	bls.n	84c8 <rx_decode+0x2d4>
		rx_task.rx_dma_buf[i] = reverse8(rx_task.rx_dma_buf[i]);
    84aa:	445b      	add	r3, fp
    84ac:	f893 103d 	ldrb.w	r1, [r3, #61]	@ 0x3d
	for(i=rx_task.rx_offset;i<size;i++)
    84b0:	3206      	adds	r2, #6
		rx_task.rx_dma_buf[i] = reverse8(rx_task.rx_dma_buf[i]);
    84b2:	5c61      	ldrb	r1, [r4, r1]
	for(i=rx_task.rx_offset;i<size;i++)
    84b4:	4290      	cmp	r0, r2
		rx_task.rx_dma_buf[i] = reverse8(rx_task.rx_dma_buf[i]);
    84b6:	f883 103d 	strb.w	r1, [r3, #61]	@ 0x3d
	for(i=rx_task.rx_offset;i<size;i++)
    84ba:	d905      	bls.n	84c8 <rx_decode+0x2d4>
		rx_task.rx_dma_buf[i] = reverse8(rx_task.rx_dma_buf[i]);
    84bc:	445a      	add	r2, fp
    84be:	f892 303d 	ldrb.w	r3, [r2, #61]	@ 0x3d
    84c2:	5ce3      	ldrb	r3, [r4, r3]
    84c4:	f882 303d 	strb.w	r3, [r2, #61]	@ 0x3d
		while(CLKN_OFFSET < WAIT_RX_MAX && size < rx_task.codec.air_bytes)
    84c8:	f04f 2340 	mov.w	r3, #1073758208	@ 0x40004000
	if (size > 4)
    84cc:	2804      	cmp	r0, #4
		while(CLKN_OFFSET < WAIT_RX_MAX && size < rx_task.codec.air_bytes)
    84ce:	f240 52db 	movw	r2, #1499	@ 0x5db
	if (size > 4)
    84d2:	4604      	mov	r4, r0
    84d4:	bf38      	it	cc
    84d6:	2404      	movcc	r4, #4
		while(CLKN_OFFSET < WAIT_RX_MAX && size < rx_task.codec.air_bytes)
    84d8:	689b      	ldr	r3, [r3, #8]
	if (size > 4)
    84da:	3c04      	subs	r4, #4
		while(CLKN_OFFSET < WAIT_RX_MAX && size < rx_task.codec.air_bytes)
    84dc:	4293      	cmp	r3, r2
	rx_task.rx_offset = size;
    84de:	f8cb 0250 	str.w	r0, [fp, #592]	@ 0x250
		while(CLKN_OFFSET < WAIT_RX_MAX && size < rx_task.codec.air_bytes)
    84e2:	d804      	bhi.n	84ee <rx_decode+0x2fa>
    84e4:	f8db 302c 	ldr.w	r3, [fp, #44]	@ 0x2c
    84e8:	429c      	cmp	r4, r3
    84ea:	f4ff af58 	bcc.w	839e <rx_decode+0x1aa>
    84ee:	f8dd 801c 	ldr.w	r8, [sp, #28]
    84f2:	e729      	b.n	8348 <rx_decode+0x154>
    84f4:	4c05      	ldr	r4, [pc, #20]	@ (850c <rx_decode+0x318>)
    84f6:	e7aa      	b.n	844e <rx_decode+0x25a>
		rx_finalize();
    84f8:	f7ff fbba 	bl	7c70 <rx_finalize>
}
    84fc:	2000      	movs	r0, #0
    84fe:	b009      	add	sp, #36	@ 0x24
    8500:	e8bd 8ff0 	ldmia.w	sp!, {r4, r5, r6, r7, r8, r9, sl, fp, pc}
    8504:	4a01      	ldr	r2, [pc, #4]	@ (850c <rx_decode+0x318>)
    8506:	e6d5      	b.n	82b4 <rx_decode+0xc0>
    8508:	10001e78 	.word	0x10001e78
    850c:	0000e7c0 	.word	0x0000e7c0
    8510:	10001eb9 	.word	0x10001eb9
    8514:	000081f5 	.word	0x000081f5

00008518 <rx_task_reset>:
	SCHED_ITEM(rx_execute,  -3, 0, 0), 	SCHED_END_FRAME(),	// 2
	SCHED_END_SET()
};

void rx_task_reset(void)
{
    8518:	b508      	push	{r3, lr}
	if (rx_task.rx_msg)
    851a:	4b05      	ldr	r3, [pc, #20]	@ (8530 <rx_task_reset+0x18>)
    851c:	6898      	ldr	r0, [r3, #8]
    851e:	b130      	cbz	r0, 852e <rx_task_reset+0x16>
	btctl_mem_free(msg);
    8520:	f7fd fbbe 	bl	5ca0 <mem_pool_free>
	{
		msg_free(rx_task.rx_msg);
		rx_task.rx_pkt = NULL;
		rx_task.rx_msg = NULL;
    8524:	2000      	movs	r0, #0
    8526:	2100      	movs	r1, #0
    8528:	4b01      	ldr	r3, [pc, #4]	@ (8530 <rx_task_reset+0x18>)
    852a:	e9c3 0102 	strd	r0, r1, [r3, #8]
	}
}
    852e:	bd08      	pop	{r3, pc}
    8530:	10001e78 	.word	0x10001e78

00008534 <rx_task_schedule>:

void rx_task_schedule(unsigned delay, rx_task_cb_t cb, void*cbarg, unsigned flags)
{
    8534:	b508      	push	{r3, lr}
	btctl_rx_pkt_t *pkt;

	/* Sanity check */
	if (rx_task.rx_msg)
    8536:	f8df c034 	ldr.w	ip, [pc, #52]	@ 856c <rx_task_schedule+0x38>
{
    853a:	4696      	mov	lr, r2
	if (rx_task.rx_msg)
    853c:	f8dc 2008 	ldr.w	r2, [ip, #8]
    8540:	b98a      	cbnz	r2, 8566 <rx_task_schedule+0x32>
		DIE("rx_schedule: rx_msg!=0");

	/* user rx callback */
	rx_task.pkt_cb = cb;
    8542:	f8cc 1000 	str.w	r1, [ip]
	rx_task.cb_arg = cbarg;
	/* Does the packet have a payload ? (else it's an ID) */
	rx_task.do_rx_payload = flags & (1<<RX_F_PAYLOAD);
    8546:	f003 0101 	and.w	r1, r3, #1
	/* Receive raw bursts for monitor state */
	rx_task.rx_raw = flags & (1<<RX_F_RAW);
    854a:	f003 0302 	and.w	r3, r3, #2
	rx_task.do_rx_payload = flags & (1<<RX_F_PAYLOAD);
    854e:	f88c 103c 	strb.w	r1, [ip, #60]	@ 0x3c
	rx_task.rx_raw = flags & (1<<RX_F_RAW);
    8552:	f88c 3256 	strb.w	r3, [ip, #598]	@ 0x256
	rx_task.cb_arg = cbarg;
    8556:	f8cc e004 	str.w	lr, [ip, #4]

	tdma_schedule_set(delay, rx_sched_set, 0);
    855a:	4905      	ldr	r1, [pc, #20]	@ (8570 <rx_task_schedule+0x3c>)
    855c:	b2c0      	uxtb	r0, r0
}
    855e:	e8bd 4008 	ldmia.w	sp!, {r3, lr}
	tdma_schedule_set(delay, rx_sched_set, 0);
    8562:	f000 bfad 	b.w	94c0 <tdma_schedule_set>
		DIE("rx_schedule: rx_msg!=0");
    8566:	4803      	ldr	r0, [pc, #12]	@ (8574 <rx_task_schedule+0x40>)
    8568:	f7fd fbfe 	bl	5d68 <die>
    856c:	10001e78 	.word	0x10001e78
    8570:	0000e8fc 	.word	0x0000e8fc
    8574:	0000b508 	.word	0x0000b508

00008578 <ll_process_rx>:
 * return: 0 if nothing to do
 *	   1 if tx required
 * 	  <0 on error
 */
int ll_process_rx(link_layer_t *ll, msg_t *msg)
{
    8578:	b570      	push	{r4, r5, r6, lr}
    857a:	b082      	sub	sp, #8
	uint32_t clk_diff;
	int rc = ll->is_master != 0;	// master always tx
    857c:	7845      	ldrb	r5, [r0, #1]
	int do_free_msg = 1;
	btctl_rx_pkt_t *pkt;
	btctl_hdr_t *h = (btctl_hdr_t*)msg->data;

	/* RX packet */
	if (h->type != BTCTL_RX_PKT)
    857e:	7b0a      	ldrb	r2, [r1, #12]
	int rc = ll->is_master != 0;	// master always tx
    8580:	1e2e      	subs	r6, r5, #0
    8582:	bf18      	it	ne
    8584:	2601      	movne	r6, #1
	if (h->type != BTCTL_RX_PKT)
    8586:	2a28      	cmp	r2, #40	@ 0x28
{
    8588:	4603      	mov	r3, r0
    858a:	460c      	mov	r4, r1
	if (h->type != BTCTL_RX_PKT)
    858c:	f040 8093 	bne.w	86b6 <ll_process_rx+0x13e>
		DIE("rx : expect rx pkt");
	pkt = (btctl_rx_pkt_t *)h->data;

	/* No packet received, update timeout */
	if (!BBPKT_HAS_HDR(pkt))
    8590:	7d4a      	ldrb	r2, [r1, #21]
    8592:	0790      	lsls	r0, r2, #30
    8594:	d548      	bpl.n	8628 <ll_process_rx+0xb0>
		}
		goto end;
	}

	/* Check for connection establishment */
	if (!ll->is_connected)
    8596:	781a      	ldrb	r2, [r3, #0]
    8598:	b1b2      	cbz	r2, 85c8 <ll_process_rx+0x50>
    859a:	4a4a      	ldr	r2, [pc, #296]	@ (86c4 <ll_process_rx+0x14c>)
    859c:	4628      	mov	r0, r5
    859e:	7811      	ldrb	r1, [r2, #0]
    85a0:	2903      	cmp	r1, #3
    85a2:	d821      	bhi.n	85e8 <ll_process_rx+0x70>
    85a4:	2901      	cmp	r1, #1
    85a6:	d921      	bls.n	85ec <ll_process_rx+0x74>
		return btphy.slave_clkn;
    85a8:	6892      	ldr	r2, [r2, #8]
		ll->is_connected = 1;
		/* Inform host of connection establishment */
		btctl_set_state(BTCTL_STATE_CONNECTED, BTCTL_REASON_SUCCESS|(ll->lt_addr<<5));
	}
	/* Update supervision timeout / stats */
	ll->clkn_last_rx = btphy_cur_clkn();
    85aa:	609a      	str	r2, [r3, #8]
	ll->rx_count ++;
    85ac:	68da      	ldr	r2, [r3, #12]
    85ae:	3201      	adds	r2, #1
    85b0:	60da      	str	r2, [r3, #12]

	/* Check if we must discard the packet */
	if (!ll->is_master && pkt->bb_hdr.lt_addr != ll->lt_addr)
    85b2:	b9e8      	cbnz	r0, 85f0 <ll_process_rx+0x78>
    85b4:	7e21      	ldrb	r1, [r4, #24]
    85b6:	7c1a      	ldrb	r2, [r3, #16]
    85b8:	4291      	cmp	r1, r2
    85ba:	d019      	beq.n	85f0 <ll_process_rx+0x78>
    85bc:	4620      	mov	r0, r4
    85be:	f7fd fb6f 	bl	5ca0 <mem_pool_free>
end:
	if (do_free_msg)
		msg_free(msg);

	return rc;
}
    85c2:	4630      	mov	r0, r6
    85c4:	b002      	add	sp, #8
    85c6:	bd70      	pop	{r4, r5, r6, pc}
		ll->is_connected = 1;
    85c8:	2201      	movs	r2, #1
		btctl_set_state(BTCTL_STATE_CONNECTED, BTCTL_REASON_SUCCESS|(ll->lt_addr<<5));
    85ca:	7c19      	ldrb	r1, [r3, #16]
		ll->is_connected = 1;
    85cc:	701a      	strb	r2, [r3, #0]
		btctl_set_state(BTCTL_STATE_CONNECTED, BTCTL_REASON_SUCCESS|(ll->lt_addr<<5));
    85ce:	0149      	lsls	r1, r1, #5
    85d0:	2003      	movs	r0, #3
    85d2:	f001 01e0 	and.w	r1, r1, #224	@ 0xe0
		ll->is_connected = 1;
    85d6:	9301      	str	r3, [sp, #4]
		btctl_set_state(BTCTL_STATE_CONNECTED, BTCTL_REASON_SUCCESS|(ll->lt_addr<<5));
    85d8:	f7fc f9b6 	bl	4948 <btctl_set_state>
	switch(btphy.mode)
    85dc:	4a39      	ldr	r2, [pc, #228]	@ (86c4 <ll_process_rx+0x14c>)
	if (!ll->is_master && pkt->bb_hdr.lt_addr != ll->lt_addr)
    85de:	9b01      	ldr	r3, [sp, #4]
    85e0:	7811      	ldrb	r1, [r2, #0]
    85e2:	7858      	ldrb	r0, [r3, #1]
    85e4:	2903      	cmp	r1, #3
    85e6:	d9dd      	bls.n	85a4 <ll_process_rx+0x2c>
    85e8:	2905      	cmp	r1, #5
    85ea:	d0dd      	beq.n	85a8 <ll_process_rx+0x30>
		return btphy.master_clkn;
    85ec:	6852      	ldr	r2, [r2, #4]
    85ee:	e7dc      	b.n	85aa <ll_process_rx+0x32>
	if (pkt->bb_hdr.flags & (1<<BTHDR_ARQN))
    85f0:	7ea2      	ldrb	r2, [r4, #26]
    85f2:	0791      	lsls	r1, r2, #30
    85f4:	d50c      	bpl.n	8610 <ll_process_rx+0x98>
		if (ll->cur_tx_msg != NULL)
    85f6:	6998      	ldr	r0, [r3, #24]
    85f8:	b150      	cbz	r0, 8610 <ll_process_rx+0x98>
    85fa:	9301      	str	r3, [sp, #4]
    85fc:	f7fd fb50 	bl	5ca0 <mem_pool_free>
			ll->cur_tx_msg = NULL;
    8600:	2100      	movs	r1, #0
			ll->loc_seqn ^= 1;
    8602:	9b01      	ldr	r3, [sp, #4]
    8604:	7c9a      	ldrb	r2, [r3, #18]
			ll->cur_tx_msg = NULL;
    8606:	6199      	str	r1, [r3, #24]
			ll->loc_seqn ^= 1;
    8608:	f082 0201 	eor.w	r2, r2, #1
    860c:	749a      	strb	r2, [r3, #18]
	if (!(pkt->bb_hdr.flags & (1<<BTHDR_FLOW)))
    860e:	7ea2      	ldrb	r2, [r4, #26]
	if (BBPKT_HAS_CRC(pkt))
    8610:	7d61      	ldrb	r1, [r4, #21]
    8612:	0748      	lsls	r0, r1, #29
    8614:	d526      	bpl.n	8664 <ll_process_rx+0xec>
		if ((1&(pkt->bb_hdr.flags>>BTHDR_SEQN)) != ll->rmt_seqn)
    8616:	7c58      	ldrb	r0, [r3, #17]
    8618:	f3c2 0280 	ubfx	r2, r2, #2, #1
    861c:	4290      	cmp	r0, r2
    861e:	d01f      	beq.n	8660 <ll_process_rx+0xe8>
			ll->loc_arqn = 1;
    8620:	2201      	movs	r2, #1
    8622:	74da      	strb	r2, [r3, #19]
		rc = 1;
    8624:	2601      	movs	r6, #1
    8626:	e7c9      	b.n	85bc <ll_process_rx+0x44>
	switch(btphy.mode)
    8628:	4a26      	ldr	r2, [pc, #152]	@ (86c4 <ll_process_rx+0x14c>)
    862a:	7811      	ldrb	r1, [r2, #0]
    862c:	2903      	cmp	r1, #3
    862e:	d925      	bls.n	867c <ll_process_rx+0x104>
    8630:	2905      	cmp	r1, #5
    8632:	d125      	bne.n	8680 <ll_process_rx+0x108>
		clk_diff = btphy_cur_clkn() - ll->clkn_last_rx;
    8634:	6891      	ldr	r1, [r2, #8]
    8636:	6898      	ldr	r0, [r3, #8]
    8638:	1a09      	subs	r1, r1, r0
		if (clk_diff > SUPERVISION_TO)
    863a:	f5b1 6f48 	cmp.w	r1, #3200	@ 0xc80
    863e:	d9bd      	bls.n	85bc <ll_process_rx+0x44>
		return btphy.slave_clkn;
    8640:	6892      	ldr	r2, [r2, #8]
				(btphy_cur_clkn()-ll->clkn_start-SUPERVISION_TO)/CLKN_RATE,
    8642:	6859      	ldr	r1, [r3, #4]
			cprintf("LS To (con for %d sec, %d pkt rx)\n",
    8644:	4820      	ldr	r0, [pc, #128]	@ (86c8 <ll_process_rx+0x150>)
				(btphy_cur_clkn()-ll->clkn_start-SUPERVISION_TO)/CLKN_RATE,
    8646:	1a51      	subs	r1, r2, r1
    8648:	f5a1 6148 	sub.w	r1, r1, #3200	@ 0xc80
			cprintf("LS To (con for %d sec, %d pkt rx)\n",
    864c:	fba0 0101 	umull	r0, r1, r0, r1
    8650:	68da      	ldr	r2, [r3, #12]
    8652:	481e      	ldr	r0, [pc, #120]	@ (86cc <ll_process_rx+0x154>)
    8654:	0a89      	lsrs	r1, r1, #10
    8656:	f7fd fc77 	bl	5f48 <cprintf>
			rc = -BTCTL_REASON_TIMEOUT;
    865a:	f04f 36ff 	mov.w	r6, #4294967295	@ 0xffffffff
    865e:	e7ad      	b.n	85bc <ll_process_rx+0x44>
			if (BBPKT_GOOD_CRC(pkt))
    8660:	070a      	lsls	r2, r1, #28
    8662:	d415      	bmi.n	8690 <ll_process_rx+0x118>
	if (ll->is_master || pkt->bb_hdr.type == BB_TYPE_POLL || ll->loc_arqn)
    8664:	785a      	ldrb	r2, [r3, #1]
    8666:	2a00      	cmp	r2, #0
    8668:	d1dc      	bne.n	8624 <ll_process_rx+0xac>
    866a:	7e62      	ldrb	r2, [r4, #25]
    866c:	2a01      	cmp	r2, #1
    866e:	d0d9      	beq.n	8624 <ll_process_rx+0xac>
    8670:	7cdb      	ldrb	r3, [r3, #19]
    8672:	432b      	orrs	r3, r5
    8674:	bf14      	ite	ne
    8676:	2601      	movne	r6, #1
    8678:	2600      	moveq	r6, #0
	if (do_free_msg)
    867a:	e79f      	b.n	85bc <ll_process_rx+0x44>
	switch(btphy.mode)
    867c:	2901      	cmp	r1, #1
    867e:	d8d9      	bhi.n	8634 <ll_process_rx+0xbc>
		clk_diff = btphy_cur_clkn() - ll->clkn_last_rx;
    8680:	6851      	ldr	r1, [r2, #4]
    8682:	6898      	ldr	r0, [r3, #8]
    8684:	1a09      	subs	r1, r1, r0
		if (clk_diff > SUPERVISION_TO)
    8686:	f5b1 6f48 	cmp.w	r1, #3200	@ 0xc80
    868a:	d997      	bls.n	85bc <ll_process_rx+0x44>
		return btphy.master_clkn;
    868c:	6852      	ldr	r2, [r2, #4]
    868e:	e7d8      	b.n	8642 <ll_process_rx+0xca>
	__asm__ __volatile__ (
    8690:	9301      	str	r3, [sp, #4]
    8692:	f3ef 8510 	mrs	r5, PRIMASK
    8696:	b672      	cpsid	i
	rc = msg_enqueue(q, msg);
    8698:	480d      	ldr	r0, [pc, #52]	@ (86d0 <ll_process_rx+0x158>)
    869a:	4621      	mov	r1, r4
    869c:	f7fe faa4 	bl	6be8 <msg_enqueue>
	__asm__ __volatile__ (
    86a0:	f385 8810 	msr	PRIMASK, r5
				if (btctl_tx_enqueue(msg) != 0)
    86a4:	9b01      	ldr	r3, [sp, #4]
    86a6:	b948      	cbnz	r0, 86bc <ll_process_rx+0x144>
				ll->loc_arqn = 1;
    86a8:	2101      	movs	r1, #1
				ll->rmt_seqn ^= 1;
    86aa:	7c5a      	ldrb	r2, [r3, #17]
		rc = 1;
    86ac:	460e      	mov	r6, r1
				ll->rmt_seqn ^= 1;
    86ae:	404a      	eors	r2, r1
    86b0:	745a      	strb	r2, [r3, #17]
				ll->loc_arqn = 1;
    86b2:	74d9      	strb	r1, [r3, #19]
	if (ll->is_master || pkt->bb_hdr.type == BB_TYPE_POLL || ll->loc_arqn)
    86b4:	e785      	b.n	85c2 <ll_process_rx+0x4a>
		DIE("rx : expect rx pkt");
    86b6:	4807      	ldr	r0, [pc, #28]	@ (86d4 <ll_process_rx+0x15c>)
    86b8:	f7fd fb56 	bl	5d68 <die>
					DIE("txq full in master\n");
    86bc:	4806      	ldr	r0, [pc, #24]	@ (86d8 <ll_process_rx+0x160>)
    86be:	f7fd fb53 	bl	5d68 <die>
    86c2:	bf00      	nop
    86c4:	10002198 	.word	0x10002198
    86c8:	51eb851f 	.word	0x51eb851f
    86cc:	0000b53c 	.word	0x0000b53c
    86d0:	100002e4 	.word	0x100002e4
    86d4:	0000b524 	.word	0x0000b524
    86d8:	0000b560 	.word	0x0000b560

000086dc <ll_prepare_tx>:

void ll_prepare_tx(link_layer_t *ll, bbhdr_t **tx_hdr, uint8_t **tx_data)
{
    86dc:	b510      	push	{r4, lr}
    86de:	b084      	sub	sp, #16
    86e0:	4604      	mov	r4, r0
	btctl_hdr_t *btctl_hdr;
	btctl_tx_pkt_t *tx_pkt;

	if (ll->cur_tx_msg == NULL)
    86e2:	6980      	ldr	r0, [r0, #24]
    86e4:	b1a8      	cbz	r0, 8712 <ll_prepare_tx+0x36>
		*tx_data = NULL;
	}
	else{
		LL_DEBUG('T');
		btctl_hdr = (btctl_hdr_t*)ll->cur_tx_msg->data;
		if (btctl_hdr->type != BTCTL_TX_ACL_REQ)
    86e6:	7b03      	ldrb	r3, [r0, #12]
    86e8:	2b1b      	cmp	r3, #27
    86ea:	d12d      	bne.n	8748 <ll_prepare_tx+0x6c>
			DIE("BTCTL_TX_ACL_REQ expected\n");
		tx_pkt = (btctl_tx_pkt_t*)btctl_hdr->data;
		*tx_hdr =  &tx_pkt->bb_hdr;
    86ec:	f100 0c10 	add.w	ip, r0, #16
		*tx_data = tx_pkt->bt_data;
    86f0:	3014      	adds	r0, #20
		*tx_hdr = &ll->tx_hdr;
    86f2:	f8c1 c000 	str.w	ip, [r1]
	/* Write ll flags in tx header */
	(*tx_hdr)->flags =
		(ll->loc_arqn<<BTHDR_ARQN)
		 | (ll->loc_seqn<<BTHDR_SEQN)
		 | (1<<BTHDR_FLOW);
	ll->loc_arqn = 0;
    86f6:	2100      	movs	r1, #0
		*tx_data = NULL;
    86f8:	6010      	str	r0, [r2, #0]
		 | (ll->loc_seqn<<BTHDR_SEQN)
    86fa:	7ca3      	ldrb	r3, [r4, #18]
    86fc:	7ce2      	ldrb	r2, [r4, #19]
    86fe:	009b      	lsls	r3, r3, #2
    8700:	ea43 0342 	orr.w	r3, r3, r2, lsl #1
		 | (1<<BTHDR_FLOW);
    8704:	f043 0301 	orr.w	r3, r3, #1
	(*tx_hdr)->flags =
    8708:	f88c 3002 	strb.w	r3, [ip, #2]
	ll->loc_arqn = 0;
    870c:	74e1      	strb	r1, [r4, #19]
}
    870e:	b004      	add	sp, #16
    8710:	bd10      	pop	{r4, pc}
	__asm__ __volatile__ (
    8712:	e9cd 1202 	strd	r1, r2, [sp, #8]
    8716:	f3ef 8310 	mrs	r3, PRIMASK
    871a:	b672      	cpsid	i
	msg = msg_dequeue(q);
    871c:	480c      	ldr	r0, [pc, #48]	@ (8750 <ll_prepare_tx+0x74>)
    871e:	9301      	str	r3, [sp, #4]
    8720:	f7fe fa4c 	bl	6bbc <msg_dequeue>
	__asm__ __volatile__ (
    8724:	9b01      	ldr	r3, [sp, #4]
    8726:	f383 8810 	msr	PRIMASK, r3
		ll->cur_tx_msg=btctl_acl_tx_dequeue();
    872a:	61a0      	str	r0, [r4, #24]
	if (ll->cur_tx_msg == NULL)
    872c:	e9dd 1202 	ldrd	r1, r2, [sp, #8]
    8730:	2800      	cmp	r0, #0
    8732:	d1d8      	bne.n	86e6 <ll_prepare_tx+0xa>
		ll->tx_hdr.lt_addr = ll->lt_addr;
    8734:	7c23      	ldrb	r3, [r4, #16]
		*tx_hdr = &ll->tx_hdr;
    8736:	f104 0c14 	add.w	ip, r4, #20
		ll->tx_hdr.lt_addr = ll->lt_addr;
    873a:	7523      	strb	r3, [r4, #20]
		if (ll->is_master)
    873c:	7863      	ldrb	r3, [r4, #1]
    873e:	1a1b      	subs	r3, r3, r0
    8740:	bf18      	it	ne
    8742:	2301      	movne	r3, #1
    8744:	7563      	strb	r3, [r4, #21]
		*tx_data = NULL;
    8746:	e7d4      	b.n	86f2 <ll_prepare_tx+0x16>
			DIE("BTCTL_TX_ACL_REQ expected\n");
    8748:	4802      	ldr	r0, [pc, #8]	@ (8754 <ll_prepare_tx+0x78>)
    874a:	f7fd fb0d 	bl	5d68 <die>
    874e:	bf00      	nop
    8750:	1000030c 	.word	0x1000030c
    8754:	0000b57c 	.word	0x0000b57c

00008758 <ll_reset>:

void ll_reset(link_layer_t *ll)
{
    8758:	b500      	push	{lr}
    875a:	b083      	sub	sp, #12
    875c:	4603      	mov	r3, r0
	// Todo : free msg_t*
	if (ll->cur_tx_msg)
    875e:	6980      	ldr	r0, [r0, #24]
    8760:	b128      	cbz	r0, 876e <ll_reset+0x16>
    8762:	9301      	str	r3, [sp, #4]
    8764:	f7fd fa9c 	bl	5ca0 <mem_pool_free>
	{
		msg_free(ll->cur_tx_msg);
		ll->cur_tx_msg = NULL;
    8768:	2200      	movs	r2, #0
    876a:	9b01      	ldr	r3, [sp, #4]
    876c:	619a      	str	r2, [r3, #24]
	}
}
    876e:	b003      	add	sp, #12
    8770:	bd00      	pop	{pc}
    8772:	bf00      	nop

00008774 <ll_init>:

void ll_init(link_layer_t *ll, uint8_t is_master, uint8_t lt_addr)
{
    8774:	b500      	push	{lr}
	ll->is_master = is_master;
	ll->is_connected = 0;
    8776:	2300      	movs	r3, #0

	/* Link flags */
	ll->lt_addr = lt_addr;
    8778:	f04f 0e01 	mov.w	lr, #1
	switch(btphy.mode)
    877c:	f8df c03c 	ldr.w	ip, [pc, #60]	@ 87bc <ll_init+0x48>
	ll->is_connected = 0;
    8780:	7003      	strb	r3, [r0, #0]
	ll->rmt_seqn = 1;
	ll->loc_seqn = 1;
	ll->loc_arqn = 0;

	/* TX message */
	ll->cur_tx_msg = NULL;
    8782:	6183      	str	r3, [r0, #24]

	/* Stats / timeout */
	ll->rx_count = 0;
    8784:	60c3      	str	r3, [r0, #12]
	ll->lt_addr = lt_addr;
    8786:	f362 0307 	bfi	r3, r2, #0, #8
    878a:	f89c 2000 	ldrb.w	r2, [ip]
    878e:	f36e 230f 	bfi	r3, lr, #8, #8
    8792:	f36e 4317 	bfi	r3, lr, #16, #8
    8796:	2a03      	cmp	r2, #3
	ll->is_master = is_master;
    8798:	7041      	strb	r1, [r0, #1]
	ll->lt_addr = lt_addr;
    879a:	6103      	str	r3, [r0, #16]
    879c:	d806      	bhi.n	87ac <ll_init+0x38>
    879e:	4572      	cmp	r2, lr
    87a0:	d906      	bls.n	87b0 <ll_init+0x3c>
		return btphy.slave_clkn;
    87a2:	f8dc 3008 	ldr.w	r3, [ip, #8]
	ll->clkn_last_rx = ll->clkn_start = btphy_cur_clkn();
    87a6:	e9c0 3301 	strd	r3, r3, [r0, #4]
}
    87aa:	bd00      	pop	{pc}
	switch(btphy.mode)
    87ac:	2a05      	cmp	r2, #5
    87ae:	d0f8      	beq.n	87a2 <ll_init+0x2e>
		return btphy.master_clkn;
    87b0:	f8dc 3004 	ldr.w	r3, [ip, #4]
	ll->clkn_last_rx = ll->clkn_start = btphy_cur_clkn();
    87b4:	e9c0 3301 	strd	r3, r3, [r0, #4]
}
    87b8:	bd00      	pop	{pc}
    87ba:	bf00      	nop
    87bc:	10002198 	.word	0x10002198

000087c0 <inquiry_scan_rx_cb>:
		inquiry_scan_schedule(1);
	}
}

static void inquiry_scan_rx_cb(int sw_detected, void *arg)
{
    87c0:	b500      	push	{lr}
    87c2:	b085      	sub	sp, #20
	return btctl.state;
    87c4:	4b1f      	ldr	r3, [pc, #124]	@ (8844 <inquiry_scan_rx_cb+0x84>)
    87c6:	4602      	mov	r2, r0

	if (inquiry_scan_canceled())
    87c8:	781b      	ldrb	r3, [r3, #0]
    87ca:	2b04      	cmp	r3, #4
    87cc:	d129      	bne.n	8822 <inquiry_scan_rx_cb+0x62>
	{
		cprintf("inq scan canceled\n");
		return;
	}

	if (sw_detected)
    87ce:	b978      	cbnz	r0, 87f0 <inquiry_scan_rx_cb+0x30>
	}
}

static void inquiry_scan_schedule(unsigned delay)
{
	if (MASTER_CLKN >= inquiry_scan_state.clkn_start + INQ_SCAN_MAX_TICKS)
    87d0:	4b1d      	ldr	r3, [pc, #116]	@ (8848 <inquiry_scan_rx_cb+0x88>)
    87d2:	491e      	ldr	r1, [pc, #120]	@ (884c <inquiry_scan_rx_cb+0x8c>)
    87d4:	681b      	ldr	r3, [r3, #0]
    87d6:	6889      	ldr	r1, [r1, #8]
    87d8:	f503 333b 	add.w	r3, r3, #191488	@ 0x2ec00
    87dc:	f503 7300 	add.w	r3, r3, #512	@ 0x200
    87e0:	4299      	cmp	r1, r3
    87e2:	d224      	bcs.n	882e <inquiry_scan_rx_cb+0x6e>
	{
		cprintf("inquiry scan timeout\n");
		btctl_set_state(BTCTL_STATE_STANDBY, BTCTL_REASON_TIMEOUT);
		return;
	}
	scan_task_schedule(delay, inquiry_scan_rx_cb, NULL);
    87e4:	491a      	ldr	r1, [pc, #104]	@ (8850 <inquiry_scan_rx_cb+0x90>)
}
    87e6:	b005      	add	sp, #20
    87e8:	f85d eb04 	ldr.w	lr, [sp], #4
	scan_task_schedule(delay, inquiry_scan_rx_cb, NULL);
    87ec:	f7fe bd2a 	b.w	7244 <scan_task_schedule>
		console_putc('!');
    87f0:	2021      	movs	r0, #33	@ 0x21
    87f2:	f7fd fb5f 	bl	5eb4 <console_putc>
		bbpkt_fhs_finalize_payload(inquiry_scan_state.fhs_data, (btphy.master_clkn+2)>>2);
    87f6:	4b17      	ldr	r3, [pc, #92]	@ (8854 <inquiry_scan_rx_cb+0x94>)
    87f8:	4817      	ldr	r0, [pc, #92]	@ (8858 <inquiry_scan_rx_cb+0x98>)
    87fa:	6859      	ldr	r1, [r3, #4]
    87fc:	3102      	adds	r1, #2
    87fe:	0889      	lsrs	r1, r1, #2
    8800:	f7fc faa6 	bl	4d50 <bbpkt_fhs_finalize_payload>
		tx_task_schedule(3&(TX_PREPARE_IDX-CUR_SLAVE_SLOT_IDX()),
    8804:	4b13      	ldr	r3, [pc, #76]	@ (8854 <inquiry_scan_rx_cb+0x94>)
    8806:	4814      	ldr	r0, [pc, #80]	@ (8858 <inquiry_scan_rx_cb+0x98>)
    8808:	689b      	ldr	r3, [r3, #8]
    880a:	2200      	movs	r2, #0
    880c:	f1c3 0c01 	rsb	ip, r3, #1
    8810:	9000      	str	r0, [sp, #0]
    8812:	1f03      	subs	r3, r0, #4
    8814:	4911      	ldr	r1, [pc, #68]	@ (885c <inquiry_scan_rx_cb+0x9c>)
    8816:	f00c 0003 	and.w	r0, ip, #3
    881a:	f7fe ff99 	bl	7750 <tx_task_schedule>
}
    881e:	b005      	add	sp, #20
    8820:	bd00      	pop	{pc}
		cprintf("inq scan canceled\n");
    8822:	480f      	ldr	r0, [pc, #60]	@ (8860 <inquiry_scan_rx_cb+0xa0>)
}
    8824:	b005      	add	sp, #20
    8826:	f85d eb04 	ldr.w	lr, [sp], #4
		cprintf("inq scan canceled\n");
    882a:	f7fd bb8d 	b.w	5f48 <cprintf>
    882e:	9003      	str	r0, [sp, #12]
		cprintf("inquiry scan timeout\n");
    8830:	480c      	ldr	r0, [pc, #48]	@ (8864 <inquiry_scan_rx_cb+0xa4>)
    8832:	f7fd fb89 	bl	5f48 <cprintf>
		btctl_set_state(BTCTL_STATE_STANDBY, BTCTL_REASON_TIMEOUT);
    8836:	2101      	movs	r1, #1
    8838:	9803      	ldr	r0, [sp, #12]
}
    883a:	b005      	add	sp, #20
    883c:	f85d eb04 	ldr.w	lr, [sp], #4
		btctl_set_state(BTCTL_STATE_STANDBY, BTCTL_REASON_TIMEOUT);
    8840:	f7fc b882 	b.w	4948 <btctl_set_state>
    8844:	100002b8 	.word	0x100002b8
    8848:	100020d0 	.word	0x100020d0
    884c:	40008000 	.word	0x40008000
    8850:	000087c1 	.word	0x000087c1
    8854:	10002198 	.word	0x10002198
    8858:	100020d8 	.word	0x100020d8
    885c:	000088b1 	.word	0x000088b1
    8860:	0000b59c 	.word	0x0000b59c
    8864:	0000b5b0 	.word	0x0000b5b0

00008868 <tx_eir_cb>:
{
    8868:	b508      	push	{r3, lr}
	if (MASTER_CLKN >= inquiry_scan_state.clkn_start + INQ_SCAN_MAX_TICKS)
    886a:	4b0d      	ldr	r3, [pc, #52]	@ (88a0 <tx_eir_cb+0x38>)
    886c:	4a0d      	ldr	r2, [pc, #52]	@ (88a4 <tx_eir_cb+0x3c>)
    886e:	681b      	ldr	r3, [r3, #0]
    8870:	6892      	ldr	r2, [r2, #8]
    8872:	f503 333b 	add.w	r3, r3, #191488	@ 0x2ec00
    8876:	f503 7300 	add.w	r3, r3, #512	@ 0x200
    887a:	429a      	cmp	r2, r3
    887c:	d206      	bcs.n	888c <tx_eir_cb+0x24>
}
    887e:	e8bd 4008 	ldmia.w	sp!, {r3, lr}
	scan_task_schedule(delay, inquiry_scan_rx_cb, NULL);
    8882:	2200      	movs	r2, #0
    8884:	2001      	movs	r0, #1
    8886:	4908      	ldr	r1, [pc, #32]	@ (88a8 <tx_eir_cb+0x40>)
    8888:	f7fe bcdc 	b.w	7244 <scan_task_schedule>
		cprintf("inquiry scan timeout\n");
    888c:	4807      	ldr	r0, [pc, #28]	@ (88ac <tx_eir_cb+0x44>)
    888e:	f7fd fb5b 	bl	5f48 <cprintf>
}
    8892:	e8bd 4008 	ldmia.w	sp!, {r3, lr}
		btctl_set_state(BTCTL_STATE_STANDBY, BTCTL_REASON_TIMEOUT);
    8896:	2101      	movs	r1, #1
    8898:	2000      	movs	r0, #0
    889a:	f7fc b855 	b.w	4948 <btctl_set_state>
    889e:	bf00      	nop
    88a0:	100020d0 	.word	0x100020d0
    88a4:	40008000 	.word	0x40008000
    88a8:	000087c1 	.word	0x000087c1
    88ac:	0000b5b0 	.word	0x0000b5b0

000088b0 <tx_fhs_cb>:
{
    88b0:	b500      	push	{lr}
    88b2:	b085      	sub	sp, #20
	return btctl.eir_pkt;
    88b4:	4b18      	ldr	r3, [pc, #96]	@ (8918 <tx_fhs_cb+0x68>)
    88b6:	f8d3 3080 	ldr.w	r3, [r3, #128]	@ 0x80
	if (eir_pkt)
    88ba:	b17b      	cbz	r3, 88dc <tx_fhs_cb+0x2c>
		tx_task_schedule(3&(TX_PREPARE_IDX-CUR_SLAVE_SLOT_IDX()),
    88bc:	4a17      	ldr	r2, [pc, #92]	@ (891c <tx_fhs_cb+0x6c>)
			&eir_pkt->bb_hdr, eir_pkt->bt_data);
    88be:	f103 0c04 	add.w	ip, r3, #4
		tx_task_schedule(3&(TX_PREPARE_IDX-CUR_SLAVE_SLOT_IDX()),
    88c2:	6890      	ldr	r0, [r2, #8]
    88c4:	4916      	ldr	r1, [pc, #88]	@ (8920 <tx_fhs_cb+0x70>)
    88c6:	f1c0 0001 	rsb	r0, r0, #1
    88ca:	2200      	movs	r2, #0
    88cc:	f8cd c000 	str.w	ip, [sp]
    88d0:	f000 0003 	and.w	r0, r0, #3
    88d4:	f7fe ff3c 	bl	7750 <tx_task_schedule>
}
    88d8:	b005      	add	sp, #20
    88da:	bd00      	pop	{pc}
	if (MASTER_CLKN >= inquiry_scan_state.clkn_start + INQ_SCAN_MAX_TICKS)
    88dc:	4a11      	ldr	r2, [pc, #68]	@ (8924 <tx_fhs_cb+0x74>)
    88de:	4912      	ldr	r1, [pc, #72]	@ (8928 <tx_fhs_cb+0x78>)
    88e0:	6812      	ldr	r2, [r2, #0]
    88e2:	6889      	ldr	r1, [r1, #8]
    88e4:	f502 323b 	add.w	r2, r2, #191488	@ 0x2ec00
    88e8:	f502 7200 	add.w	r2, r2, #512	@ 0x200
    88ec:	4291      	cmp	r1, r2
    88ee:	d207      	bcs.n	8900 <tx_fhs_cb+0x50>
	scan_task_schedule(delay, inquiry_scan_rx_cb, NULL);
    88f0:	461a      	mov	r2, r3
    88f2:	2001      	movs	r0, #1
    88f4:	490d      	ldr	r1, [pc, #52]	@ (892c <tx_fhs_cb+0x7c>)
}
    88f6:	b005      	add	sp, #20
    88f8:	f85d eb04 	ldr.w	lr, [sp], #4
	scan_task_schedule(delay, inquiry_scan_rx_cb, NULL);
    88fc:	f7fe bca2 	b.w	7244 <scan_task_schedule>
		cprintf("inquiry scan timeout\n");
    8900:	480b      	ldr	r0, [pc, #44]	@ (8930 <tx_fhs_cb+0x80>)
    8902:	9303      	str	r3, [sp, #12]
    8904:	f7fd fb20 	bl	5f48 <cprintf>
		btctl_set_state(BTCTL_STATE_STANDBY, BTCTL_REASON_TIMEOUT);
    8908:	2101      	movs	r1, #1
    890a:	9803      	ldr	r0, [sp, #12]
}
    890c:	b005      	add	sp, #20
    890e:	f85d eb04 	ldr.w	lr, [sp], #4
		btctl_set_state(BTCTL_STATE_STANDBY, BTCTL_REASON_TIMEOUT);
    8912:	f7fc b819 	b.w	4948 <btctl_set_state>
    8916:	bf00      	nop
    8918:	100002b8 	.word	0x100002b8
    891c:	10002198 	.word	0x10002198
    8920:	00008869 	.word	0x00008869
    8924:	100020d0 	.word	0x100020d0
    8928:	40008000 	.word	0x40008000
    892c:	000087c1 	.word	0x000087c1
    8930:	0000b5b0 	.word	0x0000b5b0

00008934 <inquiry_scan_state_setup>:

/*
 * Inquiry slave
 */
void inquiry_scan_state_setup(void)
{
    8934:	b530      	push	{r4, r5, lr}
    8936:	b087      	sub	sp, #28
	btctl_set_state(BTCTL_STATE_INQUIRY_SCAN, BTCTL_REASON_SUCCESS);

	/* A simple Header for our fhs */ 
	inquiry_scan_state.fhs_hdr.lt_addr = 0;
	inquiry_scan_state.fhs_hdr.type = BB_TYPE_FHS;
	inquiry_scan_state.fhs_hdr.flags = 0; 		// Depends on devices, some sends BTHDR_FLOW|BTHDR_SEQN, others send 0, both seems right
    8938:	2400      	movs	r4, #0
	btphy_set_mode(BT_MODE_INQUIRY_SCAN, GIAC, 0);
    893a:	2200      	movs	r2, #0
    893c:	2002      	movs	r0, #2
    893e:	4920      	ldr	r1, [pc, #128]	@ (89c0 <inquiry_scan_state_setup+0x8c>)
    8940:	f000 f974 	bl	8c2c <btphy_set_mode>
	btctl_set_state(BTCTL_STATE_INQUIRY_SCAN, BTCTL_REASON_SUCCESS);
    8944:	2100      	movs	r1, #0
    8946:	2004      	movs	r0, #4
    8948:	f7fb fffe 	bl	4948 <btctl_set_state>
    894c:	4b1d      	ldr	r3, [pc, #116]	@ (89c4 <inquiry_scan_state_setup+0x90>)
	inquiry_scan_state.fhs_hdr.lt_addr = 0;
    894e:	f44f 7100 	mov.w	r1, #512	@ 0x200

	/* Prepare constant part of FHS payload */
	bbpkt_fhs_prepare_payload(inquiry_scan_state.fhs_data,
    8952:	f8d3 3080 	ldr.w	r3, [r3, #128]	@ 0x80
    8956:	481c      	ldr	r0, [pc, #112]	@ (89c8 <inquiry_scan_state_setup+0x94>)
    8958:	1b1b      	subs	r3, r3, r4
    895a:	bf18      	it	ne
    895c:	2301      	movne	r3, #1
    895e:	e9cd 0403 	strd	r0, r4, [sp, #12]
	inquiry_scan_state.fhs_hdr.lt_addr = 0;
    8962:	4d1a      	ldr	r5, [pc, #104]	@ (89cc <inquiry_scan_state_setup+0x98>)
		btphy.my_sw&0xffffffff,	// parity: low32 bits of master's sw
    8964:	4a1a      	ldr	r2, [pc, #104]	@ (89d0 <inquiry_scan_state_setup+0x9c>)
	inquiry_scan_state.fhs_hdr.lt_addr = 0;
    8966:	80a9      	strh	r1, [r5, #4]
	inquiry_scan_state.fhs_hdr.flags = 0; 		// Depends on devices, some sends BTHDR_FLOW|BTHDR_SEQN, others send 0, both seems right
    8968:	71ac      	strb	r4, [r5, #6]
	bbpkt_fhs_prepare_payload(inquiry_scan_state.fhs_data,
    896a:	9305      	str	r3, [sp, #20]
    896c:	8f51      	ldrh	r1, [r2, #58]	@ 0x3a
    896e:	f892 3038 	ldrb.w	r3, [r2, #56]	@ 0x38
    8972:	f105 0008 	add.w	r0, r5, #8
    8976:	e9cd 3101 	strd	r3, r1, [sp, #4]
    897a:	6b51      	ldr	r1, [r2, #52]	@ 0x34
    897c:	4623      	mov	r3, r4
    897e:	6c12      	ldr	r2, [r2, #64]	@ 0x40
    8980:	9100      	str	r1, [sp, #0]
    8982:	f7fc f9b1 	bl	4ce8 <bbpkt_fhs_prepare_payload>
		0x5A020C,		// class: FIXME: make this configurable
		0,			// lt_addr
		btctl_get_eir() != NULL
		);

	inquiry_scan_state.clkn_start = MASTER_CLKN+1;
    8986:	4b13      	ldr	r3, [pc, #76]	@ (89d4 <inquiry_scan_state_setup+0xa0>)
    8988:	689a      	ldr	r2, [r3, #8]
    898a:	1c51      	adds	r1, r2, #1
    898c:	6029      	str	r1, [r5, #0]
	if (MASTER_CLKN >= inquiry_scan_state.clkn_start + INQ_SCAN_MAX_TICKS)
    898e:	689b      	ldr	r3, [r3, #8]
    8990:	f502 323b 	add.w	r2, r2, #191488	@ 0x2ec00
    8994:	f202 2201 	addw	r2, r2, #513	@ 0x201
    8998:	4293      	cmp	r3, r2
    899a:	d207      	bcs.n	89ac <inquiry_scan_state_setup+0x78>
	scan_task_schedule(delay, inquiry_scan_rx_cb, NULL);
    899c:	4622      	mov	r2, r4
    899e:	2001      	movs	r0, #1
    89a0:	490d      	ldr	r1, [pc, #52]	@ (89d8 <inquiry_scan_state_setup+0xa4>)
	inquiry_scan_schedule(1);
}
    89a2:	b007      	add	sp, #28
    89a4:	e8bd 4030 	ldmia.w	sp!, {r4, r5, lr}
	scan_task_schedule(delay, inquiry_scan_rx_cb, NULL);
    89a8:	f7fe bc4c 	b.w	7244 <scan_task_schedule>
		cprintf("inquiry scan timeout\n");
    89ac:	480b      	ldr	r0, [pc, #44]	@ (89dc <inquiry_scan_state_setup+0xa8>)
    89ae:	f7fd facb 	bl	5f48 <cprintf>
		btctl_set_state(BTCTL_STATE_STANDBY, BTCTL_REASON_TIMEOUT);
    89b2:	2101      	movs	r1, #1
    89b4:	4620      	mov	r0, r4
}
    89b6:	b007      	add	sp, #28
    89b8:	e8bd 4030 	ldmia.w	sp!, {r4, r5, lr}
		btctl_set_state(BTCTL_STATE_STANDBY, BTCTL_REASON_TIMEOUT);
    89bc:	f7fb bfc4 	b.w	4948 <btctl_set_state>
    89c0:	009e8b33 	.word	0x009e8b33
    89c4:	100002b8 	.word	0x100002b8
    89c8:	005a020c 	.word	0x005a020c
    89cc:	100020d0 	.word	0x100020d0
    89d0:	10002198 	.word	0x10002198
    89d4:	40008000 	.word	0x40008000
    89d8:	000087c1 	.word	0x000087c1
    89dc:	0000b5b0 	.word	0x0000b5b0

000089e0 <btphy_timer_add>:
		}
	}
}

void btphy_timer_add(uint32_t instant, btphy_timer_fn_t cb, void *cb_arg, uint8_t anyway)
{
    89e0:	b510      	push	{r4, lr}
	unsigned i;
	btphy_timer_t *t;

	if (btphy_timers.count == BTPHY_TIMER_COUNT)
    89e2:	f8df c0a0 	ldr.w	ip, [pc, #160]	@ 8a84 <btphy_timer_add+0xa4>
{
    89e6:	461c      	mov	r4, r3
	if (btphy_timers.count == BTPHY_TIMER_COUNT)
    89e8:	f8dc e000 	ldr.w	lr, [ip]
    89ec:	f1be 0f0a 	cmp.w	lr, #10
    89f0:	d044      	beq.n	8a7c <btphy_timer_add+0x9c>
	{
		DIE("too many timers");
	}
	for(i=0, t=btphy_timers.timers; i<BTPHY_TIMER_COUNT; i++,t++)
	{
		if (t->cb == NULL)
    89f2:	f8dc 3008 	ldr.w	r3, [ip, #8]
    89f6:	b1eb      	cbz	r3, 8a34 <btphy_timer_add+0x54>
    89f8:	f8dc 3018 	ldr.w	r3, [ip, #24]
    89fc:	b32b      	cbz	r3, 8a4a <btphy_timer_add+0x6a>
    89fe:	f8dc 3028 	ldr.w	r3, [ip, #40]	@ 0x28
    8a02:	b32b      	cbz	r3, 8a50 <btphy_timer_add+0x70>
    8a04:	f8dc 3038 	ldr.w	r3, [ip, #56]	@ 0x38
    8a08:	b32b      	cbz	r3, 8a56 <btphy_timer_add+0x76>
    8a0a:	f8dc 3048 	ldr.w	r3, [ip, #72]	@ 0x48
    8a0e:	b32b      	cbz	r3, 8a5c <btphy_timer_add+0x7c>
    8a10:	f8dc 3058 	ldr.w	r3, [ip, #88]	@ 0x58
    8a14:	b32b      	cbz	r3, 8a62 <btphy_timer_add+0x82>
    8a16:	f8dc 3068 	ldr.w	r3, [ip, #104]	@ 0x68
    8a1a:	b32b      	cbz	r3, 8a68 <btphy_timer_add+0x88>
    8a1c:	f8dc 3078 	ldr.w	r3, [ip, #120]	@ 0x78
    8a20:	b32b      	cbz	r3, 8a6e <btphy_timer_add+0x8e>
    8a22:	f8dc 3088 	ldr.w	r3, [ip, #136]	@ 0x88
    8a26:	b32b      	cbz	r3, 8a74 <btphy_timer_add+0x94>
    8a28:	f8dc 3098 	ldr.w	r3, [ip, #152]	@ 0x98
    8a2c:	b323      	cbz	r3, 8a78 <btphy_timer_add+0x98>
			t->anyway = anyway;
			btphy_timers.count++;
			return;
		}
	}
	DIE("timers overflow");
    8a2e:	4816      	ldr	r0, [pc, #88]	@ (8a88 <btphy_timer_add+0xa8>)
    8a30:	f7fd f99a 	bl	5d68 <die>
	for(i=0, t=btphy_timers.timers; i<BTPHY_TIMER_COUNT; i++,t++)
    8a34:	f10c 0304 	add.w	r3, ip, #4
			t->cb = cb;
    8a38:	e9c3 0100 	strd	r0, r1, [r3]
			t->anyway = anyway;
    8a3c:	731c      	strb	r4, [r3, #12]
			btphy_timers.count++;
    8a3e:	f10e 0101 	add.w	r1, lr, #1
			t->cb_arg = cb_arg;
    8a42:	609a      	str	r2, [r3, #8]
			btphy_timers.count++;
    8a44:	f8cc 1000 	str.w	r1, [ip]
}
    8a48:	bd10      	pop	{r4, pc}
	for(i=0, t=btphy_timers.timers; i<BTPHY_TIMER_COUNT; i++,t++)
    8a4a:	f10c 0314 	add.w	r3, ip, #20
    8a4e:	e7f3      	b.n	8a38 <btphy_timer_add+0x58>
    8a50:	f10c 0324 	add.w	r3, ip, #36	@ 0x24
    8a54:	e7f0      	b.n	8a38 <btphy_timer_add+0x58>
    8a56:	f10c 0334 	add.w	r3, ip, #52	@ 0x34
    8a5a:	e7ed      	b.n	8a38 <btphy_timer_add+0x58>
    8a5c:	f10c 0344 	add.w	r3, ip, #68	@ 0x44
    8a60:	e7ea      	b.n	8a38 <btphy_timer_add+0x58>
    8a62:	f10c 0354 	add.w	r3, ip, #84	@ 0x54
    8a66:	e7e7      	b.n	8a38 <btphy_timer_add+0x58>
    8a68:	f10c 0364 	add.w	r3, ip, #100	@ 0x64
    8a6c:	e7e4      	b.n	8a38 <btphy_timer_add+0x58>
    8a6e:	f10c 0374 	add.w	r3, ip, #116	@ 0x74
    8a72:	e7e1      	b.n	8a38 <btphy_timer_add+0x58>
    8a74:	4b05      	ldr	r3, [pc, #20]	@ (8a8c <btphy_timer_add+0xac>)
    8a76:	e7df      	b.n	8a38 <btphy_timer_add+0x58>
    8a78:	4b05      	ldr	r3, [pc, #20]	@ (8a90 <btphy_timer_add+0xb0>)
    8a7a:	e7dd      	b.n	8a38 <btphy_timer_add+0x58>
		DIE("too many timers");
    8a7c:	4805      	ldr	r0, [pc, #20]	@ (8a94 <btphy_timer_add+0xb4>)
    8a7e:	f7fd f973 	bl	5d68 <die>
    8a82:	bf00      	nop
    8a84:	100020f0 	.word	0x100020f0
    8a88:	0000b5e0 	.word	0x0000b5e0
    8a8c:	10002174 	.word	0x10002174
    8a90:	10002184 	.word	0x10002184
    8a94:	0000b5c8 	.word	0x0000b5c8

00008a98 <TIMER0_IRQHandler>:
	/* Advance scheduler */
	tdma_sched_advance();
}

void TIMER0_IRQHandler()
{
    8a98:	b5f0      	push	{r4, r5, r6, r7, lr}
    8a9a:	b083      	sub	sp, #12
	/* Timer0: tdma frame */
	if (T0IR & TIR_MR0_Interrupt)
    8a9c:	f04f 2340 	mov.w	r3, #1073758208	@ 0x40004000
    8aa0:	681a      	ldr	r2, [r3, #0]
    8aa2:	07d2      	lsls	r2, r2, #31
    8aa4:	d401      	bmi.n	8aaa <TIMER0_IRQHandler+0x12>
		{
			console_putc('O');
			T0IR = TIR_MR0_Interrupt;
		}
	}
}
    8aa6:	b003      	add	sp, #12
    8aa8:	bdf0      	pop	{r4, r5, r6, r7, pc}
		T0IR = TIR_MR0_Interrupt;
    8aaa:	2401      	movs	r4, #1
	btphy.master_clkn++;
    8aac:	4932      	ldr	r1, [pc, #200]	@ (8b78 <TIMER0_IRQHandler+0xe0>)
	btphy.slave_clkn ++;
    8aae:	e9d1 022b 	ldrd	r0, r2, [r1, #172]	@ 0xac
    8ab2:	4422      	add	r2, r4
	btphy.master_clkn++;
    8ab4:	4420      	add	r0, r4
	btphy.slave_clkn ++;
    8ab6:	e9c1 022b 	strd	r0, r2, [r1, #172]	@ 0xac
	if (btphy.clkn_delayed)
    8aba:	f8d1 20b8 	ldr.w	r2, [r1, #184]	@ 0xb8
		T0IR = TIR_MR0_Interrupt;
    8abe:	601c      	str	r4, [r3, #0]
	if (btphy.clkn_delayed)
    8ac0:	b12a      	cbz	r2, 8ace <TIMER0_IRQHandler+0x36>
		T0MR0 = (CLKN_OFFSET_RESET_VAL)-1;
    8ac2:	f640 4034 	movw	r0, #3124	@ 0xc34
		btphy.clkn_delayed = 0;
    8ac6:	2200      	movs	r2, #0
		T0MR0 = (CLKN_OFFSET_RESET_VAL)-1;
    8ac8:	6198      	str	r0, [r3, #24]
		btphy.clkn_delayed = 0;
    8aca:	f8c1 20b8 	str.w	r2, [r1, #184]	@ 0xb8
	switch(btphy.mode)
    8ace:	f891 30a8 	ldrb.w	r3, [r1, #168]	@ 0xa8
    8ad2:	2b03      	cmp	r3, #3
    8ad4:	d934      	bls.n	8b40 <TIMER0_IRQHandler+0xa8>
    8ad6:	2b05      	cmp	r3, #5
    8ad8:	d134      	bne.n	8b44 <TIMER0_IRQHandler+0xac>
		return btphy.slave_clkn;
    8ada:	f8d1 70b0 	ldr.w	r7, [r1, #176]	@ 0xb0
		; j<btphy_timers.count && i<BTPHY_TIMER_COUNT
    8ade:	680b      	ldr	r3, [r1, #0]
    8ae0:	2b00      	cmp	r3, #0
    8ae2:	d032      	beq.n	8b4a <TIMER0_IRQHandler+0xb2>
    8ae4:	4c24      	ldr	r4, [pc, #144]	@ (8b78 <TIMER0_IRQHandler+0xe0>)
	for (i=0,j=0,t=btphy_timers.timers
    8ae6:	2200      	movs	r2, #0
    8ae8:	f104 06a0 	add.w	r6, r4, #160	@ 0xa0
    8aec:	e017      	b.n	8b1e <TIMER0_IRQHandler+0x86>
			else if (t->instant < clkn)
    8aee:	d210      	bcs.n	8b12 <TIMER0_IRQHandler+0x7a>
				if (t->anyway)
    8af0:	7c23      	ldrb	r3, [r4, #16]
    8af2:	9201      	str	r2, [sp, #4]
    8af4:	2b00      	cmp	r3, #0
    8af6:	d038      	beq.n	8b6a <TIMER0_IRQHandler+0xd2>
					cprintf("(X)");
    8af8:	4820      	ldr	r0, [pc, #128]	@ (8b7c <TIMER0_IRQHandler+0xe4>)
    8afa:	f7fd fa25 	bl	5f48 <cprintf>
					t->cb(t->cb_arg);
    8afe:	e9d4 3002 	ldrd	r3, r0, [r4, #8]
    8b02:	4798      	blx	r3
    8b04:	9a01      	ldr	r2, [sp, #4]
    8b06:	491c      	ldr	r1, [pc, #112]	@ (8b78 <TIMER0_IRQHandler+0xe0>)
				t->cb = NULL;
    8b08:	2300      	movs	r3, #0
    8b0a:	60a3      	str	r3, [r4, #8]
				btphy_timers.count--;
    8b0c:	680b      	ldr	r3, [r1, #0]
    8b0e:	3b01      	subs	r3, #1
    8b10:	600b      	str	r3, [r1, #0]
			j++;
    8b12:	3201      	adds	r2, #1
		; j<btphy_timers.count && i<BTPHY_TIMER_COUNT
    8b14:	429a      	cmp	r2, r3
    8b16:	d218      	bcs.n	8b4a <TIMER0_IRQHandler+0xb2>
    8b18:	3410      	adds	r4, #16
    8b1a:	42b4      	cmp	r4, r6
    8b1c:	d015      	beq.n	8b4a <TIMER0_IRQHandler+0xb2>
		if (t->cb)
    8b1e:	68a5      	ldr	r5, [r4, #8]
    8b20:	2d00      	cmp	r5, #0
    8b22:	d0f7      	beq.n	8b14 <TIMER0_IRQHandler+0x7c>
			if (t->instant == clkn)
    8b24:	6860      	ldr	r0, [r4, #4]
    8b26:	42b8      	cmp	r0, r7
    8b28:	d1e1      	bne.n	8aee <TIMER0_IRQHandler+0x56>
				t->cb(t->cb_arg);
    8b2a:	68e0      	ldr	r0, [r4, #12]
    8b2c:	9201      	str	r2, [sp, #4]
    8b2e:	47a8      	blx	r5
				t->cb = NULL;
    8b30:	2300      	movs	r3, #0
				btphy_timers.count--;
    8b32:	4911      	ldr	r1, [pc, #68]	@ (8b78 <TIMER0_IRQHandler+0xe0>)
				t->cb = NULL;
    8b34:	60a3      	str	r3, [r4, #8]
				btphy_timers.count--;
    8b36:	680b      	ldr	r3, [r1, #0]
    8b38:	9a01      	ldr	r2, [sp, #4]
    8b3a:	3b01      	subs	r3, #1
    8b3c:	600b      	str	r3, [r1, #0]
    8b3e:	e7e8      	b.n	8b12 <TIMER0_IRQHandler+0x7a>
	switch(btphy.mode)
    8b40:	2b01      	cmp	r3, #1
    8b42:	d8ca      	bhi.n	8ada <TIMER0_IRQHandler+0x42>
		return btphy.master_clkn;
    8b44:	f8d1 70ac 	ldr.w	r7, [r1, #172]	@ 0xac
    8b48:	e7c9      	b.n	8ade <TIMER0_IRQHandler+0x46>
		if (T0IR)
    8b4a:	f04f 2440 	mov.w	r4, #1073758208	@ 0x40004000
	tdma_sched_execute();
    8b4e:	f000 fd1b 	bl	9588 <tdma_sched_execute>
	tdma_sched_advance();
    8b52:	f000 fd0d 	bl	9570 <tdma_sched_advance>
		if (T0IR)
    8b56:	6823      	ldr	r3, [r4, #0]
    8b58:	2b00      	cmp	r3, #0
    8b5a:	d0a4      	beq.n	8aa6 <TIMER0_IRQHandler+0xe>
			console_putc('O');
    8b5c:	204f      	movs	r0, #79	@ 0x4f
    8b5e:	f7fd f9a9 	bl	5eb4 <console_putc>
			T0IR = TIR_MR0_Interrupt;
    8b62:	2301      	movs	r3, #1
    8b64:	6023      	str	r3, [r4, #0]
}
    8b66:	b003      	add	sp, #12
    8b68:	bdf0      	pop	{r4, r5, r6, r7, pc}
					cprintf("(missed timer)");
    8b6a:	4805      	ldr	r0, [pc, #20]	@ (8b80 <TIMER0_IRQHandler+0xe8>)
    8b6c:	f7fd f9ec 	bl	5f48 <cprintf>
    8b70:	4901      	ldr	r1, [pc, #4]	@ (8b78 <TIMER0_IRQHandler+0xe0>)
    8b72:	9a01      	ldr	r2, [sp, #4]
    8b74:	e7c8      	b.n	8b08 <TIMER0_IRQHandler+0x70>
    8b76:	bf00      	nop
    8b78:	100020f0 	.word	0x100020f0
    8b7c:	0000b5f8 	.word	0x0000b5f8
    8b80:	0000b5fc 	.word	0x0000b5fc

00008b84 <btphy_adj_clkn_delay>:

void btphy_adj_clkn_delay(int delay)
{
    8b84:	b500      	push	{lr}
	T0MR0 = (CLKN_OFFSET_RESET_VAL+delay)-1;
    8b86:	f04f 2c40 	mov.w	ip, #1073758208	@ 0x40004000
	btphy.slave_clkn_delay += delay;
	btphy.clkn_delayed = 1;
    8b8a:	2101      	movs	r1, #1
	btphy.slave_clkn_delay += delay;
    8b8c:	4b05      	ldr	r3, [pc, #20]	@ (8ba4 <btphy_adj_clkn_delay+0x20>)
	T0MR0 = (CLKN_OFFSET_RESET_VAL+delay)-1;
    8b8e:	f600 4e34 	addw	lr, r0, #3124	@ 0xc34
	btphy.slave_clkn_delay += delay;
    8b92:	f8d3 20b4 	ldr.w	r2, [r3, #180]	@ 0xb4
	T0MR0 = (CLKN_OFFSET_RESET_VAL+delay)-1;
    8b96:	f8cc e018 	str.w	lr, [ip, #24]
	btphy.slave_clkn_delay += delay;
    8b9a:	4402      	add	r2, r0
	btphy.clkn_delayed = 1;
    8b9c:	e9c3 212d 	strd	r2, r1, [r3, #180]	@ 0xb4
}
    8ba0:	bd00      	pop	{pc}
    8ba2:	bf00      	nop
    8ba4:	100020f0 	.word	0x100020f0

00008ba8 <btphy_cancel_clkn_delay>:

void btphy_cancel_clkn_delay(void)
{
    8ba8:	b510      	push	{r4, lr}
	unsigned delay = btphy.slave_clkn_delay % CLKN_OFFSET_RESET_VAL;
    8baa:	4910      	ldr	r1, [pc, #64]	@ (8bec <btphy_cancel_clkn_delay+0x44>)
    8bac:	4b10      	ldr	r3, [pc, #64]	@ (8bf0 <btphy_cancel_clkn_delay+0x48>)
    8bae:	f8d1 20b4 	ldr.w	r2, [r1, #180]	@ 0xb4
    8bb2:	f640 4435 	movw	r4, #3125	@ 0xc35
    8bb6:	fb83 3c02 	smull	r3, ip, r3, r2
	btphy.clkn_delayed = 1;
    8bba:	2301      	movs	r3, #1
	T0MR0 = (CLKN_OFFSET_RESET_VAL+delay)-1;
    8bbc:	f04f 2e40 	mov.w	lr, #1073758208	@ 0x40004000
	unsigned delay = btphy.slave_clkn_delay % CLKN_OFFSET_RESET_VAL;
    8bc0:	17d0      	asrs	r0, r2, #31
	btphy.clkn_delayed = 1;
    8bc2:	f8c1 30b8 	str.w	r3, [r1, #184]	@ 0xb8
	unsigned delay = btphy.slave_clkn_delay % CLKN_OFFSET_RESET_VAL;
    8bc6:	ebc0 232c 	rsb	r3, r0, ip, asr #8
    8bca:	fb04 2313 	mls	r3, r4, r3, r2
	btphy.slave_clkn_delay += delay;
    8bce:	441a      	add	r2, r3
	T0MR0 = (CLKN_OFFSET_RESET_VAL+delay)-1;
    8bd0:	f603 4334 	addw	r3, r3, #3124	@ 0xc34
	btphy.slave_clkn_delay += delay;
    8bd4:	f8c1 20b4 	str.w	r2, [r1, #180]	@ 0xb4
	T0MR0 = (CLKN_OFFSET_RESET_VAL+delay)-1;
    8bd8:	f8ce 3018 	str.w	r3, [lr, #24]
	unsigned clk_delay = btphy.slave_clkn_delay / CLKN_OFFSET_RESET_VAL;

	btphy.master_clkn += clk_delay;
    8bdc:	f8d1 30ac 	ldr.w	r3, [r1, #172]	@ 0xac
	unsigned clk_delay = btphy.slave_clkn_delay / CLKN_OFFSET_RESET_VAL;
    8be0:	ebc0 202c 	rsb	r0, r0, ip, asr #8
	btphy.master_clkn += clk_delay;
    8be4:	4403      	add	r3, r0
    8be6:	f8c1 30ac 	str.w	r3, [r1, #172]	@ 0xac
	btphy_adj_clkn_delay(delay);
}
    8bea:	bd10      	pop	{r4, pc}
    8bec:	100020f0 	.word	0x100020f0
    8bf0:	14f8b589 	.word	0x14f8b589

00008bf4 <btphy_whiten_seed>:
	T0TCR = 1;
}

/* TODO: move this ?*/
uint8_t btphy_whiten_seed(uint32_t clk)
{
    8bf4:	b508      	push	{r3, lr}
	/* Initialize whiten seed */
	switch(btphy.mode)
    8bf6:	4b0a      	ldr	r3, [pc, #40]	@ (8c20 <btphy_whiten_seed+0x2c>)
    8bf8:	f893 10a8 	ldrb.w	r1, [r3, #168]	@ 0xa8
    8bfc:	2903      	cmp	r1, #3
    8bfe:	d907      	bls.n	8c10 <btphy_whiten_seed+0x1c>
    8c00:	1f0b      	subs	r3, r1, #4
    8c02:	2b01      	cmp	r3, #1
    8c04:	d809      	bhi.n	8c1a <btphy_whiten_seed+0x26>
	 * Instead of the master clock, the X-input used in the inquiry or page response (depending on current state)
	 * routine shall be used The 5-bit value shall be extended with two MSBs of value 1 */
		return hop_state.x|0x60;
	case BT_MODE_MASTER:
	case BT_MODE_SLAVE:
		return (clk>>1)|0x40;
    8c06:	f3c0 0047 	ubfx	r0, r0, #1, #8
    8c0a:	f040 0040 	orr.w	r0, r0, #64	@ 0x40
	default:
		DIE("Invalid rx mode %d\n", btphy.mode);
	}
}
    8c0e:	bd08      	pop	{r3, pc}
		return hop_state.x|0x60;
    8c10:	4b04      	ldr	r3, [pc, #16]	@ (8c24 <btphy_whiten_seed+0x30>)
    8c12:	7998      	ldrb	r0, [r3, #6]
    8c14:	f040 0060 	orr.w	r0, r0, #96	@ 0x60
}
    8c18:	bd08      	pop	{r3, pc}
		DIE("Invalid rx mode %d\n", btphy.mode);
    8c1a:	4803      	ldr	r0, [pc, #12]	@ (8c28 <btphy_whiten_seed+0x34>)
    8c1c:	f7fd f8a4 	bl	5d68 <die>
    8c20:	100020f0 	.word	0x100020f0
    8c24:	10001ad4 	.word	0x10001ad4
    8c28:	0000b60c 	.word	0x0000b60c

00008c2c <btphy_set_mode>:


void btphy_set_mode(btphy_mode_t mode, uint32_t lap, uint8_t uap)
{
    8c2c:	e92d 41f0 	stmdb	sp!, {r4, r5, r6, r7, r8, lr}
    8c30:	4680      	mov	r8, r0
	uint64_t sw = btbb_gen_syncword(lap);
    8c32:	4608      	mov	r0, r1
{
    8c34:	4616      	mov	r6, r2
    8c36:	460d      	mov	r5, r1
	uint64_t sw = btbb_gen_syncword(lap);
    8c38:	f7fc f838 	bl	4cac <btbb_gen_syncword>

	btphy.chan_lap = lap;
	btphy.chan_uap = uap;
	btphy.chan_sw = sw;

	btphy.chan_sw_lo[0] = 0xff&(sw>>0);
    8c3c:	2200      	movs	r2, #0
	btphy.chan_sw_hi[0] = 0xff&(sw>>32);
	btphy.chan_sw_hi[1] = 0xff&(sw>>40);
	btphy.chan_sw_hi[2] = 0xff&(sw>>48);
	btphy.chan_sw_hi[3] = 0xff&(sw>>56);

	btphy.chan_trailer = (btphy.chan_sw >> 63) ? 0x0a : 0x05;
    8c3e:	4291      	cmp	r1, r2
    8c40:	bfac      	ite	ge
    8c42:	2305      	movge	r3, #5
    8c44:	230a      	movlt	r3, #10
	btphy.chan_lap = lap;
    8c46:	4c1c      	ldr	r4, [pc, #112]	@ (8cb8 <btphy_set_mode+0x8c>)
    8c48:	f8df c070 	ldr.w	ip, [pc, #112]	@ 8cbc <btphy_set_mode+0x90>
    8c4c:	f3c0 2707 	ubfx	r7, r0, #8, #8
	btphy.chan_trailer = (btphy.chan_sw >> 63) ? 0x0a : 0x05;
    8c50:	f884 30d0 	strb.w	r3, [r4, #208]	@ 0xd0
    8c54:	b2c3      	uxtb	r3, r0
        return (uint16_t)reverse8(data>>8) | (uint16_t)(reverse8(data&0xff)<<8);
    8c56:	f81c 3003 	ldrb.w	r3, [ip, r3]
    8c5a:	f81c e007 	ldrb.w	lr, [ip, r7]
        return rev8_map[data];
    8c5e:	f3c0 4707 	ubfx	r7, r0, #16, #8
        return (uint32_t)reverse16(data>>16)|((uint32_t)reverse16(data&0xffff)<<16);
    8c62:	ea4e 2e03 	orr.w	lr, lr, r3, lsl #8
        return rev8_map[data];
    8c66:	0e03      	lsrs	r3, r0, #24
        return (uint16_t)reverse8(data>>8) | (uint16_t)(reverse8(data&0xff)<<8);
    8c68:	f81c 3003 	ldrb.w	r3, [ip, r3]
	btphy.chan_sw = sw;
    8c6c:	e9c4 0132 	strd	r0, r1, [r4, #200]	@ 0xc8
	btphy.chan_sw_lo[0] = 0xff&(sw>>0);
    8c70:	f8c4 00d1 	str.w	r0, [r4, #209]	@ 0xd1
    8c74:	f81c 0007 	ldrb.w	r0, [ip, r7]
    8c78:	f361 0207 	bfi	r2, r1, #0, #8
        return (uint32_t)reverse16(data>>16)|((uint32_t)reverse16(data&0xffff)<<16);
    8c7c:	ea43 2000 	orr.w	r0, r3, r0, lsl #8
	btphy.chan_sw_hi[1] = 0xff&(sw>>40);
    8c80:	0a0b      	lsrs	r3, r1, #8
	btphy.chan_sw_lo[0] = 0xff&(sw>>0);
    8c82:	f363 220f 	bfi	r2, r3, #8, #8
	btphy.chan_sw_hi[2] = 0xff&(sw>>48);
    8c86:	0c0b      	lsrs	r3, r1, #16
	btphy.chan_sw_lo[0] = 0xff&(sw>>0);
    8c88:	f363 4217 	bfi	r2, r3, #16, #8
	btphy.chan_sw_hi[3] = 0xff&(sw>>56);
    8c8c:	0e09      	lsrs	r1, r1, #24
	btphy_rf_cfg_sync(reverse32(btphy.chan_sw & 0xffffffff));
    8c8e:	ea40 400e 	orr.w	r0, r0, lr, lsl #16
	btphy.chan_sw_lo[0] = 0xff&(sw>>0);
    8c92:	f361 621f 	bfi	r2, r1, #24, #8
    8c96:	f8c4 20d5 	str.w	r2, [r4, #213]	@ 0xd5
	btphy.chan_lap = lap;
    8c9a:	f8c4 50bc 	str.w	r5, [r4, #188]	@ 0xbc
	btphy.chan_uap = uap;
    8c9e:	f884 60c0 	strb.w	r6, [r4, #192]	@ 0xc0
	btphy_rf_cfg_sync(reverse32(btphy.chan_sw & 0xffffffff));
    8ca2:	f000 fad9 	bl	9258 <btphy_rf_cfg_sync>
	/* BT Core Spec v5.2|Vol 2, Part B, table 2.3:
	 * A23_0=lap, and A27_24=uap3_0 */
	hop_init(lap|(uap<<24));
    8ca6:	ea45 6006 	orr.w	r0, r5, r6, lsl #24
    8caa:	f7fd ffbb 	bl	6c24 <hop_init>
	btphy.mode = mode;
    8cae:	f884 80a8 	strb.w	r8, [r4, #168]	@ 0xa8
}
    8cb2:	e8bd 81f0 	ldmia.w	sp!, {r4, r5, r6, r7, r8, pc}
    8cb6:	bf00      	nop
    8cb8:	100020f0 	.word	0x100020f0
    8cbc:	0000e7c0 	.word	0x0000e7c0

00008cc0 <btphy_set_bdaddr>:

void btphy_set_bdaddr(uint64_t bdaddr)
{
    8cc0:	e92d 4810 	stmdb	sp!, {r4, fp, lr}
    8cc4:	b085      	sub	sp, #20
    8cc6:	4602      	mov	r2, r0
    8cc8:	460b      	mov	r3, r1
	btphy.my_lap = 0xffffff & bdaddr;
    8cca:	4c0e      	ldr	r4, [pc, #56]	@ (8d04 <btphy_set_bdaddr+0x44>)
	btphy.my_uap = 0xff & (bdaddr>>24);
    8ccc:	0e11      	lsrs	r1, r2, #24
	btphy.my_lap = 0xffffff & bdaddr;
    8cce:	f020 407f 	bic.w	r0, r0, #4278190080	@ 0xff000000
	btphy.my_uap = 0xff & (bdaddr>>24);
    8cd2:	9203      	str	r2, [sp, #12]
	btphy.my_nap = 0xffff & (bdaddr>>32);
    8cd4:	f8a4 30e2 	strh.w	r3, [r4, #226]	@ 0xe2
    8cd8:	9302      	str	r3, [sp, #8]
	btphy.my_lap = 0xffffff & bdaddr;
    8cda:	f8c4 00dc 	str.w	r0, [r4, #220]	@ 0xdc
	btphy.my_uap = 0xff & (bdaddr>>24);
    8cde:	f884 10e0 	strb.w	r1, [r4, #224]	@ 0xe0
	btphy.my_sw = btbb_gen_syncword(btphy.my_lap);
    8ce2:	f7fb ffe3 	bl	4cac <btbb_gen_syncword>
	cprintf("Set bdaddr %llx -> sw %llx\n", bdaddr, btphy.my_sw);
    8ce6:	e9dd 3202 	ldrd	r3, r2, [sp, #8]
	btphy.my_sw = btbb_gen_syncword(btphy.my_lap);
    8cea:	4683      	mov	fp, r0
    8cec:	468c      	mov	ip, r1
	cprintf("Set bdaddr %llx -> sw %llx\n", bdaddr, btphy.my_sw);
    8cee:	4806      	ldr	r0, [pc, #24]	@ (8d08 <btphy_set_bdaddr+0x48>)
    8cf0:	e9cd bc00 	strd	fp, ip, [sp]
	btphy.my_sw = btbb_gen_syncword(btphy.my_lap);
    8cf4:	e9c4 bc3a 	strd	fp, ip, [r4, #232]	@ 0xe8
	cprintf("Set bdaddr %llx -> sw %llx\n", bdaddr, btphy.my_sw);
    8cf8:	f7fd f926 	bl	5f48 <cprintf>
}
    8cfc:	b005      	add	sp, #20
    8cfe:	e8bd 8810 	ldmia.w	sp!, {r4, fp, pc}
    8d02:	bf00      	nop
    8d04:	100020f0 	.word	0x100020f0
    8d08:	0000b628 	.word	0x0000b628
    8d0c:	00000000 	.word	0x00000000

00008d10 <btphy_init>:

void btphy_init(void)
{
    8d10:	b5f0      	push	{r4, r5, r6, r7, lr}
    8d12:	b083      	sub	sp, #12
	tdma_sched_reset();
    8d14:	f000 fcb2 	bl	967c <tdma_sched_reset>
	T0TCR = 0;
    8d18:	2500      	movs	r5, #0
    8d1a:	f04f 2340 	mov.w	r3, #1073758208	@ 0x40004000
	ICER0 = ICER0_ICE_TIMER0;
    8d1e:	f04f 21e0 	mov.w	r1, #3758153728	@ 0xe000e000
    8d22:	2002      	movs	r0, #2
	ICER0 = ICER0_ICE_TIMER1;
    8d24:	f04f 0c04 	mov.w	ip, #4
	btphy.master_clkn = 0;
    8d28:	4c2b      	ldr	r4, [pc, #172]	@ (8dd8 <btphy_init+0xc8>)
	T1TCR = 0;
    8d2a:	4a2c      	ldr	r2, [pc, #176]	@ (8ddc <btphy_init+0xcc>)
	ICER0 = ICER0_ICE_TIMER0;
    8d2c:	f8c1 0180 	str.w	r0, [r1, #384]	@ 0x180
	btphy.master_clkn = 0;
    8d30:	f8c4 50ac 	str.w	r5, [r4, #172]	@ 0xac
	ICER0 = ICER0_ICE_TIMER1;
    8d34:	f8c1 c180 	str.w	ip, [r1, #384]	@ 0x180
	T0TCR = 0;
    8d38:	605d      	str	r5, [r3, #4]
	T1TCR = 0;
    8d3a:	6055      	str	r5, [r2, #4]
	T0PR = CLKN_OFFSET_PRESCALE_VAL-1;
    8d3c:	f8c3 c00c 	str.w	ip, [r3, #12]
	T0MR0 = CLKN_OFFSET_RESET_VAL-1;
    8d40:	f640 4c34 	movw	ip, #3124	@ 0xc34
	T1MR0 = 0xffffffff-1;
    8d44:	f06f 0e01 	mvn.w	lr, #1
	T0MR0 = CLKN_OFFSET_RESET_VAL-1;
    8d48:	f8c3 c018 	str.w	ip, [r3, #24]
	T1TCR = 1;
    8d4c:	2601      	movs	r6, #1
	T0MCR = TMCR_MR0R | TMCR_MR0I;
    8d4e:	f04f 0c03 	mov.w	ip, #3
	T1PR = (PERIPH_CLK_RATE/CLKN_RATE)-1;
    8d52:	f643 5708 	movw	r7, #15624	@ 0x3d08
	T0MCR = TMCR_MR0R | TMCR_MR0I;
    8d56:	f8c3 c014 	str.w	ip, [r3, #20]
	T1PR = (PERIPH_CLK_RATE/CLKN_RATE)-1;
    8d5a:	60d7      	str	r7, [r2, #12]
	T1MR0 = 0xffffffff-1;
    8d5c:	f8c2 e018 	str.w	lr, [r2, #24]
	T1MCR = TMCR_MR0R;
    8d60:	6150      	str	r0, [r2, #20]
	ISER0 = ISER0_ISE_TIMER0;
    8d62:	f8c1 0100 	str.w	r0, [r1, #256]	@ 0x100
	T1TCR = 1;
    8d66:	6056      	str	r6, [r2, #4]
	T0TCR = 1;
    8d68:	605e      	str	r6, [r3, #4]

	/* Start timers */
	clkn_start();

	/* Initialize RF */
	btphy_rf_init();
    8d6a:	f000 fa81 	bl	9270 <btphy_rf_init>

	tx_task_reset();
    8d6e:	f7fe fce3 	bl	7738 <tx_task_reset>
	rx_task_reset();
    8d72:	f7ff fbd1 	bl	8518 <rx_task_reset>

	btphy.chan_sw = 0;
    8d76:	2200      	movs	r2, #0
    8d78:	2300      	movs	r3, #0
	btphy.my_uap = 0xff & (bdaddr>>24);
    8d7a:	2133      	movs	r1, #51	@ 0x33
	btphy.chan_sw = 0;
    8d7c:	e9c4 2332 	strd	r2, r3, [r4, #200]	@ 0xc8
	btphy.my_nap = 0xffff & (bdaddr>>32);
    8d80:	f241 1322 	movw	r3, #4386	@ 0x1122
	btphy.my_lap = 0xffffff & bdaddr;
    8d84:	4816      	ldr	r0, [pc, #88]	@ (8de0 <btphy_init+0xd0>)
	btphy.my_nap = 0xffff & (bdaddr>>32);
    8d86:	f8a4 30e2 	strh.w	r3, [r4, #226]	@ 0xe2
	btphy.my_uap = 0xff & (bdaddr>>24);
    8d8a:	f884 10e0 	strb.w	r1, [r4, #224]	@ 0xe0
	btphy_timers.count = 0;
    8d8e:	6025      	str	r5, [r4, #0]
		btphy_timers.timers[i].cb = NULL;
    8d90:	60a5      	str	r5, [r4, #8]
    8d92:	61a5      	str	r5, [r4, #24]
    8d94:	62a5      	str	r5, [r4, #40]	@ 0x28
    8d96:	63a5      	str	r5, [r4, #56]	@ 0x38
    8d98:	64a5      	str	r5, [r4, #72]	@ 0x48
    8d9a:	65a5      	str	r5, [r4, #88]	@ 0x58
    8d9c:	66a5      	str	r5, [r4, #104]	@ 0x68
    8d9e:	67a5      	str	r5, [r4, #120]	@ 0x78
    8da0:	f8c4 5088 	str.w	r5, [r4, #136]	@ 0x88
    8da4:	f8c4 5098 	str.w	r5, [r4, #152]	@ 0x98
	btphy.my_lap = 0xffffff & bdaddr;
    8da8:	f8c4 00dc 	str.w	r0, [r4, #220]	@ 0xdc
	btphy.my_sw = btbb_gen_syncword(btphy.my_lap);
    8dac:	f7fb ff7e 	bl	4cac <btbb_gen_syncword>
	cprintf("Set bdaddr %llx -> sw %llx\n", bdaddr, btphy.my_sw);
    8db0:	a307      	add	r3, pc, #28	@ (adr r3, 8dd0 <btphy_init+0xc0>)
    8db2:	e9d3 2300 	ldrd	r2, r3, [r3]
	btphy.my_sw = btbb_gen_syncword(btphy.my_lap);
    8db6:	4606      	mov	r6, r0
    8db8:	460f      	mov	r7, r1
	cprintf("Set bdaddr %llx -> sw %llx\n", bdaddr, btphy.my_sw);
    8dba:	480a      	ldr	r0, [pc, #40]	@ (8de4 <btphy_init+0xd4>)
    8dbc:	e9cd 6700 	strd	r6, r7, [sp]
	btphy.my_sw = btbb_gen_syncword(btphy.my_lap);
    8dc0:	e9c4 673a 	strd	r6, r7, [r4, #232]	@ 0xe8
	cprintf("Set bdaddr %llx -> sw %llx\n", bdaddr, btphy.my_sw);
    8dc4:	f7fd f8c0 	bl	5f48 <cprintf>
	btphy_timers_reset();

	btphy_set_bdaddr(DEFAULT_BDADDR);
}
    8dc8:	b003      	add	sp, #12
    8dca:	bdf0      	pop	{r4, r5, r6, r7, pc}
    8dcc:	f3af 8000 	nop.w
    8dd0:	33445566 	.word	0x33445566
    8dd4:	00001122 	.word	0x00001122
    8dd8:	100020f0 	.word	0x100020f0
    8ddc:	40008000 	.word	0x40008000
    8de0:	00445566 	.word	0x00445566
    8de4:	0000b628 	.word	0x0000b628

00008de8 <paging_rx_cb>:
	return 0;
}

/* We received the ID(2) from paged device */
static int paging_rx_cb(msg_t *msg, void *arg, int time_offset)
{
    8de8:	b530      	push	{r4, r5, lr}
    8dea:	b085      	sub	sp, #20
	return btctl.state;
    8dec:	4b26      	ldr	r3, [pc, #152]	@ (8e88 <paging_rx_cb+0xa0>)
    8dee:	4604      	mov	r4, r0
	btctl_hdr_t *h = (btctl_hdr_t*)msg->data;
	btctl_rx_pkt_t *pkt;
	unsigned delay; 

	if (paging_canceled())
    8df0:	781b      	ldrb	r3, [r3, #0]
    8df2:	2b02      	cmp	r3, #2
    8df4:	d11e      	bne.n	8e34 <paging_rx_cb+0x4c>
	{
		/* We received the slave's ID(2) at t'(k).
		 * Send FHS in next slot and start basic hopping
		 * The FHS shall be sent on chan f(k+1), following the std paging hop
		 * */
		delay = 3&(TX_PREPARE_IDX-CUR_MASTER_SLOT_IDX());
    8df6:	4a25      	ldr	r2, [pc, #148]	@ (8e8c <paging_rx_cb+0xa4>)
	if (BBPKT_HAS_PKT(pkt))
    8df8:	7d43      	ldrb	r3, [r0, #21]
		delay = 3&(TX_PREPARE_IDX-CUR_MASTER_SLOT_IDX());
    8dfa:	6851      	ldr	r1, [r2, #4]
	if (BBPKT_HAS_PKT(pkt))
    8dfc:	f013 0301 	ands.w	r3, r3, #1
		delay = 3&(TX_PREPARE_IDX-CUR_MASTER_SLOT_IDX());
    8e00:	ea6f 0201 	mvn.w	r2, r1
    8e04:	f002 0503 	and.w	r5, r2, #3
    8e08:	4628      	mov	r0, r5
	if (BBPKT_HAS_PKT(pkt))
    8e0a:	d019      	beq.n	8e40 <paging_rx_cb+0x58>

		/* Write clk27_2 in fhs payload
		 * Will tx at (clkn+1) */
		bbpkt_fhs_finalize_payload(paging_state.fhs_data, (btphy.master_clkn+delay+1)>>2);
    8e0c:	3101      	adds	r1, #1
    8e0e:	4429      	add	r1, r5
    8e10:	481f      	ldr	r0, [pc, #124]	@ (8e90 <paging_rx_cb+0xa8>)
    8e12:	0889      	lsrs	r1, r1, #2
    8e14:	f7fb ff9c 	bl	4d50 <bbpkt_fhs_finalize_payload>

		/* Schedule tx masters's page response (FHS): */
		tx_task_schedule(delay, 	// must schedule tx_prepare now to start tx in next clkn
    8e18:	2200      	movs	r2, #0
    8e1a:	481d      	ldr	r0, [pc, #116]	@ (8e90 <paging_rx_cb+0xa8>)
    8e1c:	4611      	mov	r1, r2
    8e1e:	1f03      	subs	r3, r0, #4
    8e20:	9000      	str	r0, [sp, #0]
    8e22:	4628      	mov	r0, r5
    8e24:	f7fe fc94 	bl	7750 <tx_task_schedule>
			NULL, NULL,
			/* skip 4 bytes of sw */
			&paging_state.fhs_hdr, paging_state.fhs_data);

		/* Schedule rx slave's ID(3) page response: */
		rx_task_schedule(delay+2,
    8e28:	2300      	movs	r3, #0
    8e2a:	491a      	ldr	r1, [pc, #104]	@ (8e94 <paging_rx_cb+0xac>)
    8e2c:	461a      	mov	r2, r3
    8e2e:	1ca8      	adds	r0, r5, #2
    8e30:	f7ff fb80 	bl	8534 <rx_task_schedule>
    8e34:	4620      	mov	r0, r4
    8e36:	f7fc ff33 	bl	5ca0 <mem_pool_free>
		paging_schedule(3&(TX_PREPARE_IDX-CUR_MASTER_SLOT_IDX()));
	}
end:
	msg_free(msg);
	return 0;
}
    8e3a:	2000      	movs	r0, #0
    8e3c:	b005      	add	sp, #20
    8e3e:	bd30      	pop	{r4, r5, pc}

static void paging_schedule(unsigned delay)
{
	/* FIXME: wrap */
	if (btphy.master_clkn >= paging_state.clkn_start + PAGING_MAX_TICKS)
    8e40:	4a15      	ldr	r2, [pc, #84]	@ (8e98 <paging_rx_cb+0xb0>)
    8e42:	6812      	ldr	r2, [r2, #0]
    8e44:	f502 320c 	add.w	r2, r2, #143360	@ 0x23000
    8e48:	f502 7220 	add.w	r2, r2, #640	@ 0x280
    8e4c:	4291      	cmp	r1, r2
    8e4e:	d211      	bcs.n	8e74 <paging_rx_cb+0x8c>
		btctl_set_state(BTCTL_STATE_STANDBY, BTCTL_REASON_TIMEOUT);
		return;
	}

	/* Schedule TX ID(1) */
	tx_task_schedule(delay,
    8e50:	461a      	mov	r2, r3
    8e52:	4619      	mov	r1, r3
    8e54:	9300      	str	r3, [sp, #0]
    8e56:	9303      	str	r3, [sp, #12]
    8e58:	f7fe fc7a 	bl	7750 <tx_task_schedule>
		NULL, NULL,	// no tx callback
		NULL, NULL); 	// no header / no payload

	/* Schedule rx ID(2): */
	rx_task_schedule(delay+2,
    8e5c:	9b03      	ldr	r3, [sp, #12]
    8e5e:	490f      	ldr	r1, [pc, #60]	@ (8e9c <paging_rx_cb+0xb4>)
    8e60:	461a      	mov	r2, r3
    8e62:	1ca8      	adds	r0, r5, #2
    8e64:	f7ff fb66 	bl	8534 <rx_task_schedule>
    8e68:	4620      	mov	r0, r4
    8e6a:	f7fc ff19 	bl	5ca0 <mem_pool_free>
}
    8e6e:	2000      	movs	r0, #0
    8e70:	b005      	add	sp, #20
    8e72:	bd30      	pop	{r4, r5, pc}
		cprintf("paging timeout\n");
    8e74:	480a      	ldr	r0, [pc, #40]	@ (8ea0 <paging_rx_cb+0xb8>)
    8e76:	9303      	str	r3, [sp, #12]
    8e78:	f7fd f866 	bl	5f48 <cprintf>
		btctl_set_state(BTCTL_STATE_STANDBY, BTCTL_REASON_TIMEOUT);
    8e7c:	2101      	movs	r1, #1
    8e7e:	9803      	ldr	r0, [sp, #12]
    8e80:	f7fb fd62 	bl	4948 <btctl_set_state>
		return;
    8e84:	e7d6      	b.n	8e34 <paging_rx_cb+0x4c>
    8e86:	bf00      	nop
    8e88:	100002b8 	.word	0x100002b8
    8e8c:	10002198 	.word	0x10002198
    8e90:	100021e8 	.word	0x100021e8
    8e94:	00008f0d 	.word	0x00008f0d
    8e98:	100021e0 	.word	0x100021e0
    8e9c:	00008de9 	.word	0x00008de9
    8ea0:	0000b644 	.word	0x0000b644

00008ea4 <paging_start_sync>:
		);
}

/* dummy tick handler to start TX'ing with a proper clock */
static int paging_start_sync(uint8_t p1, uint8_t p2, uint16_t p3)
{
    8ea4:	b510      	push	{r4, lr}
    8ea6:	b082      	sub	sp, #8
	unsigned delay;

	/* Use the master clkn */
	btphy_cancel_clkn_delay();
    8ea8:	f7ff fe7e 	bl	8ba8 <btphy_cancel_clkn_delay>
	delay = 4+(3&(TX_PREPARE_IDX-CUR_MASTER_SLOT_IDX()));
    8eac:	4b13      	ldr	r3, [pc, #76]	@ (8efc <paging_start_sync+0x58>)
	paging_state.clkn_start = btphy.master_clkn+delay;
    8eae:	4914      	ldr	r1, [pc, #80]	@ (8f00 <paging_start_sync+0x5c>)
	delay = 4+(3&(TX_PREPARE_IDX-CUR_MASTER_SLOT_IDX()));
    8eb0:	685a      	ldr	r2, [r3, #4]
    8eb2:	43d4      	mvns	r4, r2
    8eb4:	f004 0403 	and.w	r4, r4, #3
    8eb8:	1d20      	adds	r0, r4, #4
	paging_state.clkn_start = btphy.master_clkn+delay;
    8eba:	1813      	adds	r3, r2, r0
    8ebc:	600b      	str	r3, [r1, #0]
	if (btphy.master_clkn >= paging_state.clkn_start + PAGING_MAX_TICKS)
    8ebe:	f503 330c 	add.w	r3, r3, #143360	@ 0x23000
    8ec2:	f503 7320 	add.w	r3, r3, #640	@ 0x280
    8ec6:	429a      	cmp	r2, r3
    8ec8:	d20e      	bcs.n	8ee8 <paging_start_sync+0x44>
	tx_task_schedule(delay,
    8eca:	2300      	movs	r3, #0
    8ecc:	461a      	mov	r2, r3
    8ece:	4619      	mov	r1, r3
    8ed0:	9300      	str	r3, [sp, #0]
    8ed2:	f7fe fc3d 	bl	7750 <tx_task_schedule>
	rx_task_schedule(delay+2,
    8ed6:	2300      	movs	r3, #0
    8ed8:	1da0      	adds	r0, r4, #6
    8eda:	461a      	mov	r2, r3
    8edc:	4909      	ldr	r1, [pc, #36]	@ (8f04 <paging_start_sync+0x60>)
    8ede:	f7ff fb29 	bl	8534 <rx_task_schedule>
	paging_schedule(delay);
	return 0;
}
    8ee2:	2000      	movs	r0, #0
    8ee4:	b002      	add	sp, #8
    8ee6:	bd10      	pop	{r4, pc}
		cprintf("paging timeout\n");
    8ee8:	4807      	ldr	r0, [pc, #28]	@ (8f08 <paging_start_sync+0x64>)
    8eea:	f7fd f82d 	bl	5f48 <cprintf>
		btctl_set_state(BTCTL_STATE_STANDBY, BTCTL_REASON_TIMEOUT);
    8eee:	2101      	movs	r1, #1
    8ef0:	2000      	movs	r0, #0
    8ef2:	f7fb fd29 	bl	4948 <btctl_set_state>
}
    8ef6:	2000      	movs	r0, #0
    8ef8:	b002      	add	sp, #8
    8efa:	bd10      	pop	{r4, pc}
    8efc:	10002198 	.word	0x10002198
    8f00:	100021e0 	.word	0x100021e0
    8f04:	00008de9 	.word	0x00008de9
    8f08:	0000b644 	.word	0x0000b644

00008f0c <paging_rx_ack_cb>:
{
    8f0c:	b510      	push	{r4, lr}
    8f0e:	b084      	sub	sp, #16
    8f10:	4b23      	ldr	r3, [pc, #140]	@ (8fa0 <paging_rx_ack_cb+0x94>)
    8f12:	4604      	mov	r4, r0
	if (paging_canceled())
    8f14:	781b      	ldrb	r3, [r3, #0]
    8f16:	2b02      	cmp	r3, #2
    8f18:	d123      	bne.n	8f62 <paging_rx_ack_cb+0x56>
	if (BBPKT_HAS_PKT(pkt))
    8f1a:	7d43      	ldrb	r3, [r0, #21]
    8f1c:	f013 0301 	ands.w	r3, r3, #1
    8f20:	d125      	bne.n	8f6e <paging_rx_ack_cb+0x62>
		cprintf("no ID(3)\n");
    8f22:	4820      	ldr	r0, [pc, #128]	@ (8fa4 <paging_rx_ack_cb+0x98>)
    8f24:	9302      	str	r3, [sp, #8]
    8f26:	f7fd f80f 	bl	5f48 <cprintf>
	if (btphy.master_clkn >= paging_state.clkn_start + PAGING_MAX_TICKS)
    8f2a:	4a1f      	ldr	r2, [pc, #124]	@ (8fa8 <paging_rx_ack_cb+0x9c>)
		paging_schedule(3&(TX_PREPARE_IDX-CUR_MASTER_SLOT_IDX()));
    8f2c:	491f      	ldr	r1, [pc, #124]	@ (8fac <paging_rx_ack_cb+0xa0>)
	if (btphy.master_clkn >= paging_state.clkn_start + PAGING_MAX_TICKS)
    8f2e:	6812      	ldr	r2, [r2, #0]
		paging_schedule(3&(TX_PREPARE_IDX-CUR_MASTER_SLOT_IDX()));
    8f30:	6848      	ldr	r0, [r1, #4]
	if (btphy.master_clkn >= paging_state.clkn_start + PAGING_MAX_TICKS)
    8f32:	f502 320c 	add.w	r2, r2, #143360	@ 0x23000
    8f36:	f502 7220 	add.w	r2, r2, #640	@ 0x280
    8f3a:	4290      	cmp	r0, r2
    8f3c:	9b02      	ldr	r3, [sp, #8]
    8f3e:	d221      	bcs.n	8f84 <paging_rx_ack_cb+0x78>
		paging_schedule(3&(TX_PREPARE_IDX-CUR_MASTER_SLOT_IDX()));
    8f40:	43c0      	mvns	r0, r0
	tx_task_schedule(delay,
    8f42:	461a      	mov	r2, r3
    8f44:	4619      	mov	r1, r3
		paging_schedule(3&(TX_PREPARE_IDX-CUR_MASTER_SLOT_IDX()));
    8f46:	f000 0003 	and.w	r0, r0, #3
	tx_task_schedule(delay,
    8f4a:	9300      	str	r3, [sp, #0]
    8f4c:	9303      	str	r3, [sp, #12]
    8f4e:	9002      	str	r0, [sp, #8]
    8f50:	f7fe fbfe 	bl	7750 <tx_task_schedule>
	rx_task_schedule(delay+2,
    8f54:	9b03      	ldr	r3, [sp, #12]
    8f56:	9802      	ldr	r0, [sp, #8]
    8f58:	461a      	mov	r2, r3
    8f5a:	4915      	ldr	r1, [pc, #84]	@ (8fb0 <paging_rx_ack_cb+0xa4>)
    8f5c:	3002      	adds	r0, #2
    8f5e:	f7ff fae9 	bl	8534 <rx_task_schedule>
    8f62:	4620      	mov	r0, r4
    8f64:	f7fc fe9c 	bl	5ca0 <mem_pool_free>
}
    8f68:	2000      	movs	r0, #0
    8f6a:	b004      	add	sp, #16
    8f6c:	bd10      	pop	{r4, pc}
		cprintf("ID(3)\n");
    8f6e:	4811      	ldr	r0, [pc, #68]	@ (8fb4 <paging_rx_ack_cb+0xa8>)
    8f70:	f7fc ffea 	bl	5f48 <cprintf>
		master_state_init();
    8f74:	f7fe f8a2 	bl	70bc <master_state_init>
    8f78:	4620      	mov	r0, r4
    8f7a:	f7fc fe91 	bl	5ca0 <mem_pool_free>
}
    8f7e:	2000      	movs	r0, #0
    8f80:	b004      	add	sp, #16
    8f82:	bd10      	pop	{r4, pc}
		cprintf("paging timeout\n");
    8f84:	480c      	ldr	r0, [pc, #48]	@ (8fb8 <paging_rx_ack_cb+0xac>)
    8f86:	f7fc ffdf 	bl	5f48 <cprintf>
		btctl_set_state(BTCTL_STATE_STANDBY, BTCTL_REASON_TIMEOUT);
    8f8a:	2101      	movs	r1, #1
    8f8c:	9802      	ldr	r0, [sp, #8]
    8f8e:	f7fb fcdb 	bl	4948 <btctl_set_state>
    8f92:	4620      	mov	r0, r4
    8f94:	f7fc fe84 	bl	5ca0 <mem_pool_free>
}
    8f98:	2000      	movs	r0, #0
    8f9a:	b004      	add	sp, #16
    8f9c:	bd10      	pop	{r4, pc}
    8f9e:	bf00      	nop
    8fa0:	100002b8 	.word	0x100002b8
    8fa4:	0000b65c 	.word	0x0000b65c
    8fa8:	100021e0 	.word	0x100021e0
    8fac:	10002198 	.word	0x10002198
    8fb0:	00008de9 	.word	0x00008de9
    8fb4:	0000b654 	.word	0x0000b654
    8fb8:	0000b644 	.word	0x0000b644

00008fbc <paging_state_setup>:
 * k 4: Tx FHS packet with sw of paged device
 *	if contains master's (low_sw, lap, nap, uap, etc.), and clk27_2 sampled at start of tx.
 * k 6: Rx ID(3) from the slave, and start master task.
 */
void paging_state_setup(uint32_t lap, uint8_t uap)
{
    8fbc:	b510      	push	{r4, lr}
    8fbe:	b086      	sub	sp, #24
    8fc0:	460a      	mov	r2, r1
	// Reset paging state
	btphy_set_mode(BT_MODE_PAGING, lap, uap);
    8fc2:	4601      	mov	r1, r0
    8fc4:	2001      	movs	r0, #1
    8fc6:	f7ff fe31 	bl	8c2c <btphy_set_mode>

	/* A simple Header for our fhs */ 
	paging_state.fhs_hdr.lt_addr = 0;		//  This seems right
	paging_state.fhs_hdr.type = BB_TYPE_FHS;
	paging_state.fhs_hdr.flags = 0; 		// Depends on devices, some sends BTHDR_FLOW|BTHDR_SEQN, others send 0, both seems right
    8fca:	2400      	movs	r4, #0

	/* Prepare constant part of FHS payload */
	bbpkt_fhs_prepare_payload(paging_state.fhs_data,
    8fcc:	2101      	movs	r1, #1
	paging_state.fhs_hdr.lt_addr = 0;		//  This seems right
    8fce:	f44f 7300 	mov.w	r3, #512	@ 0x200
	bbpkt_fhs_prepare_payload(paging_state.fhs_data,
    8fd2:	e9cd 1404 	strd	r1, r4, [sp, #16]
    8fd6:	f8df c048 	ldr.w	ip, [pc, #72]	@ 9020 <paging_state_setup+0x64>
		btphy.my_sw&0xffffffff, 	// parity: low32 bits of master's sw
    8fda:	4a12      	ldr	r2, [pc, #72]	@ (9024 <paging_state_setup+0x68>)
	paging_state.fhs_hdr.lt_addr = 0;		//  This seems right
    8fdc:	4812      	ldr	r0, [pc, #72]	@ (9028 <paging_state_setup+0x6c>)
	bbpkt_fhs_prepare_payload(paging_state.fhs_data,
    8fde:	f8cd c00c 	str.w	ip, [sp, #12]
    8fe2:	8f51      	ldrh	r1, [r2, #58]	@ 0x3a
	paging_state.fhs_hdr.lt_addr = 0;		//  This seems right
    8fe4:	8083      	strh	r3, [r0, #4]
	bbpkt_fhs_prepare_payload(paging_state.fhs_data,
    8fe6:	f892 3038 	ldrb.w	r3, [r2, #56]	@ 0x38
	paging_state.fhs_hdr.flags = 0; 		// Depends on devices, some sends BTHDR_FLOW|BTHDR_SEQN, others send 0, both seems right
    8fea:	7184      	strb	r4, [r0, #6]
	bbpkt_fhs_prepare_payload(paging_state.fhs_data,
    8fec:	e9cd 3101 	strd	r3, r1, [sp, #4]
    8ff0:	6b51      	ldr	r1, [r2, #52]	@ 0x34
    8ff2:	4623      	mov	r3, r4
    8ff4:	6c12      	ldr	r2, [r2, #64]	@ 0x40
    8ff6:	3008      	adds	r0, #8
    8ff8:	9100      	str	r1, [sp, #0]
    8ffa:	f7fb fe75 	bl	4ce8 <bbpkt_fhs_prepare_payload>
		0x5A020C,		// class: FIXME make this configurable
		1,			// lt_addr: FIXME: fixed ltaddr = 1
		0 // No eir
		);

	tdma_schedule(2, paging_start_sync, 0,0,0,-3);
    8ffe:	f06f 0202 	mvn.w	r2, #2
    9002:	4623      	mov	r3, r4
    9004:	9201      	str	r2, [sp, #4]
    9006:	4909      	ldr	r1, [pc, #36]	@ (902c <paging_state_setup+0x70>)
    9008:	4622      	mov	r2, r4
    900a:	9400      	str	r4, [sp, #0]
    900c:	2002      	movs	r0, #2
    900e:	f000 fa1f 	bl	9450 <tdma_schedule>
	btctl_set_state(BTCTL_STATE_PAGE, BTCTL_REASON_SUCCESS);
    9012:	4621      	mov	r1, r4
    9014:	2002      	movs	r0, #2
}
    9016:	b006      	add	sp, #24
    9018:	e8bd 4010 	ldmia.w	sp!, {r4, lr}
	btctl_set_state(BTCTL_STATE_PAGE, BTCTL_REASON_SUCCESS);
    901c:	f7fb bc94 	b.w	4948 <btctl_set_state>
    9020:	005a020c 	.word	0x005a020c
    9024:	10002198 	.word	0x10002198
    9028:	100021e0 	.word	0x100021e0
    902c:	00008ea5 	.word	0x00008ea5

00009030 <monitor2_rx_cb>:
{
	return btctl_get_state() != BTCTL_STATE_CONNECTED;
}

static int monitor2_rx_cb(msg_t *msg, void *arg, int time_offset)
{
    9030:	b510      	push	{r4, lr}
    9032:	b082      	sub	sp, #8
    9034:	4b25      	ldr	r3, [pc, #148]	@ (90cc <monitor2_rx_cb+0x9c>)
    9036:	4604      	mov	r4, r0
	btctl_hdr_t *h = (btctl_hdr_t*)msg->data;
	btctl_rx_pkt_t *pkt;
	int rc;

	if (monitor2_state_canceled())
    9038:	781b      	ldrb	r3, [r3, #0]
    903a:	2b03      	cmp	r3, #3
    903c:	d11f      	bne.n	907e <monitor2_rx_cb+0x4e>
	{
		msg_free(msg);
		return 0;
	}
	/* Check if a packet was received, to adjust clock if needed */
	if (h->type != BTCTL_RX_PKT)
    903e:	7b03      	ldrb	r3, [r0, #12]
    9040:	2b28      	cmp	r3, #40	@ 0x28
    9042:	d140      	bne.n	90c6 <monitor2_rx_cb+0x96>
		DIE("rx : expect acl rx");
	pkt = (btctl_rx_pkt_t *)h->data;

	if (!BBPKT_HAS_PKT(pkt))
    9044:	7d43      	ldrb	r3, [r0, #21]
    9046:	07d8      	lsls	r0, r3, #31
    9048:	d509      	bpl.n	905e <monitor2_rx_cb+0x2e>
	{
		//console_putc('N');
		goto end;
	}

	if ((pkt->clkn&2) == 0) // Packet from master
    904a:	6921      	ldr	r1, [r4, #16]
    904c:	0789      	lsls	r1, r1, #30
    904e:	d535      	bpl.n	90bc <monitor2_rx_cb+0x8c>
	{
		/* Resync to master */
		btphy_adj_clkn_delay(time_offset);
	}

	if (!BBPKT_HAS_HDR(pkt))
    9050:	079a      	lsls	r2, r3, #30
    9052:	d504      	bpl.n	905e <monitor2_rx_cb+0x2e>
	{
		goto end;
	}
#if 1
	if (pkt->bb_hdr.type < 3) // NULL / POLL / FHS
    9054:	7e61      	ldrb	r1, [r4, #25]
    9056:	2902      	cmp	r1, #2
    9058:	d926      	bls.n	90a8 <monitor2_rx_cb+0x78>
	{
		cprintf("(%c,%x,%x)","NPF"[pkt->bb_hdr.type], pkt->clkn&0xff,pkt->bb_hdr.flags);
	}
#endif
	if (BBPKT_HAS_CRC(pkt))
    905a:	075b      	lsls	r3, r3, #29
    905c:	d414      	bmi.n	9088 <monitor2_rx_cb+0x58>
    905e:	4620      	mov	r0, r4
    9060:	f7fc fe1e 	bl	5ca0 <mem_pool_free>
}

static void monitor2_state_schedule_rx(unsigned skip_slots)
{
	/* Listen for a packet in next rx slot */
	unsigned delay = 2*skip_slots + (1&(RX_PREPARE_IDX - (btphy.slave_clkn&1)));
    9064:	4a1a      	ldr	r2, [pc, #104]	@ (90d0 <monitor2_rx_cb+0xa0>)

	/* Schedule rx: */
	rx_task_schedule(delay,
    9066:	2303      	movs	r3, #3
	unsigned delay = 2*skip_slots + (1&(RX_PREPARE_IDX - (btphy.slave_clkn&1)));
    9068:	6890      	ldr	r0, [r2, #8]
	rx_task_schedule(delay,
    906a:	491a      	ldr	r1, [pc, #104]	@ (90d4 <monitor2_rx_cb+0xa4>)
	unsigned delay = 2*skip_slots + (1&(RX_PREPARE_IDX - (btphy.slave_clkn&1)));
    906c:	43c0      	mvns	r0, r0
	rx_task_schedule(delay,
    906e:	2200      	movs	r2, #0
    9070:	f000 0001 	and.w	r0, r0, #1
    9074:	f7ff fa5e 	bl	8534 <rx_task_schedule>
}
    9078:	2000      	movs	r0, #0
    907a:	b002      	add	sp, #8
    907c:	bd10      	pop	{r4, pc}
    907e:	f7fc fe0f 	bl	5ca0 <mem_pool_free>
    9082:	2000      	movs	r0, #0
    9084:	b002      	add	sp, #8
    9086:	bd10      	pop	{r4, pc}
	__asm__ __volatile__ (
    9088:	f3ef 8310 	mrs	r3, PRIMASK
    908c:	b672      	cpsid	i
	rc = msg_enqueue(q, msg);
    908e:	4812      	ldr	r0, [pc, #72]	@ (90d8 <monitor2_rx_cb+0xa8>)
    9090:	4621      	mov	r1, r4
    9092:	9301      	str	r3, [sp, #4]
    9094:	f7fd fda8 	bl	6be8 <msg_enqueue>
	__asm__ __volatile__ (
    9098:	9b01      	ldr	r3, [sp, #4]
    909a:	f383 8810 	msr	PRIMASK, r3
		if(btctl_tx_enqueue(msg) != 0)
    909e:	2800      	cmp	r0, #0
    90a0:	d0e0      	beq.n	9064 <monitor2_rx_cb+0x34>
			DIE("mon2: txq full");
    90a2:	480e      	ldr	r0, [pc, #56]	@ (90dc <monitor2_rx_cb+0xac>)
    90a4:	f7fc fe60 	bl	5d68 <die>
		cprintf("(%c,%x,%x)","NPF"[pkt->bb_hdr.type], pkt->clkn&0xff,pkt->bb_hdr.flags);
    90a8:	6922      	ldr	r2, [r4, #16]
    90aa:	480d      	ldr	r0, [pc, #52]	@ (90e0 <monitor2_rx_cb+0xb0>)
    90ac:	7ea3      	ldrb	r3, [r4, #26]
    90ae:	5c41      	ldrb	r1, [r0, r1]
    90b0:	b2d2      	uxtb	r2, r2
    90b2:	480c      	ldr	r0, [pc, #48]	@ (90e4 <monitor2_rx_cb+0xb4>)
    90b4:	f7fc ff48 	bl	5f48 <cprintf>
	if (BBPKT_HAS_CRC(pkt))
    90b8:	7d63      	ldrb	r3, [r4, #21]
    90ba:	e7ce      	b.n	905a <monitor2_rx_cb+0x2a>
		btphy_adj_clkn_delay(time_offset);
    90bc:	4610      	mov	r0, r2
    90be:	f7ff fd61 	bl	8b84 <btphy_adj_clkn_delay>
	if (!BBPKT_HAS_HDR(pkt))
    90c2:	7d63      	ldrb	r3, [r4, #21]
    90c4:	e7c4      	b.n	9050 <monitor2_rx_cb+0x20>
		DIE("rx : expect acl rx");
    90c6:	4808      	ldr	r0, [pc, #32]	@ (90e8 <monitor2_rx_cb+0xb8>)
    90c8:	f7fc fe4e 	bl	5d68 <die>
    90cc:	100002b8 	.word	0x100002b8
    90d0:	10002198 	.word	0x10002198
    90d4:	00009031 	.word	0x00009031
    90d8:	100002e4 	.word	0x100002e4
    90dc:	0000b68c 	.word	0x0000b68c
    90e0:	0000b6a0 	.word	0x0000b6a0
    90e4:	0000b680 	.word	0x0000b680
    90e8:	0000b668 	.word	0x0000b668

000090ec <monitor2_state_init>:
		(1<<RX_F_PAYLOAD)	// wait for header 
		|(1<<RX_F_RAW));	// ignore size and crc in payload
}

void monitor2_state_init(uint64_t master_bdaddr)
{
    90ec:	b510      	push	{r4, lr}
	monitor2_state.master_bdaddr = master_bdaddr;

	/* Initialize basic hopping from master's clock */
	btphy_set_mode(BT_MODE_SLAVE, master_bdaddr&0xffffff, 0xff & (master_bdaddr>>24));
    90ee:	0e02      	lsrs	r2, r0, #24
    90f0:	f020 417f 	bic.w	r1, r0, #4278190080	@ 0xff000000
    90f4:	2005      	movs	r0, #5
    90f6:	f7ff fd99 	bl	8c2c <btphy_set_mode>

	cprintf("monitor2 started\n");
    90fa:	480a      	ldr	r0, [pc, #40]	@ (9124 <monitor2_state_init+0x38>)
    90fc:	f7fc ff24 	bl	5f48 <cprintf>
	btctl_set_state(BTCTL_STATE_CONNECTED, BTCTL_REASON_PAGED);
    9100:	2102      	movs	r1, #2
    9102:	2003      	movs	r0, #3
    9104:	f7fb fc20 	bl	4948 <btctl_set_state>
	monitor2_state_schedule_rx(1);
}
    9108:	e8bd 4010 	ldmia.w	sp!, {r4, lr}
	unsigned delay = 2*skip_slots + (1&(RX_PREPARE_IDX - (btphy.slave_clkn&1)));
    910c:	4a06      	ldr	r2, [pc, #24]	@ (9128 <monitor2_state_init+0x3c>)
	rx_task_schedule(delay,
    910e:	2303      	movs	r3, #3
	unsigned delay = 2*skip_slots + (1&(RX_PREPARE_IDX - (btphy.slave_clkn&1)));
    9110:	6890      	ldr	r0, [r2, #8]
	rx_task_schedule(delay,
    9112:	4906      	ldr	r1, [pc, #24]	@ (912c <monitor2_state_init+0x40>)
	unsigned delay = 2*skip_slots + (1&(RX_PREPARE_IDX - (btphy.slave_clkn&1)));
    9114:	43c0      	mvns	r0, r0
    9116:	f000 0001 	and.w	r0, r0, #1
	rx_task_schedule(delay,
    911a:	2200      	movs	r2, #0
    911c:	3002      	adds	r0, #2
    911e:	f7ff ba09 	b.w	8534 <rx_task_schedule>
    9122:	bf00      	nop
    9124:	0000b6a4 	.word	0x0000b6a4
    9128:	10002198 	.word	0x10002198
    912c:	00009031 	.word	0x00009031

00009130 <EINT3_IRQHandler>:

volatile rf_state_t rf_state = {0};

/* Interrupt handler for GIO6 */
void EINT3_IRQHandler(void)
{
    9130:	b510      	push	{r4, lr}
	/* Clear interrupt */
	IO2IntClr |= PIN_GIO6;
    9132:	4909      	ldr	r1, [pc, #36]	@ (9158 <EINT3_IRQHandler+0x28>)

	if (!rf_state.int_handler)
    9134:	4a09      	ldr	r2, [pc, #36]	@ (915c <EINT3_IRQHandler+0x2c>)
	IO2IntClr |= PIN_GIO6;
    9136:	f8d1 30ac 	ldr.w	r3, [r1, #172]	@ 0xac
    913a:	f043 0304 	orr.w	r3, r3, #4
    913e:	f8c1 30ac 	str.w	r3, [r1, #172]	@ 0xac
	if (!rf_state.int_handler)
    9142:	6853      	ldr	r3, [r2, #4]
    9144:	b123      	cbz	r3, 9150 <EINT3_IRQHandler+0x20>
	{
		DIE("No phy int handler");
	}
	rf_state.int_handler(rf_state.int_arg);
}
    9146:	e8bd 4010 	ldmia.w	sp!, {r4, lr}
	rf_state.int_handler(rf_state.int_arg);
    914a:	6853      	ldr	r3, [r2, #4]
    914c:	6890      	ldr	r0, [r2, #8]
    914e:	4718      	bx	r3
		DIE("No phy int handler");
    9150:	4803      	ldr	r0, [pc, #12]	@ (9160 <EINT3_IRQHandler+0x30>)
    9152:	f7fc fe09 	bl	5d68 <die>
    9156:	bf00      	nop
    9158:	40028000 	.word	0x40028000
    915c:	100021fc 	.word	0x100021fc
    9160:	0000b6b8 	.word	0x0000b6b8

00009164 <btphy_rf_enable_int>:

void btphy_rf_enable_int(btbr_int_cb_t cb, void*cb_arg, int tx)
{
    9164:	b510      	push	{r4, lr}
	/* clear pending */
	ICPR0 = ISER0_ISE_EINT3;
    9166:	f44f 1400 	mov.w	r4, #2097152	@ 0x200000
    916a:	f04f 2ce0 	mov.w	ip, #3758153728	@ 0xe000e000
	IO2IntClr |= PIN_GIO6;
    916e:	4b15      	ldr	r3, [pc, #84]	@ (91c4 <btphy_rf_enable_int+0x60>)
	ICPR0 = ISER0_ISE_EINT3;
    9170:	f8cc 4280 	str.w	r4, [ip, #640]	@ 0x280
	IO2IntClr |= PIN_GIO6;
    9174:	f8d3 40ac 	ldr.w	r4, [r3, #172]	@ 0xac

	rf_state.int_handler = cb;
    9178:	f8df e04c 	ldr.w	lr, [pc, #76]	@ 91c8 <btphy_rf_enable_int+0x64>
	IO2IntClr |= PIN_GIO6;
    917c:	f044 0404 	orr.w	r4, r4, #4
    9180:	f8c3 40ac 	str.w	r4, [r3, #172]	@ 0xac
	rf_state.int_handler = cb;
    9184:	f8ce 0004 	str.w	r0, [lr, #4]
	rf_state.int_arg = cb_arg;
    9188:	f8ce 1008 	str.w	r1, [lr, #8]

	/* Configure interrupt on GIO6 rising edge */
	if (tx)
    918c:	b162      	cbz	r2, 91a8 <btphy_rf_enable_int+0x44>
		IO2IntEnR |= PIN_GIO6;
    918e:	f8d3 20b0 	ldr.w	r2, [r3, #176]	@ 0xb0
    9192:	f042 0204 	orr.w	r2, r2, #4
    9196:	f8c3 20b0 	str.w	r2, [r3, #176]	@ 0xb0
	else
		IO2IntEnF |= PIN_GIO6;

	/* Enable */
	ISER0 = ISER0_ISE_EINT3;
    919a:	f04f 23e0 	mov.w	r3, #3758153728	@ 0xe000e000
    919e:	f44f 1200 	mov.w	r2, #2097152	@ 0x200000
    91a2:	f8c3 2100 	str.w	r2, [r3, #256]	@ 0x100
}
    91a6:	bd10      	pop	{r4, pc}
		IO2IntEnF |= PIN_GIO6;
    91a8:	f8d3 20b4 	ldr.w	r2, [r3, #180]	@ 0xb4
    91ac:	f042 0204 	orr.w	r2, r2, #4
    91b0:	f8c3 20b4 	str.w	r2, [r3, #180]	@ 0xb4
	ISER0 = ISER0_ISE_EINT3;
    91b4:	f04f 23e0 	mov.w	r3, #3758153728	@ 0xe000e000
    91b8:	f44f 1200 	mov.w	r2, #2097152	@ 0x200000
    91bc:	f8c3 2100 	str.w	r2, [r3, #256]	@ 0x100
}
    91c0:	bd10      	pop	{r4, pc}
    91c2:	bf00      	nop
    91c4:	40028000 	.word	0x40028000
    91c8:	100021fc 	.word	0x100021fc

000091cc <btphy_rf_disable_int>:

void btphy_rf_disable_int(void)
{
	/* Mask interrupt */
	ICER0 = ISER0_ISE_EINT3;
    91cc:	f04f 21e0 	mov.w	r1, #3758153728	@ 0xe000e000
    91d0:	f44f 1000 	mov.w	r0, #2097152	@ 0x200000

	IO2IntEnR &= ~PIN_GIO6;
    91d4:	4b0b      	ldr	r3, [pc, #44]	@ (9204 <btphy_rf_disable_int+0x38>)
	ICER0 = ISER0_ISE_EINT3;
    91d6:	f8c1 0180 	str.w	r0, [r1, #384]	@ 0x180
	IO2IntEnR &= ~PIN_GIO6;
    91da:	f8d3 20b0 	ldr.w	r2, [r3, #176]	@ 0xb0
    91de:	f022 0204 	bic.w	r2, r2, #4
    91e2:	f8c3 20b0 	str.w	r2, [r3, #176]	@ 0xb0
	IO2IntEnF &= ~PIN_GIO6;
    91e6:	f8d3 20b4 	ldr.w	r2, [r3, #180]	@ 0xb4
    91ea:	f022 0204 	bic.w	r2, r2, #4
    91ee:	f8c3 20b4 	str.w	r2, [r3, #180]	@ 0xb4

	/* Clear pending interrupt */
	IO2IntClr |= PIN_GIO6;
    91f2:	f8d3 20ac 	ldr.w	r2, [r3, #172]	@ 0xac
    91f6:	f042 0204 	orr.w	r2, r2, #4
    91fa:	f8c3 20ac 	str.w	r2, [r3, #172]	@ 0xac
	ICPR0 = ISER0_ISE_EINT3;
    91fe:	f8c1 0280 	str.w	r0, [r1, #640]	@ 0x280
}
    9202:	4770      	bx	lr
    9204:	40028000 	.word	0x40028000

00009208 <btphy_rf_set_freq_off>:

void btphy_rf_set_freq_off(uint8_t off)
{
    9208:	b538      	push	{r3, r4, r5, lr}
    920a:	4603      	mov	r3, r0
	__asm__ __volatile__ (
    920c:	f3ef 8510 	mrs	r5, PRIMASK
    9210:	b672      	cpsid	i
	uint32_t flags = irq_save_disable();

	rf_state.freq_off_reg = off;
    9212:	4c09      	ldr	r4, [pc, #36]	@ (9238 <btphy_rf_set_freq_off+0x30>)
	cc2400_set(MDMCTRL, 0x0029|(rf_state.freq_off_reg<<7)); // 160 kHz frequency deviation
    9214:	2003      	movs	r0, #3
	rf_state.freq_off_reg = off;
    9216:	8023      	strh	r3, [r4, #0]
	cc2400_set(MDMCTRL, 0x0029|(rf_state.freq_off_reg<<7)); // 160 kHz frequency deviation
    9218:	8821      	ldrh	r1, [r4, #0]
    921a:	01c9      	lsls	r1, r1, #7
    921c:	f041 0129 	orr.w	r1, r1, #41	@ 0x29
    9220:	b289      	uxth	r1, r1
    9222:	f000 fc1d 	bl	9a60 <cc2400_set>
	__asm__ __volatile__ (
    9226:	f385 8810 	msr	PRIMASK, r5
	irq_restore(flags);
	cprintf("freq off reg: %d\n", rf_state.freq_off_reg);
    922a:	8821      	ldrh	r1, [r4, #0]
    922c:	4803      	ldr	r0, [pc, #12]	@ (923c <btphy_rf_set_freq_off+0x34>)
    922e:	b289      	uxth	r1, r1
}
    9230:	e8bd 4038 	ldmia.w	sp!, {r3, r4, r5, lr}
	cprintf("freq off reg: %d\n", rf_state.freq_off_reg);
    9234:	f7fc be88 	b.w	5f48 <cprintf>
    9238:	100021fc 	.word	0x100021fc
    923c:	0000b6d0 	.word	0x0000b6d0

00009240 <btphy_rf_set_max_ac_errors>:

void btphy_rf_set_max_ac_errors(uint8_t max_ac_errors)
{
    9240:	4603      	mov	r3, r0
	rf_state.max_ac_errors = max_ac_errors;
    9242:	4a03      	ldr	r2, [pc, #12]	@ (9250 <btphy_rf_set_max_ac_errors+0x10>)
	cprintf("max ac errors: %d\n", rf_state.max_ac_errors);
    9244:	4803      	ldr	r0, [pc, #12]	@ (9254 <btphy_rf_set_max_ac_errors+0x14>)
	rf_state.max_ac_errors = max_ac_errors;
    9246:	8053      	strh	r3, [r2, #2]
	cprintf("max ac errors: %d\n", rf_state.max_ac_errors);
    9248:	8851      	ldrh	r1, [r2, #2]
    924a:	b289      	uxth	r1, r1
    924c:	f7fc be7c 	b.w	5f48 <cprintf>
    9250:	100021fc 	.word	0x100021fc
    9254:	0000b6e4 	.word	0x0000b6e4

00009258 <btphy_rf_cfg_sync>:
}

void btphy_rf_cfg_sync(uint32_t sync)
{
    9258:	b510      	push	{r4, lr}
    925a:	4604      	mov	r4, r0
	cc2400_set(SYNCL,   sync & 0xffff);
    925c:	202c      	movs	r0, #44	@ 0x2c
    925e:	b2a1      	uxth	r1, r4
    9260:	f000 fbfe 	bl	9a60 <cc2400_set>
	cc2400_set(SYNCH,   (sync >> 16) & 0xffff);
    9264:	0c21      	lsrs	r1, r4, #16
    9266:	202d      	movs	r0, #45	@ 0x2d
}
    9268:	e8bd 4010 	ldmia.w	sp!, {r4, lr}
	cc2400_set(SYNCH,   (sync >> 16) & 0xffff);
    926c:	f000 bbf8 	b.w	9a60 <cc2400_set>

00009270 <btphy_rf_init>:

void btphy_rf_init(void)
{
    9270:	b510      	push	{r4, lr}
	uint32_t mdmtst0, iocfg;

	/* Initialize dma here */
	dma_poweron();
    9272:	f7fb f80f 	bl	4294 <dma_poweron>
	dio_ssp_init();
    9276:	f000 fb3d 	bl	98f4 <dio_ssp_init>

	rf_state.max_ac_errors = MAX_AC_ERRORS_DEFAULT;
    927a:	2301      	movs	r3, #1
    927c:	4c2a      	ldr	r4, [pc, #168]	@ (9328 <btphy_rf_init+0xb8>)
	cc2400_strobe(SRFOFF);
    927e:	2064      	movs	r0, #100	@ 0x64
    9280:	8063      	strh	r3, [r4, #2]
    9282:	f000 fc67 	bl	9b54 <cc2400_strobe>
	TXLED_CLR;
    9286:	f44f 7180 	mov.w	r1, #256	@ 0x100
	RXLED_CLR;
    928a:	2210      	movs	r2, #16
	TXLED_CLR;
    928c:	4b27      	ldr	r3, [pc, #156]	@ (932c <btphy_rf_init+0xbc>)
    928e:	63d9      	str	r1, [r3, #60]	@ 0x3c
	RXLED_CLR;
    9290:	63da      	str	r2, [r3, #60]	@ 0x3c

	btphy_rf_idle();
	WAIT_CC2400_STATE(STATE_IDLE);
    9292:	200e      	movs	r0, #14
    9294:	f000 fbb2 	bl	99fc <cc2400_get>
    9298:	f000 001f 	and.w	r0, r0, #31
    929c:	2801      	cmp	r0, #1
    929e:	d1f8      	bne.n	9292 <btphy_rf_init+0x22>

	// Bluetooth-like modulation
	cc2400_set(MANAND,  0x7fff);
    92a0:	f647 71ff 	movw	r1, #32767	@ 0x7fff
    92a4:	200d      	movs	r0, #13
    92a6:	f000 fbdb 	bl	9a60 <cc2400_set>
	cc2400_set(LMTST,   0x2b22);    // LNA and receive mixers test register
    92aa:	f642 3122 	movw	r1, #11042	@ 0x2b22
    92ae:	2012      	movs	r0, #18
    92b0:	f000 fbd6 	bl	9a60 <cc2400_set>
	//    | +------------------> TX IF freq 1 0Hz
	//    +--------------------> PRNG off
	//
	// ref: CC2400 datasheet page 67
	// AFC settling explained page 41/42
	cc2400_set(MDMTST0, mdmtst0);
    92b4:	f241 314b 	movw	r1, #4939	@ 0x134b
    92b8:	2014      	movs	r0, #20
    92ba:	f000 fbd1 	bl	9a60 <cc2400_set>
	cc2400_set(FREND,   0b1011);	// Amplifier level (-7 dBm, picked from hat)
    92be:	210b      	movs	r1, #11
    92c0:	2005      	movs	r0, #5
    92c2:	f000 fbcd 	bl	9a60 <cc2400_set>
	cc2400_set(MDMCTRL, 0x0029|(rf_state.freq_off_reg<<7)); // 160 kHz frequency deviation
    92c6:	8821      	ldrh	r1, [r4, #0]
    92c8:	2003      	movs	r0, #3
    92ca:	01c9      	lsls	r1, r1, #7
    92cc:	f041 0129 	orr.w	r1, r1, #41	@ 0x29
    92d0:	b289      	uxth	r1, r1
    92d2:	f000 fbc5 	bl	9a60 <cc2400_set>
	cc2400_set(INT,     PHY_FIFO_THRESHOLD);	// FIFO_THRESHOLD
    92d6:	2110      	movs	r1, #16
    92d8:	2023      	movs	r0, #35	@ 0x23
    92da:	f000 fbc1 	bl	9a60 <cc2400_set>
	ICER0 = ISER0_ISE_EINT3;
    92de:	f04f 20e0 	mov.w	r0, #3758153728	@ 0xe000e000
    92e2:	f44f 1c00 	mov.w	ip, #2097152	@ 0x200000

	btphy_rf_disable_int();

#ifdef UBERTOOTH_ONE
	PAEN_SET;
    92e6:	f04f 0e80 	mov.w	lr, #128	@ 0x80
	HGM_SET;
    92ea:	f44f 7480 	mov.w	r4, #256	@ 0x100
	IO2IntEnR &= ~PIN_GIO6;
    92ee:	4b10      	ldr	r3, [pc, #64]	@ (9330 <btphy_rf_init+0xc0>)
	ICER0 = ISER0_ISE_EINT3;
    92f0:	f8c0 c180 	str.w	ip, [r0, #384]	@ 0x180
	IO2IntEnR &= ~PIN_GIO6;
    92f4:	f8d3 20b0 	ldr.w	r2, [r3, #176]	@ 0xb0
	PAEN_SET;
    92f8:	490c      	ldr	r1, [pc, #48]	@ (932c <btphy_rf_init+0xbc>)
	IO2IntEnR &= ~PIN_GIO6;
    92fa:	f022 0204 	bic.w	r2, r2, #4
    92fe:	f8c3 20b0 	str.w	r2, [r3, #176]	@ 0xb0
	IO2IntEnF &= ~PIN_GIO6;
    9302:	f8d3 20b4 	ldr.w	r2, [r3, #180]	@ 0xb4
    9306:	f022 0204 	bic.w	r2, r2, #4
    930a:	f8c3 20b4 	str.w	r2, [r3, #180]	@ 0xb4
	IO2IntClr |= PIN_GIO6;
    930e:	f8d3 20ac 	ldr.w	r2, [r3, #172]	@ 0xac
    9312:	f042 0204 	orr.w	r2, r2, #4
    9316:	f8c3 20ac 	str.w	r2, [r3, #172]	@ 0xac
	ICPR0 = ISER0_ISE_EINT3;
    931a:	f8c0 c280 	str.w	ip, [r0, #640]	@ 0x280
	PAEN_SET;
    931e:	f8c1 e058 	str.w	lr, [r1, #88]	@ 0x58
	HGM_SET;
    9322:	658c      	str	r4, [r1, #88]	@ 0x58
#endif
}
    9324:	bd10      	pop	{r4, pc}
    9326:	bf00      	nop
    9328:	100021fc 	.word	0x100021fc
    932c:	2009c000 	.word	0x2009c000
    9330:	40028000 	.word	0x40028000

00009334 <btphy_rf_fifo_write>:
	/* end transaction by raising CSN */
	CSN_SET;
}

void btphy_rf_fifo_write(uint8_t *data, unsigned len)
{
    9334:	b410      	push	{r4}
    9336:	b083      	sub	sp, #12
		SCLK_SET;
    9338:	2210      	movs	r2, #16
			MOSI_CLR;
    933a:	2401      	movs	r4, #1
	CSN_CLR;
    933c:	f04f 0c20 	mov.w	ip, #32
    9340:	4b37      	ldr	r3, [pc, #220]	@ (9420 <btphy_rf_fifo_write+0xec>)
	for (i = 0; i < len; ++i) {
    9342:	f011 01ff 	ands.w	r1, r1, #255	@ 0xff
	CSN_CLR;
    9346:	f8c3 c05c 	str.w	ip, [r3, #92]	@ 0x5c
			MOSI_CLR;
    934a:	65dc      	str	r4, [r3, #92]	@ 0x5c
		SCLK_SET;
    934c:	659a      	str	r2, [r3, #88]	@ 0x58
		SCLK_CLR;
    934e:	65da      	str	r2, [r3, #92]	@ 0x5c
			MOSI_SET;
    9350:	659c      	str	r4, [r3, #88]	@ 0x58
		SCLK_SET;
    9352:	659a      	str	r2, [r3, #88]	@ 0x58
		SCLK_CLR;
    9354:	65da      	str	r2, [r3, #92]	@ 0x5c
			MOSI_SET;
    9356:	659c      	str	r4, [r3, #88]	@ 0x58
		SCLK_SET;
    9358:	659a      	str	r2, [r3, #88]	@ 0x58
		SCLK_CLR;
    935a:	65da      	str	r2, [r3, #92]	@ 0x5c
			MOSI_SET;
    935c:	659c      	str	r4, [r3, #88]	@ 0x58
		SCLK_SET;
    935e:	659a      	str	r2, [r3, #88]	@ 0x58
		SCLK_CLR;
    9360:	65da      	str	r2, [r3, #92]	@ 0x5c
			MOSI_CLR;
    9362:	65dc      	str	r4, [r3, #92]	@ 0x5c
		SCLK_SET;
    9364:	659a      	str	r2, [r3, #88]	@ 0x58
		SCLK_CLR;
    9366:	65da      	str	r2, [r3, #92]	@ 0x5c
			MOSI_CLR;
    9368:	65dc      	str	r4, [r3, #92]	@ 0x5c
		SCLK_SET;
    936a:	659a      	str	r2, [r3, #88]	@ 0x58
		SCLK_CLR;
    936c:	65da      	str	r2, [r3, #92]	@ 0x5c
			MOSI_CLR;
    936e:	65dc      	str	r4, [r3, #92]	@ 0x5c
		SCLK_SET;
    9370:	659a      	str	r2, [r3, #88]	@ 0x58
		SCLK_CLR;
    9372:	65da      	str	r2, [r3, #92]	@ 0x5c
			MOSI_CLR;
    9374:	65dc      	str	r4, [r3, #92]	@ 0x5c
		SCLK_SET;
    9376:	659a      	str	r2, [r3, #88]	@ 0x58
		SCLK_CLR;
    9378:	65da      	str	r2, [r3, #92]	@ 0x5c
	for (i = 0; i < len; ++i) {
    937a:	d03e      	beq.n	93fa <btphy_rf_fifo_write+0xc6>
    937c:	3901      	subs	r1, #1
    937e:	fa5f fc81 	uxtb.w	ip, r1
    9382:	4484      	add	ip, r0
    9384:	3801      	subs	r0, #1
		temp = data[i];
    9386:	f810 1f01 	ldrb.w	r1, [r0, #1]!
			if (temp & 1)
    938a:	f011 0f01 	tst.w	r1, #1
				MOSI_CLR;
    938e:	bf0c      	ite	eq
    9390:	65dc      	streq	r4, [r3, #92]	@ 0x5c
				MOSI_SET;
    9392:	659c      	strne	r4, [r3, #88]	@ 0x58
			if (temp & 1)
    9394:	f011 0f02 	tst.w	r1, #2
			SCLK_SET;
    9398:	659a      	str	r2, [r3, #88]	@ 0x58
			SCLK_CLR;
    939a:	65da      	str	r2, [r3, #92]	@ 0x5c
				MOSI_CLR;
    939c:	bf0c      	ite	eq
    939e:	65dc      	streq	r4, [r3, #92]	@ 0x5c
				MOSI_SET;
    93a0:	659c      	strne	r4, [r3, #88]	@ 0x58
			if (temp & 1)
    93a2:	f011 0f04 	tst.w	r1, #4
			SCLK_SET;
    93a6:	659a      	str	r2, [r3, #88]	@ 0x58
			SCLK_CLR;
    93a8:	65da      	str	r2, [r3, #92]	@ 0x5c
				MOSI_CLR;
    93aa:	bf0c      	ite	eq
    93ac:	65dc      	streq	r4, [r3, #92]	@ 0x5c
				MOSI_SET;
    93ae:	659c      	strne	r4, [r3, #88]	@ 0x58
			if (temp & 1)
    93b0:	f011 0f08 	tst.w	r1, #8
			SCLK_SET;
    93b4:	659a      	str	r2, [r3, #88]	@ 0x58
			SCLK_CLR;
    93b6:	65da      	str	r2, [r3, #92]	@ 0x5c
				MOSI_CLR;
    93b8:	bf0c      	ite	eq
    93ba:	65dc      	streq	r4, [r3, #92]	@ 0x5c
				MOSI_SET;
    93bc:	659c      	strne	r4, [r3, #88]	@ 0x58
			if (temp & 1)
    93be:	f011 0f10 	tst.w	r1, #16
			SCLK_SET;
    93c2:	659a      	str	r2, [r3, #88]	@ 0x58
			SCLK_CLR;
    93c4:	65da      	str	r2, [r3, #92]	@ 0x5c
				MOSI_CLR;
    93c6:	bf0c      	ite	eq
    93c8:	65dc      	streq	r4, [r3, #92]	@ 0x5c
				MOSI_SET;
    93ca:	659c      	strne	r4, [r3, #88]	@ 0x58
			if (temp & 1)
    93cc:	f011 0f20 	tst.w	r1, #32
			SCLK_SET;
    93d0:	659a      	str	r2, [r3, #88]	@ 0x58
			SCLK_CLR;
    93d2:	65da      	str	r2, [r3, #92]	@ 0x5c
				MOSI_CLR;
    93d4:	bf0c      	ite	eq
    93d6:	65dc      	streq	r4, [r3, #92]	@ 0x5c
				MOSI_SET;
    93d8:	659c      	strne	r4, [r3, #88]	@ 0x58
			if (temp & 1)
    93da:	f011 0f40 	tst.w	r1, #64	@ 0x40
			SCLK_SET;
    93de:	659a      	str	r2, [r3, #88]	@ 0x58
			SCLK_CLR;
    93e0:	65da      	str	r2, [r3, #92]	@ 0x5c
				MOSI_CLR;
    93e2:	bf0c      	ite	eq
    93e4:	65dc      	streq	r4, [r3, #92]	@ 0x5c
				MOSI_SET;
    93e6:	659c      	strne	r4, [r3, #88]	@ 0x58
			if (temp & 1)
    93e8:	09c9      	lsrs	r1, r1, #7
			SCLK_SET;
    93ea:	659a      	str	r2, [r3, #88]	@ 0x58
			SCLK_CLR;
    93ec:	65da      	str	r2, [r3, #92]	@ 0x5c
			if (temp & 1)
    93ee:	d111      	bne.n	9414 <btphy_rf_fifo_write+0xe0>
	for (i = 0; i < len; ++i) {
    93f0:	4584      	cmp	ip, r0
				MOSI_CLR;
    93f2:	65dc      	str	r4, [r3, #92]	@ 0x5c
			SCLK_SET;
    93f4:	659a      	str	r2, [r3, #88]	@ 0x58
			SCLK_CLR;
    93f6:	65da      	str	r2, [r3, #92]	@ 0x5c
	for (i = 0; i < len; ++i) {
    93f8:	d1c5      	bne.n	9386 <btphy_rf_fifo_write+0x52>
	delay_counter = 10;
    93fa:	230a      	movs	r3, #10
    93fc:	9301      	str	r3, [sp, #4]
	while (--delay_counter);
    93fe:	9b01      	ldr	r3, [sp, #4]
    9400:	3b01      	subs	r3, #1
    9402:	9301      	str	r3, [sp, #4]
    9404:	2b00      	cmp	r3, #0
    9406:	d1fa      	bne.n	93fe <btphy_rf_fifo_write+0xca>
	CSN_SET;
    9408:	2220      	movs	r2, #32
    940a:	4b05      	ldr	r3, [pc, #20]	@ (9420 <btphy_rf_fifo_write+0xec>)
    940c:	659a      	str	r2, [r3, #88]	@ 0x58
	/* Bufferize message  */
	btphy_rf_cc2400_fifo_write(len, data);
}
    940e:	b003      	add	sp, #12
    9410:	bc10      	pop	{r4}
    9412:	4770      	bx	lr
	for (i = 0; i < len; ++i) {
    9414:	4584      	cmp	ip, r0
				MOSI_SET;
    9416:	659c      	str	r4, [r3, #88]	@ 0x58
			SCLK_SET;
    9418:	659a      	str	r2, [r3, #88]	@ 0x58
			SCLK_CLR;
    941a:	65da      	str	r2, [r3, #92]	@ 0x5c
	for (i = 0; i < len; ++i) {
    941c:	d1b3      	bne.n	9386 <btphy_rf_fifo_write+0x52>
    941e:	e7ec      	b.n	93fa <btphy_rf_fifo_write+0xc6>
    9420:	2009c000 	.word	0x2009c000

00009424 <btphy_rf_tune_chan>:
	HGM_CLR;
#endif
}

void btphy_rf_tune_chan(uint16_t channel, int tx)
{
    9424:	b538      	push	{r3, r4, r5, lr}
    9426:	4604      	mov	r4, r0
    9428:	460d      	mov	r5, r1
	/* Wait for state IDLE before changing FSDIV */
	WAIT_CC2400_STATE(STATE_IDLE);
    942a:	200e      	movs	r0, #14
    942c:	f000 fae6 	bl	99fc <cc2400_get>
    9430:	f000 001f 	and.w	r0, r0, #31
    9434:	2801      	cmp	r0, #1
    9436:	d1f8      	bne.n	942a <btphy_rf_tune_chan+0x6>
	/* Retune */
#ifdef USE_TX_1MHZ_OFF
	channel -= 1;
#else
	if (!tx)
		channel -= 1;
    9438:	1e61      	subs	r1, r4, #1
    943a:	b289      	uxth	r1, r1
#endif
	cc2400_set(FSDIV, channel);
    943c:	2d00      	cmp	r5, #0
    943e:	bf18      	it	ne
    9440:	4621      	movne	r1, r4
}
    9442:	e8bd 4038 	ldmia.w	sp!, {r3, r4, r5, lr}
	cc2400_set(FSDIV, channel);
    9446:	2002      	movs	r0, #2
    9448:	f000 bb0a 	b.w	9a60 <cc2400_set>

0000944c <tdma_end_set>:
/* dummy function to mark end of set */
int tdma_end_set(__unused uint8_t p1, __unused uint8_t p2,
		 __unused uint16_t p3)
{
	return 0;
}
    944c:	2000      	movs	r0, #0
    944e:	4770      	bx	lr

00009450 <tdma_schedule>:
}

/* Schedule an item at 'frame_offset' TDMA frames in the future */
int tdma_schedule(uint8_t frame_offset, tdma_sched_cb *cb,
                  uint8_t p1, uint8_t p2, uint16_t p3, int16_t prio)
{
    9450:	e92d 41f0 	stmdb	sp!, {r4, r5, r6, r7, r8, lr}
    9454:	4698      	mov	r8, r3
	struct tdma_scheduler *sched = &tdma_sched;
	uint8_t bucket_nr = wrap_bucket(frame_offset);
	struct tdma_sched_bucket *bucket = &sched->bucket[bucket_nr];
	struct tdma_sched_item *sched_item;

	if (bucket->num_items >= ARRAY_SIZE(bucket->item)) {
    9456:	2334      	movs	r3, #52	@ 0x34
	bucket = (tdma_sched.cur_bucket + offset)
    9458:	f8df e05c 	ldr.w	lr, [pc, #92]	@ 94b8 <tdma_schedule+0x68>
{
    945c:	4617      	mov	r7, r2
					% ARRAY_SIZE(tdma_sched.bucket);
    945e:	f89e 2340 	ldrb.w	r2, [lr, #832]	@ 0x340
{
    9462:	f8bd 4018 	ldrh.w	r4, [sp, #24]
					% ARRAY_SIZE(tdma_sched.bucket);
    9466:	eb00 0c02 	add.w	ip, r0, r2
	struct tdma_sched_bucket *bucket = &sched->bucket[bucket_nr];
    946a:	f00c 0c0f 	and.w	ip, ip, #15
	if (bucket->num_items >= ARRAY_SIZE(bucket->item)) {
    946e:	fb03 fc0c 	mul.w	ip, r3, ip
    9472:	eb0e 020c 	add.w	r2, lr, ip
    9476:	f892 3030 	ldrb.w	r3, [r2, #48]	@ 0x30
{
    947a:	f9bd 601c 	ldrsh.w	r6, [sp, #28]
	if (bucket->num_items >= ARRAY_SIZE(bucket->item)) {
    947e:	2b03      	cmp	r3, #3
    9480:	d814      	bhi.n	94ac <tdma_schedule+0x5c>
	sched_item->p1 = p1;
	sched_item->p2 = p2;
	sched_item->p3 = p3;
	sched_item->prio = prio;

	return 0;
    9482:	2000      	movs	r0, #0
	sched_item->cb = cb;
    9484:	eb03 0543 	add.w	r5, r3, r3, lsl #1
    9488:	eb0c 0c85 	add.w	ip, ip, r5, lsl #2
    948c:	f84e 100c 	str.w	r1, [lr, ip]
	sched_item = &bucket->item[bucket->num_items++];
    9490:	3301      	adds	r3, #1
	sched_item->cb = cb;
    9492:	44e6      	add	lr, ip
	sched_item->p1 = p1;
    9494:	f88e 7004 	strb.w	r7, [lr, #4]
	sched_item->p2 = p2;
    9498:	f88e 8005 	strb.w	r8, [lr, #5]
	sched_item->p3 = p3;
    949c:	f8ae 4006 	strh.w	r4, [lr, #6]
	sched_item = &bucket->item[bucket->num_items++];
    94a0:	f882 3030 	strb.w	r3, [r2, #48]	@ 0x30
	sched_item->prio = prio;
    94a4:	f8ae 6008 	strh.w	r6, [lr, #8]
}
    94a8:	e8bd 81f0 	ldmia.w	sp!, {r4, r5, r6, r7, r8, pc}
		cprintf("tdma_schedule bucket overflow\n");
    94ac:	4803      	ldr	r0, [pc, #12]	@ (94bc <tdma_schedule+0x6c>)
    94ae:	f7fc fd4b 	bl	5f48 <cprintf>
		return -1;
    94b2:	f04f 30ff 	mov.w	r0, #4294967295	@ 0xffffffff
    94b6:	e7f7      	b.n	94a8 <tdma_schedule+0x58>
    94b8:	10002208 	.word	0x10002208
    94bc:	0000b6f8 	.word	0x0000b6f8

000094c0 <tdma_schedule_set>:

/* Schedule a set of items starting from 'frame_offset' TDMA frames in the future */
int tdma_schedule_set(uint8_t frame_offset, const struct tdma_sched_item *item_set, uint16_t p3)
{
    94c0:	e92d 4ff0 	stmdb	sp!, {r4, r5, r6, r7, r8, r9, sl, fp, lr}
    94c4:	b083      	sub	sp, #12

	for (i = 0, j = 0; 1; i++) {
		const struct tdma_sched_item *sched_item = &item_set[i];
		struct tdma_sched_bucket *bucket = &sched->bucket[bucket_nr];

		if (sched_item->cb == &tdma_end_set) {
    94c6:	f8df 809c 	ldr.w	r8, [pc, #156]	@ 9564 <tdma_schedule_set+0xa4>
    94ca:	680b      	ldr	r3, [r1, #0]
{
    94cc:	4692      	mov	sl, r2
		if (sched_item->cb == &tdma_end_set) {
    94ce:	4543      	cmp	r3, r8
{
    94d0:	4602      	mov	r2, r0
		if (sched_item->cb == &tdma_end_set) {
    94d2:	d044      	beq.n	955e <tdma_schedule_set+0x9e>
	for (i = 0, j = 0; 1; i++) {
    94d4:	2000      	movs	r0, #0
    94d6:	468b      	mov	fp, r1
			bucket_nr = wrap_bucket(++frame_offset);
			j++;
			continue;
		}
		/* check for bucket overflow */
		if (bucket->num_items >= ARRAY_SIZE(bucket->item)) {
    94d8:	f04f 0934 	mov.w	r9, #52	@ 0x34
	bucket = (tdma_sched.cur_bucket + offset)
    94dc:	4e22      	ldr	r6, [pc, #136]	@ (9568 <tdma_schedule_set+0xa8>)
    94de:	e9cd 0200 	strd	r0, r2, [sp]
					% ARRAY_SIZE(tdma_sched.bucket);
    94e2:	f896 7340 	ldrb.w	r7, [r6, #832]	@ 0x340
    94e6:	4417      	add	r7, r2
    94e8:	f007 070f 	and.w	r7, r7, #15
		if (sched_item->cb == NULL) {
    94ec:	b31b      	cbz	r3, 9536 <tdma_schedule_set+0x76>
		if (bucket->num_items >= ARRAY_SIZE(bucket->item)) {
    94ee:	fb09 f407 	mul.w	r4, r9, r7
    94f2:	1935      	adds	r5, r6, r4
    94f4:	f895 2030 	ldrb.w	r2, [r5, #48]	@ 0x30
			cprintf("tdma_schedule bucket overflow\n");
			return -1;
		}
		/* copy the item from the set into the current bucket item position */
		memcpy(&bucket->item[bucket->num_items], sched_item, sizeof(*sched_item));
    94f8:	eb02 0042 	add.w	r0, r2, r2, lsl #1
    94fc:	eb04 0080 	add.w	r0, r4, r0, lsl #2
		if (bucket->num_items >= ARRAY_SIZE(bucket->item)) {
    9500:	2a03      	cmp	r2, #3
		memcpy(&bucket->item[bucket->num_items], sched_item, sizeof(*sched_item));
    9502:	4430      	add	r0, r6
		if (bucket->num_items >= ARRAY_SIZE(bucket->item)) {
    9504:	d823      	bhi.n	954e <tdma_schedule_set+0x8e>
		memcpy(&bucket->item[bucket->num_items], sched_item, sizeof(*sched_item));
    9506:	220c      	movs	r2, #12
    9508:	4659      	mov	r1, fp
    950a:	f7fa fddf 	bl	40cc <__aeabi_memcpy>
		bucket->item[bucket->num_items].p3 = p3;
    950e:	f895 2030 	ldrb.w	r2, [r5, #48]	@ 0x30
    9512:	eb02 0042 	add.w	r0, r2, r2, lsl #1
    9516:	eb04 0480 	add.w	r4, r4, r0, lsl #2
    951a:	4434      	add	r4, r6
		bucket->num_items++;
    951c:	3201      	adds	r2, #1
    951e:	f885 2030 	strb.w	r2, [r5, #48]	@ 0x30
		bucket->item[bucket->num_items].p3 = p3;
    9522:	f8a4 a006 	strh.w	sl, [r4, #6]
		if (sched_item->cb == &tdma_end_set) {
    9526:	f85b 3f0c 	ldr.w	r3, [fp, #12]!
    952a:	4543      	cmp	r3, r8
    952c:	d1de      	bne.n	94ec <tdma_schedule_set+0x2c>
    952e:	9800      	ldr	r0, [sp, #0]
	}

	return j;
}
    9530:	b003      	add	sp, #12
    9532:	e8bd 8ff0 	ldmia.w	sp!, {r4, r5, r6, r7, r8, r9, sl, fp, pc}
			bucket_nr = wrap_bucket(++frame_offset);
    9536:	9b01      	ldr	r3, [sp, #4]
					% ARRAY_SIZE(tdma_sched.bucket);
    9538:	f896 7340 	ldrb.w	r7, [r6, #832]	@ 0x340
			bucket_nr = wrap_bucket(++frame_offset);
    953c:	3301      	adds	r3, #1
					% ARRAY_SIZE(tdma_sched.bucket);
    953e:	441f      	add	r7, r3
			bucket_nr = wrap_bucket(++frame_offset);
    9540:	9301      	str	r3, [sp, #4]
			j++;
    9542:	9b00      	ldr	r3, [sp, #0]
    9544:	f007 070f 	and.w	r7, r7, #15
    9548:	3301      	adds	r3, #1
    954a:	9300      	str	r3, [sp, #0]
			continue;
    954c:	e7eb      	b.n	9526 <tdma_schedule_set+0x66>
			cprintf("tdma_schedule bucket overflow\n");
    954e:	4807      	ldr	r0, [pc, #28]	@ (956c <tdma_schedule_set+0xac>)
    9550:	f7fc fcfa 	bl	5f48 <cprintf>
			return -1;
    9554:	f04f 30ff 	mov.w	r0, #4294967295	@ 0xffffffff
}
    9558:	b003      	add	sp, #12
    955a:	e8bd 8ff0 	ldmia.w	sp!, {r4, r5, r6, r7, r8, r9, sl, fp, pc}
	return j;
    955e:	2000      	movs	r0, #0
    9560:	e7e6      	b.n	9530 <tdma_schedule_set+0x70>
    9562:	bf00      	nop
    9564:	0000944d 	.word	0x0000944d
    9568:	10002208 	.word	0x10002208
    956c:	0000b6f8 	.word	0x0000b6f8

00009570 <tdma_sched_advance>:
	struct tdma_scheduler *sched = &tdma_sched;
	uint8_t next_bucket;

	/* advance to the next bucket */
	next_bucket = wrap_bucket(1);
	sched->cur_bucket = next_bucket;
    9570:	4a04      	ldr	r2, [pc, #16]	@ (9584 <tdma_sched_advance+0x14>)
					% ARRAY_SIZE(tdma_sched.bucket);
    9572:	f892 3340 	ldrb.w	r3, [r2, #832]	@ 0x340
    9576:	3301      	adds	r3, #1
	sched->cur_bucket = next_bucket;
    9578:	f003 030f 	and.w	r3, r3, #15
    957c:	f882 3340 	strb.w	r3, [r2, #832]	@ 0x340
}
    9580:	4770      	bx	lr
    9582:	bf00      	nop
    9584:	10002208 	.word	0x10002208

00009588 <tdma_sched_execute>:
	}
}

/* Execute pre-scheduled events for current frame */
int tdma_sched_execute(void)
{
    9588:	e92d 4ff0 	stmdb	sp!, {r4, r5, r6, r7, r8, r9, sl, fp, lr}
    958c:	b087      	sub	sp, #28
	for (i=0; i<bucket->num_items; i++)
    958e:	f04f 0c34 	mov.w	ip, #52	@ 0x34
		seq[i] = i;
    9592:	2303      	movs	r3, #3
    9594:	2202      	movs	r2, #2
    9596:	2000      	movs	r0, #0
    9598:	2101      	movs	r1, #1
	struct tdma_sched_bucket *bucket;
	int i, num_events = 0;
	int seq[TDMASCHED_NUM_CB];

	/* determine current bucket */
	bucket = &sched->bucket[sched->cur_bucket];
    959a:	4d37      	ldr	r5, [pc, #220]	@ (9678 <tdma_sched_execute+0xf0>)
		seq[i] = i;
    959c:	e9cd 2304 	strd	r2, r3, [sp, #16]
	bucket = &sched->bucket[sched->cur_bucket];
    95a0:	f895 9340 	ldrb.w	r9, [r5, #832]	@ 0x340
		seq[i] = i;
    95a4:	e9cd 0102 	strd	r0, r1, [sp, #8]
	for (i=0; i<bucket->num_items; i++)
    95a8:	fb0c fc09 	mul.w	ip, ip, r9
    95ac:	eb05 030c 	add.w	r3, r5, ip
    95b0:	f893 4030 	ldrb.w	r4, [r3, #48]	@ 0x30
    95b4:	4627      	mov	r7, r4
    95b6:	2c00      	cmp	r4, #0
    95b8:	d051      	beq.n	965e <tdma_sched_execute+0xd6>
    95ba:	ae02      	add	r6, sp, #8
    95bc:	4637      	mov	r7, r6
    95be:	2300      	movs	r3, #0
    95c0:	eb06 0884 	add.w	r8, r6, r4, lsl #2
    95c4:	f8cd 9004 	str.w	r9, [sp, #4]
		for (j=i+1; j<bucket->num_items; j++)
    95c8:	3301      	adds	r3, #1
    95ca:	42a3      	cmp	r3, r4
    95cc:	da26      	bge.n	961c <tdma_sched_execute+0x94>
		item_i = &bucket->item[seq[i]];
    95ce:	4638      	mov	r0, r7
    95d0:	f850 eb04 	ldr.w	lr, [r0], #4
    95d4:	46bb      	mov	fp, r7
    95d6:	4601      	mov	r1, r0
    95d8:	eb0e 0e4e 	add.w	lr, lr, lr, lsl #1
    95dc:	eb0c 0e8e 	add.w	lr, ip, lr, lsl #2
    95e0:	44ae      	add	lr, r5
			item_j = &bucket->item[seq[j]];
    95e2:	f851 7b04 	ldr.w	r7, [r1], #4
			if (item_i->prio > item_j->prio)
    95e6:	f9be a008 	ldrsh.w	sl, [lr, #8]
    95ea:	eb07 0247 	add.w	r2, r7, r7, lsl #1
    95ee:	eb0c 0982 	add.w	r9, ip, r2, lsl #2
    95f2:	44a9      	add	r9, r5
    95f4:	f9b9 9008 	ldrsh.w	r9, [r9, #8]
			item_j = &bucket->item[seq[j]];
    95f8:	eb0c 0282 	add.w	r2, ip, r2, lsl #2
			if (item_i->prio > item_j->prio)
    95fc:	45ca      	cmp	sl, r9
    95fe:	dd07      	ble.n	9610 <tdma_sched_execute+0x88>
				k      = seq[i];
    9600:	f8db 9000 	ldr.w	r9, [fp]
			item_j = &bucket->item[seq[j]];
    9604:	eb05 0e02 	add.w	lr, r5, r2
				seq[i] = seq[j];
    9608:	f8cb 7000 	str.w	r7, [fp]
				seq[j] = k;
    960c:	f841 9c04 	str.w	r9, [r1, #-4]
		for (j=i+1; j<bucket->num_items; j++)
    9610:	4541      	cmp	r1, r8
    9612:	d1e6      	bne.n	95e2 <tdma_sched_execute+0x5a>
    9614:	3301      	adds	r3, #1
    9616:	42a3      	cmp	r3, r4
	for (i=0; i<bucket->num_items; i++)
    9618:	4607      	mov	r7, r0
		for (j=i+1; j<bucket->num_items; j++)
    961a:	dbd8      	blt.n	95ce <tdma_sched_execute+0x46>
	for (i=0; i<bucket->num_items; i++)
    961c:	d129      	bne.n	9672 <tdma_sched_execute+0xea>
		struct tdma_sched_item *item = &bucket->item[seq[i]];
		int rc;

		num_events++;

		rc = item->cb(item->p1, item->p2, item->p3);
    961e:	f04f 0a34 	mov.w	sl, #52	@ 0x34
	for (i = 0; i < bucket->num_items; i++) {
    9622:	f8dd 9004 	ldr.w	r9, [sp, #4]
    9626:	2700      	movs	r7, #0
		rc = item->cb(item->p1, item->p2, item->p3);
    9628:	fb0a fa09 	mul.w	sl, sl, r9
	for (i = 0; i < bucket->num_items; i++) {
    962c:	eb05 080a 	add.w	r8, r5, sl
    9630:	e001      	b.n	9636 <tdma_sched_execute+0xae>
    9632:	f898 4030 	ldrb.w	r4, [r8, #48]	@ 0x30
    9636:	42bc      	cmp	r4, r7
    9638:	dd11      	ble.n	965e <tdma_sched_execute+0xd6>
		struct tdma_sched_item *item = &bucket->item[seq[i]];
    963a:	f856 3027 	ldr.w	r3, [r6, r7, lsl #2]
		num_events++;
    963e:	3701      	adds	r7, #1
		rc = item->cb(item->p1, item->p2, item->p3);
    9640:	eb03 0343 	add.w	r3, r3, r3, lsl #1
    9644:	eb0a 0383 	add.w	r3, sl, r3, lsl #2
    9648:	18e8      	adds	r0, r5, r3
    964a:	88c2      	ldrh	r2, [r0, #6]
    964c:	7941      	ldrb	r1, [r0, #5]
    964e:	58eb      	ldr	r3, [r5, r3]
    9650:	7900      	ldrb	r0, [r0, #4]
    9652:	4798      	blx	r3
		if (rc < 0) {
    9654:	2800      	cmp	r0, #0
    9656:	daec      	bge.n	9632 <tdma_sched_execute+0xaa>
	/* clear/reset the bucket */
	bucket->num_items = 0;

	/* return number of items that we called */
	return num_events;
}
    9658:	b007      	add	sp, #28
    965a:	e8bd 8ff0 	ldmia.w	sp!, {r4, r5, r6, r7, r8, r9, sl, fp, pc}
	bucket->num_items = 0;
    965e:	2234      	movs	r2, #52	@ 0x34
    9660:	2300      	movs	r3, #0
	return num_events;
    9662:	4638      	mov	r0, r7
	bucket->num_items = 0;
    9664:	fb02 5509 	mla	r5, r2, r9, r5
    9668:	f885 3030 	strb.w	r3, [r5, #48]	@ 0x30
}
    966c:	b007      	add	sp, #28
    966e:	e8bd 8ff0 	ldmia.w	sp!, {r4, r5, r6, r7, r8, r9, sl, fp, pc}
	for (i=0; i<bucket->num_items; i++)
    9672:	3704      	adds	r7, #4
    9674:	e7a8      	b.n	95c8 <tdma_sched_execute+0x40>
    9676:	bf00      	nop
    9678:	10002208 	.word	0x10002208

0000967c <tdma_sched_reset>:
	unsigned int bucket_nr;

	for (bucket_nr = 0; bucket_nr < ARRAY_SIZE(sched->bucket); bucket_nr++) {
		struct tdma_sched_bucket *bucket = &sched->bucket[bucket_nr];
		/* current bucket will be reset by iteration code above! */
		if (bucket_nr != sched->cur_bucket)
    967c:	4b6b      	ldr	r3, [pc, #428]	@ (982c <tdma_sched_reset+0x1b0>)
    967e:	f893 1340 	ldrb.w	r1, [r3, #832]	@ 0x340
    9682:	2900      	cmp	r1, #0
    9684:	d044      	beq.n	9710 <tdma_sched_reset+0x94>
			bucket->num_items = 0;
    9686:	2200      	movs	r2, #0
		if (bucket_nr != sched->cur_bucket)
    9688:	2901      	cmp	r1, #1
			bucket->num_items = 0;
    968a:	f883 2030 	strb.w	r2, [r3, #48]	@ 0x30
		if (bucket_nr != sched->cur_bucket)
    968e:	d11e      	bne.n	96ce <tdma_sched_reset+0x52>
			bucket->num_items = 0;
    9690:	f883 2098 	strb.w	r2, [r3, #152]	@ 0x98
    9694:	f883 20cc 	strb.w	r2, [r3, #204]	@ 0xcc
    9698:	f883 2100 	strb.w	r2, [r3, #256]	@ 0x100
    969c:	f883 2134 	strb.w	r2, [r3, #308]	@ 0x134
    96a0:	f883 2168 	strb.w	r2, [r3, #360]	@ 0x168
    96a4:	f883 219c 	strb.w	r2, [r3, #412]	@ 0x19c
    96a8:	2200      	movs	r2, #0
		if (bucket_nr != sched->cur_bucket)
    96aa:	2909      	cmp	r1, #9
			bucket->num_items = 0;
    96ac:	f883 21d0 	strb.w	r2, [r3, #464]	@ 0x1d0
		if (bucket_nr != sched->cur_bucket)
    96b0:	d11d      	bne.n	96ee <tdma_sched_reset+0x72>
			bucket->num_items = 0;
    96b2:	f883 2238 	strb.w	r2, [r3, #568]	@ 0x238
    96b6:	f883 226c 	strb.w	r2, [r3, #620]	@ 0x26c
    96ba:	f883 22a0 	strb.w	r2, [r3, #672]	@ 0x2a0
    96be:	f883 22d4 	strb.w	r2, [r3, #724]	@ 0x2d4
    96c2:	f883 2308 	strb.w	r2, [r3, #776]	@ 0x308
    96c6:	2200      	movs	r2, #0
    96c8:	f883 233c 	strb.w	r2, [r3, #828]	@ 0x33c
	}

	/* Don't reset cur_bucket, as it would upset the bucket iteration code
	 * in tdma_sched_execute() */
}
    96cc:	4770      	bx	lr
		if (bucket_nr != sched->cur_bucket)
    96ce:	2902      	cmp	r1, #2
			bucket->num_items = 0;
    96d0:	f883 2064 	strb.w	r2, [r3, #100]	@ 0x64
		if (bucket_nr != sched->cur_bucket)
    96d4:	d15a      	bne.n	978c <tdma_sched_reset+0x110>
			bucket->num_items = 0;
    96d6:	f883 20cc 	strb.w	r2, [r3, #204]	@ 0xcc
    96da:	f883 2100 	strb.w	r2, [r3, #256]	@ 0x100
    96de:	f883 2134 	strb.w	r2, [r3, #308]	@ 0x134
    96e2:	f883 2168 	strb.w	r2, [r3, #360]	@ 0x168
    96e6:	f883 219c 	strb.w	r2, [r3, #412]	@ 0x19c
    96ea:	f883 21d0 	strb.w	r2, [r3, #464]	@ 0x1d0
    96ee:	2200      	movs	r2, #0
		if (bucket_nr != sched->cur_bucket)
    96f0:	290a      	cmp	r1, #10
			bucket->num_items = 0;
    96f2:	f883 2204 	strb.w	r2, [r3, #516]	@ 0x204
		if (bucket_nr != sched->cur_bucket)
    96f6:	d159      	bne.n	97ac <tdma_sched_reset+0x130>
			bucket->num_items = 0;
    96f8:	f883 226c 	strb.w	r2, [r3, #620]	@ 0x26c
    96fc:	f883 22a0 	strb.w	r2, [r3, #672]	@ 0x2a0
    9700:	f883 22d4 	strb.w	r2, [r3, #724]	@ 0x2d4
    9704:	2200      	movs	r2, #0
		if (bucket_nr != sched->cur_bucket)
    9706:	290f      	cmp	r1, #15
			bucket->num_items = 0;
    9708:	f883 2308 	strb.w	r2, [r3, #776]	@ 0x308
		if (bucket_nr != sched->cur_bucket)
    970c:	d1db      	bne.n	96c6 <tdma_sched_reset+0x4a>
}
    970e:	4770      	bx	lr
			bucket->num_items = 0;
    9710:	f883 1064 	strb.w	r1, [r3, #100]	@ 0x64
    9714:	f883 1098 	strb.w	r1, [r3, #152]	@ 0x98
    9718:	2200      	movs	r2, #0
		if (bucket_nr != sched->cur_bucket)
    971a:	2904      	cmp	r1, #4
			bucket->num_items = 0;
    971c:	f883 20cc 	strb.w	r2, [r3, #204]	@ 0xcc
		if (bucket_nr != sched->cur_bucket)
    9720:	d119      	bne.n	9756 <tdma_sched_reset+0xda>
			bucket->num_items = 0;
    9722:	f883 2134 	strb.w	r2, [r3, #308]	@ 0x134
    9726:	f883 2168 	strb.w	r2, [r3, #360]	@ 0x168
    972a:	f883 219c 	strb.w	r2, [r3, #412]	@ 0x19c
    972e:	f883 21d0 	strb.w	r2, [r3, #464]	@ 0x1d0
    9732:	f883 2204 	strb.w	r2, [r3, #516]	@ 0x204
    9736:	f883 2238 	strb.w	r2, [r3, #568]	@ 0x238
    973a:	2200      	movs	r2, #0
		if (bucket_nr != sched->cur_bucket)
    973c:	290c      	cmp	r1, #12
			bucket->num_items = 0;
    973e:	f883 226c 	strb.w	r2, [r3, #620]	@ 0x26c
		if (bucket_nr != sched->cur_bucket)
    9742:	d118      	bne.n	9776 <tdma_sched_reset+0xfa>
			bucket->num_items = 0;
    9744:	2200      	movs	r2, #0
    9746:	f883 22d4 	strb.w	r2, [r3, #724]	@ 0x2d4
    974a:	f883 2308 	strb.w	r2, [r3, #776]	@ 0x308
    974e:	2200      	movs	r2, #0
    9750:	f883 233c 	strb.w	r2, [r3, #828]	@ 0x33c
}
    9754:	4770      	bx	lr
		if (bucket_nr != sched->cur_bucket)
    9756:	2905      	cmp	r1, #5
			bucket->num_items = 0;
    9758:	f883 2100 	strb.w	r2, [r3, #256]	@ 0x100
		if (bucket_nr != sched->cur_bucket)
    975c:	d131      	bne.n	97c2 <tdma_sched_reset+0x146>
			bucket->num_items = 0;
    975e:	f883 2168 	strb.w	r2, [r3, #360]	@ 0x168
    9762:	f883 219c 	strb.w	r2, [r3, #412]	@ 0x19c
    9766:	f883 21d0 	strb.w	r2, [r3, #464]	@ 0x1d0
    976a:	f883 2204 	strb.w	r2, [r3, #516]	@ 0x204
    976e:	f883 2238 	strb.w	r2, [r3, #568]	@ 0x238
    9772:	f883 226c 	strb.w	r2, [r3, #620]	@ 0x26c
    9776:	2200      	movs	r2, #0
		if (bucket_nr != sched->cur_bucket)
    9778:	290d      	cmp	r1, #13
			bucket->num_items = 0;
    977a:	f883 22a0 	strb.w	r2, [r3, #672]	@ 0x2a0
		if (bucket_nr != sched->cur_bucket)
    977e:	d0e4      	beq.n	974a <tdma_sched_reset+0xce>
			bucket->num_items = 0;
    9780:	2200      	movs	r2, #0
		if (bucket_nr != sched->cur_bucket)
    9782:	290e      	cmp	r1, #14
			bucket->num_items = 0;
    9784:	f883 22d4 	strb.w	r2, [r3, #724]	@ 0x2d4
		if (bucket_nr != sched->cur_bucket)
    9788:	d09d      	beq.n	96c6 <tdma_sched_reset+0x4a>
    978a:	e7bb      	b.n	9704 <tdma_sched_reset+0x88>
    978c:	2903      	cmp	r1, #3
			bucket->num_items = 0;
    978e:	f883 2098 	strb.w	r2, [r3, #152]	@ 0x98
		if (bucket_nr != sched->cur_bucket)
    9792:	d1c1      	bne.n	9718 <tdma_sched_reset+0x9c>
			bucket->num_items = 0;
    9794:	f883 2100 	strb.w	r2, [r3, #256]	@ 0x100
    9798:	f883 2134 	strb.w	r2, [r3, #308]	@ 0x134
    979c:	f883 2168 	strb.w	r2, [r3, #360]	@ 0x168
    97a0:	f883 219c 	strb.w	r2, [r3, #412]	@ 0x19c
    97a4:	f883 21d0 	strb.w	r2, [r3, #464]	@ 0x1d0
    97a8:	f883 2204 	strb.w	r2, [r3, #516]	@ 0x204
    97ac:	2200      	movs	r2, #0
		if (bucket_nr != sched->cur_bucket)
    97ae:	290b      	cmp	r1, #11
			bucket->num_items = 0;
    97b0:	f883 2238 	strb.w	r2, [r3, #568]	@ 0x238
		if (bucket_nr != sched->cur_bucket)
    97b4:	d1c1      	bne.n	973a <tdma_sched_reset+0xbe>
			bucket->num_items = 0;
    97b6:	f883 22a0 	strb.w	r2, [r3, #672]	@ 0x2a0
    97ba:	2200      	movs	r2, #0
    97bc:	f883 22d4 	strb.w	r2, [r3, #724]	@ 0x2d4
    97c0:	e7c3      	b.n	974a <tdma_sched_reset+0xce>
		if (bucket_nr != sched->cur_bucket)
    97c2:	2906      	cmp	r1, #6
			bucket->num_items = 0;
    97c4:	f883 2134 	strb.w	r2, [r3, #308]	@ 0x134
		if (bucket_nr != sched->cur_bucket)
    97c8:	d112      	bne.n	97f0 <tdma_sched_reset+0x174>
			bucket->num_items = 0;
    97ca:	f883 219c 	strb.w	r2, [r3, #412]	@ 0x19c
    97ce:	f883 21d0 	strb.w	r2, [r3, #464]	@ 0x1d0
    97d2:	f883 2204 	strb.w	r2, [r3, #516]	@ 0x204
    97d6:	f883 2238 	strb.w	r2, [r3, #568]	@ 0x238
    97da:	f883 226c 	strb.w	r2, [r3, #620]	@ 0x26c
    97de:	f883 22a0 	strb.w	r2, [r3, #672]	@ 0x2a0
    97e2:	2200      	movs	r2, #0
		if (bucket_nr != sched->cur_bucket)
    97e4:	290e      	cmp	r1, #14
			bucket->num_items = 0;
    97e6:	f883 22d4 	strb.w	r2, [r3, #724]	@ 0x2d4
		if (bucket_nr != sched->cur_bucket)
    97ea:	f43f af6c 	beq.w	96c6 <tdma_sched_reset+0x4a>
    97ee:	e789      	b.n	9704 <tdma_sched_reset+0x88>
    97f0:	2907      	cmp	r1, #7
			bucket->num_items = 0;
    97f2:	f883 2168 	strb.w	r2, [r3, #360]	@ 0x168
		if (bucket_nr != sched->cur_bucket)
    97f6:	d108      	bne.n	980a <tdma_sched_reset+0x18e>
			bucket->num_items = 0;
    97f8:	f883 21d0 	strb.w	r2, [r3, #464]	@ 0x1d0
    97fc:	f883 2204 	strb.w	r2, [r3, #516]	@ 0x204
    9800:	f883 2238 	strb.w	r2, [r3, #568]	@ 0x238
    9804:	f883 226c 	strb.w	r2, [r3, #620]	@ 0x26c
		if (bucket_nr != sched->cur_bucket)
    9808:	e7b5      	b.n	9776 <tdma_sched_reset+0xfa>
    980a:	2908      	cmp	r1, #8
			bucket->num_items = 0;
    980c:	f883 219c 	strb.w	r2, [r3, #412]	@ 0x19c
		if (bucket_nr != sched->cur_bucket)
    9810:	f47f af4a 	bne.w	96a8 <tdma_sched_reset+0x2c>
			bucket->num_items = 0;
    9814:	f883 2204 	strb.w	r2, [r3, #516]	@ 0x204
    9818:	f883 2238 	strb.w	r2, [r3, #568]	@ 0x238
    981c:	f883 226c 	strb.w	r2, [r3, #620]	@ 0x26c
    9820:	f883 22a0 	strb.w	r2, [r3, #672]	@ 0x2a0
    9824:	f883 22d4 	strb.w	r2, [r3, #724]	@ 0x2d4
		if (bucket_nr != sched->cur_bucket)
    9828:	e76c      	b.n	9704 <tdma_sched_reset+0x88>
    982a:	bf00      	nop
    982c:	10002208 	.word	0x10002208

00009830 <USB_IRQHandler>:
	return fifo_get(&rxfifo, &c) ? c : EOF;
}

void USB_IRQHandler()
{
	USBHwISR();
    9830:	f000 bfa2 	b.w	a778 <USBHwISR>

00009834 <Reset_Handler>:
extern void __libc_init_array(void);
extern int main(void);

/* Reset Handler */
void Reset_Handler(void)
{
    9834:	b538      	push	{r3, r4, r5, lr}
	unsigned long *src, *dest;

	// Copy the data segment initializers from flash to SRAM
	src = &_etext;
	for(dest = &_data; dest < &_edata; )
    9836:	4c28      	ldr	r4, [pc, #160]	@ (98d8 <Reset_Handler+0xa4>)
    9838:	4b28      	ldr	r3, [pc, #160]	@ (98dc <Reset_Handler+0xa8>)
    983a:	429c      	cmp	r4, r3
    983c:	d222      	bcs.n	9884 <Reset_Handler+0x50>
    983e:	3b01      	subs	r3, #1
    9840:	1b1b      	subs	r3, r3, r4
    9842:	2b03      	cmp	r3, #3
    9844:	4622      	mov	r2, r4
    9846:	4d26      	ldr	r5, [pc, #152]	@ (98e0 <Reset_Handler+0xac>)
    9848:	d91a      	bls.n	9880 <Reset_Handler+0x4c>
    984a:	ea4f 0c93 	mov.w	ip, r3, lsr #2
    984e:	462b      	mov	r3, r5
    9850:	f10c 0c01 	add.w	ip, ip, #1
    9854:	ea4f 0e5c 	mov.w	lr, ip, lsr #1
    9858:	eb05 0ece 	add.w	lr, r5, lr, lsl #3
	{
		*dest++ = *src++;
    985c:	e9d3 0100 	ldrd	r0, r1, [r3]
    9860:	3308      	adds	r3, #8
    9862:	459e      	cmp	lr, r3
    9864:	e9c2 0100 	strd	r0, r1, [r2]
	for(dest = &_data; dest < &_edata; )
    9868:	f102 0208 	add.w	r2, r2, #8
    986c:	d1f6      	bne.n	985c <Reset_Handler+0x28>
    986e:	f01c 0f01 	tst.w	ip, #1
    9872:	d007      	beq.n	9884 <Reset_Handler+0x50>
    9874:	f02c 0c01 	bic.w	ip, ip, #1
    9878:	eb04 048c 	add.w	r4, r4, ip, lsl #2
    987c:	eb05 058c 	add.w	r5, r5, ip, lsl #2
		*dest++ = *src++;
    9880:	682b      	ldr	r3, [r5, #0]
    9882:	6023      	str	r3, [r4, #0]
	}

	// Initialize the .bss segment of memory to zeros
	src = &_bss;
	while (src < &_ebss)
    9884:	4c17      	ldr	r4, [pc, #92]	@ (98e4 <Reset_Handler+0xb0>)
    9886:	4b18      	ldr	r3, [pc, #96]	@ (98e8 <Reset_Handler+0xb4>)
    9888:	429c      	cmp	r4, r3
    988a:	d218      	bcs.n	98be <Reset_Handler+0x8a>
    988c:	3b01      	subs	r3, #1
    988e:	1b19      	subs	r1, r3, r4
    9890:	2903      	cmp	r1, #3
    9892:	4623      	mov	r3, r4
    9894:	d91d      	bls.n	98d2 <Reset_Handler+0x9e>
	{
		*src++ = 0;
    9896:	2200      	movs	r2, #0
    9898:	0889      	lsrs	r1, r1, #2
    989a:	3101      	adds	r1, #1
    989c:	0848      	lsrs	r0, r1, #1
    989e:	eb04 00c0 	add.w	r0, r4, r0, lsl #3
    98a2:	e9c3 2200 	strd	r2, r2, [r3]
	while (src < &_ebss)
    98a6:	3308      	adds	r3, #8
    98a8:	4283      	cmp	r3, r0
    98aa:	d1fa      	bne.n	98a2 <Reset_Handler+0x6e>
    98ac:	07cb      	lsls	r3, r1, #31
    98ae:	d506      	bpl.n	98be <Reset_Handler+0x8a>
    98b0:	f021 0101 	bic.w	r1, r1, #1
    98b4:	eb04 0c81 	add.w	ip, r4, r1, lsl #2
		*src++ = 0;
    98b8:	2300      	movs	r3, #0
    98ba:	f8cc 3000 	str.w	r3, [ip]
	}

	__libc_init_array();
    98be:	f7fa fccb 	bl	4258 <__libc_init_array>

	// Set the vector table location.
	SCB_VTOR = (uint32_t)&_interrupt_vector_table;
    98c2:	f04f 23e0 	mov.w	r3, #3758153728	@ 0xe000e000
    98c6:	4a09      	ldr	r2, [pc, #36]	@ (98ec <Reset_Handler+0xb8>)
    98c8:	f8c3 2d08 	str.w	r2, [r3, #3336]	@ 0xd08

	main();
    98cc:	f7fb f9c8 	bl	4c60 <main>

	// In case main() fails, have something to breakpoint
	while (1) {;}
    98d0:	e7fe      	b.n	98d0 <Reset_Handler+0x9c>
	src = &_bss;
    98d2:	46a4      	mov	ip, r4
    98d4:	e7f0      	b.n	98b8 <Reset_Handler+0x84>
    98d6:	bf00      	nop
    98d8:	10000020 	.word	0x10000020
    98dc:	10000186 	.word	0x10000186
    98e0:	0000e968 	.word	0x0000e968
    98e4:	10000188 	.word	0x10000188
    98e8:	100025e5 	.word	0x100025e5
    98ec:	00004000 	.word	0x00004000

000098f0 <ADC_IRQHandler>:
extern unsigned long _StackTop;

extern void Reset_Handler(void);

/* Default interrupt handler */
static void Default_Handler(void) { while(1) {;} }
    98f0:	e7fe      	b.n	98f0 <ADC_IRQHandler>
    98f2:	bf00      	nop

000098f4 <dio_ssp_init>:
	 * interface.  Since the CC2400 doesn't have a slave select output, we
	 * control it with this.  DIO_SSEL should already be configured by
	 * gpio_init().  We set it high by default because it is an active low
	 * signal.
	 */
	DIO_SSEL_SET;
    98f4:	f04f 5c80 	mov.w	ip, #268435456	@ 0x10000000

	/* configure DIO_SSP */
	DIO_SSP_CR0 = (0x7 /* 8 bit transfer */ | SSPCR0_CPOL | SSPCR0_CPHA);
    98f8:	20c7      	movs	r0, #199	@ 0xc7
	DIO_SSP_CR1 = (SSPCR1_MS | SSPCR1_SOD);
    98fa:	210c      	movs	r1, #12
	PINSEL0 = (PINSEL0 & ~(3 << 14)) | (2 << 14);
    98fc:	4b10      	ldr	r3, [pc, #64]	@ (9940 <dio_ssp_init+0x4c>)
    98fe:	681a      	ldr	r2, [r3, #0]
    9900:	f422 4240 	bic.w	r2, r2, #49152	@ 0xc000
    9904:	f442 4200 	orr.w	r2, r2, #32768	@ 0x8000
    9908:	601a      	str	r2, [r3, #0]
	PINSEL0 = (PINSEL0 & ~(3 << 12)) | (2 << 12);
    990a:	681a      	ldr	r2, [r3, #0]
    990c:	f422 5240 	bic.w	r2, r2, #12288	@ 0x3000
    9910:	f442 5200 	orr.w	r2, r2, #8192	@ 0x2000
    9914:	601a      	str	r2, [r3, #0]
	PINSEL0 = (PINSEL0 & ~(3 << 16)) | (2 << 16);
    9916:	681a      	ldr	r2, [r3, #0]
    9918:	f422 3240 	bic.w	r2, r2, #196608	@ 0x30000
    991c:	f442 3200 	orr.w	r2, r2, #131072	@ 0x20000
    9920:	601a      	str	r2, [r3, #0]
	PINSEL0 = (PINSEL0 & ~(3 << 18)) | (2 << 18);
    9922:	681a      	ldr	r2, [r3, #0]
    9924:	f422 2240 	bic.w	r2, r2, #786432	@ 0xc0000
    9928:	f442 2200 	orr.w	r2, r2, #524288	@ 0x80000
    992c:	601a      	str	r2, [r3, #0]
	DIO_SSEL_SET;
    992e:	4a05      	ldr	r2, [pc, #20]	@ (9944 <dio_ssp_init+0x50>)
	DIO_SSP_CR0 = (0x7 /* 8 bit transfer */ | SSPCR0_CPOL | SSPCR0_CPHA);
    9930:	f503 4380 	add.w	r3, r3, #16384	@ 0x4000
	DIO_SSEL_SET;
    9934:	f8c2 c098 	str.w	ip, [r2, #152]	@ 0x98
	DIO_SSP_CR0 = (0x7 /* 8 bit transfer */ | SSPCR0_CPOL | SSPCR0_CPHA);
    9938:	6018      	str	r0, [r3, #0]
	DIO_SSP_CR1 = (SSPCR1_MS | SSPCR1_SOD);
    993a:	6059      	str	r1, [r3, #4]
}
    993c:	4770      	bx	lr
    993e:	bf00      	nop
    9940:	4002c000 	.word	0x4002c000
    9944:	2009c000 	.word	0x2009c000

00009948 <cc2400_init>:
	PINMODE1 |= (0x5 << 19); // no pull-up/pull-down
	PINMODE1 &= ~(0x5 << 18); // no pull-up/pull-down
}

void cc2400_init()
{
    9948:	b510      	push	{r4, lr}
#else
	atest_init();
#endif

	/* activate 1V8 supply for CC2400 */
	CC1V8_SET;
    994a:	f44f 7400 	mov.w	r4, #512	@ 0x200
	wait_us_counter =
    994e:	2012      	movs	r0, #18
	PINSEL1 &= ~((0x3 << 20) | (0x3 << 18)); // set as GPIO
    9950:	4b26      	ldr	r3, [pc, #152]	@ (99ec <cc2400_init+0xa4>)
	FIO0DIR &= ~(0x3 << 25); // set as input
    9952:	4927      	ldr	r1, [pc, #156]	@ (99f0 <cc2400_init+0xa8>)
	PINSEL1 &= ~((0x3 << 20) | (0x3 << 18)); // set as GPIO
    9954:	685a      	ldr	r2, [r3, #4]
    9956:	f422 1270 	bic.w	r2, r2, #3932160	@ 0x3c0000
    995a:	605a      	str	r2, [r3, #4]
	FIO0DIR &= ~(0x3 << 25); // set as input
    995c:	680a      	ldr	r2, [r1, #0]
    995e:	f022 62c0 	bic.w	r2, r2, #100663296	@ 0x6000000
    9962:	600a      	str	r2, [r1, #0]
	PINMODE1 |= (0x5 << 19); // no pull-up/pull-down
    9964:	6c5a      	ldr	r2, [r3, #68]	@ 0x44
    9966:	f442 1220 	orr.w	r2, r2, #2621440	@ 0x280000
    996a:	645a      	str	r2, [r3, #68]	@ 0x44
	PINMODE1 &= ~(0x5 << 18); // no pull-up/pull-down
    996c:	6c5a      	ldr	r2, [r3, #68]	@ 0x44
    996e:	f422 12a0 	bic.w	r2, r2, #1310720	@ 0x140000
    9972:	645a      	str	r2, [r3, #68]	@ 0x44
	wait_us_counter =
    9974:	4a1f      	ldr	r2, [pc, #124]	@ (99f4 <cc2400_init+0xac>)
	CC1V8_SET;
    9976:	638c      	str	r4, [r1, #56]	@ 0x38
	wait_us_counter =
    9978:	6010      	str	r0, [r2, #0]
	while(--wait_us_counter);
    997a:	6813      	ldr	r3, [r2, #0]
    997c:	3b01      	subs	r3, #1
    997e:	6013      	str	r3, [r2, #0]
    9980:	2b00      	cmp	r3, #0
    9982:	d1fa      	bne.n	997a <cc2400_init+0x32>
	wait_us(50);

	/* CSN (slave select) is active low */
	CSN_SET;
    9984:	f04f 0c20 	mov.w	ip, #32

	/* activate 3V3 supply for CC2400 IO */
	CC3V3_SET;
    9988:	f44f 4e80 	mov.w	lr, #16384	@ 0x4000
u32 cc2400_spi(u8 len, u32 data)
{
	u32 msb = 1 << (len - 1);

	/* start transaction by dropping CSN */
	CSN_CLR;
    998c:	2318      	movs	r3, #24

	while (len--) {
		if (data & msb)
			MOSI_SET;
		else
			MOSI_CLR;
    998e:	2401      	movs	r4, #1
		data <<= 1;

		SCLK_SET;
    9990:	2010      	movs	r0, #16
	CSN_SET;
    9992:	4a17      	ldr	r2, [pc, #92]	@ (99f0 <cc2400_init+0xa8>)
	CSN_CLR;
    9994:	4918      	ldr	r1, [pc, #96]	@ (99f8 <cc2400_init+0xb0>)
	CSN_SET;
    9996:	f8c2 c058 	str.w	ip, [r2, #88]	@ 0x58
	CC3V3_SET;
    999a:	f8c2 e038 	str.w	lr, [r2, #56]	@ 0x38
	CSN_CLR;
    999e:	f8c2 c05c 	str.w	ip, [r2, #92]	@ 0x5c
	while (len--) {
    99a2:	f103 3cff 	add.w	ip, r3, #4294967295	@ 0xffffffff
		if (data & msb)
    99a6:	020b      	lsls	r3, r1, #8
    99a8:	d50f      	bpl.n	99ca <cc2400_init+0x82>
			MOSI_SET;
    99aa:	6594      	str	r4, [r2, #88]	@ 0x58
		SCLK_SET;
    99ac:	6590      	str	r0, [r2, #88]	@ 0x58
		/* Save a few cycles by avoiding the compare/branch */
		data |= !!MISO;
    99ae:	f8d2 e054 	ldr.w	lr, [r2, #84]	@ 0x54
	while (len--) {
    99b2:	f01c 03ff 	ands.w	r3, ip, #255	@ 0xff
		SCLK_CLR;
    99b6:	65d0      	str	r0, [r2, #92]	@ 0x5c
		data |= !!MISO;
    99b8:	f3ce 0e40 	ubfx	lr, lr, #1, #1
	while (len--) {
    99bc:	d012      	beq.n	99e4 <cc2400_init+0x9c>
		data |= !!MISO;
    99be:	ea4e 0141 	orr.w	r1, lr, r1, lsl #1
	while (len--) {
    99c2:	f103 3cff 	add.w	ip, r3, #4294967295	@ 0xffffffff
		if (data & msb)
    99c6:	020b      	lsls	r3, r1, #8
    99c8:	d4ef      	bmi.n	99aa <cc2400_init+0x62>
			MOSI_CLR;
    99ca:	65d4      	str	r4, [r2, #92]	@ 0x5c
		SCLK_SET;
    99cc:	6590      	str	r0, [r2, #88]	@ 0x58
	while (len--) {
    99ce:	f01c 03ff 	ands.w	r3, ip, #255	@ 0xff
		data |= !!MISO;
    99d2:	f8d2 c054 	ldr.w	ip, [r2, #84]	@ 0x54
		SCLK_CLR;
    99d6:	65d0      	str	r0, [r2, #92]	@ 0x5c
		data |= !!MISO;
    99d8:	f3cc 0c40 	ubfx	ip, ip, #1, #1
	while (len--) {
    99dc:	d002      	beq.n	99e4 <cc2400_init+0x9c>
		data |= !!MISO;
    99de:	ea4c 0141 	orr.w	r1, ip, r1, lsl #1
    99e2:	e7de      	b.n	99a2 <cc2400_init+0x5a>
	}

	/* end transaction by raising CSN */
	CSN_SET;
    99e4:	2220      	movs	r2, #32
    99e6:	4b02      	ldr	r3, [pc, #8]	@ (99f0 <cc2400_init+0xa8>)
    99e8:	659a      	str	r2, [r3, #88]	@ 0x58
}
    99ea:	bd10      	pop	{r4, pc}
    99ec:	4002c000 	.word	0x4002c000
    99f0:	2009c000 	.word	0x2009c000
    99f4:	1000254c 	.word	0x1000254c
    99f8:	000d7fff 	.word	0x000d7fff

000099fc <cc2400_get>:
	return data;
}

/* read 16 bit value from a register */
u16 cc2400_get(u8 reg)
{
    99fc:	b500      	push	{lr}
	CSN_CLR;
    99fe:	f04f 0c20 	mov.w	ip, #32
		SCLK_SET;
    9a02:	2110      	movs	r1, #16
	CSN_CLR;
    9a04:	2318      	movs	r3, #24
			MOSI_CLR;
    9a06:	f04f 0e01 	mov.w	lr, #1
	CSN_CLR;
    9a0a:	4a14      	ldr	r2, [pc, #80]	@ (9a5c <cc2400_get+0x60>)
	u32 in;

	u32 out = (reg | 0x80) << 16;
    9a0c:	f040 0080 	orr.w	r0, r0, #128	@ 0x80
	CSN_CLR;
    9a10:	f8c2 c05c 	str.w	ip, [r2, #92]	@ 0x5c
	u32 out = (reg | 0x80) << 16;
    9a14:	4088      	lsls	r0, r1
	while (len--) {
    9a16:	f103 3cff 	add.w	ip, r3, #4294967295	@ 0xffffffff
		if (data & msb)
    9a1a:	0203      	lsls	r3, r0, #8
    9a1c:	d510      	bpl.n	9a40 <cc2400_get+0x44>
			MOSI_SET;
    9a1e:	f8c2 e058 	str.w	lr, [r2, #88]	@ 0x58
		SCLK_SET;
    9a22:	6591      	str	r1, [r2, #88]	@ 0x58
		data |= !!MISO;
    9a24:	6d53      	ldr	r3, [r2, #84]	@ 0x54
		SCLK_CLR;
    9a26:	65d1      	str	r1, [r2, #92]	@ 0x5c
		data |= !!MISO;
    9a28:	f3c3 0340 	ubfx	r3, r3, #1, #1
    9a2c:	ea43 0040 	orr.w	r0, r3, r0, lsl #1
	while (len--) {
    9a30:	f01c 03ff 	ands.w	r3, ip, #255	@ 0xff
    9a34:	d1ef      	bne.n	9a16 <cc2400_get+0x1a>
	CSN_SET;
    9a36:	2220      	movs	r2, #32
    9a38:	4b08      	ldr	r3, [pc, #32]	@ (9a5c <cc2400_get+0x60>)
	in = cc2400_spi(24, out);
	return in & 0xFFFF;
}
    9a3a:	b280      	uxth	r0, r0
	CSN_SET;
    9a3c:	659a      	str	r2, [r3, #88]	@ 0x58
}
    9a3e:	bd00      	pop	{pc}
			MOSI_CLR;
    9a40:	f8c2 e05c 	str.w	lr, [r2, #92]	@ 0x5c
		SCLK_SET;
    9a44:	6591      	str	r1, [r2, #88]	@ 0x58
	while (len--) {
    9a46:	f01c 03ff 	ands.w	r3, ip, #255	@ 0xff
		data |= !!MISO;
    9a4a:	f8d2 c054 	ldr.w	ip, [r2, #84]	@ 0x54
		SCLK_CLR;
    9a4e:	65d1      	str	r1, [r2, #92]	@ 0x5c
		data |= !!MISO;
    9a50:	f3cc 0c40 	ubfx	ip, ip, #1, #1
    9a54:	ea4c 0040 	orr.w	r0, ip, r0, lsl #1
	while (len--) {
    9a58:	d1dd      	bne.n	9a16 <cc2400_get+0x1a>
    9a5a:	e7ec      	b.n	9a36 <cc2400_get+0x3a>
    9a5c:	2009c000 	.word	0x2009c000

00009a60 <cc2400_set>:

/* write 16 bit value to a register */
void cc2400_set(u8 reg, u16 val)
{
    9a60:	b510      	push	{r4, lr}
	CSN_CLR;
    9a62:	f04f 0c20 	mov.w	ip, #32
	u32 out = (reg << 16) | val;
    9a66:	ea41 4100 	orr.w	r1, r1, r0, lsl #16
	CSN_CLR;
    9a6a:	2318      	movs	r3, #24
			MOSI_CLR;
    9a6c:	2401      	movs	r4, #1
		SCLK_SET;
    9a6e:	2010      	movs	r0, #16
	CSN_CLR;
    9a70:	4a13      	ldr	r2, [pc, #76]	@ (9ac0 <cc2400_set+0x60>)
    9a72:	f8c2 c05c 	str.w	ip, [r2, #92]	@ 0x5c
	while (len--) {
    9a76:	f103 3cff 	add.w	ip, r3, #4294967295	@ 0xffffffff
		if (data & msb)
    9a7a:	020b      	lsls	r3, r1, #8
    9a7c:	d50f      	bpl.n	9a9e <cc2400_set+0x3e>
			MOSI_SET;
    9a7e:	6594      	str	r4, [r2, #88]	@ 0x58
		SCLK_SET;
    9a80:	6590      	str	r0, [r2, #88]	@ 0x58
		data |= !!MISO;
    9a82:	f8d2 e054 	ldr.w	lr, [r2, #84]	@ 0x54
	while (len--) {
    9a86:	f01c 03ff 	ands.w	r3, ip, #255	@ 0xff
		SCLK_CLR;
    9a8a:	65d0      	str	r0, [r2, #92]	@ 0x5c
		data |= !!MISO;
    9a8c:	f3ce 0e40 	ubfx	lr, lr, #1, #1
	while (len--) {
    9a90:	d012      	beq.n	9ab8 <cc2400_set+0x58>
		data |= !!MISO;
    9a92:	ea4e 0141 	orr.w	r1, lr, r1, lsl #1
	while (len--) {
    9a96:	f103 3cff 	add.w	ip, r3, #4294967295	@ 0xffffffff
		if (data & msb)
    9a9a:	020b      	lsls	r3, r1, #8
    9a9c:	d4ef      	bmi.n	9a7e <cc2400_set+0x1e>
			MOSI_CLR;
    9a9e:	65d4      	str	r4, [r2, #92]	@ 0x5c
		SCLK_SET;
    9aa0:	6590      	str	r0, [r2, #88]	@ 0x58
	while (len--) {
    9aa2:	f01c 03ff 	ands.w	r3, ip, #255	@ 0xff
		data |= !!MISO;
    9aa6:	f8d2 c054 	ldr.w	ip, [r2, #84]	@ 0x54
		SCLK_CLR;
    9aaa:	65d0      	str	r0, [r2, #92]	@ 0x5c
		data |= !!MISO;
    9aac:	f3cc 0c40 	ubfx	ip, ip, #1, #1
	while (len--) {
    9ab0:	d002      	beq.n	9ab8 <cc2400_set+0x58>
		data |= !!MISO;
    9ab2:	ea4c 0141 	orr.w	r1, ip, r1, lsl #1
    9ab6:	e7de      	b.n	9a76 <cc2400_set+0x16>
	CSN_SET;
    9ab8:	2220      	movs	r2, #32
    9aba:	4b01      	ldr	r3, [pc, #4]	@ (9ac0 <cc2400_set+0x60>)
    9abc:	659a      	str	r2, [r3, #88]	@ 0x58
	cc2400_spi(24, out);
}
    9abe:	bd10      	pop	{r4, pc}
    9ac0:	2009c000 	.word	0x2009c000

00009ac4 <cc2400_status>:
	CSN_SET;
}

/* get the status */
u8 cc2400_status()
{
    9ac4:	b510      	push	{r4, lr}
		SCLK_SET;
    9ac6:	2210      	movs	r2, #16
			MOSI_CLR;
    9ac8:	2101      	movs	r1, #1
	CSN_CLR;
    9aca:	2420      	movs	r4, #32
    9acc:	4b20      	ldr	r3, [pc, #128]	@ (9b50 <cc2400_status+0x8c>)
    9ace:	65dc      	str	r4, [r3, #92]	@ 0x5c
			MOSI_CLR;
    9ad0:	65d9      	str	r1, [r3, #92]	@ 0x5c
		SCLK_SET;
    9ad2:	659a      	str	r2, [r3, #88]	@ 0x58
		data |= !!MISO;
    9ad4:	6d58      	ldr	r0, [r3, #84]	@ 0x54
		SCLK_CLR;
    9ad6:	65da      	str	r2, [r3, #92]	@ 0x5c
			MOSI_CLR;
    9ad8:	65d9      	str	r1, [r3, #92]	@ 0x5c
		SCLK_SET;
    9ada:	659a      	str	r2, [r3, #88]	@ 0x58
		data <<= 1;
    9adc:	f000 0e02 	and.w	lr, r0, #2
		data |= !!MISO;
    9ae0:	6d58      	ldr	r0, [r3, #84]	@ 0x54
		SCLK_CLR;
    9ae2:	65da      	str	r2, [r3, #92]	@ 0x5c
			MOSI_CLR;
    9ae4:	65d9      	str	r1, [r3, #92]	@ 0x5c
		SCLK_SET;
    9ae6:	659a      	str	r2, [r3, #88]	@ 0x58
		data |= !!MISO;
    9ae8:	f3c0 0c40 	ubfx	ip, r0, #1, #1
    9aec:	6d58      	ldr	r0, [r3, #84]	@ 0x54
		SCLK_CLR;
    9aee:	65da      	str	r2, [r3, #92]	@ 0x5c
			MOSI_CLR;
    9af0:	65d9      	str	r1, [r3, #92]	@ 0x5c
		SCLK_SET;
    9af2:	659a      	str	r2, [r3, #88]	@ 0x58
		data |= !!MISO;
    9af4:	ea4c 0c0e 	orr.w	ip, ip, lr
    9af8:	f3c0 0e40 	ubfx	lr, r0, #1, #1
    9afc:	6d58      	ldr	r0, [r3, #84]	@ 0x54
		SCLK_CLR;
    9afe:	65da      	str	r2, [r3, #92]	@ 0x5c
			MOSI_CLR;
    9b00:	65d9      	str	r1, [r3, #92]	@ 0x5c
		SCLK_SET;
    9b02:	659a      	str	r2, [r3, #88]	@ 0x58
		data |= !!MISO;
    9b04:	ea4e 0e4c 	orr.w	lr, lr, ip, lsl #1
    9b08:	f3c0 0c40 	ubfx	ip, r0, #1, #1
    9b0c:	6d58      	ldr	r0, [r3, #84]	@ 0x54
		SCLK_CLR;
    9b0e:	65da      	str	r2, [r3, #92]	@ 0x5c
			MOSI_CLR;
    9b10:	65d9      	str	r1, [r3, #92]	@ 0x5c
		SCLK_SET;
    9b12:	659a      	str	r2, [r3, #88]	@ 0x58
		data |= !!MISO;
    9b14:	ea4c 0c4e 	orr.w	ip, ip, lr, lsl #1
    9b18:	f3c0 0e40 	ubfx	lr, r0, #1, #1
    9b1c:	6d58      	ldr	r0, [r3, #84]	@ 0x54
		SCLK_CLR;
    9b1e:	65da      	str	r2, [r3, #92]	@ 0x5c
			MOSI_CLR;
    9b20:	65d9      	str	r1, [r3, #92]	@ 0x5c
		SCLK_SET;
    9b22:	659a      	str	r2, [r3, #88]	@ 0x58
		data |= !!MISO;
    9b24:	ea4e 0e4c 	orr.w	lr, lr, ip, lsl #1
    9b28:	f3c0 0c40 	ubfx	ip, r0, #1, #1
    9b2c:	6d58      	ldr	r0, [r3, #84]	@ 0x54
		SCLK_CLR;
    9b2e:	65da      	str	r2, [r3, #92]	@ 0x5c
			MOSI_CLR;
    9b30:	65d9      	str	r1, [r3, #92]	@ 0x5c
		SCLK_SET;
    9b32:	659a      	str	r2, [r3, #88]	@ 0x58
		data |= !!MISO;
    9b34:	f3c0 0140 	ubfx	r1, r0, #1, #1
    9b38:	6d58      	ldr	r0, [r3, #84]	@ 0x54
    9b3a:	ea4c 0c4e 	orr.w	ip, ip, lr, lsl #1
    9b3e:	ea41 014c 	orr.w	r1, r1, ip, lsl #1
    9b42:	f3c0 0040 	ubfx	r0, r0, #1, #1
		SCLK_CLR;
    9b46:	65da      	str	r2, [r3, #92]	@ 0x5c
	return cc2400_spi(8, 0);
}
    9b48:	ea40 0041 	orr.w	r0, r0, r1, lsl #1
	CSN_SET;
    9b4c:	659c      	str	r4, [r3, #88]	@ 0x58
}
    9b4e:	bd10      	pop	{r4, pc}
    9b50:	2009c000 	.word	0x2009c000

00009b54 <cc2400_strobe>:
	CSN_CLR;
    9b54:	2220      	movs	r2, #32
    9b56:	4b3f      	ldr	r3, [pc, #252]	@ (9c54 <cc2400_strobe+0x100>)
		if (data & msb)
    9b58:	0601      	lsls	r1, r0, #24
	CSN_CLR;
    9b5a:	65da      	str	r2, [r3, #92]	@ 0x5c
			MOSI_SET;
    9b5c:	f04f 0201 	mov.w	r2, #1
		SCLK_SET;
    9b60:	f04f 0110 	mov.w	r1, #16
			MOSI_CLR;
    9b64:	bf54      	ite	pl
    9b66:	65da      	strpl	r2, [r3, #92]	@ 0x5c
			MOSI_SET;
    9b68:	659a      	strmi	r2, [r3, #88]	@ 0x58
		SCLK_SET;
    9b6a:	4a3a      	ldr	r2, [pc, #232]	@ (9c54 <cc2400_strobe+0x100>)
	CSN_SET;
    9b6c:	f04f 0c20 	mov.w	ip, #32
		SCLK_SET;
    9b70:	6591      	str	r1, [r2, #88]	@ 0x58
		data |= !!MISO;
    9b72:	6d53      	ldr	r3, [r2, #84]	@ 0x54
		SCLK_CLR;
    9b74:	65d1      	str	r1, [r2, #92]	@ 0x5c
			MOSI_SET;
    9b76:	2101      	movs	r1, #1
		data |= !!MISO;
    9b78:	f3c3 0340 	ubfx	r3, r3, #1, #1
    9b7c:	ea43 0340 	orr.w	r3, r3, r0, lsl #1
		if (data & msb)
    9b80:	0618      	lsls	r0, r3, #24
			MOSI_CLR;
    9b82:	bf54      	ite	pl
    9b84:	65d1      	strpl	r1, [r2, #92]	@ 0x5c
			MOSI_SET;
    9b86:	6591      	strmi	r1, [r2, #88]	@ 0x58
		SCLK_SET;
    9b88:	2110      	movs	r1, #16
    9b8a:	4a32      	ldr	r2, [pc, #200]	@ (9c54 <cc2400_strobe+0x100>)
    9b8c:	6591      	str	r1, [r2, #88]	@ 0x58
		data |= !!MISO;
    9b8e:	6d50      	ldr	r0, [r2, #84]	@ 0x54
		SCLK_CLR;
    9b90:	65d1      	str	r1, [r2, #92]	@ 0x5c
		data |= !!MISO;
    9b92:	f3c0 0040 	ubfx	r0, r0, #1, #1
    9b96:	ea40 0043 	orr.w	r0, r0, r3, lsl #1
			MOSI_SET;
    9b9a:	2301      	movs	r3, #1
		if (data & msb)
    9b9c:	0601      	lsls	r1, r0, #24
		SCLK_SET;
    9b9e:	f04f 0110 	mov.w	r1, #16
			MOSI_CLR;
    9ba2:	bf54      	ite	pl
    9ba4:	65d3      	strpl	r3, [r2, #92]	@ 0x5c
			MOSI_SET;
    9ba6:	6593      	strmi	r3, [r2, #88]	@ 0x58
		SCLK_SET;
    9ba8:	4a2a      	ldr	r2, [pc, #168]	@ (9c54 <cc2400_strobe+0x100>)
    9baa:	6591      	str	r1, [r2, #88]	@ 0x58
		data |= !!MISO;
    9bac:	6d53      	ldr	r3, [r2, #84]	@ 0x54
		SCLK_CLR;
    9bae:	65d1      	str	r1, [r2, #92]	@ 0x5c
		data |= !!MISO;
    9bb0:	f3c3 0340 	ubfx	r3, r3, #1, #1
			MOSI_SET;
    9bb4:	2101      	movs	r1, #1
		data |= !!MISO;
    9bb6:	ea43 0340 	orr.w	r3, r3, r0, lsl #1
		if (data & msb)
    9bba:	0618      	lsls	r0, r3, #24
		SCLK_SET;
    9bbc:	f04f 0010 	mov.w	r0, #16
			MOSI_CLR;
    9bc0:	bf54      	ite	pl
    9bc2:	65d1      	strpl	r1, [r2, #92]	@ 0x5c
			MOSI_SET;
    9bc4:	6591      	strmi	r1, [r2, #88]	@ 0x58
		SCLK_SET;
    9bc6:	4923      	ldr	r1, [pc, #140]	@ (9c54 <cc2400_strobe+0x100>)
    9bc8:	6588      	str	r0, [r1, #88]	@ 0x58
		data |= !!MISO;
    9bca:	6d4a      	ldr	r2, [r1, #84]	@ 0x54
		SCLK_CLR;
    9bcc:	65c8      	str	r0, [r1, #92]	@ 0x5c
		data |= !!MISO;
    9bce:	f3c2 0240 	ubfx	r2, r2, #1, #1
    9bd2:	ea42 0243 	orr.w	r2, r2, r3, lsl #1
			MOSI_SET;
    9bd6:	2301      	movs	r3, #1
		if (data & msb)
    9bd8:	0610      	lsls	r0, r2, #24
		SCLK_SET;
    9bda:	f04f 0010 	mov.w	r0, #16
			MOSI_CLR;
    9bde:	bf54      	ite	pl
    9be0:	65cb      	strpl	r3, [r1, #92]	@ 0x5c
			MOSI_SET;
    9be2:	658b      	strmi	r3, [r1, #88]	@ 0x58
		SCLK_SET;
    9be4:	491b      	ldr	r1, [pc, #108]	@ (9c54 <cc2400_strobe+0x100>)
    9be6:	6588      	str	r0, [r1, #88]	@ 0x58
		data |= !!MISO;
    9be8:	6d4b      	ldr	r3, [r1, #84]	@ 0x54
		SCLK_CLR;
    9bea:	65c8      	str	r0, [r1, #92]	@ 0x5c
		data |= !!MISO;
    9bec:	f3c3 0340 	ubfx	r3, r3, #1, #1
    9bf0:	ea43 0342 	orr.w	r3, r3, r2, lsl #1
			MOSI_SET;
    9bf4:	2201      	movs	r2, #1
		if (data & msb)
    9bf6:	0618      	lsls	r0, r3, #24
		SCLK_SET;
    9bf8:	f04f 0010 	mov.w	r0, #16
			MOSI_CLR;
    9bfc:	bf54      	ite	pl
    9bfe:	65ca      	strpl	r2, [r1, #92]	@ 0x5c
			MOSI_SET;
    9c00:	658a      	strmi	r2, [r1, #88]	@ 0x58
		SCLK_SET;
    9c02:	4914      	ldr	r1, [pc, #80]	@ (9c54 <cc2400_strobe+0x100>)
    9c04:	6588      	str	r0, [r1, #88]	@ 0x58
		data |= !!MISO;
    9c06:	6d4a      	ldr	r2, [r1, #84]	@ 0x54
		SCLK_CLR;
    9c08:	65c8      	str	r0, [r1, #92]	@ 0x5c
		data |= !!MISO;
    9c0a:	f3c2 0240 	ubfx	r2, r2, #1, #1
    9c0e:	ea42 0243 	orr.w	r2, r2, r3, lsl #1
			MOSI_SET;
    9c12:	2301      	movs	r3, #1
		if (data & msb)
    9c14:	0610      	lsls	r0, r2, #24
		SCLK_SET;
    9c16:	f04f 0010 	mov.w	r0, #16
			MOSI_CLR;
    9c1a:	bf54      	ite	pl
    9c1c:	65cb      	strpl	r3, [r1, #92]	@ 0x5c
			MOSI_SET;
    9c1e:	658b      	strmi	r3, [r1, #88]	@ 0x58
		SCLK_SET;
    9c20:	490c      	ldr	r1, [pc, #48]	@ (9c54 <cc2400_strobe+0x100>)
    9c22:	6588      	str	r0, [r1, #88]	@ 0x58
		data |= !!MISO;
    9c24:	6d4b      	ldr	r3, [r1, #84]	@ 0x54
		SCLK_CLR;
    9c26:	65c8      	str	r0, [r1, #92]	@ 0x5c
		data |= !!MISO;
    9c28:	f3c3 0340 	ubfx	r3, r3, #1, #1
    9c2c:	ea43 0342 	orr.w	r3, r3, r2, lsl #1
			MOSI_SET;
    9c30:	2201      	movs	r2, #1
		if (data & msb)
    9c32:	0618      	lsls	r0, r3, #24
			MOSI_SET;
    9c34:	bf4c      	ite	mi
    9c36:	658a      	strmi	r2, [r1, #88]	@ 0x58
			MOSI_CLR;
    9c38:	65ca      	strpl	r2, [r1, #92]	@ 0x5c
		SCLK_SET;
    9c3a:	2110      	movs	r1, #16
    9c3c:	4a05      	ldr	r2, [pc, #20]	@ (9c54 <cc2400_strobe+0x100>)
    9c3e:	6591      	str	r1, [r2, #88]	@ 0x58
		data |= !!MISO;
    9c40:	6d50      	ldr	r0, [r2, #84]	@ 0x54
		SCLK_CLR;
    9c42:	65d1      	str	r1, [r2, #92]	@ 0x5c
		data |= !!MISO;
    9c44:	f3c0 0040 	ubfx	r0, r0, #1, #1
    9c48:	ea40 0043 	orr.w	r0, r0, r3, lsl #1
	CSN_SET;
    9c4c:	f8c2 c058 	str.w	ip, [r2, #88]	@ 0x58

/* strobe register, return status */
u8 cc2400_strobe(u8 reg)
{
	return cc2400_spi(8, reg);
}
    9c50:	b2c0      	uxtb	r0, r0
    9c52:	4770      	bx	lr
    9c54:	2009c000 	.word	0x2009c000

00009c58 <cc2400_reset>:
/*
 * Warning: This should only be called when running on the internal oscillator.
 * Otherwise use clock_start().
 */
void cc2400_reset()
{
    9c58:	b470      	push	{r4, r5, r6}
	CSN_CLR;
    9c5a:	2420      	movs	r4, #32
    9c5c:	2318      	movs	r3, #24
    9c5e:	2100      	movs	r1, #0
			MOSI_CLR;
    9c60:	2601      	movs	r6, #1
		SCLK_SET;
    9c62:	2010      	movs	r0, #16
	CSN_CLR;
    9c64:	4a50      	ldr	r2, [pc, #320]	@ (9da8 <cc2400_reset+0x150>)
    9c66:	65d4      	str	r4, [r2, #92]	@ 0x5c
		if (data & msb)
    9c68:	020d      	lsls	r5, r1, #8
	while (len--) {
    9c6a:	f103 34ff 	add.w	r4, r3, #4294967295	@ 0xffffffff
		if (data & msb)
    9c6e:	d50e      	bpl.n	9c8e <cc2400_reset+0x36>
			MOSI_SET;
    9c70:	6596      	str	r6, [r2, #88]	@ 0x58
		SCLK_SET;
    9c72:	6590      	str	r0, [r2, #88]	@ 0x58
		data |= !!MISO;
    9c74:	6d55      	ldr	r5, [r2, #84]	@ 0x54
	while (len--) {
    9c76:	f014 03ff 	ands.w	r3, r4, #255	@ 0xff
		SCLK_CLR;
    9c7a:	65d0      	str	r0, [r2, #92]	@ 0x5c
		data |= !!MISO;
    9c7c:	f3c5 0540 	ubfx	r5, r5, #1, #1
	while (len--) {
    9c80:	d011      	beq.n	9ca6 <cc2400_reset+0x4e>
		data |= !!MISO;
    9c82:	ea45 0141 	orr.w	r1, r5, r1, lsl #1
		if (data & msb)
    9c86:	020d      	lsls	r5, r1, #8
	while (len--) {
    9c88:	f103 34ff 	add.w	r4, r3, #4294967295	@ 0xffffffff
		if (data & msb)
    9c8c:	d4f0      	bmi.n	9c70 <cc2400_reset+0x18>
			MOSI_CLR;
    9c8e:	65d6      	str	r6, [r2, #92]	@ 0x5c
		SCLK_SET;
    9c90:	6590      	str	r0, [r2, #88]	@ 0x58
	while (len--) {
    9c92:	f014 03ff 	ands.w	r3, r4, #255	@ 0xff
		data |= !!MISO;
    9c96:	6d54      	ldr	r4, [r2, #84]	@ 0x54
		SCLK_CLR;
    9c98:	65d0      	str	r0, [r2, #92]	@ 0x5c
		data |= !!MISO;
    9c9a:	f3c4 0440 	ubfx	r4, r4, #1, #1
	while (len--) {
    9c9e:	d002      	beq.n	9ca6 <cc2400_reset+0x4e>
		data |= !!MISO;
    9ca0:	ea44 0141 	orr.w	r1, r4, r1, lsl #1
    9ca4:	e7e0      	b.n	9c68 <cc2400_reset+0x10>
	CSN_SET;
    9ca6:	2620      	movs	r6, #32
			MOSI_CLR;
    9ca8:	2501      	movs	r5, #1
		SCLK_SET;
    9caa:	2010      	movs	r0, #16
	CSN_SET;
    9cac:	4a3e      	ldr	r2, [pc, #248]	@ (9da8 <cc2400_reset+0x150>)
    9cae:	6596      	str	r6, [r2, #88]	@ 0x58
	CSN_CLR;
    9cb0:	2318      	movs	r3, #24
    9cb2:	f44f 0100 	mov.w	r1, #8388608	@ 0x800000
    9cb6:	65d6      	str	r6, [r2, #92]	@ 0x5c
	while (len--) {
    9cb8:	1e5c      	subs	r4, r3, #1
		if (data & msb)
    9cba:	020b      	lsls	r3, r1, #8
    9cbc:	d534      	bpl.n	9d28 <cc2400_reset+0xd0>
			MOSI_SET;
    9cbe:	6595      	str	r5, [r2, #88]	@ 0x58
		SCLK_SET;
    9cc0:	6590      	str	r0, [r2, #88]	@ 0x58
		data |= !!MISO;
    9cc2:	6d53      	ldr	r3, [r2, #84]	@ 0x54
		SCLK_CLR;
    9cc4:	65d0      	str	r0, [r2, #92]	@ 0x5c
		data |= !!MISO;
    9cc6:	f3c3 0340 	ubfx	r3, r3, #1, #1
    9cca:	ea43 0141 	orr.w	r1, r3, r1, lsl #1
	while (len--) {
    9cce:	f014 03ff 	ands.w	r3, r4, #255	@ 0xff
    9cd2:	d1f1      	bne.n	9cb8 <cc2400_reset+0x60>
	cc2400_set(MAIN, 0x0000);
	while (cc2400_get(MAIN) != 0x0000);
    9cd4:	b289      	uxth	r1, r1
	CSN_SET;
    9cd6:	6596      	str	r6, [r2, #88]	@ 0x58
	while (cc2400_get(MAIN) != 0x0000);
    9cd8:	2900      	cmp	r1, #0
    9cda:	d1e9      	bne.n	9cb0 <cc2400_reset+0x58>
	CSN_CLR;
    9cdc:	65d6      	str	r6, [r2, #92]	@ 0x5c
    9cde:	2318      	movs	r3, #24
    9ce0:	f44f 4000 	mov.w	r0, #32768	@ 0x8000
			MOSI_CLR;
    9ce4:	2601      	movs	r6, #1
		SCLK_SET;
    9ce6:	2210      	movs	r2, #16
			MOSI_CLR;
    9ce8:	492f      	ldr	r1, [pc, #188]	@ (9da8 <cc2400_reset+0x150>)
		if (data & msb)
    9cea:	0205      	lsls	r5, r0, #8
	while (len--) {
    9cec:	f103 34ff 	add.w	r4, r3, #4294967295	@ 0xffffffff
		if (data & msb)
    9cf0:	d50e      	bpl.n	9d10 <cc2400_reset+0xb8>
			MOSI_SET;
    9cf2:	658e      	str	r6, [r1, #88]	@ 0x58
		SCLK_SET;
    9cf4:	658a      	str	r2, [r1, #88]	@ 0x58
		data |= !!MISO;
    9cf6:	6d4d      	ldr	r5, [r1, #84]	@ 0x54
	while (len--) {
    9cf8:	f014 03ff 	ands.w	r3, r4, #255	@ 0xff
		SCLK_CLR;
    9cfc:	65ca      	str	r2, [r1, #92]	@ 0x5c
		data |= !!MISO;
    9cfe:	f3c5 0540 	ubfx	r5, r5, #1, #1
	while (len--) {
    9d02:	d021      	beq.n	9d48 <cc2400_reset+0xf0>
		data |= !!MISO;
    9d04:	ea45 0040 	orr.w	r0, r5, r0, lsl #1
		if (data & msb)
    9d08:	0205      	lsls	r5, r0, #8
	while (len--) {
    9d0a:	f103 34ff 	add.w	r4, r3, #4294967295	@ 0xffffffff
		if (data & msb)
    9d0e:	d4f0      	bmi.n	9cf2 <cc2400_reset+0x9a>
			MOSI_CLR;
    9d10:	65ce      	str	r6, [r1, #92]	@ 0x5c
		SCLK_SET;
    9d12:	658a      	str	r2, [r1, #88]	@ 0x58
	while (len--) {
    9d14:	f014 03ff 	ands.w	r3, r4, #255	@ 0xff
		data |= !!MISO;
    9d18:	6d4c      	ldr	r4, [r1, #84]	@ 0x54
		SCLK_CLR;
    9d1a:	65ca      	str	r2, [r1, #92]	@ 0x5c
		data |= !!MISO;
    9d1c:	f3c4 0440 	ubfx	r4, r4, #1, #1
	while (len--) {
    9d20:	d012      	beq.n	9d48 <cc2400_reset+0xf0>
		data |= !!MISO;
    9d22:	ea44 0040 	orr.w	r0, r4, r0, lsl #1
    9d26:	e7e0      	b.n	9cea <cc2400_reset+0x92>
			MOSI_CLR;
    9d28:	65d5      	str	r5, [r2, #92]	@ 0x5c
		SCLK_SET;
    9d2a:	6590      	str	r0, [r2, #88]	@ 0x58
	while (len--) {
    9d2c:	f014 03ff 	ands.w	r3, r4, #255	@ 0xff
		data |= !!MISO;
    9d30:	6d54      	ldr	r4, [r2, #84]	@ 0x54
		SCLK_CLR;
    9d32:	65d0      	str	r0, [r2, #92]	@ 0x5c
		data |= !!MISO;
    9d34:	f3c4 0440 	ubfx	r4, r4, #1, #1
    9d38:	ea44 0141 	orr.w	r1, r4, r1, lsl #1
	while (len--) {
    9d3c:	d1bc      	bne.n	9cb8 <cc2400_reset+0x60>
	while (cc2400_get(MAIN) != 0x0000);
    9d3e:	b289      	uxth	r1, r1
	CSN_SET;
    9d40:	6596      	str	r6, [r2, #88]	@ 0x58
	while (cc2400_get(MAIN) != 0x0000);
    9d42:	2900      	cmp	r1, #0
    9d44:	d1b4      	bne.n	9cb0 <cc2400_reset+0x58>
    9d46:	e7c9      	b.n	9cdc <cc2400_reset+0x84>
	CSN_SET;
    9d48:	2620      	movs	r6, #32
			MOSI_CLR;
    9d4a:	2501      	movs	r5, #1
		SCLK_SET;
    9d4c:	2010      	movs	r0, #16
	CSN_SET;
    9d4e:	4a16      	ldr	r2, [pc, #88]	@ (9da8 <cc2400_reset+0x150>)
    9d50:	6596      	str	r6, [r2, #88]	@ 0x58
	CSN_CLR;
    9d52:	2318      	movs	r3, #24
    9d54:	f44f 0100 	mov.w	r1, #8388608	@ 0x800000
    9d58:	65d6      	str	r6, [r2, #92]	@ 0x5c
	while (len--) {
    9d5a:	1e5c      	subs	r4, r3, #1
		if (data & msb)
    9d5c:	020b      	lsls	r3, r1, #8
    9d5e:	d511      	bpl.n	9d84 <cc2400_reset+0x12c>
			MOSI_SET;
    9d60:	6595      	str	r5, [r2, #88]	@ 0x58
		SCLK_SET;
    9d62:	6590      	str	r0, [r2, #88]	@ 0x58
		data |= !!MISO;
    9d64:	6d53      	ldr	r3, [r2, #84]	@ 0x54
		SCLK_CLR;
    9d66:	65d0      	str	r0, [r2, #92]	@ 0x5c
		data |= !!MISO;
    9d68:	f3c3 0340 	ubfx	r3, r3, #1, #1
    9d6c:	ea43 0141 	orr.w	r1, r3, r1, lsl #1
	while (len--) {
    9d70:	f014 03ff 	ands.w	r3, r4, #255	@ 0xff
    9d74:	d1f1      	bne.n	9d5a <cc2400_reset+0x102>
	cc2400_set(MAIN, 0x8000);
	while (cc2400_get(MAIN) != 0x8000);
    9d76:	b289      	uxth	r1, r1
    9d78:	f5b1 4f00 	cmp.w	r1, #32768	@ 0x8000
	CSN_SET;
    9d7c:	6596      	str	r6, [r2, #88]	@ 0x58
	while (cc2400_get(MAIN) != 0x8000);
    9d7e:	d1e8      	bne.n	9d52 <cc2400_reset+0xfa>
}
    9d80:	bc70      	pop	{r4, r5, r6}
    9d82:	4770      	bx	lr
			MOSI_CLR;
    9d84:	65d5      	str	r5, [r2, #92]	@ 0x5c
		SCLK_SET;
    9d86:	6590      	str	r0, [r2, #88]	@ 0x58
	while (len--) {
    9d88:	f014 03ff 	ands.w	r3, r4, #255	@ 0xff
		data |= !!MISO;
    9d8c:	6d54      	ldr	r4, [r2, #84]	@ 0x54
		SCLK_CLR;
    9d8e:	65d0      	str	r0, [r2, #92]	@ 0x5c
		data |= !!MISO;
    9d90:	f3c4 0c40 	ubfx	ip, r4, #1, #1
    9d94:	ea4c 0141 	orr.w	r1, ip, r1, lsl #1
	while (len--) {
    9d98:	d1df      	bne.n	9d5a <cc2400_reset+0x102>
	while (cc2400_get(MAIN) != 0x8000);
    9d9a:	b289      	uxth	r1, r1
    9d9c:	f5b1 4f00 	cmp.w	r1, #32768	@ 0x8000
	CSN_SET;
    9da0:	6596      	str	r6, [r2, #88]	@ 0x58
	while (cc2400_get(MAIN) != 0x8000);
    9da2:	d1d6      	bne.n	9d52 <cc2400_reset+0xfa>
    9da4:	e7ec      	b.n	9d80 <cc2400_reset+0x128>
    9da6:	bf00      	nop
    9da8:	2009c000 	.word	0x2009c000

00009dac <clock_start>:

/* activate the CC2400's 16 MHz oscillator and sync LPC175x to it */
void clock_start()
{
    9dac:	b538      	push	{r3, r4, r5, lr}
	/* configure flash accelerator for higher clock rate */
	FLASHCFG = (0x03A | (FLASHTIM << 12));

	/* switch to the internal oscillator if necessary */
	CLKSRCSEL = 0;
    9dae:	2200      	movs	r2, #0
	FLASHCFG = (0x03A | (FLASHTIM << 12));
    9db0:	f244 043a 	movw	r4, #16442	@ 0x403a

	/* disconnect PLL0 */
	PLL0CON &= ~PLL0CON_PLLC0;
	PLL0FEED_SEQUENCE;
    9db4:	20aa      	movs	r0, #170	@ 0xaa
    9db6:	2155      	movs	r1, #85	@ 0x55
	FLASHCFG = (0x03A | (FLASHTIM << 12));
    9db8:	4b82      	ldr	r3, [pc, #520]	@ (9fc4 <clock_start+0x218>)
    9dba:	601c      	str	r4, [r3, #0]
	CLKSRCSEL = 0;
    9dbc:	f8c3 210c 	str.w	r2, [r3, #268]	@ 0x10c
	PLL0CON &= ~PLL0CON_PLLC0;
    9dc0:	f8d3 2080 	ldr.w	r2, [r3, #128]	@ 0x80
    9dc4:	f022 0202 	bic.w	r2, r2, #2
    9dc8:	f8c3 2080 	str.w	r2, [r3, #128]	@ 0x80
	PLL0FEED_SEQUENCE;
    9dcc:	f8c3 008c 	str.w	r0, [r3, #140]	@ 0x8c
    9dd0:	f8c3 108c 	str.w	r1, [r3, #140]	@ 0x8c
	while (PLL0STAT & PLL0STAT_PLLC0_STAT);
    9dd4:	f8d3 2088 	ldr.w	r2, [r3, #136]	@ 0x88
    9dd8:	0192      	lsls	r2, r2, #6
    9dda:	d4fb      	bmi.n	9dd4 <clock_start+0x28>

	/* turn off PLL0 */
	PLL0CON &= ~PLL0CON_PLLE0;
	PLL0FEED_SEQUENCE;
    9ddc:	24aa      	movs	r4, #170	@ 0xaa
    9dde:	2055      	movs	r0, #85	@ 0x55
	PLL0CON &= ~PLL0CON_PLLE0;
    9de0:	f8d3 1080 	ldr.w	r1, [r3, #128]	@ 0x80
	while (PLL0STAT & PLL0STAT_PLLE0_STAT);
    9de4:	4a77      	ldr	r2, [pc, #476]	@ (9fc4 <clock_start+0x218>)
	PLL0CON &= ~PLL0CON_PLLE0;
    9de6:	f021 0101 	bic.w	r1, r1, #1
    9dea:	f8c3 1080 	str.w	r1, [r3, #128]	@ 0x80
	PLL0FEED_SEQUENCE;
    9dee:	f8c3 408c 	str.w	r4, [r3, #140]	@ 0x8c
    9df2:	f8c3 008c 	str.w	r0, [r3, #140]	@ 0x8c
	while (PLL0STAT & PLL0STAT_PLLE0_STAT);
    9df6:	f8d2 3088 	ldr.w	r3, [r2, #136]	@ 0x88
    9dfa:	f013 7380 	ands.w	r3, r3, #16777216	@ 0x1000000
    9dfe:	d1fa      	bne.n	9df6 <clock_start+0x4a>

	/* temporarily set CPU clock divider to 1 */
	CCLKCFG = 0;
    9e00:	f8c2 3104 	str.w	r3, [r2, #260]	@ 0x104
	CSN_CLR;
    9e04:	2520      	movs	r5, #32

	/* configure CC2400 oscillator, output carrier sense on GIO6 */
	cc2400_reset();
    9e06:	f7ff ff27 	bl	9c58 <cc2400_reset>
			MOSI_CLR;
    9e0a:	2401      	movs	r4, #1
	CSN_CLR;
    9e0c:	2318      	movs	r3, #24
		SCLK_SET;
    9e0e:	2010      	movs	r0, #16
	CSN_CLR;
    9e10:	4a6d      	ldr	r2, [pc, #436]	@ (9fc8 <clock_start+0x21c>)
    9e12:	496e      	ldr	r1, [pc, #440]	@ (9fcc <clock_start+0x220>)
    9e14:	65d5      	str	r5, [r2, #92]	@ 0x5c
		if (data & msb)
    9e16:	020d      	lsls	r5, r1, #8
	while (len--) {
    9e18:	f103 3cff 	add.w	ip, r3, #4294967295	@ 0xffffffff
		if (data & msb)
    9e1c:	d50e      	bpl.n	9e3c <clock_start+0x90>
			MOSI_SET;
    9e1e:	6594      	str	r4, [r2, #88]	@ 0x58
		SCLK_SET;
    9e20:	6590      	str	r0, [r2, #88]	@ 0x58
		data |= !!MISO;
    9e22:	6d55      	ldr	r5, [r2, #84]	@ 0x54
	while (len--) {
    9e24:	f01c 03ff 	ands.w	r3, ip, #255	@ 0xff
		SCLK_CLR;
    9e28:	65d0      	str	r0, [r2, #92]	@ 0x5c
		data |= !!MISO;
    9e2a:	f3c5 0e40 	ubfx	lr, r5, #1, #1
	while (len--) {
    9e2e:	d011      	beq.n	9e54 <clock_start+0xa8>
		data |= !!MISO;
    9e30:	ea4e 0141 	orr.w	r1, lr, r1, lsl #1
		if (data & msb)
    9e34:	020d      	lsls	r5, r1, #8
	while (len--) {
    9e36:	f103 3cff 	add.w	ip, r3, #4294967295	@ 0xffffffff
		if (data & msb)
    9e3a:	d4f0      	bmi.n	9e1e <clock_start+0x72>
			MOSI_CLR;
    9e3c:	65d4      	str	r4, [r2, #92]	@ 0x5c
		SCLK_SET;
    9e3e:	6590      	str	r0, [r2, #88]	@ 0x58
		data |= !!MISO;
    9e40:	6d55      	ldr	r5, [r2, #84]	@ 0x54
	while (len--) {
    9e42:	f01c 03ff 	ands.w	r3, ip, #255	@ 0xff
		SCLK_CLR;
    9e46:	65d0      	str	r0, [r2, #92]	@ 0x5c
		data |= !!MISO;
    9e48:	f3c5 0c40 	ubfx	ip, r5, #1, #1
	while (len--) {
    9e4c:	d002      	beq.n	9e54 <clock_start+0xa8>
		data |= !!MISO;
    9e4e:	ea4c 0141 	orr.w	r1, ip, r1, lsl #1
    9e52:	e7e0      	b.n	9e16 <clock_start+0x6a>
		SCLK_SET;
    9e54:	2210      	movs	r2, #16
			MOSI_CLR;
    9e56:	2101      	movs	r1, #1
	CSN_SET;
    9e58:	2020      	movs	r0, #32
    9e5a:	4b5b      	ldr	r3, [pc, #364]	@ (9fc8 <clock_start+0x21c>)
    9e5c:	6598      	str	r0, [r3, #88]	@ 0x58
	CSN_CLR;
    9e5e:	65d8      	str	r0, [r3, #92]	@ 0x5c
			MOSI_CLR;
    9e60:	65d9      	str	r1, [r3, #92]	@ 0x5c
		SCLK_SET;
    9e62:	659a      	str	r2, [r3, #88]	@ 0x58
		data |= !!MISO;
    9e64:	6d5c      	ldr	r4, [r3, #84]	@ 0x54
		SCLK_CLR;
    9e66:	65da      	str	r2, [r3, #92]	@ 0x5c
			MOSI_SET;
    9e68:	6599      	str	r1, [r3, #88]	@ 0x58
		SCLK_SET;
    9e6a:	659a      	str	r2, [r3, #88]	@ 0x58
		data |= !!MISO;
    9e6c:	6d5c      	ldr	r4, [r3, #84]	@ 0x54
		SCLK_CLR;
    9e6e:	65da      	str	r2, [r3, #92]	@ 0x5c
			MOSI_SET;
    9e70:	6599      	str	r1, [r3, #88]	@ 0x58
		SCLK_SET;
    9e72:	659a      	str	r2, [r3, #88]	@ 0x58
		data |= !!MISO;
    9e74:	6d5c      	ldr	r4, [r3, #84]	@ 0x54
		SCLK_CLR;
    9e76:	65da      	str	r2, [r3, #92]	@ 0x5c
			MOSI_CLR;
    9e78:	65d9      	str	r1, [r3, #92]	@ 0x5c
		SCLK_SET;
    9e7a:	659a      	str	r2, [r3, #88]	@ 0x58
		data |= !!MISO;
    9e7c:	6d5c      	ldr	r4, [r3, #84]	@ 0x54
		SCLK_CLR;
    9e7e:	65da      	str	r2, [r3, #92]	@ 0x5c
			MOSI_CLR;
    9e80:	65d9      	str	r1, [r3, #92]	@ 0x5c
		SCLK_SET;
    9e82:	659a      	str	r2, [r3, #88]	@ 0x58
		data |= !!MISO;
    9e84:	6d5c      	ldr	r4, [r3, #84]	@ 0x54
		SCLK_CLR;
    9e86:	65da      	str	r2, [r3, #92]	@ 0x5c
			MOSI_CLR;
    9e88:	65d9      	str	r1, [r3, #92]	@ 0x5c
		SCLK_SET;
    9e8a:	659a      	str	r2, [r3, #88]	@ 0x58
		data |= !!MISO;
    9e8c:	6d5c      	ldr	r4, [r3, #84]	@ 0x54
		SCLK_CLR;
    9e8e:	65da      	str	r2, [r3, #92]	@ 0x5c
			MOSI_CLR;
    9e90:	65d9      	str	r1, [r3, #92]	@ 0x5c
		SCLK_SET;
    9e92:	659a      	str	r2, [r3, #88]	@ 0x58
		data |= !!MISO;
    9e94:	6d5c      	ldr	r4, [r3, #84]	@ 0x54
		SCLK_CLR;
    9e96:	65da      	str	r2, [r3, #92]	@ 0x5c
			MOSI_CLR;
    9e98:	65d9      	str	r1, [r3, #92]	@ 0x5c
		SCLK_SET;
    9e9a:	659a      	str	r2, [r3, #88]	@ 0x58
		data |= !!MISO;
    9e9c:	6d5c      	ldr	r4, [r3, #84]	@ 0x54
		SCLK_CLR;
    9e9e:	65da      	str	r2, [r3, #92]	@ 0x5c
	CSN_SET;
    9ea0:	6598      	str	r0, [r3, #88]	@ 0x58
	CSN_CLR;
    9ea2:	65d8      	str	r0, [r3, #92]	@ 0x5c
			MOSI_CLR;
    9ea4:	65d9      	str	r1, [r3, #92]	@ 0x5c
		SCLK_SET;
    9ea6:	659a      	str	r2, [r3, #88]	@ 0x58
		data |= !!MISO;
    9ea8:	6d5c      	ldr	r4, [r3, #84]	@ 0x54
		SCLK_CLR;
    9eaa:	65da      	str	r2, [r3, #92]	@ 0x5c
			MOSI_CLR;
    9eac:	65d9      	str	r1, [r3, #92]	@ 0x5c
		SCLK_SET;
    9eae:	659a      	str	r2, [r3, #88]	@ 0x58
		data |= !!MISO;
    9eb0:	6d5d      	ldr	r5, [r3, #84]	@ 0x54
		SCLK_CLR;
    9eb2:	65da      	str	r2, [r3, #92]	@ 0x5c
			MOSI_CLR;
    9eb4:	65d9      	str	r1, [r3, #92]	@ 0x5c
		SCLK_SET;
    9eb6:	659a      	str	r2, [r3, #88]	@ 0x58
		data |= !!MISO;
    9eb8:	6d5c      	ldr	r4, [r3, #84]	@ 0x54
		SCLK_CLR;
    9eba:	65da      	str	r2, [r3, #92]	@ 0x5c
			MOSI_CLR;
    9ebc:	65d9      	str	r1, [r3, #92]	@ 0x5c
		SCLK_SET;
    9ebe:	659a      	str	r2, [r3, #88]	@ 0x58
		data |= !!MISO;
    9ec0:	6d5c      	ldr	r4, [r3, #84]	@ 0x54
		SCLK_CLR;
    9ec2:	65da      	str	r2, [r3, #92]	@ 0x5c
			MOSI_CLR;
    9ec4:	65d9      	str	r1, [r3, #92]	@ 0x5c
		SCLK_SET;
    9ec6:	659a      	str	r2, [r3, #88]	@ 0x58
		data |= !!MISO;
    9ec8:	6d5c      	ldr	r4, [r3, #84]	@ 0x54
		SCLK_CLR;
    9eca:	65da      	str	r2, [r3, #92]	@ 0x5c
			MOSI_CLR;
    9ecc:	65d9      	str	r1, [r3, #92]	@ 0x5c
		SCLK_SET;
    9ece:	659a      	str	r2, [r3, #88]	@ 0x58
		data |= !!MISO;
    9ed0:	6d5c      	ldr	r4, [r3, #84]	@ 0x54
		SCLK_CLR;
    9ed2:	65da      	str	r2, [r3, #92]	@ 0x5c
			MOSI_CLR;
    9ed4:	65d9      	str	r1, [r3, #92]	@ 0x5c
		SCLK_SET;
    9ed6:	659a      	str	r2, [r3, #88]	@ 0x58
		data |= !!MISO;
    9ed8:	6d5c      	ldr	r4, [r3, #84]	@ 0x54
		SCLK_CLR;
    9eda:	65da      	str	r2, [r3, #92]	@ 0x5c
			MOSI_CLR;
    9edc:	65d9      	str	r1, [r3, #92]	@ 0x5c
		SCLK_SET;
    9ede:	659a      	str	r2, [r3, #88]	@ 0x58
		data |= !!MISO;
    9ee0:	6d5c      	ldr	r4, [r3, #84]	@ 0x54
	cc2400_set(IOCFG, (GIO_CARRIER_SENSE_N << 9) | (GIO_CLK_16M << 3));
	cc2400_strobe(SXOSCON);
	while (!(cc2400_status() & XOSC16M_STABLE));
    9ee2:	07ac      	lsls	r4, r5, #30
		SCLK_CLR;
    9ee4:	65da      	str	r2, [r3, #92]	@ 0x5c
	CSN_SET;
    9ee6:	6598      	str	r0, [r3, #88]	@ 0x58
	while (!(cc2400_status() & XOSC16M_STABLE));
    9ee8:	d5db      	bpl.n	9ea2 <clock_start+0xf6>

	/* activate main oscillator */
	SCS = SCS_OSCEN;
    9eea:	4b36      	ldr	r3, [pc, #216]	@ (9fc4 <clock_start+0x218>)
    9eec:	f8c3 01a0 	str.w	r0, [r3, #416]	@ 0x1a0
	while (!(SCS & SCS_OSCSTAT));
    9ef0:	f8d3 21a0 	ldr.w	r2, [r3, #416]	@ 0x1a0
    9ef4:	0652      	lsls	r2, r2, #25
    9ef6:	d5fb      	bpl.n	9ef0 <clock_start+0x144>
	/* switch to main oscillator */
	CLKSRCSEL = 1;

	/* configure PLL0 */
	PLL0CFG = (MSEL0 << 0) | (NSEL0 << 16);
	PLL0FEED_SEQUENCE;
    9ef8:	24aa      	movs	r4, #170	@ 0xaa
    9efa:	2055      	movs	r0, #85	@ 0x55
	CLKSRCSEL = 1;
    9efc:	f04f 0c01 	mov.w	ip, #1
	PCLKSEL0  = (2 << 2) | (2 << 4); /* TIMER0 and TIMER1 at cclk/2 (50 MHz) */
    9f00:	2528      	movs	r5, #40	@ 0x28
	PCLKSEL1  = (2 << 12); /* TIMER2 at cclk/2 (50 MHz) */
    9f02:	f44f 5e00 	mov.w	lr, #8192	@ 0x2000
	PLL0CFG = (MSEL0 << 0) | (NSEL0 << 16);
    9f06:	4a32      	ldr	r2, [pc, #200]	@ (9fd0 <clock_start+0x224>)
	PCLKSEL0  = (2 << 2) | (2 << 4); /* TIMER0 and TIMER1 at cclk/2 (50 MHz) */
    9f08:	f8c3 51a8 	str.w	r5, [r3, #424]	@ 0x1a8
	PCLKSEL1  = (2 << 12); /* TIMER2 at cclk/2 (50 MHz) */
    9f0c:	f8c3 e1ac 	str.w	lr, [r3, #428]	@ 0x1ac
	CLKSRCSEL = 1;
    9f10:	f8c3 c10c 	str.w	ip, [r3, #268]	@ 0x10c
	PLL0CFG = (MSEL0 << 0) | (NSEL0 << 16);
    9f14:	f8c3 2084 	str.w	r2, [r3, #132]	@ 0x84
	PLL0FEED_SEQUENCE;
    9f18:	f8c3 408c 	str.w	r4, [r3, #140]	@ 0x8c
    9f1c:	f8c3 008c 	str.w	r0, [r3, #140]	@ 0x8c

	/* turn on PLL0 */
	PLL0CON |= PLL0CON_PLLE0;
    9f20:	f8d3 2080 	ldr.w	r2, [r3, #128]	@ 0x80
	PLL0FEED_SEQUENCE;
	while (!(PLL0STAT & PLL0STAT_PLLE0_STAT));
    9f24:	4927      	ldr	r1, [pc, #156]	@ (9fc4 <clock_start+0x218>)
	PLL0CON |= PLL0CON_PLLE0;
    9f26:	ea42 020c 	orr.w	r2, r2, ip
    9f2a:	f8c3 2080 	str.w	r2, [r3, #128]	@ 0x80
	PLL0FEED_SEQUENCE;
    9f2e:	f8c3 408c 	str.w	r4, [r3, #140]	@ 0x8c
    9f32:	f8c3 008c 	str.w	r0, [r3, #140]	@ 0x8c
	while (!(PLL0STAT & PLL0STAT_PLLE0_STAT));
    9f36:	f8d1 3088 	ldr.w	r3, [r1, #136]	@ 0x88
    9f3a:	01dd      	lsls	r5, r3, #7
    9f3c:	d5fb      	bpl.n	9f36 <clock_start+0x18a>

	/* set CPU clock divider */
	CCLKCFG = CCLKSEL;
    9f3e:	2303      	movs	r3, #3

	/* connect PLL0 */
	PLL0CON |= PLL0CON_PLLC0;
	PLL0FEED_SEQUENCE;
    9f40:	24aa      	movs	r4, #170	@ 0xaa
    9f42:	2055      	movs	r0, #85	@ 0x55
	CCLKCFG = CCLKSEL;
    9f44:	f8c1 3104 	str.w	r3, [r1, #260]	@ 0x104
	PLL0CON |= PLL0CON_PLLC0;
    9f48:	f8d1 3080 	ldr.w	r3, [r1, #128]	@ 0x80
	while (!(PLL0STAT & PLL0STAT_PLLC0_STAT));
    9f4c:	4a1d      	ldr	r2, [pc, #116]	@ (9fc4 <clock_start+0x218>)
	PLL0CON |= PLL0CON_PLLC0;
    9f4e:	f043 0302 	orr.w	r3, r3, #2
    9f52:	f8c1 3080 	str.w	r3, [r1, #128]	@ 0x80
	PLL0FEED_SEQUENCE;
    9f56:	f8c1 408c 	str.w	r4, [r1, #140]	@ 0x8c
    9f5a:	f8c1 008c 	str.w	r0, [r1, #140]	@ 0x8c
	while (!(PLL0STAT & PLL0STAT_PLLC0_STAT));
    9f5e:	f8d2 3088 	ldr.w	r3, [r2, #136]	@ 0x88
    9f62:	019c      	lsls	r4, r3, #6
    9f64:	d5fb      	bpl.n	9f5e <clock_start+0x1b2>

	/* configure PLL1 */
	PLL1CFG = (MSEL1 << 0) | (PSEL1 << 5);
	PLL1FEED_SEQUENCE;
    9f66:	24aa      	movs	r4, #170	@ 0xaa
    9f68:	2055      	movs	r0, #85	@ 0x55
	PLL1CFG = (MSEL1 << 0) | (PSEL1 << 5);
    9f6a:	2322      	movs	r3, #34	@ 0x22
    9f6c:	f8c2 30a4 	str.w	r3, [r2, #164]	@ 0xa4
	PLL1FEED_SEQUENCE;
    9f70:	f8c2 40ac 	str.w	r4, [r2, #172]	@ 0xac
    9f74:	f8c2 00ac 	str.w	r0, [r2, #172]	@ 0xac

	/* turn on PLL1 */
	PLL1CON |= PLL1CON_PLLE1;
    9f78:	f8d2 30a0 	ldr.w	r3, [r2, #160]	@ 0xa0
	PLL1FEED_SEQUENCE;
	while (!(PLL1STAT & PLL1STAT_PLLE1_STAT));
    9f7c:	4911      	ldr	r1, [pc, #68]	@ (9fc4 <clock_start+0x218>)
	PLL1CON |= PLL1CON_PLLE1;
    9f7e:	f043 0301 	orr.w	r3, r3, #1
    9f82:	f8c2 30a0 	str.w	r3, [r2, #160]	@ 0xa0
	PLL1FEED_SEQUENCE;
    9f86:	f8c2 40ac 	str.w	r4, [r2, #172]	@ 0xac
    9f8a:	f8c2 00ac 	str.w	r0, [r2, #172]	@ 0xac
	while (!(PLL1STAT & PLL1STAT_PLLE1_STAT));
    9f8e:	f8d1 30a8 	ldr.w	r3, [r1, #168]	@ 0xa8
    9f92:	05d8      	lsls	r0, r3, #23
    9f94:	d5fb      	bpl.n	9f8e <clock_start+0x1e2>
	while (!(PLL1STAT & PLL1STAT_PLOCK1));
    9f96:	4a0b      	ldr	r2, [pc, #44]	@ (9fc4 <clock_start+0x218>)
    9f98:	f8d2 30a8 	ldr.w	r3, [r2, #168]	@ 0xa8
    9f9c:	0559      	lsls	r1, r3, #21
    9f9e:	d5fb      	bpl.n	9f98 <clock_start+0x1ec>

	/* connect PLL1 */
	PLL1CON |= PLL1CON_PLLC1;
	PLL1FEED_SEQUENCE;
    9fa0:	24aa      	movs	r4, #170	@ 0xaa
    9fa2:	2055      	movs	r0, #85	@ 0x55
	PLL1CON |= PLL1CON_PLLC1;
    9fa4:	f8d2 30a0 	ldr.w	r3, [r2, #160]	@ 0xa0
	while (!(PLL1STAT & PLL1STAT_PLLC1_STAT));
    9fa8:	4906      	ldr	r1, [pc, #24]	@ (9fc4 <clock_start+0x218>)
	PLL1CON |= PLL1CON_PLLC1;
    9faa:	f043 0302 	orr.w	r3, r3, #2
    9fae:	f8c2 30a0 	str.w	r3, [r2, #160]	@ 0xa0
	PLL1FEED_SEQUENCE;
    9fb2:	f8c2 40ac 	str.w	r4, [r2, #172]	@ 0xac
    9fb6:	f8c2 00ac 	str.w	r0, [r2, #172]	@ 0xac
	while (!(PLL1STAT & PLL1STAT_PLLC1_STAT));
    9fba:	f8d1 30a8 	ldr.w	r3, [r1, #168]	@ 0xa8
    9fbe:	059b      	lsls	r3, r3, #22
    9fc0:	d5fb      	bpl.n	9fba <clock_start+0x20e>
}
    9fc2:	bd38      	pop	{r3, r4, r5, pc}
    9fc4:	400fc000 	.word	0x400fc000
    9fc8:	2009c000 	.word	0x2009c000
    9fcc:	00081570 	.word	0x00081570
    9fd0:	00010018 	.word	0x00010018

00009fd4 <ubertooth_init>:
{
    9fd4:	b508      	push	{r3, lr}
	PINSEL0 = 0;
    9fd6:	2300      	movs	r3, #0
	FIO1DIR = (PIN_USRLED | PIN_RXLED | PIN_TXLED | PIN_CC3V3 |
    9fd8:	f24c 7e12 	movw	lr, #50962	@ 0xc712
	FIO2DIR = (PIN_CSN | PIN_SCLK | PIN_MOSI | PIN_PAEN | PIN_HGM);
    9fdc:	f240 1cb1 	movw	ip, #433	@ 0x1b1
	FIO4DIR = (PIN_TX | PIN_SSEL1);
    9fe0:	f04f 5040 	mov.w	r0, #805306368	@ 0x30000000
	FIO0DIR = 0;
    9fe4:	4a18      	ldr	r2, [pc, #96]	@ (a048 <ubertooth_init+0x74>)
	PINSEL0 = 0;
    9fe6:	4919      	ldr	r1, [pc, #100]	@ (a04c <ubertooth_init+0x78>)
    9fe8:	600b      	str	r3, [r1, #0]
	PINSEL1 = 0;
    9fea:	604b      	str	r3, [r1, #4]
	PINSEL2 = 0;
    9fec:	608b      	str	r3, [r1, #8]
	PINSEL3 = 0;
    9fee:	60cb      	str	r3, [r1, #12]
	PINSEL4 = 0;
    9ff0:	610b      	str	r3, [r1, #16]
	PINSEL7 = 0;
    9ff2:	61cb      	str	r3, [r1, #28]
	PINSEL9 = 0;
    9ff4:	624b      	str	r3, [r1, #36]	@ 0x24
	PINSEL10 = 0;
    9ff6:	628b      	str	r3, [r1, #40]	@ 0x28
	FIO0DIR = 0;
    9ff8:	6013      	str	r3, [r2, #0]
	FIO1DIR = 0;
    9ffa:	6213      	str	r3, [r2, #32]
	FIO2DIR = 0;
    9ffc:	6413      	str	r3, [r2, #64]	@ 0x40
	FIO3DIR = 0;
    9ffe:	6613      	str	r3, [r2, #96]	@ 0x60
	FIO4DIR = 0;
    a000:	f8c2 3080 	str.w	r3, [r2, #128]	@ 0x80
	PINMODE0 = 0;
    a004:	640b      	str	r3, [r1, #64]	@ 0x40
	PINMODE1 = 0;
    a006:	644b      	str	r3, [r1, #68]	@ 0x44
	PINMODE2 = 0;
    a008:	648b      	str	r3, [r1, #72]	@ 0x48
	PINMODE3 = 0;
    a00a:	64cb      	str	r3, [r1, #76]	@ 0x4c
	PINMODE4 = 0;
    a00c:	650b      	str	r3, [r1, #80]	@ 0x50
	PINMODE7 = 0;
    a00e:	65cb      	str	r3, [r1, #92]	@ 0x5c
	PINMODE9 = 0;
    a010:	664b      	str	r3, [r1, #100]	@ 0x64
	FIO0PIN = 0;
    a012:	6153      	str	r3, [r2, #20]
	FIO1PIN = 0;
    a014:	6353      	str	r3, [r2, #52]	@ 0x34
	FIO2PIN = 0;
    a016:	6553      	str	r3, [r2, #84]	@ 0x54
	FIO3PIN = 0;
    a018:	6753      	str	r3, [r2, #116]	@ 0x74
	FIO4PIN = 0;
    a01a:	f8c2 3094 	str.w	r3, [r2, #148]	@ 0x94
	FIO0DIR = 0;
    a01e:	6013      	str	r3, [r2, #0]
	FIO1DIR = (PIN_USRLED | PIN_RXLED | PIN_TXLED | PIN_CC3V3 |
    a020:	f8c2 e020 	str.w	lr, [r2, #32]
	FIO2DIR = (PIN_CSN | PIN_SCLK | PIN_MOSI | PIN_PAEN | PIN_HGM);
    a024:	f8c2 c040 	str.w	ip, [r2, #64]	@ 0x40
	FIO3DIR = 0;
    a028:	6613      	str	r3, [r2, #96]	@ 0x60
	FIO4DIR = (PIN_TX | PIN_SSEL1);
    a02a:	f8c2 0080 	str.w	r0, [r2, #128]	@ 0x80
	FIO0PIN = 0;
    a02e:	6153      	str	r3, [r2, #20]
	FIO1PIN = 0;
    a030:	6353      	str	r3, [r2, #52]	@ 0x34
	FIO2PIN = 0;
    a032:	6553      	str	r3, [r2, #84]	@ 0x54
	FIO3PIN = 0;
    a034:	6753      	str	r3, [r2, #116]	@ 0x74
	FIO4PIN = 0;
    a036:	f8c2 3094 	str.w	r3, [r2, #148]	@ 0x94
	cc2400_init();
    a03a:	f7ff fc85 	bl	9948 <cc2400_init>
}
    a03e:	e8bd 4008 	ldmia.w	sp!, {r3, lr}
	clock_start();
    a042:	f7ff beb3 	b.w	9dac <clock_start>
    a046:	bf00      	nop
    a048:	2009c000 	.word	0x2009c000
    a04c:	4002c000 	.word	0x4002c000

0000a050 <reset>:

/* reset the LPC17xx, the cc2400 will be handled by the boot code */
void reset()
{
    a050:	b570      	push	{r4, r5, r6, lr}
	PINSEL0 = 0;
    a052:	2300      	movs	r3, #0
	all_pins_off();

	/* Enable the watchdog with reset enabled */
	USRLED_CLR;
    a054:	2602      	movs	r6, #2
	WDMOD |= WDMOD_WDEN | WDMOD_WDRESET;
    a056:	f04f 4c80 	mov.w	ip, #1073741824	@ 0x40000000
	WDFEED_SEQUENCE;
    a05a:	25aa      	movs	r5, #170	@ 0xaa
    a05c:	2455      	movs	r4, #85	@ 0x55
	PINSEL0 = 0;
    a05e:	4919      	ldr	r1, [pc, #100]	@ (a0c4 <reset+0x74>)
	FIO0DIR = 0;
    a060:	4819      	ldr	r0, [pc, #100]	@ (a0c8 <reset+0x78>)
	PINSEL0 = 0;
    a062:	600b      	str	r3, [r1, #0]
	PINSEL1 = 0;
    a064:	604b      	str	r3, [r1, #4]
	PINSEL2 = 0;
    a066:	608b      	str	r3, [r1, #8]
	PINSEL3 = 0;
    a068:	60cb      	str	r3, [r1, #12]
	PINSEL4 = 0;
    a06a:	610b      	str	r3, [r1, #16]
	PINSEL7 = 0;
    a06c:	61cb      	str	r3, [r1, #28]
	PINSEL9 = 0;
    a06e:	624b      	str	r3, [r1, #36]	@ 0x24
	PINSEL10 = 0;
    a070:	628b      	str	r3, [r1, #40]	@ 0x28
	FIO0DIR = 0;
    a072:	6003      	str	r3, [r0, #0]
	FIO1DIR = 0;
    a074:	6203      	str	r3, [r0, #32]
	FIO2DIR = 0;
    a076:	6403      	str	r3, [r0, #64]	@ 0x40
	FIO3DIR = 0;
    a078:	6603      	str	r3, [r0, #96]	@ 0x60
	FIO4DIR = 0;
    a07a:	f8c0 3080 	str.w	r3, [r0, #128]	@ 0x80
	PINMODE0 = 0;
    a07e:	640b      	str	r3, [r1, #64]	@ 0x40
	PINMODE1 = 0;
    a080:	644b      	str	r3, [r1, #68]	@ 0x44
	PINMODE2 = 0;
    a082:	648b      	str	r3, [r1, #72]	@ 0x48
	PINMODE3 = 0;
    a084:	64cb      	str	r3, [r1, #76]	@ 0x4c
	PINMODE4 = 0;
    a086:	650b      	str	r3, [r1, #80]	@ 0x50
	PINMODE7 = 0;
    a088:	65cb      	str	r3, [r1, #92]	@ 0x5c
	PINMODE9 = 0;
    a08a:	664b      	str	r3, [r1, #100]	@ 0x64
	FIO0PIN = 0;
    a08c:	6143      	str	r3, [r0, #20]
	FIO1PIN = 0;
    a08e:	6343      	str	r3, [r0, #52]	@ 0x34
	FIO2PIN = 0;
    a090:	6543      	str	r3, [r0, #84]	@ 0x54
	FIO3PIN = 0;
    a092:	6743      	str	r3, [r0, #116]	@ 0x74
	FIO4PIN = 0;
    a094:	f8c0 3094 	str.w	r3, [r0, #148]	@ 0x94
	USRLED_CLR;
    a098:	63c6      	str	r6, [r0, #60]	@ 0x3c
	WDMOD |= WDMOD_WDEN | WDMOD_WDRESET;
    a09a:	f8dc 3000 	ldr.w	r3, [ip]
	wait_us_counter =
    a09e:	4a0b      	ldr	r2, [pc, #44]	@ (a0cc <reset+0x7c>)
    a0a0:	f8df e02c 	ldr.w	lr, [pc, #44]	@ a0d0 <reset+0x80>
	WDMOD |= WDMOD_WDEN | WDMOD_WDRESET;
    a0a4:	f043 0303 	orr.w	r3, r3, #3
    a0a8:	f8cc 3000 	str.w	r3, [ip]
	WDFEED_SEQUENCE;
    a0ac:	f8cc 5008 	str.w	r5, [ip, #8]
    a0b0:	f8cc 4008 	str.w	r4, [ip, #8]
	wait_us_counter =
    a0b4:	f8c2 e000 	str.w	lr, [r2]
	while(--wait_us_counter);
    a0b8:	6813      	ldr	r3, [r2, #0]
    a0ba:	3b01      	subs	r3, #1
    a0bc:	6013      	str	r3, [r2, #0]
    a0be:	2b00      	cmp	r3, #0
    a0c0:	d1fa      	bne.n	a0b8 <reset+0x68>
	
	/* Set watchdog timeout to 256us (minimum) */
	
	/* sleep for 1s (minimum) */
	wait(1);
}
    a0c2:	bd70      	pop	{r4, r5, r6, pc}
    a0c4:	4002c000 	.word	0x4002c000
    a0c8:	2009c000 	.word	0x2009c000
    a0cc:	1000254c 	.word	0x1000254c
    a0d0:	00061a1d 	.word	0x00061a1d

0000a0d4 <get_part_num>:
	while (!(cc2400_status() & FS_LOCK));
	cc2400_strobe(SRX);
}

void get_part_num(uint8_t *buffer, int *len)
{
    a0d4:	b530      	push	{r4, r5, lr}
    a0d6:	b08b      	sub	sp, #44	@ 0x2c
	u32 command[5];
	u32 result[5];
	command[0] = 54; /* read part number */
    a0d8:	2236      	movs	r2, #54	@ 0x36
{
    a0da:	4604      	mov	r4, r0
    a0dc:	460d      	mov	r5, r1
	iap_entry(command, result);
    a0de:	4668      	mov	r0, sp
    a0e0:	a905      	add	r1, sp, #20
	command[0] = 54; /* read part number */
    a0e2:	9200      	str	r2, [sp, #0]
	iap_entry(command, result);
    a0e4:	4b0a      	ldr	r3, [pc, #40]	@ (a110 <get_part_num+0x3c>)
    a0e6:	4798      	blx	r3
	buffer[0] = result[0] & 0xFF; /* status */
	buffer[1] = result[1] & 0xFF;
    a0e8:	e9dd 0305 	ldrd	r0, r3, [sp, #20]
	buffer[0] = result[0] & 0xFF; /* status */
    a0ec:	2200      	movs	r2, #0
	buffer[2] = (result[1] >> 8) & 0xFF;
	buffer[3] = (result[1] >> 16) & 0xFF;
	buffer[4] = (result[1] >> 24) & 0xFF;
	*len = 5;
    a0ee:	2105      	movs	r1, #5
	buffer[0] = result[0] & 0xFF; /* status */
    a0f0:	f360 0207 	bfi	r2, r0, #0, #8
    a0f4:	f363 220f 	bfi	r2, r3, #8, #8
	buffer[2] = (result[1] >> 8) & 0xFF;
    a0f8:	0a18      	lsrs	r0, r3, #8
	buffer[0] = result[0] & 0xFF; /* status */
    a0fa:	f360 4217 	bfi	r2, r0, #16, #8
	buffer[3] = (result[1] >> 16) & 0xFF;
    a0fe:	0c18      	lsrs	r0, r3, #16
	buffer[0] = result[0] & 0xFF; /* status */
    a100:	f360 621f 	bfi	r2, r0, #24, #8
	buffer[4] = (result[1] >> 24) & 0xFF;
    a104:	0e1b      	lsrs	r3, r3, #24
	buffer[0] = result[0] & 0xFF; /* status */
    a106:	6022      	str	r2, [r4, #0]
	buffer[4] = (result[1] >> 24) & 0xFF;
    a108:	7123      	strb	r3, [r4, #4]
	*len = 5;
    a10a:	6029      	str	r1, [r5, #0]
	
}
    a10c:	b00b      	add	sp, #44	@ 0x2c
    a10e:	bd30      	pop	{r4, r5, pc}
    a110:	1fff1ff1 	.word	0x1fff1ff1

0000a114 <get_device_serial>:

void get_device_serial(uint8_t *buffer, int *len)
{
    a114:	e92d 43f0 	stmdb	sp!, {r4, r5, r6, r7, r8, r9, lr}
    a118:	b08b      	sub	sp, #44	@ 0x2c
	u32 command[5];
	u32 result[5];
	command[0] = 58; /* read device serial number */
	iap_entry(command, result);
	buffer[0] = result[0] & 0xFF; /* status */
    a11a:	2700      	movs	r7, #0
	command[0] = 58; /* read device serial number */
    a11c:	223a      	movs	r2, #58	@ 0x3a
{
    a11e:	4604      	mov	r4, r0
    a120:	4689      	mov	r9, r1
	iap_entry(command, result);
    a122:	4668      	mov	r0, sp
    a124:	a905      	add	r1, sp, #20
	command[0] = 58; /* read device serial number */
    a126:	9200      	str	r2, [sp, #0]
	buffer[0] = result[0] & 0xFF; /* status */
    a128:	463e      	mov	r6, r7
	iap_entry(command, result);
    a12a:	4b23      	ldr	r3, [pc, #140]	@ (a1b8 <get_device_serial+0xa4>)
    a12c:	4798      	blx	r3
	buffer[1] = result[1] & 0xFF;
	buffer[2] = (result[1] >> 8) & 0xFF;
	buffer[3] = (result[1] >> 16) & 0xFF;
	buffer[4] = (result[1] >> 24) & 0xFF;
	buffer[5] = result[2] & 0xFF;
    a12e:	e9dd 0106 	ldrd	r0, r1, [sp, #24]
	buffer[0] = result[0] & 0xFF; /* status */
    a132:	46be      	mov	lr, r7
    a134:	46bc      	mov	ip, r7
	buffer[12] = (result[3] >> 24) & 0xFF;
	buffer[13] = result[4] & 0xFF;
	buffer[14] = (result[4] >> 8) & 0xFF;
	buffer[15] = (result[4] >> 16) & 0xFF;
	buffer[16] = (result[4] >> 24) & 0xFF;
	*len = 17;
    a136:	2511      	movs	r5, #17
	buffer[9] = result[3] & 0xFF;
    a138:	9a08      	ldr	r2, [sp, #32]
	buffer[0] = result[0] & 0xFF; /* status */
    a13a:	9b05      	ldr	r3, [sp, #20]
	buffer[4] = (result[1] >> 24) & 0xFF;
    a13c:	ea4f 6810 	mov.w	r8, r0, lsr #24
	buffer[0] = result[0] & 0xFF; /* status */
    a140:	f368 0607 	bfi	r6, r8, #0, #8
	buffer[8] = (result[2] >> 24) & 0xFF;
    a144:	ea4f 6811 	mov.w	r8, r1, lsr #24
	buffer[0] = result[0] & 0xFF; /* status */
    a148:	f363 0707 	bfi	r7, r3, #0, #8
    a14c:	f368 0e07 	bfi	lr, r8, #0, #8
	buffer[12] = (result[3] >> 24) & 0xFF;
    a150:	ea4f 6812 	mov.w	r8, r2, lsr #24
	buffer[0] = result[0] & 0xFF; /* status */
    a154:	f360 270f 	bfi	r7, r0, #8, #8
    a158:	f368 0c07 	bfi	ip, r8, #0, #8
	buffer[2] = (result[1] >> 8) & 0xFF;
    a15c:	ea4f 2810 	mov.w	r8, r0, lsr #8
	buffer[0] = result[0] & 0xFF; /* status */
    a160:	f368 4717 	bfi	r7, r8, #16, #8
	buffer[3] = (result[1] >> 16) & 0xFF;
    a164:	0c00      	lsrs	r0, r0, #16
	buffer[0] = result[0] & 0xFF; /* status */
    a166:	f360 671f 	bfi	r7, r0, #24, #8
    a16a:	f361 260f 	bfi	r6, r1, #8, #8
	buffer[6] = (result[2] >> 8) & 0xFF;
    a16e:	0a08      	lsrs	r0, r1, #8
	buffer[0] = result[0] & 0xFF; /* status */
    a170:	f360 4617 	bfi	r6, r0, #16, #8
	buffer[7] = (result[2] >> 16) & 0xFF;
    a174:	0c09      	lsrs	r1, r1, #16
	buffer[13] = result[4] & 0xFF;
    a176:	9b09      	ldr	r3, [sp, #36]	@ 0x24
	buffer[0] = result[0] & 0xFF; /* status */
    a178:	f361 661f 	bfi	r6, r1, #24, #8
    a17c:	f362 2e0f 	bfi	lr, r2, #8, #8
	buffer[10] = (result[3] >> 8) & 0xFF;
    a180:	0a11      	lsrs	r1, r2, #8
	buffer[0] = result[0] & 0xFF; /* status */
    a182:	f361 4e17 	bfi	lr, r1, #16, #8
	buffer[11] = (result[3] >> 16) & 0xFF;
    a186:	0c12      	lsrs	r2, r2, #16
	buffer[0] = result[0] & 0xFF; /* status */
    a188:	f362 6e1f 	bfi	lr, r2, #24, #8
    a18c:	f363 2c0f 	bfi	ip, r3, #8, #8
	buffer[14] = (result[4] >> 8) & 0xFF;
    a190:	0a1a      	lsrs	r2, r3, #8
	buffer[0] = result[0] & 0xFF; /* status */
    a192:	f362 4c17 	bfi	ip, r2, #16, #8
	buffer[15] = (result[4] >> 16) & 0xFF;
    a196:	0c1a      	lsrs	r2, r3, #16
	buffer[0] = result[0] & 0xFF; /* status */
    a198:	f362 6c1f 	bfi	ip, r2, #24, #8
	buffer[16] = (result[4] >> 24) & 0xFF;
    a19c:	0e1b      	lsrs	r3, r3, #24
	buffer[0] = result[0] & 0xFF; /* status */
    a19e:	6027      	str	r7, [r4, #0]
    a1a0:	6066      	str	r6, [r4, #4]
    a1a2:	f8c4 e008 	str.w	lr, [r4, #8]
    a1a6:	f8c4 c00c 	str.w	ip, [r4, #12]
	buffer[16] = (result[4] >> 24) & 0xFF;
    a1aa:	7423      	strb	r3, [r4, #16]
	*len = 17;
    a1ac:	f8c9 5000 	str.w	r5, [r9]
}
    a1b0:	b00b      	add	sp, #44	@ 0x2c
    a1b2:	e8bd 83f0 	ldmia.w	sp!, {r4, r5, r6, r7, r8, r9, pc}
    a1b6:	bf00      	nop
    a1b8:	1fff1ff1 	.word	0x1fff1ff1

0000a1bc <set_isp>:

void set_isp(void)
{
    a1bc:	b500      	push	{lr}
    a1be:	b08b      	sub	sp, #44	@ 0x2c
	u32 command[5];
	u32 result[5];
	command[0] = 57;
    a1c0:	2239      	movs	r2, #57	@ 0x39
	iap_entry(command, result);
    a1c2:	4668      	mov	r0, sp
    a1c4:	4b02      	ldr	r3, [pc, #8]	@ (a1d0 <set_isp+0x14>)
    a1c6:	a905      	add	r1, sp, #20
	command[0] = 57;
    a1c8:	9200      	str	r2, [sp, #0]
	iap_entry(command, result);
    a1ca:	4798      	blx	r3
}
    a1cc:	b00b      	add	sp, #44	@ 0x2c
    a1ce:	bd00      	pop	{pc}
    a1d0:	1fff1ff1 	.word	0x1fff1ff1

0000a1d4 <USBHandleControlTransfer>:
 *
 *	@param [in]	bEP		Endpoint address
 *	@param [in]	bEPStat	Endpoint status
 */
void USBHandleControlTransfer(U8 bEP, U8 bEPStat)
{
    a1d4:	b530      	push	{r4, r5, lr}
    a1d6:	b085      	sub	sp, #20
	int iChunk, iType;

	if (bEP == 0x00) {
    a1d8:	2800      	cmp	r0, #0
    a1da:	d130      	bne.n	a23e <USBHandleControlTransfer+0x6a>
		// OUT transfer
		if (bEPStat & EP_STATUS_SETUP) {
    a1dc:	f011 0104 	ands.w	r1, r1, #4
			// setup packet, reset request message state machine
			USBHwEPRead(0x00, (U8 *)&Setup, sizeof(Setup));
    a1e0:	4c4d      	ldr	r4, [pc, #308]	@ (a318 <USBHandleControlTransfer+0x144>)
		if (bEPStat & EP_STATUS_SETUP) {
    a1e2:	d130      	bne.n	a246 <USBHandleControlTransfer+0x72>
				// send first part (possibly a zero-length status message)
				DataIn();
			}
		}
		else {		
			if (iResidue > 0) {
    a1e4:	69e2      	ldr	r2, [r4, #28]
    a1e6:	2a00      	cmp	r2, #0
    a1e8:	dd59      	ble.n	a29e <USBHandleControlTransfer+0xca>
				// store data
				iChunk = USBHwEPRead(0x00, pbData, iResidue);
    a1ea:	68a1      	ldr	r1, [r4, #8]
    a1ec:	f000 fa1e 	bl	a62c <USBHwEPRead>
				if (iChunk < 0) {
    a1f0:	2800      	cmp	r0, #0
    a1f2:	db6c      	blt.n	a2ce <USBHandleControlTransfer+0xfa>
					StallControlPipe(bEPStat);
					return;
				}
				pbData += iChunk;
    a1f4:	68a3      	ldr	r3, [r4, #8]
				iResidue -= iChunk;
    a1f6:	69e1      	ldr	r1, [r4, #28]
				pbData += iChunk;
    a1f8:	4403      	add	r3, r0
				iResidue -= iChunk;
    a1fa:	1a09      	subs	r1, r1, r0
				pbData += iChunk;
    a1fc:	60a3      	str	r3, [r4, #8]
				iResidue -= iChunk;
    a1fe:	61e1      	str	r1, [r4, #28]
				if (iResidue == 0) {
    a200:	b9f9      	cbnz	r1, a242 <USBHandleControlTransfer+0x6e>
					// received all, send data to handler
					iType = REQTYPE_GET_TYPE(Setup.bmRequestType);
    a202:	7823      	ldrb	r3, [r4, #0]
    a204:	f3c3 1241 	ubfx	r2, r3, #5, #2
					pbData = apbDataStore[iType];
    a208:	eb04 0382 	add.w	r3, r4, r2, lsl #2
    a20c:	68db      	ldr	r3, [r3, #12]
	if(iType == REQTYPE_TYPE_VENDOR) {
    a20e:	2a02      	cmp	r2, #2
    a210:	4615      	mov	r5, r2
					pbData = apbDataStore[iType];
    a212:	60a3      	str	r3, [r4, #8]
	if(iType == REQTYPE_TYPE_VENDOR) {
    a214:	d062      	beq.n	a2dc <USBHandleControlTransfer+0x108>
	pfnHandler = apfnReqHandlers[iType];
    a216:	eb04 0385 	add.w	r3, r4, r5, lsl #2
    a21a:	6a5b      	ldr	r3, [r3, #36]	@ 0x24
	if (pfnHandler == NULL) {
    a21c:	2b00      	cmp	r3, #0
    a21e:	d056      	beq.n	a2ce <USBHandleControlTransfer+0xfa>
	return pfnHandler(pSetup, piLen, ppbData);
    a220:	4a3e      	ldr	r2, [pc, #248]	@ (a31c <USBHandleControlTransfer+0x148>)
    a222:	f102 0118 	add.w	r1, r2, #24
    a226:	f1a2 0008 	sub.w	r0, r2, #8
    a22a:	4798      	blx	r3
					if (!_HandleRequest(&Setup, &iLen, &pbData)) {
    a22c:	2800      	cmp	r0, #0
    a22e:	d04e      	beq.n	a2ce <USBHandleControlTransfer+0xfa>
	iChunk = MIN(MAX_PACKET_SIZE0, iResidue);
    a230:	69e2      	ldr	r2, [r4, #28]
	USBHwEPWrite(0x80, pbData, iChunk);
    a232:	2080      	movs	r0, #128	@ 0x80
	iChunk = MIN(MAX_PACKET_SIZE0, iResidue);
    a234:	2a40      	cmp	r2, #64	@ 0x40
    a236:	bfa8      	it	ge
    a238:	2240      	movge	r2, #64	@ 0x40
	USBHwEPWrite(0x80, pbData, iChunk);
    a23a:	68a1      	ldr	r1, [r4, #8]
    a23c:	e03b      	b.n	a2b6 <USBHandleControlTransfer+0xe2>
				iChunk = USBHwEPRead(0x00, NULL, 0);
				DBG(iChunk > 0 ? "?" : "");
			}
		}
	}
	else if (bEP == 0x80) {
    a23e:	2880      	cmp	r0, #128	@ 0x80
    a240:	d033      	beq.n	a2aa <USBHandleControlTransfer+0xd6>
		DataIn();
	}
	else {
		ASSERT(FALSE);
	}
}
    a242:	b005      	add	sp, #20
    a244:	bd30      	pop	{r4, r5, pc}
			USBHwEPRead(0x00, (U8 *)&Setup, sizeof(Setup));
    a246:	2208      	movs	r2, #8
    a248:	4621      	mov	r1, r4
    a24a:	f000 f9ef 	bl	a62c <USBHwEPRead>
			iType = REQTYPE_GET_TYPE(Setup.bmRequestType);
    a24e:	7822      	ldrb	r2, [r4, #0]
			iResidue = Setup.wLength;
    a250:	88e3      	ldrh	r3, [r4, #6]
    a252:	f3c2 1141 	ubfx	r1, r2, #5, #2
    a256:	460d      	mov	r5, r1
			pbData = apbDataStore[iType];
    a258:	eb04 0181 	add.w	r1, r4, r1, lsl #2
    a25c:	68c9      	ldr	r1, [r1, #12]
			iResidue = Setup.wLength;
    a25e:	61e3      	str	r3, [r4, #28]
			pbData = apbDataStore[iType];
    a260:	60a1      	str	r1, [r4, #8]
			iLen = Setup.wLength;
    a262:	6223      	str	r3, [r4, #32]
			if ((Setup.wLength == 0) ||
    a264:	b10b      	cbz	r3, a26a <USBHandleControlTransfer+0x96>
    a266:	09d2      	lsrs	r2, r2, #7
    a268:	d0eb      	beq.n	a242 <USBHandleControlTransfer+0x6e>
	if(iType == REQTYPE_TYPE_VENDOR) {
    a26a:	2d02      	cmp	r5, #2
    a26c:	d043      	beq.n	a2f6 <USBHandleControlTransfer+0x122>
	pfnHandler = apfnReqHandlers[iType];
    a26e:	eb04 0385 	add.w	r3, r4, r5, lsl #2
    a272:	6a5b      	ldr	r3, [r3, #36]	@ 0x24
	if (pfnHandler == NULL) {
    a274:	b35b      	cbz	r3, a2ce <USBHandleControlTransfer+0xfa>
	return pfnHandler(pSetup, piLen, ppbData);
    a276:	4a29      	ldr	r2, [pc, #164]	@ (a31c <USBHandleControlTransfer+0x148>)
    a278:	f102 0118 	add.w	r1, r2, #24
    a27c:	f1a2 0008 	sub.w	r0, r2, #8
    a280:	4798      	blx	r3
				if (!_HandleRequest(&Setup, &iLen, &pbData)) {
    a282:	b320      	cbz	r0, a2ce <USBHandleControlTransfer+0xfa>
				iResidue = MIN(iLen, Setup.wLength);
    a284:	88e3      	ldrh	r3, [r4, #6]
    a286:	6a22      	ldr	r2, [r4, #32]
	USBHwEPWrite(0x80, pbData, iChunk);
    a288:	2080      	movs	r0, #128	@ 0x80
				iResidue = MIN(iLen, Setup.wLength);
    a28a:	4293      	cmp	r3, r2
    a28c:	bfa8      	it	ge
    a28e:	4613      	movge	r3, r2
	iChunk = MIN(MAX_PACKET_SIZE0, iResidue);
    a290:	2b40      	cmp	r3, #64	@ 0x40
    a292:	461a      	mov	r2, r3
	USBHwEPWrite(0x80, pbData, iChunk);
    a294:	68a1      	ldr	r1, [r4, #8]
	iChunk = MIN(MAX_PACKET_SIZE0, iResidue);
    a296:	bfa8      	it	ge
    a298:	2240      	movge	r2, #64	@ 0x40
				iResidue = MIN(iLen, Setup.wLength);
    a29a:	61e3      	str	r3, [r4, #28]
	USBHwEPWrite(0x80, pbData, iChunk);
    a29c:	e00b      	b.n	a2b6 <USBHandleControlTransfer+0xe2>
				iChunk = USBHwEPRead(0x00, NULL, 0);
    a29e:	460a      	mov	r2, r1
}
    a2a0:	b005      	add	sp, #20
    a2a2:	e8bd 4030 	ldmia.w	sp!, {r4, r5, lr}
				iChunk = USBHwEPRead(0x00, NULL, 0);
    a2a6:	f000 b9c1 	b.w	a62c <USBHwEPRead>
	iChunk = MIN(MAX_PACKET_SIZE0, iResidue);
    a2aa:	4c1b      	ldr	r4, [pc, #108]	@ (a318 <USBHandleControlTransfer+0x144>)
    a2ac:	69e2      	ldr	r2, [r4, #28]
	USBHwEPWrite(0x80, pbData, iChunk);
    a2ae:	68a1      	ldr	r1, [r4, #8]
	iChunk = MIN(MAX_PACKET_SIZE0, iResidue);
    a2b0:	2a40      	cmp	r2, #64	@ 0x40
    a2b2:	bfa8      	it	ge
    a2b4:	2240      	movge	r2, #64	@ 0x40
	USBHwEPWrite(0x80, pbData, iChunk);
    a2b6:	9201      	str	r2, [sp, #4]
    a2b8:	f000 f96e 	bl	a598 <USBHwEPWrite>
	pbData += iChunk;
    a2bc:	68a1      	ldr	r1, [r4, #8]
	iResidue -= iChunk;
    a2be:	69e3      	ldr	r3, [r4, #28]
	pbData += iChunk;
    a2c0:	9a01      	ldr	r2, [sp, #4]
    a2c2:	4411      	add	r1, r2
	iResidue -= iChunk;
    a2c4:	1a9b      	subs	r3, r3, r2
	pbData += iChunk;
    a2c6:	60a1      	str	r1, [r4, #8]
	iResidue -= iChunk;
    a2c8:	61e3      	str	r3, [r4, #28]
}
    a2ca:	b005      	add	sp, #20
    a2cc:	bd30      	pop	{r4, r5, pc}
	USBHwEPStall(0x80, TRUE);
    a2ce:	2101      	movs	r1, #1
    a2d0:	2080      	movs	r0, #128	@ 0x80
}
    a2d2:	b005      	add	sp, #20
    a2d4:	e8bd 4030 	ldmia.w	sp!, {r4, r5, lr}
	USBHwEPStall(0x80, TRUE);
    a2d8:	f000 b932 	b.w	a540 <USBHwEPStall>
		BOOL fFilterStatus = FALSE;
    a2dc:	9103      	str	r1, [sp, #12]
		if(USBFilterOsVendorMessage(pSetup, &fFilterStatus, piLen, ppbData)) {
    a2de:	4620      	mov	r0, r4
    a2e0:	f104 0308 	add.w	r3, r4, #8
    a2e4:	f104 0220 	add.w	r2, r4, #32
    a2e8:	a903      	add	r1, sp, #12
    a2ea:	f000 fb3d 	bl	a968 <USBFilterOsVendorMessage>
    a2ee:	2800      	cmp	r0, #0
    a2f0:	d091      	beq.n	a216 <USBHandleControlTransfer+0x42>
			return fFilterStatus;
    a2f2:	9803      	ldr	r0, [sp, #12]
    a2f4:	e79a      	b.n	a22c <USBHandleControlTransfer+0x58>
		BOOL fFilterStatus = FALSE;
    a2f6:	f04f 0c00 	mov.w	ip, #0
		if(USBFilterOsVendorMessage(pSetup, &fFilterStatus, piLen, ppbData)) {
    a2fa:	4b08      	ldr	r3, [pc, #32]	@ (a31c <USBHandleControlTransfer+0x148>)
    a2fc:	a903      	add	r1, sp, #12
    a2fe:	f103 0218 	add.w	r2, r3, #24
    a302:	f1a3 0008 	sub.w	r0, r3, #8
		BOOL fFilterStatus = FALSE;
    a306:	f8cd c00c 	str.w	ip, [sp, #12]
		if(USBFilterOsVendorMessage(pSetup, &fFilterStatus, piLen, ppbData)) {
    a30a:	f000 fb2d 	bl	a968 <USBFilterOsVendorMessage>
    a30e:	2800      	cmp	r0, #0
    a310:	d0ad      	beq.n	a26e <USBHandleControlTransfer+0x9a>
			return fFilterStatus;
    a312:	9803      	ldr	r0, [sp, #12]
    a314:	e7b5      	b.n	a282 <USBHandleControlTransfer+0xae>
    a316:	bf00      	nop
    a318:	10002554 	.word	0x10002554
    a31c:	1000255c 	.word	0x1000255c

0000a320 <USBRegisterRequestHandler>:
 */
void USBRegisterRequestHandler(int iType, TFnHandleRequest *pfnHandler, U8 *pbDataStore)
{
	ASSERT(iType >= 0);
	ASSERT(iType < 4);
	apfnReqHandlers[iType] = pfnHandler;
    a320:	4b02      	ldr	r3, [pc, #8]	@ (a32c <USBRegisterRequestHandler+0xc>)
    a322:	eb03 0080 	add.w	r0, r3, r0, lsl #2
    a326:	6241      	str	r1, [r0, #36]	@ 0x24
	apbDataStore[iType] = pbDataStore;
    a328:	60c2      	str	r2, [r0, #12]
}
    a32a:	4770      	bx	lr
    a32c:	10002554 	.word	0x10002554

0000a330 <HandleUsbReset>:
static void HandleUsbReset(U8 bDevStatus)
{
	if (bDevStatus & DEV_STATUS_RESET) {
		DBG("\n!");
	}
}
    a330:	4770      	bx	lr
    a332:	bf00      	nop

0000a334 <USBInit>:
	installing default callbacks.
	
	@return TRUE if initialisation was successful
 */
BOOL USBInit(void)
{
    a334:	b508      	push	{r3, lr}
	// init hardware
	USBHwInit();
    a336:	f000 faab 	bl	a890 <USBHwInit>
	
	// register bus reset handler
	USBHwRegisterDevIntHandler(HandleUsbReset);
    a33a:	480d      	ldr	r0, [pc, #52]	@ (a370 <USBInit+0x3c>)
    a33c:	f000 f880 	bl	a440 <USBHwRegisterDevIntHandler>
	
	// register control transfer handler on EP0
	USBHwRegisterEPIntHandler(0x00, USBHandleControlTransfer);
    a340:	2000      	movs	r0, #0
    a342:	490c      	ldr	r1, [pc, #48]	@ (a374 <USBInit+0x40>)
    a344:	f000 f85c 	bl	a400 <USBHwRegisterEPIntHandler>
	USBHwRegisterEPIntHandler(0x80, USBHandleControlTransfer);
    a348:	2080      	movs	r0, #128	@ 0x80
    a34a:	490a      	ldr	r1, [pc, #40]	@ (a374 <USBInit+0x40>)
    a34c:	f000 f858 	bl	a400 <USBHwRegisterEPIntHandler>
	
	// setup control endpoints
	USBHwEPConfig(0x00, MAX_PACKET_SIZE0);
    a350:	2140      	movs	r1, #64	@ 0x40
    a352:	2000      	movs	r0, #0
    a354:	f000 f814 	bl	a380 <USBHwEPConfig>
	USBHwEPConfig(0x80, MAX_PACKET_SIZE0);
    a358:	2140      	movs	r1, #64	@ 0x40
    a35a:	2080      	movs	r0, #128	@ 0x80
    a35c:	f000 f810 	bl	a380 <USBHwEPConfig>
	
	// register standard request handler
	USBRegisterRequestHandler(REQTYPE_TYPE_STANDARD, USBHandleStandardRequest, abStdReqData);
    a360:	2000      	movs	r0, #0
    a362:	4a05      	ldr	r2, [pc, #20]	@ (a378 <USBInit+0x44>)
    a364:	4905      	ldr	r1, [pc, #20]	@ (a37c <USBInit+0x48>)
    a366:	f7ff ffdb 	bl	a320 <USBRegisterRequestHandler>

	return TRUE;
}
    a36a:	2001      	movs	r0, #1
    a36c:	bd08      	pop	{r3, pc}
    a36e:	bf00      	nop
    a370:	0000a331 	.word	0x0000a331
    a374:	0000a1d5 	.word	0x0000a1d5
    a378:	10002588 	.word	0x10002588
    a37c:	0000aa1d 	.word	0x0000aa1d

0000a380 <USBHwEPConfig>:
        
    @param [in] bEP             Endpoint number
    @param [in] wMaxPacketSize  Maximum packet size for this EP
 */
void USBHwEPConfig(U8 bEP, U16 wMaxPacketSize)
{
    a380:	b500      	push	{lr}
    USBReEp |= (1 << idx);
    a382:	f04f 0c01 	mov.w	ip, #1
    a386:	4a1d      	ldr	r2, [pc, #116]	@ (a3fc <USBHwEPConfig+0x7c>)
    int idx;
    
    idx = EP2IDX(bEP);
    a388:	fa00 f30c 	lsl.w	r3, r0, ip
    a38c:	f003 031e 	and.w	r3, r3, #30
    USBReEp |= (1 << idx);
    a390:	f8d2 e244 	ldr.w	lr, [r2, #580]	@ 0x244
    idx = EP2IDX(bEP);
    a394:	ea43 10d0 	orr.w	r0, r3, r0, lsr #7
    USBReEp |= (1 << idx);
    a398:	fa0c fc00 	lsl.w	ip, ip, r0
    a39c:	ea4c 030e 	orr.w	r3, ip, lr
    a3a0:	f8c2 3244 	str.w	r3, [r2, #580]	@ 0x244
    USBEpIn = idx;
    a3a4:	f8c2 0248 	str.w	r0, [r2, #584]	@ 0x248
    USBMaxPSize = wMaxPSize;
    a3a8:	f8c2 124c 	str.w	r1, [r2, #588]	@ 0x24c
    while ((USBDevIntSt & dwIntr) != dwIntr);
    a3ac:	f8d2 3200 	ldr.w	r3, [r2, #512]	@ 0x200
    a3b0:	05d9      	lsls	r1, r3, #23
    a3b2:	d5fb      	bpl.n	a3ac <USBHwEPConfig+0x2c>
    USBDevIntClr = dwIntr;
    a3b4:	f44f 7e80 	mov.w	lr, #256	@ 0x100
    USBDevIntClr = CDFULL | CCEMTY;
    a3b8:	f04f 0c30 	mov.w	ip, #48	@ 0x30
    USBCmdCode = 0x00000500 | (bCmd << 16);
    a3bc:	0403      	lsls	r3, r0, #16
    a3be:	f443 0380 	orr.w	r3, r3, #4194304	@ 0x400000
    a3c2:	f443 63a0 	orr.w	r3, r3, #1280	@ 0x500
    while ((USBDevIntSt & dwIntr) != dwIntr);
    a3c6:	490d      	ldr	r1, [pc, #52]	@ (a3fc <USBHwEPConfig+0x7c>)
    USBDevIntClr = dwIntr;
    a3c8:	f8c2 e208 	str.w	lr, [r2, #520]	@ 0x208
    USBDevIntClr = CDFULL | CCEMTY;
    a3cc:	f8c2 c208 	str.w	ip, [r2, #520]	@ 0x208
    USBCmdCode = 0x00000500 | (bCmd << 16);
    a3d0:	f8c2 3210 	str.w	r3, [r2, #528]	@ 0x210
    while ((USBDevIntSt & dwIntr) != dwIntr);
    a3d4:	f8d1 3200 	ldr.w	r3, [r1, #512]	@ 0x200
    a3d8:	06da      	lsls	r2, r3, #27
    a3da:	d5fb      	bpl.n	a3d4 <USBHwEPConfig+0x54>
    USBDevIntClr = dwIntr;
    a3dc:	2010      	movs	r0, #16
    USBCmdCode = 0x00000100 | (bData << 16);
    a3de:	f44f 7380 	mov.w	r3, #256	@ 0x100
    while ((USBDevIntSt & dwIntr) != dwIntr);
    a3e2:	4a06      	ldr	r2, [pc, #24]	@ (a3fc <USBHwEPConfig+0x7c>)
    USBDevIntClr = dwIntr;
    a3e4:	f8c1 0208 	str.w	r0, [r1, #520]	@ 0x208
    USBCmdCode = 0x00000100 | (bData << 16);
    a3e8:	f8c1 3210 	str.w	r3, [r1, #528]	@ 0x210
    while ((USBDevIntSt & dwIntr) != dwIntr);
    a3ec:	f8d2 3200 	ldr.w	r3, [r2, #512]	@ 0x200
    a3f0:	06db      	lsls	r3, r3, #27
    a3f2:	d5fb      	bpl.n	a3ec <USBHwEPConfig+0x6c>
    USBDevIntClr = dwIntr;
    a3f4:	2310      	movs	r3, #16
    a3f6:	f8c2 3208 	str.w	r3, [r2, #520]	@ 0x208
    // realise EP
    USBHwEPRealize(idx, wMaxPacketSize);

    // enable EP
    USBHwEPEnable(idx, TRUE);
}
    a3fa:	bd00      	pop	{pc}
    a3fc:	5000c000 	.word	0x5000c000

0000a400 <USBHwRegisterEPIntHandler>:
        
    @param [in] bEP             Endpoint number
    @param [in] pfnHandler      Callback function
 */
void USBHwRegisterEPIntHandler(U8 bEP, TFnEPIntHandler *pfnHandler)
{
    a400:	b510      	push	{r4, lr}

    /* add handler to list of EP handlers */
    _apfnEPIntHandlers[idx / 2] = pfnHandler;
    
    /* enable EP interrupt */
    USBEpIntEn |= (1 << idx);
    a402:	2201      	movs	r2, #1
    a404:	f8df c030 	ldr.w	ip, [pc, #48]	@ a438 <USBHwRegisterEPIntHandler+0x38>
    idx = EP2IDX(bEP);
    a408:	fa00 f302 	lsl.w	r3, r0, r2
    _apfnEPIntHandlers[idx / 2] = pfnHandler;
    a40c:	4c0b      	ldr	r4, [pc, #44]	@ (a43c <USBHwRegisterEPIntHandler+0x3c>)
    idx = EP2IDX(bEP);
    a40e:	f003 031e 	and.w	r3, r3, #30
    USBEpIntEn |= (1 << idx);
    a412:	f8dc e234 	ldr.w	lr, [ip, #564]	@ 0x234
    _apfnEPIntHandlers[idx / 2] = pfnHandler;
    a416:	f844 1013 	str.w	r1, [r4, r3, lsl #1]
    idx = EP2IDX(bEP);
    a41a:	ea43 13d0 	orr.w	r3, r3, r0, lsr #7
    USBEpIntEn |= (1 << idx);
    a41e:	409a      	lsls	r2, r3
    a420:	ea42 020e 	orr.w	r2, r2, lr
    a424:	f8cc 2234 	str.w	r2, [ip, #564]	@ 0x234
    USBDevIntEn |= EP_SLOW;
    a428:	f8dc 3204 	ldr.w	r3, [ip, #516]	@ 0x204
    a42c:	f043 0304 	orr.w	r3, r3, #4
    a430:	f8cc 3204 	str.w	r3, [ip, #516]	@ 0x204
    
    DBG("Registered handler for EP 0x%x\n", bEP);
}
    a434:	bd10      	pop	{r4, pc}
    a436:	bf00      	nop
    a438:	5000c000 	.word	0x5000c000
    a43c:	10002590 	.word	0x10002590

0000a440 <USBHwRegisterDevIntHandler>:
void USBHwRegisterDevIntHandler(TFnDevIntHandler *pfnHandler)
{
    _pfnDevIntHandler = pfnHandler;
    
    // enable device interrupt
    USBDevIntEn |= DEV_STAT;
    a440:	4a04      	ldr	r2, [pc, #16]	@ (a454 <USBHwRegisterDevIntHandler+0x14>)
    _pfnDevIntHandler = pfnHandler;
    a442:	4905      	ldr	r1, [pc, #20]	@ (a458 <USBHwRegisterDevIntHandler+0x18>)
    USBDevIntEn |= DEV_STAT;
    a444:	f8d2 3204 	ldr.w	r3, [r2, #516]	@ 0x204
    a448:	f043 0308 	orr.w	r3, r3, #8
    a44c:	f8c2 3204 	str.w	r3, [r2, #516]	@ 0x204
    _pfnDevIntHandler = pfnHandler;
    a450:	6408      	str	r0, [r1, #64]	@ 0x40

    DBG("Registered handler for device status\n");
}
    a452:	4770      	bx	lr
    a454:	5000c000 	.word	0x5000c000
    a458:	10002590 	.word	0x10002590

0000a45c <USBHwSetAddress>:
    USBDevIntClr = CDFULL | CCEMTY;
    a45c:	2130      	movs	r1, #48	@ 0x30
    a45e:	4a0f      	ldr	r2, [pc, #60]	@ (a49c <USBHwSetAddress+0x40>)
    USBCmdCode = 0x00000500 | (bCmd << 16);
    a460:	4b0f      	ldr	r3, [pc, #60]	@ (a4a0 <USBHwSetAddress+0x44>)
    USBDevIntClr = CDFULL | CCEMTY;
    a462:	f8c2 1208 	str.w	r1, [r2, #520]	@ 0x208
        
    @param [in] bAddr       Device address to set
 */
void USBHwSetAddress(U8 bAddr)
{
    USBHwCmdWrite(CMD_DEV_SET_ADDRESS, DEV_EN | bAddr);
    a466:	f040 0080 	orr.w	r0, r0, #128	@ 0x80
    USBCmdCode = 0x00000500 | (bCmd << 16);
    a46a:	f8c2 3210 	str.w	r3, [r2, #528]	@ 0x210
    while ((USBDevIntSt & dwIntr) != dwIntr);
    a46e:	f8d2 3200 	ldr.w	r3, [r2, #512]	@ 0x200
    a472:	06d9      	lsls	r1, r3, #27
    a474:	d5fb      	bpl.n	a46e <USBHwSetAddress+0x12>
    USBDevIntClr = dwIntr;
    a476:	f04f 0c10 	mov.w	ip, #16
    USBCmdCode = 0x00000100 | (bData << 16);
    a47a:	fa00 f30c 	lsl.w	r3, r0, ip
    a47e:	f443 7380 	orr.w	r3, r3, #256	@ 0x100
    while ((USBDevIntSt & dwIntr) != dwIntr);
    a482:	4906      	ldr	r1, [pc, #24]	@ (a49c <USBHwSetAddress+0x40>)
    USBDevIntClr = dwIntr;
    a484:	f8c2 c208 	str.w	ip, [r2, #520]	@ 0x208
    USBCmdCode = 0x00000100 | (bData << 16);
    a488:	f8c2 3210 	str.w	r3, [r2, #528]	@ 0x210
    while ((USBDevIntSt & dwIntr) != dwIntr);
    a48c:	f8d1 3200 	ldr.w	r3, [r1, #512]	@ 0x200
    a490:	06db      	lsls	r3, r3, #27
    a492:	d5fb      	bpl.n	a48c <USBHwSetAddress+0x30>
    USBDevIntClr = dwIntr;
    a494:	2310      	movs	r3, #16
    a496:	f8c1 3208 	str.w	r3, [r1, #520]	@ 0x208
}
    a49a:	4770      	bx	lr
    a49c:	5000c000 	.word	0x5000c000
    a4a0:	00d00500 	.word	0x00d00500

0000a4a4 <USBHwConnect>:
    USBDevIntClr = CDFULL | CCEMTY;
    a4a4:	2130      	movs	r1, #48	@ 0x30
    FIO0CLR = (1<<14);
  else
    FIO0SET = (1<<14);
#endif
#endif
    USBHwCmdWrite(CMD_DEV_STATUS, fConnect ? CON : 0);
    a4a6:	3800      	subs	r0, #0
    a4a8:	bf18      	it	ne
    a4aa:	2001      	movne	r0, #1
    USBDevIntClr = CDFULL | CCEMTY;
    a4ac:	4a0e      	ldr	r2, [pc, #56]	@ (a4e8 <USBHwConnect+0x44>)
    USBCmdCode = 0x00000500 | (bCmd << 16);
    a4ae:	4b0f      	ldr	r3, [pc, #60]	@ (a4ec <USBHwConnect+0x48>)
    USBDevIntClr = CDFULL | CCEMTY;
    a4b0:	f8c2 1208 	str.w	r1, [r2, #520]	@ 0x208
    USBCmdCode = 0x00000500 | (bCmd << 16);
    a4b4:	f8c2 3210 	str.w	r3, [r2, #528]	@ 0x210
    while ((USBDevIntSt & dwIntr) != dwIntr);
    a4b8:	f8d2 3200 	ldr.w	r3, [r2, #512]	@ 0x200
    a4bc:	06d9      	lsls	r1, r3, #27
    a4be:	d5fb      	bpl.n	a4b8 <USBHwConnect+0x14>
    USBDevIntClr = dwIntr;
    a4c0:	f04f 0c10 	mov.w	ip, #16
    USBCmdCode = 0x00000100 | (bData << 16);
    a4c4:	fa00 f30c 	lsl.w	r3, r0, ip
    a4c8:	f443 7380 	orr.w	r3, r3, #256	@ 0x100
    while ((USBDevIntSt & dwIntr) != dwIntr);
    a4cc:	4906      	ldr	r1, [pc, #24]	@ (a4e8 <USBHwConnect+0x44>)
    USBDevIntClr = dwIntr;
    a4ce:	f8c2 c208 	str.w	ip, [r2, #520]	@ 0x208
    USBCmdCode = 0x00000100 | (bData << 16);
    a4d2:	f8c2 3210 	str.w	r3, [r2, #528]	@ 0x210
    while ((USBDevIntSt & dwIntr) != dwIntr);
    a4d6:	f8d1 3200 	ldr.w	r3, [r1, #512]	@ 0x200
    a4da:	06db      	lsls	r3, r3, #27
    a4dc:	d5fb      	bpl.n	a4d6 <USBHwConnect+0x32>
    USBDevIntClr = dwIntr;
    a4de:	2310      	movs	r3, #16
    a4e0:	f8c1 3208 	str.w	r3, [r1, #520]	@ 0x208
}
    a4e4:	4770      	bx	lr
    a4e6:	bf00      	nop
    a4e8:	5000c000 	.word	0x5000c000
    a4ec:	00fe0500 	.word	0x00fe0500

0000a4f0 <USBHwEPGetStatus>:
    USBDevIntClr = CDFULL | CCEMTY;
    a4f0:	2130      	movs	r1, #48	@ 0x30
    @param [in] bEP     Endpoint number
    @return Endpoint status byte (containing EP_STATUS_xxx bits)
 */
U8  USBHwEPGetStatus(U8 bEP)
{
    int idx = EP2IDX(bEP);
    a4f2:	0043      	lsls	r3, r0, #1
    a4f4:	f003 031e 	and.w	r3, r3, #30
    a4f8:	ea43 10d0 	orr.w	r0, r3, r0, lsr #7
    USBDevIntClr = CDFULL | CCEMTY;
    a4fc:	4a0f      	ldr	r2, [pc, #60]	@ (a53c <USBHwEPGetStatus+0x4c>)
    USBCmdCode = 0x00000500 | (bCmd << 16);
    a4fe:	0400      	lsls	r0, r0, #16
    a500:	f440 63a0 	orr.w	r3, r0, #1280	@ 0x500
    USBDevIntClr = CDFULL | CCEMTY;
    a504:	f8c2 1208 	str.w	r1, [r2, #520]	@ 0x208
    USBCmdCode = 0x00000500 | (bCmd << 16);
    a508:	f8c2 3210 	str.w	r3, [r2, #528]	@ 0x210
    while ((USBDevIntSt & dwIntr) != dwIntr);
    a50c:	f8d2 3200 	ldr.w	r3, [r2, #512]	@ 0x200
    a510:	06d9      	lsls	r1, r3, #27
    a512:	d5fb      	bpl.n	a50c <USBHwEPGetStatus+0x1c>
    USBDevIntClr = dwIntr;
    a514:	2310      	movs	r3, #16
    USBCmdCode = 0x00000200 | (bCmd << 16);
    a516:	f440 7000 	orr.w	r0, r0, #512	@ 0x200
    while ((USBDevIntSt & dwIntr) != dwIntr);
    a51a:	4908      	ldr	r1, [pc, #32]	@ (a53c <USBHwEPGetStatus+0x4c>)
    USBDevIntClr = dwIntr;
    a51c:	f8c2 3208 	str.w	r3, [r2, #520]	@ 0x208
    USBCmdCode = 0x00000200 | (bCmd << 16);
    a520:	f8c2 0210 	str.w	r0, [r2, #528]	@ 0x210
    while ((USBDevIntSt & dwIntr) != dwIntr);
    a524:	f8d1 3200 	ldr.w	r3, [r1, #512]	@ 0x200
    a528:	069b      	lsls	r3, r3, #26
    a52a:	d5fb      	bpl.n	a524 <USBHwEPGetStatus+0x34>
    USBDevIntClr = dwIntr;
    a52c:	2320      	movs	r3, #32
    a52e:	f8c1 3208 	str.w	r3, [r1, #520]	@ 0x208
    return USBCmdData;
    a532:	f8d1 0214 	ldr.w	r0, [r1, #532]	@ 0x214

    return USBHwCmdRead(CMD_EP_SELECT | idx);
}
    a536:	b2c0      	uxtb	r0, r0
    a538:	4770      	bx	lr
    a53a:	bf00      	nop
    a53c:	5000c000 	.word	0x5000c000

0000a540 <USBHwEPStall>:
    USBDevIntClr = CDFULL | CCEMTY;
    a540:	f04f 0c30 	mov.w	ip, #48	@ 0x30
 */
void USBHwEPStall(U8 bEP, BOOL fStall)
{
    int idx = EP2IDX(bEP);

    USBHwCmdWrite(CMD_EP_SET_STATUS | idx, fStall ? EP_ST : 0);
    a544:	3900      	subs	r1, #0
    a546:	bf18      	it	ne
    a548:	2101      	movne	r1, #1
    int idx = EP2IDX(bEP);
    a54a:	0043      	lsls	r3, r0, #1
    a54c:	f003 031e 	and.w	r3, r3, #30
    a550:	ea43 13d0 	orr.w	r3, r3, r0, lsr #7
    USBCmdCode = 0x00000500 | (bCmd << 16);
    a554:	041b      	lsls	r3, r3, #16
    USBDevIntClr = CDFULL | CCEMTY;
    a556:	4a0f      	ldr	r2, [pc, #60]	@ (a594 <USBHwEPStall+0x54>)
    USBCmdCode = 0x00000500 | (bCmd << 16);
    a558:	f443 0380 	orr.w	r3, r3, #4194304	@ 0x400000
    a55c:	f443 63a0 	orr.w	r3, r3, #1280	@ 0x500
    USBDevIntClr = CDFULL | CCEMTY;
    a560:	f8c2 c208 	str.w	ip, [r2, #520]	@ 0x208
    USBCmdCode = 0x00000500 | (bCmd << 16);
    a564:	f8c2 3210 	str.w	r3, [r2, #528]	@ 0x210
    while ((USBDevIntSt & dwIntr) != dwIntr);
    a568:	f8d2 3200 	ldr.w	r3, [r2, #512]	@ 0x200
    a56c:	06d8      	lsls	r0, r3, #27
    a56e:	d5fb      	bpl.n	a568 <USBHwEPStall+0x28>
    USBDevIntClr = dwIntr;
    a570:	2010      	movs	r0, #16
    USBCmdCode = 0x00000100 | (bData << 16);
    a572:	4081      	lsls	r1, r0
    a574:	f441 7380 	orr.w	r3, r1, #256	@ 0x100
    while ((USBDevIntSt & dwIntr) != dwIntr);
    a578:	4906      	ldr	r1, [pc, #24]	@ (a594 <USBHwEPStall+0x54>)
    USBDevIntClr = dwIntr;
    a57a:	f8c2 0208 	str.w	r0, [r2, #520]	@ 0x208
    USBCmdCode = 0x00000100 | (bData << 16);
    a57e:	f8c2 3210 	str.w	r3, [r2, #528]	@ 0x210
    while ((USBDevIntSt & dwIntr) != dwIntr);
    a582:	f8d1 3200 	ldr.w	r3, [r1, #512]	@ 0x200
    a586:	06db      	lsls	r3, r3, #27
    a588:	d5fb      	bpl.n	a582 <USBHwEPStall+0x42>
    USBDevIntClr = dwIntr;
    a58a:	2310      	movs	r3, #16
    a58c:	f8c1 3208 	str.w	r3, [r1, #520]	@ 0x208
}
    a590:	4770      	bx	lr
    a592:	bf00      	nop
    a594:	5000c000 	.word	0x5000c000

0000a598 <USBHwEPWrite>:
    @param [in] iLen    Number of bytes to write
            
    @return number of bytes written into the endpoint buffer
*/
int USBHwEPWrite(U8 bEP, U8 *pbBuf, U32 iLen)
{
    a598:	b500      	push	{lr}
    a59a:	4686      	mov	lr, r0
    a59c:	4610      	mov	r0, r2
    U32 idx;
    
    idx = EP2IDX(bEP);
    
    // set write enable for specific endpoint
    USBCtrl = WR_EN | ((bEP & 0xF) << 2);
    a59e:	ea4f 028e 	mov.w	r2, lr, lsl #2
    a5a2:	4b20      	ldr	r3, [pc, #128]	@ (a624 <USBHwEPWrite+0x8c>)
    a5a4:	f002 023c 	and.w	r2, r2, #60	@ 0x3c
    a5a8:	f042 0202 	orr.w	r2, r2, #2
    a5ac:	f8c3 2228 	str.w	r2, [r3, #552]	@ 0x228
    
    // set packet length
    USBTxPLen = iLen;
    a5b0:	f8c3 0224 	str.w	r0, [r3, #548]	@ 0x224
    
    // write data
    while (USBCtrl & WR_EN) {
    a5b4:	f8d3 2228 	ldr.w	r2, [r3, #552]	@ 0x228
    idx = EP2IDX(bEP);
    a5b8:	ea4f 0c4e 	mov.w	ip, lr, lsl #1
    a5bc:	f00c 0c1e 	and.w	ip, ip, #30
    while (USBCtrl & WR_EN) {
    a5c0:	0792      	lsls	r2, r2, #30
    idx = EP2IDX(bEP);
    a5c2:	ea4c 1cde 	orr.w	ip, ip, lr, lsr #7
    while (USBCtrl & WR_EN) {
    a5c6:	d507      	bpl.n	a5d8 <USBHwEPWrite+0x40>
        USBTxData = (pbBuf[3] << 24) | (pbBuf[2] << 16) | (pbBuf[1] << 8) | pbBuf[0];
    a5c8:	f851 2b04 	ldr.w	r2, [r1], #4
    a5cc:	f8c3 221c 	str.w	r2, [r3, #540]	@ 0x21c
    while (USBCtrl & WR_EN) {
    a5d0:	f8d3 2228 	ldr.w	r2, [r3, #552]	@ 0x228
    a5d4:	0792      	lsls	r2, r2, #30
    a5d6:	d4f7      	bmi.n	a5c8 <USBHwEPWrite+0x30>
        pbBuf += 4;
    }

    USBCtrl = 0;
    a5d8:	f04f 0e00 	mov.w	lr, #0
    USBDevIntClr = CDFULL | CCEMTY;
    a5dc:	2230      	movs	r2, #48	@ 0x30
    USBCtrl = 0;
    a5de:	4911      	ldr	r1, [pc, #68]	@ (a624 <USBHwEPWrite+0x8c>)
    USBCmdCode = 0x00000500 | (bCmd << 16);
    a5e0:	ea4f 4c0c 	mov.w	ip, ip, lsl #16
    a5e4:	f44c 63a0 	orr.w	r3, ip, #1280	@ 0x500
    USBCtrl = 0;
    a5e8:	f8c1 e228 	str.w	lr, [r1, #552]	@ 0x228
    USBDevIntClr = CDFULL | CCEMTY;
    a5ec:	f8c1 2208 	str.w	r2, [r1, #520]	@ 0x208
    USBCmdCode = 0x00000500 | (bCmd << 16);
    a5f0:	f8c1 3210 	str.w	r3, [r1, #528]	@ 0x210
    while ((USBDevIntSt & dwIntr) != dwIntr);
    a5f4:	f8d1 3200 	ldr.w	r3, [r1, #512]	@ 0x200
    a5f8:	06da      	lsls	r2, r3, #27
    a5fa:	d5fb      	bpl.n	a5f4 <USBHwEPWrite+0x5c>
    USBDevIntClr = dwIntr;
    a5fc:	f04f 0e10 	mov.w	lr, #16
    USBDevIntClr = CDFULL | CCEMTY;
    a600:	f04f 0c30 	mov.w	ip, #48	@ 0x30
    USBCmdCode = 0x00000500 | (bCmd << 16);
    a604:	4b08      	ldr	r3, [pc, #32]	@ (a628 <USBHwEPWrite+0x90>)
    while ((USBDevIntSt & dwIntr) != dwIntr);
    a606:	4a07      	ldr	r2, [pc, #28]	@ (a624 <USBHwEPWrite+0x8c>)
    USBDevIntClr = dwIntr;
    a608:	f8c1 e208 	str.w	lr, [r1, #520]	@ 0x208
    USBDevIntClr = CDFULL | CCEMTY;
    a60c:	f8c1 c208 	str.w	ip, [r1, #520]	@ 0x208
    USBCmdCode = 0x00000500 | (bCmd << 16);
    a610:	f8c1 3210 	str.w	r3, [r1, #528]	@ 0x210
    while ((USBDevIntSt & dwIntr) != dwIntr);
    a614:	f8d2 3200 	ldr.w	r3, [r2, #512]	@ 0x200
    a618:	06db      	lsls	r3, r3, #27
    a61a:	d5fb      	bpl.n	a614 <USBHwEPWrite+0x7c>
    USBDevIntClr = dwIntr;
    a61c:	2310      	movs	r3, #16
    a61e:	f8c2 3208 	str.w	r3, [r2, #520]	@ 0x208
    // select endpoint and validate buffer
    USBHwCmd(CMD_EP_SELECT | idx);
    USBHwCmd(CMD_EP_VALIDATE_BUFFER);
    
    return iLen;
}
    a622:	bd00      	pop	{pc}
    a624:	5000c000 	.word	0x5000c000
    a628:	00fa0500 	.word	0x00fa0500

0000a62c <USBHwEPRead>:
            
    @return the number of bytes available in the EP (possibly more than iMaxLen),
    or <0 in case of error.
 */
int USBHwEPRead(U8 bEP, U8 *pbBuf, U32 iMaxLen)
{
    a62c:	b530      	push	{r4, r5, lr}
    U32 dwData, dwLen;
    
    idx = EP2IDX(bEP);
    
    // set read enable bit for specific endpoint
    USBCtrl = RD_EN | ((bEP & 0xF) << 2);
    a62e:	0083      	lsls	r3, r0, #2
    a630:	4c3c      	ldr	r4, [pc, #240]	@ (a724 <USBHwEPRead+0xf8>)
    a632:	f003 033c 	and.w	r3, r3, #60	@ 0x3c
    a636:	f043 0301 	orr.w	r3, r3, #1
    a63a:	f8c4 3228 	str.w	r3, [r4, #552]	@ 0x228
    
    // wait for PKT_RDY
    do {
        dwLen = USBRxPLen;
    a63e:	f8d4 3220 	ldr.w	r3, [r4, #544]	@ 0x220
    } while ((dwLen & PKT_RDY) == 0);
    a642:	051d      	lsls	r5, r3, #20
    a644:	d5fb      	bpl.n	a63e <USBHwEPRead+0x12>
    
    // packet valid?
    if ((dwLen & DV) == 0) {
    a646:	055c      	lsls	r4, r3, #21
    a648:	d569      	bpl.n	a71e <USBHwEPRead+0xf2>
    idx = EP2IDX(bEP);
    a64a:	ea4f 0c40 	mov.w	ip, r0, lsl #1
    a64e:	f00c 0c1e 	and.w	ip, ip, #30
        return -1;
    }
    
    // get length
    dwLen &= PKT_LNGTH_MASK;
    a652:	f3c3 0309 	ubfx	r3, r3, #0, #10
    idx = EP2IDX(bEP);
    a656:	ea4c 14d0 	orr.w	r4, ip, r0, lsr #7
    
    // get data
    dwData = 0;
    for (i = 0; i < dwLen; i++) {
    a65a:	b393      	cbz	r3, a6c2 <USBHwEPRead+0x96>
    a65c:	2900      	cmp	r1, #0
    a65e:	d053      	beq.n	a708 <USBHwEPRead+0xdc>
    a660:	b32a      	cbz	r2, a6ae <USBHwEPRead+0x82>
    dwData = 0;
    a662:	f04f 0e00 	mov.w	lr, #0
    a666:	4293      	cmp	r3, r2
    a668:	461d      	mov	r5, r3
    for (i = 0; i < dwLen; i++) {
    a66a:	46f4      	mov	ip, lr
    a66c:	bf28      	it	cs
    a66e:	4615      	movcs	r5, r2
    a670:	3901      	subs	r1, #1
        if ((i % 4) == 0) {
    a672:	f01c 0f03 	tst.w	ip, #3
    a676:	d10d      	bne.n	a694 <USBHwEPRead+0x68>
            dwData = USBRxData;
    a678:	482a      	ldr	r0, [pc, #168]	@ (a724 <USBHwEPRead+0xf8>)
    for (i = 0; i < dwLen; i++) {
    a67a:	f10c 0c01 	add.w	ip, ip, #1
            dwData = USBRxData;
    a67e:	f8d0 0218 	ldr.w	r0, [r0, #536]	@ 0x218
    for (i = 0; i < dwLen; i++) {
    a682:	4565      	cmp	r5, ip
        }
        if ((pbBuf != NULL) && (i < iMaxLen)) {
            pbBuf[i] = dwData & 0xFF;
    a684:	f801 0f01 	strb.w	r0, [r1, #1]!
    for (i = 0; i < dwLen; i++) {
    a688:	d90d      	bls.n	a6a6 <USBHwEPRead+0x7a>
        if ((i % 4) == 0) {
    a68a:	f01c 0f03 	tst.w	ip, #3
        }
        dwData >>= 8;
    a68e:	ea4f 2e10 	mov.w	lr, r0, lsr #8
        if ((i % 4) == 0) {
    a692:	d0f1      	beq.n	a678 <USBHwEPRead+0x4c>
    for (i = 0; i < dwLen; i++) {
    a694:	f10c 0c01 	add.w	ip, ip, #1
    a698:	45ac      	cmp	ip, r5
            pbBuf[i] = dwData & 0xFF;
    a69a:	f801 ef01 	strb.w	lr, [r1, #1]!
    for (i = 0; i < dwLen; i++) {
    a69e:	d202      	bcs.n	a6a6 <USBHwEPRead+0x7a>
        dwData >>= 8;
    a6a0:	ea4f 2e1e 	mov.w	lr, lr, lsr #8
    a6a4:	e7e5      	b.n	a672 <USBHwEPRead+0x46>
    a6a6:	4293      	cmp	r3, r2
    for (i = 0; i < dwLen; i++) {
    a6a8:	bf88      	it	hi
    a6aa:	462a      	movhi	r2, r5
    a6ac:	d909      	bls.n	a6c2 <USBHwEPRead+0x96>
            dwData = USBRxData;
    a6ae:	491d      	ldr	r1, [pc, #116]	@ (a724 <USBHwEPRead+0xf8>)
        if ((i % 4) == 0) {
    a6b0:	f012 0f03 	tst.w	r2, #3
    for (i = 0; i < dwLen; i++) {
    a6b4:	f102 0201 	add.w	r2, r2, #1
            dwData = USBRxData;
    a6b8:	bf08      	it	eq
    a6ba:	f8d1 0218 	ldreq.w	r0, [r1, #536]	@ 0x218
    for (i = 0; i < dwLen; i++) {
    a6be:	4293      	cmp	r3, r2
    a6c0:	d8f6      	bhi.n	a6b0 <USBHwEPRead+0x84>
    }

    // make sure RD_EN is clear
    USBCtrl = 0;
    a6c2:	2500      	movs	r5, #0
    USBDevIntClr = CDFULL | CCEMTY;
    a6c4:	2030      	movs	r0, #48	@ 0x30
    USBCtrl = 0;
    a6c6:	4917      	ldr	r1, [pc, #92]	@ (a724 <USBHwEPRead+0xf8>)
    USBCmdCode = 0x00000500 | (bCmd << 16);
    a6c8:	0422      	lsls	r2, r4, #16
    a6ca:	f442 62a0 	orr.w	r2, r2, #1280	@ 0x500
    USBCtrl = 0;
    a6ce:	f8c1 5228 	str.w	r5, [r1, #552]	@ 0x228
    USBDevIntClr = CDFULL | CCEMTY;
    a6d2:	f8c1 0208 	str.w	r0, [r1, #520]	@ 0x208
    USBCmdCode = 0x00000500 | (bCmd << 16);
    a6d6:	f8c1 2210 	str.w	r2, [r1, #528]	@ 0x210
    while ((USBDevIntSt & dwIntr) != dwIntr);
    a6da:	f8d1 2200 	ldr.w	r2, [r1, #512]	@ 0x200
    a6de:	06d0      	lsls	r0, r2, #27
    a6e0:	d5fb      	bpl.n	a6da <USBHwEPRead+0xae>
    USBDevIntClr = dwIntr;
    a6e2:	2410      	movs	r4, #16
    USBDevIntClr = CDFULL | CCEMTY;
    a6e4:	2030      	movs	r0, #48	@ 0x30
    USBCmdCode = 0x00000500 | (bCmd << 16);
    a6e6:	4a10      	ldr	r2, [pc, #64]	@ (a728 <USBHwEPRead+0xfc>)
    while ((USBDevIntSt & dwIntr) != dwIntr);
    a6e8:	4d0e      	ldr	r5, [pc, #56]	@ (a724 <USBHwEPRead+0xf8>)
    USBDevIntClr = dwIntr;
    a6ea:	f8c1 4208 	str.w	r4, [r1, #520]	@ 0x208
    USBDevIntClr = CDFULL | CCEMTY;
    a6ee:	f8c1 0208 	str.w	r0, [r1, #520]	@ 0x208
    USBCmdCode = 0x00000500 | (bCmd << 16);
    a6f2:	f8c1 2210 	str.w	r2, [r1, #528]	@ 0x210
    while ((USBDevIntSt & dwIntr) != dwIntr);
    a6f6:	f8d5 2200 	ldr.w	r2, [r5, #512]	@ 0x200
    a6fa:	06d2      	lsls	r2, r2, #27
    a6fc:	d5fb      	bpl.n	a6f6 <USBHwEPRead+0xca>
    USBDevIntClr = dwIntr;
    a6fe:	2210      	movs	r2, #16

    // select endpoint and clear buffer
    USBHwCmd(CMD_EP_SELECT | idx);
    USBHwCmd(CMD_EP_CLEAR_BUFFER);
    
    return dwLen;
    a700:	4618      	mov	r0, r3
    USBDevIntClr = dwIntr;
    a702:	f8c5 2208 	str.w	r2, [r5, #520]	@ 0x208
}
    a706:	bd30      	pop	{r4, r5, pc}
            dwData = USBRxData;
    a708:	4a06      	ldr	r2, [pc, #24]	@ (a724 <USBHwEPRead+0xf8>)
        if ((i % 4) == 0) {
    a70a:	f011 0f03 	tst.w	r1, #3
    for (i = 0; i < dwLen; i++) {
    a70e:	f101 0101 	add.w	r1, r1, #1
            dwData = USBRxData;
    a712:	bf08      	it	eq
    a714:	f8d2 0218 	ldreq.w	r0, [r2, #536]	@ 0x218
    for (i = 0; i < dwLen; i++) {
    a718:	428b      	cmp	r3, r1
    a71a:	d1f6      	bne.n	a70a <USBHwEPRead+0xde>
    a71c:	e7d1      	b.n	a6c2 <USBHwEPRead+0x96>
        return -1;
    a71e:	f04f 30ff 	mov.w	r0, #4294967295	@ 0xffffffff
}
    a722:	bd30      	pop	{r4, r5, pc}
    a724:	5000c000 	.word	0x5000c000
    a728:	00f20500 	.word	0x00f20500

0000a72c <USBHwConfigDevice>:
    USBDevIntClr = CDFULL | CCEMTY;
    a72c:	2130      	movs	r1, #48	@ 0x30
    @param [in] fConfigured If TRUE, configure device, else unconfigure
 */
void USBHwConfigDevice(BOOL fConfigured)
{
    // set configured bit
    USBHwCmdWrite(CMD_DEV_CONFIG, fConfigured ? CONF_DEVICE : 0);
    a72e:	3800      	subs	r0, #0
    a730:	bf18      	it	ne
    a732:	2001      	movne	r0, #1
    USBDevIntClr = CDFULL | CCEMTY;
    a734:	4a0e      	ldr	r2, [pc, #56]	@ (a770 <USBHwConfigDevice+0x44>)
    USBCmdCode = 0x00000500 | (bCmd << 16);
    a736:	4b0f      	ldr	r3, [pc, #60]	@ (a774 <USBHwConfigDevice+0x48>)
    USBDevIntClr = CDFULL | CCEMTY;
    a738:	f8c2 1208 	str.w	r1, [r2, #520]	@ 0x208
    USBCmdCode = 0x00000500 | (bCmd << 16);
    a73c:	f8c2 3210 	str.w	r3, [r2, #528]	@ 0x210
    while ((USBDevIntSt & dwIntr) != dwIntr);
    a740:	f8d2 3200 	ldr.w	r3, [r2, #512]	@ 0x200
    a744:	06d9      	lsls	r1, r3, #27
    a746:	d5fb      	bpl.n	a740 <USBHwConfigDevice+0x14>
    USBDevIntClr = dwIntr;
    a748:	f04f 0c10 	mov.w	ip, #16
    USBCmdCode = 0x00000100 | (bData << 16);
    a74c:	fa00 f30c 	lsl.w	r3, r0, ip
    a750:	f443 7380 	orr.w	r3, r3, #256	@ 0x100
    while ((USBDevIntSt & dwIntr) != dwIntr);
    a754:	4906      	ldr	r1, [pc, #24]	@ (a770 <USBHwConfigDevice+0x44>)
    USBDevIntClr = dwIntr;
    a756:	f8c2 c208 	str.w	ip, [r2, #520]	@ 0x208
    USBCmdCode = 0x00000100 | (bData << 16);
    a75a:	f8c2 3210 	str.w	r3, [r2, #528]	@ 0x210
    while ((USBDevIntSt & dwIntr) != dwIntr);
    a75e:	f8d1 3200 	ldr.w	r3, [r1, #512]	@ 0x200
    a762:	06db      	lsls	r3, r3, #27
    a764:	d5fb      	bpl.n	a75e <USBHwConfigDevice+0x32>
    USBDevIntClr = dwIntr;
    a766:	2310      	movs	r3, #16
    a768:	f8c1 3208 	str.w	r3, [r1, #520]	@ 0x208
}
    a76c:	4770      	bx	lr
    a76e:	bf00      	nop
    a770:	5000c000 	.word	0x5000c000
    a774:	00d80500 	.word	0x00d80500

0000a778 <USBHwISR>:
    @todo Get all 11 bits of frame number instead of just 8

    Endpoint interrupts are mapped to the slow interrupt
 */
void USBHwISR(void)
{
    a778:	b5f8      	push	{r3, r4, r5, r6, r7, lr}

// LED9 monitors total time in interrupt routine
DEBUG_LED_ON(9);

    // handle device interrupts
    dwStatus = USBDevIntSt;
    a77a:	4b3f      	ldr	r3, [pc, #252]	@ (a878 <USBHwISR+0x100>)
    a77c:	f8d3 4200 	ldr.w	r4, [r3, #512]	@ 0x200
    
    // frame interrupt
    if (dwStatus & FRAME) {
    a780:	07e1      	lsls	r1, r4, #31
    a782:	d521      	bpl.n	a7c8 <USBHwISR+0x50>
        // clear int
        USBDevIntClr = FRAME;
    a784:	2201      	movs	r2, #1
        // call handler
        if (_pfnFrameHandler != NULL) {
    a786:	493d      	ldr	r1, [pc, #244]	@ (a87c <USBHwISR+0x104>)
    a788:	6c49      	ldr	r1, [r1, #68]	@ 0x44
        USBDevIntClr = FRAME;
    a78a:	f8c3 2208 	str.w	r2, [r3, #520]	@ 0x208
        if (_pfnFrameHandler != NULL) {
    a78e:	b1d9      	cbz	r1, a7c8 <USBHwISR+0x50>
    USBDevIntClr = CDFULL | CCEMTY;
    a790:	2030      	movs	r0, #48	@ 0x30
    USBCmdCode = 0x00000500 | (bCmd << 16);
    a792:	4a3b      	ldr	r2, [pc, #236]	@ (a880 <USBHwISR+0x108>)
    USBDevIntClr = CDFULL | CCEMTY;
    a794:	f8c3 0208 	str.w	r0, [r3, #520]	@ 0x208
    USBCmdCode = 0x00000500 | (bCmd << 16);
    a798:	f8c3 2210 	str.w	r2, [r3, #528]	@ 0x210
    while ((USBDevIntSt & dwIntr) != dwIntr);
    a79c:	f8d3 2200 	ldr.w	r2, [r3, #512]	@ 0x200
    a7a0:	06d2      	lsls	r2, r2, #27
    a7a2:	d5fb      	bpl.n	a79c <USBHwISR+0x24>
    USBDevIntClr = dwIntr;
    a7a4:	2510      	movs	r5, #16
    USBCmdCode = 0x00000200 | (bCmd << 16);
    a7a6:	4837      	ldr	r0, [pc, #220]	@ (a884 <USBHwISR+0x10c>)
    while ((USBDevIntSt & dwIntr) != dwIntr);
    a7a8:	4a33      	ldr	r2, [pc, #204]	@ (a878 <USBHwISR+0x100>)
    USBDevIntClr = dwIntr;
    a7aa:	f8c3 5208 	str.w	r5, [r3, #520]	@ 0x208
    USBCmdCode = 0x00000200 | (bCmd << 16);
    a7ae:	f8c3 0210 	str.w	r0, [r3, #528]	@ 0x210
    while ((USBDevIntSt & dwIntr) != dwIntr);
    a7b2:	f8d2 3200 	ldr.w	r3, [r2, #512]	@ 0x200
    a7b6:	069f      	lsls	r7, r3, #26
    a7b8:	d5fb      	bpl.n	a7b2 <USBHwISR+0x3a>
    USBDevIntClr = dwIntr;
    a7ba:	2320      	movs	r3, #32
    a7bc:	f8c2 3208 	str.w	r3, [r2, #520]	@ 0x208
    return USBCmdData;
    a7c0:	f8d2 0214 	ldr.w	r0, [r2, #532]	@ 0x214
            wFrame = USBHwCmdRead(CMD_DEV_READ_CUR_FRAME_NR);
            _pfnFrameHandler(wFrame);
    a7c4:	b2c0      	uxtb	r0, r0
    a7c6:	4788      	blx	r1
        }
    }
    
    // device status interrupt
    if (dwStatus & DEV_STAT) {
    a7c8:	0726      	lsls	r6, r4, #28
    a7ca:	d520      	bpl.n	a80e <USBHwISR+0x96>
        /*  Clear DEV_STAT interrupt before reading DEV_STAT register.
            This prevents corrupted device status reads, see
            LPC2148 User manual revision 2, 25 july 2006.
        */
        USBDevIntClr = DEV_STAT;
    a7cc:	2008      	movs	r0, #8
    USBDevIntClr = CDFULL | CCEMTY;
    a7ce:	2130      	movs	r1, #48	@ 0x30
        USBDevIntClr = DEV_STAT;
    a7d0:	4a29      	ldr	r2, [pc, #164]	@ (a878 <USBHwISR+0x100>)
    USBCmdCode = 0x00000500 | (bCmd << 16);
    a7d2:	4b2d      	ldr	r3, [pc, #180]	@ (a888 <USBHwISR+0x110>)
        USBDevIntClr = DEV_STAT;
    a7d4:	f8c2 0208 	str.w	r0, [r2, #520]	@ 0x208
    USBDevIntClr = CDFULL | CCEMTY;
    a7d8:	f8c2 1208 	str.w	r1, [r2, #520]	@ 0x208
    USBCmdCode = 0x00000500 | (bCmd << 16);
    a7dc:	f8c2 3210 	str.w	r3, [r2, #528]	@ 0x210
    while ((USBDevIntSt & dwIntr) != dwIntr);
    a7e0:	f8d2 3200 	ldr.w	r3, [r2, #512]	@ 0x200
    a7e4:	06dd      	lsls	r5, r3, #27
    a7e6:	d5fb      	bpl.n	a7e0 <USBHwISR+0x68>
    USBDevIntClr = dwIntr;
    a7e8:	2010      	movs	r0, #16
    USBCmdCode = 0x00000200 | (bCmd << 16);
    a7ea:	4b28      	ldr	r3, [pc, #160]	@ (a88c <USBHwISR+0x114>)
    while ((USBDevIntSt & dwIntr) != dwIntr);
    a7ec:	4922      	ldr	r1, [pc, #136]	@ (a878 <USBHwISR+0x100>)
    USBDevIntClr = dwIntr;
    a7ee:	f8c2 0208 	str.w	r0, [r2, #520]	@ 0x208
    USBCmdCode = 0x00000200 | (bCmd << 16);
    a7f2:	f8c2 3210 	str.w	r3, [r2, #528]	@ 0x210
    while ((USBDevIntSt & dwIntr) != dwIntr);
    a7f6:	f8d1 3200 	ldr.w	r3, [r1, #512]	@ 0x200
    a7fa:	0698      	lsls	r0, r3, #26
    a7fc:	d5fb      	bpl.n	a7f6 <USBHwISR+0x7e>
    USBDevIntClr = dwIntr;
    a7fe:	2320      	movs	r3, #32
    a800:	f8c1 3208 	str.w	r3, [r1, #520]	@ 0x208
    return USBCmdData;
    a804:	f8d1 0214 	ldr.w	r0, [r1, #532]	@ 0x214
        bDevStat = USBHwCmdRead(CMD_DEV_STATUS);
        if (bDevStat & (CON_CH | SUS_CH | RST)) {
    a808:	f010 0f1a 	tst.w	r0, #26
    a80c:	d12c      	bne.n	a868 <USBHwISR+0xf0>
            }
        }
    }
    
    // endpoint interrupt
    if (dwStatus & EP_SLOW) {
    a80e:	0762      	lsls	r2, r4, #29
    a810:	d529      	bpl.n	a866 <USBHwISR+0xee>
        // clear EP_SLOW
        USBDevIntClr = EP_SLOW;
    a812:	2304      	movs	r3, #4
    a814:	4d18      	ldr	r5, [pc, #96]	@ (a878 <USBHwISR+0x100>)
        // check all endpoints
        for (i = 0; i < 32; i++) {
    a816:	2400      	movs	r4, #0
            dwIntBit = (1 << i);
    a818:	2701      	movs	r7, #1
                        ((bEPStat & EPSTAT_ST) ? EP_STATUS_STALLED : 0) |
                        ((bEPStat & EPSTAT_STP) ? EP_STATUS_SETUP : 0) |
                        ((bEPStat & EPSTAT_EPN) ? EP_STATUS_NACKED : 0) |
                        ((bEPStat & EPSTAT_PO) ? EP_STATUS_ERROR : 0);
                // call handler
                if (_apfnEPIntHandlers[i / 2] != NULL) {
    a81a:	4e18      	ldr	r6, [pc, #96]	@ (a87c <USBHwISR+0x104>)
        USBDevIntClr = EP_SLOW;
    a81c:	f8c5 3208 	str.w	r3, [r5, #520]	@ 0x208
        for (i = 0; i < 32; i++) {
    a820:	e002      	b.n	a828 <USBHwISR+0xb0>
    a822:	3401      	adds	r4, #1
    a824:	2c20      	cmp	r4, #32
    a826:	d01e      	beq.n	a866 <USBHwISR+0xee>
            if (USBEpIntSt & dwIntBit) {
    a828:	f8d5 2230 	ldr.w	r2, [r5, #560]	@ 0x230
            dwIntBit = (1 << i);
    a82c:	fa07 f304 	lsl.w	r3, r7, r4
            if (USBEpIntSt & dwIntBit) {
    a830:	421a      	tst	r2, r3
    a832:	d0f6      	beq.n	a822 <USBHwISR+0xaa>
                USBEpIntClr = dwIntBit;
    a834:	f8c5 3238 	str.w	r3, [r5, #568]	@ 0x238
    while ((USBDevIntSt & dwIntr) != dwIntr);
    a838:	f8d5 3200 	ldr.w	r3, [r5, #512]	@ 0x200
    a83c:	069b      	lsls	r3, r3, #26
    a83e:	d5fb      	bpl.n	a838 <USBHwISR+0xc0>
    USBDevIntClr = dwIntr;
    a840:	2220      	movs	r2, #32
                if (_apfnEPIntHandlers[i / 2] != NULL) {
    a842:	1060      	asrs	r0, r4, #1
    a844:	f856 3020 	ldr.w	r3, [r6, r0, lsl #2]
    USBDevIntClr = dwIntr;
    a848:	f8c5 2208 	str.w	r2, [r5, #520]	@ 0x208
                bEPStat = USBCmdData;
    a84c:	f8d5 1214 	ldr.w	r1, [r5, #532]	@ 0x214
                if (_apfnEPIntHandlers[i / 2] != NULL) {
    a850:	2b00      	cmp	r3, #0
    a852:	d0e6      	beq.n	a822 <USBHwISR+0xaa>
DEBUG_LED_ON(10);       
                    _apfnEPIntHandlers[i / 2](IDX2EP(i), bStat);
    a854:	ea40 10c4 	orr.w	r0, r0, r4, lsl #7
    a858:	f001 011f 	and.w	r1, r1, #31
    a85c:	b2c0      	uxtb	r0, r0
        for (i = 0; i < 32; i++) {
    a85e:	3401      	adds	r4, #1
                    _apfnEPIntHandlers[i / 2](IDX2EP(i), bStat);
    a860:	4798      	blx	r3
        for (i = 0; i < 32; i++) {
    a862:	2c20      	cmp	r4, #32
    a864:	d1e0      	bne.n	a828 <USBHwISR+0xb0>
            }
        }
    }
    
DEBUG_LED_OFF(9);       
}
    a866:	bdf8      	pop	{r3, r4, r5, r6, r7, pc}
            if (_pfnDevIntHandler != NULL) {
    a868:	4b04      	ldr	r3, [pc, #16]	@ (a87c <USBHwISR+0x104>)
    a86a:	6c1b      	ldr	r3, [r3, #64]	@ 0x40
    a86c:	2b00      	cmp	r3, #0
    a86e:	d0ce      	beq.n	a80e <USBHwISR+0x96>
                _pfnDevIntHandler(bStat);
    a870:	f000 0015 	and.w	r0, r0, #21
    a874:	4798      	blx	r3
    a876:	e7ca      	b.n	a80e <USBHwISR+0x96>
    a878:	5000c000 	.word	0x5000c000
    a87c:	10002590 	.word	0x10002590
    a880:	00f50500 	.word	0x00f50500
    a884:	00f50200 	.word	0x00f50200
    a888:	00fe0500 	.word	0x00fe0500
    a88c:	00fe0200 	.word	0x00fe0200

0000a890 <USBHwInit>:
    acts as a pull-up and so prevents detection of USB disconnect.
        
    @return TRUE if the hardware was successfully initialised
 */
BOOL USBHwInit(void)
{
    a890:	b500      	push	{lr}
#ifdef LPC17xx
	// P2.9 is USB_CONNECT
    PINSEL4 = (PINSEL4 & ~(3 << 18)) | (1 << 18);
    a892:	4b31      	ldr	r3, [pc, #196]	@ (a958 <USBHwInit+0xc8>)

	// P0.30 is USB_D-
    PINSEL1 = (PINSEL1 & ~(3 << 28)) | (1 << 28);

	// enable PUSB
	PCONP |= PCONP_PCUSB;
    a894:	4831      	ldr	r0, [pc, #196]	@ (a95c <USBHwInit+0xcc>)
    PINSEL4 = (PINSEL4 & ~(3 << 18)) | (1 << 18);
    a896:	6919      	ldr	r1, [r3, #16]

	/* enable the USB controller clocks */
    USBClkCtrl |= (USBClkCtrl_DEV_CLK_EN | USBClkCtrl_AHB_CLK_EN);
    a898:	4a31      	ldr	r2, [pc, #196]	@ (a960 <USBHwInit+0xd0>)
    PINSEL4 = (PINSEL4 & ~(3 << 18)) | (1 << 18);
    a89a:	f421 2140 	bic.w	r1, r1, #786432	@ 0xc0000
    a89e:	f441 2180 	orr.w	r1, r1, #262144	@ 0x40000
    a8a2:	6119      	str	r1, [r3, #16]
    PINSEL3 = (PINSEL3 & ~(3 << 4)) | (1 << 4);
    a8a4:	68d9      	ldr	r1, [r3, #12]
    a8a6:	f021 0130 	bic.w	r1, r1, #48	@ 0x30
    a8aa:	f041 0110 	orr.w	r1, r1, #16
    a8ae:	60d9      	str	r1, [r3, #12]
    PINSEL3 = (PINSEL3 & ~(3 << 28)) | (2 << 28);
    a8b0:	68d9      	ldr	r1, [r3, #12]
    a8b2:	f021 5140 	bic.w	r1, r1, #805306368	@ 0x30000000
    a8b6:	f041 5100 	orr.w	r1, r1, #536870912	@ 0x20000000
    a8ba:	60d9      	str	r1, [r3, #12]
    PINSEL1 = (PINSEL1 & ~(3 << 26)) | (1 << 26);
    a8bc:	6859      	ldr	r1, [r3, #4]
    a8be:	f021 6140 	bic.w	r1, r1, #201326592	@ 0xc000000
    a8c2:	f041 6180 	orr.w	r1, r1, #67108864	@ 0x4000000
    a8c6:	6059      	str	r1, [r3, #4]
    PINSEL1 = (PINSEL1 & ~(3 << 28)) | (1 << 28);
    a8c8:	6859      	ldr	r1, [r3, #4]
    a8ca:	f021 5140 	bic.w	r1, r1, #805306368	@ 0x30000000
    a8ce:	f041 5180 	orr.w	r1, r1, #268435456	@ 0x10000000
    a8d2:	6059      	str	r1, [r3, #4]
	PCONP |= PCONP_PCUSB;
    a8d4:	f8d0 30c4 	ldr.w	r3, [r0, #196]	@ 0xc4
    a8d8:	f043 4300 	orr.w	r3, r3, #2147483648	@ 0x80000000
    a8dc:	f8c0 30c4 	str.w	r3, [r0, #196]	@ 0xc4
    USBClkCtrl |= (USBClkCtrl_DEV_CLK_EN | USBClkCtrl_AHB_CLK_EN);
    a8e0:	f8d2 3ff4 	ldr.w	r3, [r2, #4084]	@ 0xff4
    a8e4:	f043 0312 	orr.w	r3, r3, #18
    a8e8:	f8c2 3ff4 	str.w	r3, [r2, #4084]	@ 0xff4
    while (!(USBClkSt & USBClkSt_DEV_CLK_ON));
    a8ec:	f8d2 3ff8 	ldr.w	r3, [r2, #4088]	@ 0xff8
    a8f0:	0798      	lsls	r0, r3, #30
    a8f2:	d5fb      	bpl.n	a8ec <USBHwInit+0x5c>
    while (!(USBClkSt & USBClkSt_AHB_CLK_ON));
    a8f4:	4a1a      	ldr	r2, [pc, #104]	@ (a960 <USBHwInit+0xd0>)
    a8f6:	f8d2 3ff8 	ldr.w	r3, [r2, #4088]	@ 0xff8
    a8fa:	06d9      	lsls	r1, r3, #27
    a8fc:	d5fb      	bpl.n	a8f6 <USBHwInit+0x66>
#endif

#endif
    
    // disable/clear all interrupts for now
    USBDevIntEn = 0;
    a8fe:	2300      	movs	r3, #0
    USBDevIntClr = 0xFFFFFFFF;
    a900:	f04f 30ff 	mov.w	r0, #4294967295	@ 0xffffffff
    USBDevIntClr = CDFULL | CCEMTY;
    a904:	f04f 0e30 	mov.w	lr, #48	@ 0x30
    USBCmdCode = 0x00000500 | (bCmd << 16);
    a908:	f8df c058 	ldr.w	ip, [pc, #88]	@ a964 <USBHwInit+0xd4>
    while ((USBDevIntSt & dwIntr) != dwIntr);
    a90c:	4914      	ldr	r1, [pc, #80]	@ (a960 <USBHwInit+0xd0>)
    USBDevIntEn = 0;
    a90e:	f8c2 3204 	str.w	r3, [r2, #516]	@ 0x204
    USBDevIntClr = 0xFFFFFFFF;
    a912:	f8c2 0208 	str.w	r0, [r2, #520]	@ 0x208
    USBDevIntPri = 0;
    a916:	f8c2 322c 	str.w	r3, [r2, #556]	@ 0x22c

    USBEpIntEn = 0;
    a91a:	f8c2 3234 	str.w	r3, [r2, #564]	@ 0x234
    USBEpIntClr = 0xFFFFFFFF;
    a91e:	f8c2 0238 	str.w	r0, [r2, #568]	@ 0x238
    USBEpIntPri = 0;
    a922:	f8c2 3240 	str.w	r3, [r2, #576]	@ 0x240
    USBDevIntClr = CDFULL | CCEMTY;
    a926:	f8c2 e208 	str.w	lr, [r2, #520]	@ 0x208
    USBCmdCode = 0x00000500 | (bCmd << 16);
    a92a:	f8c2 c210 	str.w	ip, [r2, #528]	@ 0x210
    while ((USBDevIntSt & dwIntr) != dwIntr);
    a92e:	f8d1 3200 	ldr.w	r3, [r1, #512]	@ 0x200
    a932:	06da      	lsls	r2, r3, #27
    a934:	d5fb      	bpl.n	a92e <USBHwInit+0x9e>
    USBDevIntClr = dwIntr;
    a936:	2010      	movs	r0, #16
    USBCmdCode = 0x00000100 | (bData << 16);
    a938:	f44f 7380 	mov.w	r3, #256	@ 0x100
    while ((USBDevIntSt & dwIntr) != dwIntr);
    a93c:	4a08      	ldr	r2, [pc, #32]	@ (a960 <USBHwInit+0xd0>)
    USBDevIntClr = dwIntr;
    a93e:	f8c1 0208 	str.w	r0, [r1, #520]	@ 0x208
    USBCmdCode = 0x00000100 | (bData << 16);
    a942:	f8c1 3210 	str.w	r3, [r1, #528]	@ 0x210
    while ((USBDevIntSt & dwIntr) != dwIntr);
    a946:	f8d2 3200 	ldr.w	r3, [r2, #512]	@ 0x200
    a94a:	06db      	lsls	r3, r3, #27
    a94c:	d5fb      	bpl.n	a946 <USBHwInit+0xb6>
    USBDevIntClr = dwIntr;
    a94e:	2310      	movs	r3, #16
    DEBUG_LED_INIT(8);
    DEBUG_LED_INIT(9);
    DEBUG_LED_INIT(10);

    return TRUE;
}
    a950:	2001      	movs	r0, #1
    USBDevIntClr = dwIntr;
    a952:	f8c2 3208 	str.w	r3, [r2, #520]	@ 0x208
}
    a956:	bd00      	pop	{pc}
    a958:	4002c000 	.word	0x4002c000
    a95c:	400fc000 	.word	0x400fc000
    a960:	5000c000 	.word	0x5000c000
    a964:	00f30500 	.word	0x00f30500

0000a968 <USBFilterOsVendorMessage>:
	@param [out]	*ppbData	Descriptor data
	
	@return TRUE if the request was handled by this filter, FALSE otherwise
 */
BOOL USBFilterOsVendorMessage(TSetupPacket *pSetup, BOOL *pfSuccess, int *piLen, U8 **ppbData)
{
    a968:	b510      	push	{r4, lr}
	if(bMsVendorIndex == 0)	{
    a96a:	f8df c068 	ldr.w	ip, [pc, #104]	@ a9d4 <USBFilterOsVendorMessage+0x6c>
    a96e:	f89c c000 	ldrb.w	ip, [ip]
    a972:	f1bc 0f00 	cmp.w	ip, #0
    a976:	d003      	beq.n	a980 <USBFilterOsVendorMessage+0x18>
		// Feature is disabled.
		return FALSE;
	}
	
	if(pSetup->bRequest == bMsVendorIndex) {
    a978:	f890 e001 	ldrb.w	lr, [r0, #1]
    a97c:	45e6      	cmp	lr, ip
    a97e:	d001      	beq.n	a984 <USBFilterOsVendorMessage+0x1c>
		return FALSE;
    a980:	2000      	movs	r0, #0
		return TRUE;
	}
	
	// These are not the requests you are looking for
	return FALSE;
}
    a982:	bd10      	pop	{r4, pc}
		*pfSuccess = FALSE;
    a984:	f04f 0e00 	mov.w	lr, #0
		switch (pSetup->wIndex) {
    a988:	f8b0 c004 	ldrh.w	ip, [r0, #4]
		*pfSuccess = FALSE;
    a98c:	f8c1 e000 	str.w	lr, [r1]
		switch (pSetup->wIndex) {
    a990:	f1bc 0f04 	cmp.w	ip, #4
    a994:	d019      	beq.n	a9ca <USBFilterOsVendorMessage+0x62>
    a996:	f1bc 0f05 	cmp.w	ip, #5
    a99a:	d114      	bne.n	a9c6 <USBFilterOsVendorMessage+0x5e>
    a99c:	f04f 0e92 	mov.w	lr, #146	@ 0x92
    a9a0:	4c0d      	ldr	r4, [pc, #52]	@ (a9d8 <USBFilterOsVendorMessage+0x70>)
		U8 bPageNumber = GET_OS_DESC_PAGE(pSetup->wValue);
    a9a2:	f8b0 c002 	ldrh.w	ip, [r0, #2]
		int iRequestLength = pSetup->wLength;
    a9a6:	88c0      	ldrh	r0, [r0, #6]
		U8 bPageNumber = GET_OS_DESC_PAGE(pSetup->wValue);
    a9a8:	ea4f 2c1c 	mov.w	ip, ip, lsr #8
		if (*piLen < iPageOffset) {
    a9ac:	ebbe 4f0c 	cmp.w	lr, ip, lsl #16
			*ppbData = (U8*)abExtendedOsFeatureDescriptor;
    a9b0:	601c      	str	r4, [r3, #0]
			*piLen = sizeof(abExtendedOsFeatureDescriptor);
    a9b2:	f8c2 e000 	str.w	lr, [r2]
		if (*piLen < iPageOffset) {
    a9b6:	db06      	blt.n	a9c6 <USBFilterOsVendorMessage+0x5e>
		if (*piLen > iRequestLength) {
    a9b8:	4570      	cmp	r0, lr
		*ppbData += iPageOffset;
    a9ba:	601c      	str	r4, [r3, #0]
		if (*piLen > iRequestLength) {
    a9bc:	bfa8      	it	ge
    a9be:	4670      	movge	r0, lr
		*pfSuccess = TRUE;
    a9c0:	2301      	movs	r3, #1
    a9c2:	6010      	str	r0, [r2, #0]
    a9c4:	600b      	str	r3, [r1, #0]
			return TRUE;
    a9c6:	2001      	movs	r0, #1
}
    a9c8:	bd10      	pop	{r4, pc}
		switch (pSetup->wIndex) {
    a9ca:	f04f 0e28 	mov.w	lr, #40	@ 0x28
    a9ce:	4c03      	ldr	r4, [pc, #12]	@ (a9dc <USBFilterOsVendorMessage+0x74>)
    a9d0:	e7e7      	b.n	a9a2 <USBFilterOsVendorMessage+0x3a>
    a9d2:	bf00      	nop
    a9d4:	100025d8 	.word	0x100025d8
    a9d8:	100000e0 	.word	0x100000e0
    a9dc:	0000e938 	.word	0x0000e938

0000a9e0 <USBRegisterWinusbInterface>:
												Windows will use this as a 
												Device Interface GUID
 */
void USBRegisterWinusbInterface(U8 bVendorRequestIndex, const char* pcInterfaceGuid)
{
	bMsVendorIndex = bVendorRequestIndex;
    a9e0:	4b09      	ldr	r3, [pc, #36]	@ (aa08 <USBRegisterWinusbInterface+0x28>)
    a9e2:	7018      	strb	r0, [r3, #0]
	
	if(!pcInterfaceGuid) {
    a9e4:	b171      	cbz	r1, aa04 <USBRegisterWinusbInterface+0x24>
    a9e6:	1e4b      	subs	r3, r1, #1
		return; // Trust that caller is actually specifying this with nonzero RequestIndex.
	}
	
	// Copy GUID into Extended Properties feature descriptor.
	// Trust that the caller did the right thing, but ensure double null termination if string terminates early.
	U8* pbWriteCursor = abExtendedPropertiesFeatureDescriptor + EXTENDEDPROPERTIESFEATURE_GUIDSTRINGOFFSET;
    a9e8:	4808      	ldr	r0, [pc, #32]	@ (aa0c <USBRegisterWinusbInterface+0x2c>)
    a9ea:	3125      	adds	r1, #37	@ 0x25
    a9ec:	e003      	b.n	a9f6 <USBRegisterWinusbInterface+0x16>
	const int ciMaxLength = 38;
	
	for(int i = 0; i < ciMaxLength; i++) {
    a9ee:	428b      	cmp	r3, r1
		if(!pcInterfaceGuid[i]) break;
		pbWriteCursor[0] = (U8) pcInterfaceGuid[i];
    a9f0:	f800 2b02 	strb.w	r2, [r0], #2
	for(int i = 0; i < ciMaxLength; i++) {
    a9f4:	d003      	beq.n	a9fe <USBRegisterWinusbInterface+0x1e>
		if(!pcInterfaceGuid[i]) break;
    a9f6:	f813 2f01 	ldrb.w	r2, [r3, #1]!
    a9fa:	2a00      	cmp	r2, #0
    a9fc:	d1f7      	bne.n	a9ee <USBRegisterWinusbInterface+0xe>
		pbWriteCursor += 2;
	}
	// Double terminate
	pbWriteCursor[0] = 0;
    a9fe:	2300      	movs	r3, #0
    aa00:	7003      	strb	r3, [r0, #0]
	pbWriteCursor[2] = 0;
    aa02:	7083      	strb	r3, [r0, #2]
	
}
    aa04:	4770      	bx	lr
    aa06:	bf00      	nop
    aa08:	100025d8 	.word	0x100025d8
    aa0c:	10000122 	.word	0x10000122

0000aa10 <USBRegisterDescriptors>:

	@param [in]	pabDescriptors	The descriptor byte array
 */
void USBRegisterDescriptors(U8 *pabDescriptors)
{
	pabDescrip = pabDescriptors;
    aa10:	4b01      	ldr	r3, [pc, #4]	@ (aa18 <USBRegisterDescriptors+0x8>)
    aa12:	6058      	str	r0, [r3, #4]
}
    aa14:	4770      	bx	lr
    aa16:	bf00      	nop
    aa18:	100025d8 	.word	0x100025d8

0000aa1c <USBHandleStandardRequest>:
	@param [in]		ppbData		Data buffer.

	@return TRUE if the request was handled successfully
 */
BOOL USBHandleStandardRequest(TSetupPacket	*pSetup, int *piLen, U8 **ppbData)
{
    aa1c:	e92d 41f0 	stmdb	sp!, {r4, r5, r6, r7, r8, lr}
    aa20:	b082      	sub	sp, #8
	// try the custom request handler first
	if ((pfnHandleCustomReq != NULL) && pfnHandleCustomReq(pSetup, piLen, ppbData)) {
    aa22:	4d69      	ldr	r5, [pc, #420]	@ (abc8 <USBHandleStandardRequest+0x1ac>)
{
    aa24:	4604      	mov	r4, r0
	if ((pfnHandleCustomReq != NULL) && pfnHandleCustomReq(pSetup, piLen, ppbData)) {
    aa26:	68ab      	ldr	r3, [r5, #8]
{
    aa28:	460f      	mov	r7, r1
    aa2a:	4616      	mov	r6, r2
	if ((pfnHandleCustomReq != NULL) && pfnHandleCustomReq(pSetup, piLen, ppbData)) {
    aa2c:	b10b      	cbz	r3, aa32 <USBHandleStandardRequest+0x16>
    aa2e:	4798      	blx	r3
    aa30:	b978      	cbnz	r0, aa52 <USBHandleStandardRequest+0x36>
		return TRUE;
	}
	
	switch (REQTYPE_GET_RECIP(pSetup->bmRequestType)) {
    aa32:	7823      	ldrb	r3, [r4, #0]
    aa34:	f003 031f 	and.w	r3, r3, #31
    aa38:	2b01      	cmp	r3, #1
    aa3a:	d03c      	beq.n	aab6 <USBHandleStandardRequest+0x9a>
    aa3c:	2b02      	cmp	r3, #2
    aa3e:	d027      	beq.n	aa90 <USBHandleStandardRequest+0x74>
    aa40:	b15b      	cbz	r3, aa5a <USBHandleStandardRequest+0x3e>
	case REQTYPE_RECIP_DEVICE:		return HandleStdDeviceReq(pSetup, piLen, ppbData);
	case REQTYPE_RECIP_INTERFACE:	return HandleStdInterfaceReq(pSetup, piLen, ppbData);
	case REQTYPE_RECIP_ENDPOINT: 	return HandleStdEndPointReq(pSetup, piLen, ppbData);
	default: 						return FALSE;
    aa42:	2000      	movs	r0, #0
	}
}
    aa44:	b002      	add	sp, #8
    aa46:	e8bd 81f0 	ldmia.w	sp!, {r4, r5, r6, r7, r8, pc}
		if (pSetup->wValue != 0) {
    aa4a:	8863      	ldrh	r3, [r4, #2]
    aa4c:	2b00      	cmp	r3, #0
    aa4e:	d1f8      	bne.n	aa42 <USBHandleStandardRequest+0x26>
		*piLen = 1;
    aa50:	603b      	str	r3, [r7, #0]
		return TRUE;
    aa52:	2001      	movs	r0, #1
}
    aa54:	b002      	add	sp, #8
    aa56:	e8bd 81f0 	ldmia.w	sp!, {r4, r5, r6, r7, r8, pc}
	switch (pSetup->bRequest) {
    aa5a:	7863      	ldrb	r3, [r4, #1]
	U8	*pbData = *ppbData;
    aa5c:	6832      	ldr	r2, [r6, #0]
	switch (pSetup->bRequest) {
    aa5e:	2b09      	cmp	r3, #9
    aa60:	d8ef      	bhi.n	aa42 <USBHandleStandardRequest+0x26>
    aa62:	a101      	add	r1, pc, #4	@ (adr r1, aa68 <USBHandleStandardRequest+0x4c>)
    aa64:	f851 f023 	ldr.w	pc, [r1, r3, lsl #2]
    aa68:	0000ab4d 	.word	0x0000ab4d
    aa6c:	0000aa43 	.word	0x0000aa43
    aa70:	0000aa43 	.word	0x0000aa43
    aa74:	0000aa43 	.word	0x0000aa43
    aa78:	0000aa43 	.word	0x0000aa43
    aa7c:	0000ab45 	.word	0x0000ab45
    aa80:	0000ab11 	.word	0x0000ab11
    aa84:	0000aa43 	.word	0x0000aa43
    aa88:	0000ab07 	.word	0x0000ab07
    aa8c:	0000aacf 	.word	0x0000aacf
	switch (pSetup->bRequest) {
    aa90:	7865      	ldrb	r5, [r4, #1]
    aa92:	2d01      	cmp	r5, #1
    aa94:	d069      	beq.n	ab6a <USBHandleStandardRequest+0x14e>
    aa96:	2d03      	cmp	r5, #3
    aa98:	d05e      	beq.n	ab58 <USBHandleStandardRequest+0x13c>
    aa9a:	2d00      	cmp	r5, #0
    aa9c:	d1d1      	bne.n	aa42 <USBHandleStandardRequest+0x26>
		pbData[0] = (USBHwEPGetStatus(pSetup->wIndex) & EP_STATUS_STALLED) ? 1 : 0;
    aa9e:	7920      	ldrb	r0, [r4, #4]
    aaa0:	9301      	str	r3, [sp, #4]
    aaa2:	6834      	ldr	r4, [r6, #0]
    aaa4:	f7ff fd24 	bl	a4f0 <USBHwEPGetStatus>
		*piLen = 2;
    aaa8:	9b01      	ldr	r3, [sp, #4]
		pbData[0] = (USBHwEPGetStatus(pSetup->wIndex) & EP_STATUS_STALLED) ? 1 : 0;
    aaaa:	f3c0 0040 	ubfx	r0, r0, #1, #1
		pbData[1] = 0;
    aaae:	7065      	strb	r5, [r4, #1]
		pbData[0] = (USBHwEPGetStatus(pSetup->wIndex) & EP_STATUS_STALLED) ? 1 : 0;
    aab0:	7020      	strb	r0, [r4, #0]
		*piLen = 2;
    aab2:	603b      	str	r3, [r7, #0]
		break;
    aab4:	e7cd      	b.n	aa52 <USBHandleStandardRequest+0x36>
	switch (pSetup->bRequest) {
    aab6:	7862      	ldrb	r2, [r4, #1]
	U8	*pbData = *ppbData;
    aab8:	6831      	ldr	r1, [r6, #0]
	switch (pSetup->bRequest) {
    aaba:	2a0a      	cmp	r2, #10
    aabc:	d05a      	beq.n	ab74 <USBHandleStandardRequest+0x158>
    aabe:	2a0b      	cmp	r2, #11
    aac0:	d0c3      	beq.n	aa4a <USBHandleStandardRequest+0x2e>
    aac2:	2a00      	cmp	r2, #0
    aac4:	d1bd      	bne.n	aa42 <USBHandleStandardRequest+0x26>
		*piLen = 2;
    aac6:	2302      	movs	r3, #2
		pbData[0] = 0;
    aac8:	800a      	strh	r2, [r1, #0]
		*piLen = 2;
    aaca:	603b      	str	r3, [r7, #0]
		break;
    aacc:	e7c1      	b.n	aa52 <USBHandleStandardRequest+0x36>
		if (!USBSetConfiguration(pSetup->wValue & 0xFF, 0)) {
    aace:	78a3      	ldrb	r3, [r4, #2]
    aad0:	461f      	mov	r7, r3
	if (bConfigIndex == 0) {
    aad2:	2b00      	cmp	r3, #0
    aad4:	d064      	beq.n	aba0 <USBHandleStandardRequest+0x184>
		pab = (U8 *)pabDescrip;
    aad6:	686b      	ldr	r3, [r5, #4]
		while (pab[DESC_bLength] != 0) {
    aad8:	781a      	ldrb	r2, [r3, #0]
    aada:	2a00      	cmp	r2, #0
    aadc:	d05a      	beq.n	ab94 <USBHandleStandardRequest+0x178>
		bCurAltSetting = 0xFF;
    aade:	f04f 08ff 	mov.w	r8, #255	@ 0xff
		bCurConfig = 0xFF;
    aae2:	26ff      	movs	r6, #255	@ 0xff
    aae4:	e009      	b.n	aafa <USBHandleStandardRequest+0xde>
			switch (pab[DESC_bDescriptorType]) {
    aae6:	2905      	cmp	r1, #5
    aae8:	d047      	beq.n	ab7a <USBHandleStandardRequest+0x15e>
    aaea:	2902      	cmp	r1, #2
    aaec:	d101      	bne.n	aaf2 <USBHandleStandardRequest+0xd6>
				bCurConfig = pab[CONF_DESC_bConfigurationValue];
    aaee:	7959      	ldrb	r1, [r3, #5]
    aaf0:	460e      	mov	r6, r1
			pab += pab[DESC_bLength];
    aaf2:	4413      	add	r3, r2
		while (pab[DESC_bLength] != 0) {
    aaf4:	781a      	ldrb	r2, [r3, #0]
    aaf6:	2a00      	cmp	r2, #0
    aaf8:	d04c      	beq.n	ab94 <USBHandleStandardRequest+0x178>
			switch (pab[DESC_bDescriptorType]) {
    aafa:	7859      	ldrb	r1, [r3, #1]
    aafc:	2904      	cmp	r1, #4
    aafe:	d1f2      	bne.n	aae6 <USBHandleStandardRequest+0xca>
				bCurAltSetting = pab[INTF_DESC_bAlternateSetting];
    ab00:	78d9      	ldrb	r1, [r3, #3]
    ab02:	4688      	mov	r8, r1
				break;
    ab04:	e7f5      	b.n	aaf2 <USBHandleStandardRequest+0xd6>
		*piLen = 1;
    ab06:	2301      	movs	r3, #1
		pbData[0] = bConfiguration;
    ab08:	7b29      	ldrb	r1, [r5, #12]
    ab0a:	7011      	strb	r1, [r2, #0]
		*piLen = 1;
    ab0c:	603b      	str	r3, [r7, #0]
		break;
    ab0e:	e7a0      	b.n	aa52 <USBHandleStandardRequest+0x36>
    if (bType == DESC_STRING &&
    ab10:	f240 33ee 	movw	r3, #1006	@ 0x3ee
		return USBGetDescriptor(pSetup->wValue, pSetup->wIndex, piLen, ppbData);
    ab14:	8862      	ldrh	r2, [r4, #2]
    if (bType == DESC_STRING &&
    ab16:	429a      	cmp	r2, r3
    ab18:	d04e      	beq.n	abb8 <USBHandleStandardRequest+0x19c>
	pab = (U8 *)pabDescrip;
    ab1a:	686b      	ldr	r3, [r5, #4]
	while (pab[DESC_bLength] != 0) {
    ab1c:	7818      	ldrb	r0, [r3, #0]
    ab1e:	2800      	cmp	r0, #0
    ab20:	d098      	beq.n	aa54 <USBHandleStandardRequest+0x38>
	bType = GET_DESC_TYPE(wTypeIndex);
    ab22:	ea4f 2c12 	mov.w	ip, r2, lsr #8
	iCurIndex = 0;
    ab26:	2400      	movs	r4, #0
	bType = GET_DESC_TYPE(wTypeIndex);
    ab28:	4661      	mov	r1, ip
			if (iCurIndex == bIndex) {
    ab2a:	b2d5      	uxtb	r5, r2
    ab2c:	e003      	b.n	ab36 <USBHandleStandardRequest+0x11a>
		pab += pab[DESC_bLength];
    ab2e:	4403      	add	r3, r0
	while (pab[DESC_bLength] != 0) {
    ab30:	7818      	ldrb	r0, [r3, #0]
    ab32:	2800      	cmp	r0, #0
    ab34:	d08e      	beq.n	aa54 <USBHandleStandardRequest+0x38>
		if (pab[DESC_bDescriptorType] == bType) {
    ab36:	785a      	ldrb	r2, [r3, #1]
    ab38:	428a      	cmp	r2, r1
    ab3a:	d1f8      	bne.n	ab2e <USBHandleStandardRequest+0x112>
			if (iCurIndex == bIndex) {
    ab3c:	42a5      	cmp	r5, r4
    ab3e:	d033      	beq.n	aba8 <USBHandleStandardRequest+0x18c>
			iCurIndex++;
    ab40:	3401      	adds	r4, #1
    ab42:	e7f4      	b.n	ab2e <USBHandleStandardRequest+0x112>
		USBHwSetAddress(pSetup->wValue);
    ab44:	78a0      	ldrb	r0, [r4, #2]
    ab46:	f7ff fc89 	bl	a45c <USBHwSetAddress>
		break;
    ab4a:	e782      	b.n	aa52 <USBHandleStandardRequest+0x36>
		pbData[0] = 0;
    ab4c:	f04f 0100 	mov.w	r1, #0
		*piLen = 2;
    ab50:	2302      	movs	r3, #2
		pbData[0] = 0;
    ab52:	8011      	strh	r1, [r2, #0]
		*piLen = 2;
    ab54:	603b      	str	r3, [r7, #0]
		break;
    ab56:	e77c      	b.n	aa52 <USBHandleStandardRequest+0x36>
		if (pSetup->wValue == FEA_ENDPOINT_HALT) {
    ab58:	8863      	ldrh	r3, [r4, #2]
    ab5a:	2b00      	cmp	r3, #0
    ab5c:	f47f af71 	bne.w	aa42 <USBHandleStandardRequest+0x26>
			USBHwEPStall(pSetup->wIndex, TRUE);
    ab60:	2101      	movs	r1, #1
    ab62:	7920      	ldrb	r0, [r4, #4]
    ab64:	f7ff fcec 	bl	a540 <USBHwEPStall>
			break;
    ab68:	e773      	b.n	aa52 <USBHandleStandardRequest+0x36>
		if (pSetup->wValue == FEA_ENDPOINT_HALT) {
    ab6a:	8861      	ldrh	r1, [r4, #2]
    ab6c:	2900      	cmp	r1, #0
    ab6e:	f47f af68 	bne.w	aa42 <USBHandleStandardRequest+0x26>
    ab72:	e7f6      	b.n	ab62 <USBHandleStandardRequest+0x146>
		pbData[0] = 0;
    ab74:	2200      	movs	r2, #0
    ab76:	700a      	strb	r2, [r1, #0]
    ab78:	e76a      	b.n	aa50 <USBHandleStandardRequest+0x34>
				if ((bCurConfig == bConfigIndex) &&
    ab7a:	42be      	cmp	r6, r7
    ab7c:	d1b9      	bne.n	aaf2 <USBHandleStandardRequest+0xd6>
    ab7e:	f1b8 0f00 	cmp.w	r8, #0
    ab82:	d1b6      	bne.n	aaf2 <USBHandleStandardRequest+0xd6>
					USBHwEPConfig(bEP, wMaxPktSize);
    ab84:	8899      	ldrh	r1, [r3, #4]
    ab86:	7898      	ldrb	r0, [r3, #2]
    ab88:	9301      	str	r3, [sp, #4]
    ab8a:	f7ff fbf9 	bl	a380 <USBHwEPConfig>
			pab += pab[DESC_bLength];
    ab8e:	9b01      	ldr	r3, [sp, #4]
    ab90:	781a      	ldrb	r2, [r3, #0]
    ab92:	e7ae      	b.n	aaf2 <USBHandleStandardRequest+0xd6>
		USBHwConfigDevice(TRUE);
    ab94:	2001      	movs	r0, #1
    ab96:	f7ff fdc9 	bl	a72c <USBHwConfigDevice>
		bConfiguration = pSetup->wValue & 0xFF;	
    ab9a:	8863      	ldrh	r3, [r4, #2]
    ab9c:	732b      	strb	r3, [r5, #12]
		break;
    ab9e:	e758      	b.n	aa52 <USBHandleStandardRequest+0x36>
		USBHwConfigDevice(FALSE);
    aba0:	4618      	mov	r0, r3
    aba2:	f7ff fdc3 	bl	a72c <USBHwConfigDevice>
    aba6:	e7f8      	b.n	ab9a <USBHandleStandardRequest+0x17e>
				*ppbData = pab;
    aba8:	6033      	str	r3, [r6, #0]
				if (bType == DESC_CONFIGURATION) {
    abaa:	f1bc 0f02 	cmp.w	ip, #2
					*piLen =	(pab[CONF_DESC_wTotalLength]) |
    abae:	bf0c      	ite	eq
    abb0:	885b      	ldrheq	r3, [r3, #2]
					*piLen = pab[DESC_bLength];
    abb2:	781b      	ldrbne	r3, [r3, #0]
    abb4:	603b      	str	r3, [r7, #0]
    abb6:	e74c      	b.n	aa52 <USBHandleStandardRequest+0x36>
	*piLen = sizeof(abOsStringDescriptor);
    abb8:	2212      	movs	r2, #18
	abOsStringDescriptor[sizeof(abOsStringDescriptor)-2] = bMsVendorIndex;
    abba:	4b04      	ldr	r3, [pc, #16]	@ (abcc <USBHandleStandardRequest+0x1b0>)
    abbc:	7829      	ldrb	r1, [r5, #0]
	*ppbData = abOsStringDescriptor;
    abbe:	3394      	adds	r3, #148	@ 0x94
	abOsStringDescriptor[sizeof(abOsStringDescriptor)-2] = bMsVendorIndex;
    abc0:	7419      	strb	r1, [r3, #16]
	*ppbData = abOsStringDescriptor;
    abc2:	6033      	str	r3, [r6, #0]
	*piLen = sizeof(abOsStringDescriptor);
    abc4:	603a      	str	r2, [r7, #0]
            return TRUE;
    abc6:	e744      	b.n	aa52 <USBHandleStandardRequest+0x36>
    abc8:	100025d8 	.word	0x100025d8
    abcc:	100000e0 	.word	0x100000e0

0000abd0 <__aeabi_uldivmod>:
    abd0:	b953      	cbnz	r3, abe8 <__aeabi_uldivmod+0x18>
    abd2:	b94a      	cbnz	r2, abe8 <__aeabi_uldivmod+0x18>
    abd4:	2900      	cmp	r1, #0
    abd6:	bf08      	it	eq
    abd8:	2800      	cmpeq	r0, #0
    abda:	bf1c      	itt	ne
    abdc:	f04f 31ff 	movne.w	r1, #4294967295	@ 0xffffffff
    abe0:	f04f 30ff 	movne.w	r0, #4294967295	@ 0xffffffff
    abe4:	f000 b998 	b.w	af18 <__aeabi_idiv0>
    abe8:	f1ad 0c08 	sub.w	ip, sp, #8
    abec:	e96d ce04 	strd	ip, lr, [sp, #-16]!
    abf0:	f000 f806 	bl	ac00 <__udivmoddi4>
    abf4:	f8dd e004 	ldr.w	lr, [sp, #4]
    abf8:	e9dd 2302 	ldrd	r2, r3, [sp, #8]
    abfc:	b004      	add	sp, #16
    abfe:	4770      	bx	lr

0000ac00 <__udivmoddi4>:
    ac00:	e92d 47f0 	stmdb	sp!, {r4, r5, r6, r7, r8, r9, sl, lr}
    ac04:	4607      	mov	r7, r0
    ac06:	4616      	mov	r6, r2
    ac08:	4608      	mov	r0, r1
    ac0a:	46bc      	mov	ip, r7
    ac0c:	460d      	mov	r5, r1
    ac0e:	9a08      	ldr	r2, [sp, #32]
    ac10:	2b00      	cmp	r3, #0
    ac12:	d14f      	bne.n	acb4 <__udivmoddi4+0xb4>
    ac14:	428e      	cmp	r6, r1
    ac16:	46b6      	mov	lr, r6
    ac18:	d969      	bls.n	acee <__udivmoddi4+0xee>
    ac1a:	fab6 f486 	clz	r4, r6
    ac1e:	b14c      	cbz	r4, ac34 <__udivmoddi4+0x34>
    ac20:	f1c4 0320 	rsb	r3, r4, #32
    ac24:	40a5      	lsls	r5, r4
    ac26:	fa27 f303 	lsr.w	r3, r7, r3
    ac2a:	fa06 fe04 	lsl.w	lr, r6, r4
    ac2e:	431d      	orrs	r5, r3
    ac30:	fa07 fc04 	lsl.w	ip, r7, r4
    ac34:	ea4f 471e 	mov.w	r7, lr, lsr #16
    ac38:	fbb5 f1f7 	udiv	r1, r5, r7
    ac3c:	fb07 5511 	mls	r5, r7, r1, r5
    ac40:	fa1f f08e 	uxth.w	r0, lr
    ac44:	ea4f 431c 	mov.w	r3, ip, lsr #16
    ac48:	ea43 4305 	orr.w	r3, r3, r5, lsl #16
    ac4c:	fb01 f500 	mul.w	r5, r1, r0
    ac50:	429d      	cmp	r5, r3
    ac52:	d90a      	bls.n	ac6a <__udivmoddi4+0x6a>
    ac54:	eb1e 0303 	adds.w	r3, lr, r3
    ac58:	f101 36ff 	add.w	r6, r1, #4294967295	@ 0xffffffff
    ac5c:	f080 80f6 	bcs.w	ae4c <__udivmoddi4+0x24c>
    ac60:	429d      	cmp	r5, r3
    ac62:	f240 80f3 	bls.w	ae4c <__udivmoddi4+0x24c>
    ac66:	3902      	subs	r1, #2
    ac68:	4473      	add	r3, lr
    ac6a:	1b5b      	subs	r3, r3, r5
    ac6c:	fbb3 f5f7 	udiv	r5, r3, r7
    ac70:	fb07 3315 	mls	r3, r7, r5, r3
    ac74:	fb05 f000 	mul.w	r0, r5, r0
    ac78:	fa1f fc8c 	uxth.w	ip, ip
    ac7c:	ea4c 4c03 	orr.w	ip, ip, r3, lsl #16
    ac80:	4560      	cmp	r0, ip
    ac82:	d90a      	bls.n	ac9a <__udivmoddi4+0x9a>
    ac84:	eb1e 0c0c 	adds.w	ip, lr, ip
    ac88:	f105 33ff 	add.w	r3, r5, #4294967295	@ 0xffffffff
    ac8c:	f080 80e0 	bcs.w	ae50 <__udivmoddi4+0x250>
    ac90:	4560      	cmp	r0, ip
    ac92:	f240 80dd 	bls.w	ae50 <__udivmoddi4+0x250>
    ac96:	44f4      	add	ip, lr
    ac98:	3d02      	subs	r5, #2
    ac9a:	ebac 0c00 	sub.w	ip, ip, r0
    ac9e:	ea45 4001 	orr.w	r0, r5, r1, lsl #16
    aca2:	2100      	movs	r1, #0
    aca4:	b122      	cbz	r2, acb0 <__udivmoddi4+0xb0>
    aca6:	fa2c f304 	lsr.w	r3, ip, r4
    acaa:	2400      	movs	r4, #0
    acac:	e9c2 3400 	strd	r3, r4, [r2]
    acb0:	e8bd 87f0 	ldmia.w	sp!, {r4, r5, r6, r7, r8, r9, sl, pc}
    acb4:	428b      	cmp	r3, r1
    acb6:	d906      	bls.n	acc6 <__udivmoddi4+0xc6>
    acb8:	b10a      	cbz	r2, acbe <__udivmoddi4+0xbe>
    acba:	e9c2 7100 	strd	r7, r1, [r2]
    acbe:	2100      	movs	r1, #0
    acc0:	4608      	mov	r0, r1
    acc2:	e8bd 87f0 	ldmia.w	sp!, {r4, r5, r6, r7, r8, r9, sl, pc}
    acc6:	fab3 f183 	clz	r1, r3
    acca:	2900      	cmp	r1, #0
    accc:	d14c      	bne.n	ad68 <__udivmoddi4+0x168>
    acce:	4283      	cmp	r3, r0
    acd0:	d302      	bcc.n	acd8 <__udivmoddi4+0xd8>
    acd2:	42be      	cmp	r6, r7
    acd4:	f200 810f 	bhi.w	aef6 <__udivmoddi4+0x2f6>
    acd8:	ebb7 0c06 	subs.w	ip, r7, r6
    acdc:	eb60 0303 	sbc.w	r3, r0, r3
    ace0:	2001      	movs	r0, #1
    ace2:	461d      	mov	r5, r3
    ace4:	2a00      	cmp	r2, #0
    ace6:	d0e3      	beq.n	acb0 <__udivmoddi4+0xb0>
    ace8:	e9c2 c500 	strd	ip, r5, [r2]
    acec:	e7e0      	b.n	acb0 <__udivmoddi4+0xb0>
    acee:	2e00      	cmp	r6, #0
    acf0:	f000 8095 	beq.w	ae1e <__udivmoddi4+0x21e>
    acf4:	461c      	mov	r4, r3
    acf6:	fab6 f386 	clz	r3, r6
    acfa:	2b00      	cmp	r3, #0
    acfc:	f040 80aa 	bne.w	ae54 <__udivmoddi4+0x254>
    ad00:	1b8d      	subs	r5, r1, r6
    ad02:	2101      	movs	r1, #1
    ad04:	0c37      	lsrs	r7, r6, #16
    ad06:	b2b6      	uxth	r6, r6
    ad08:	fbb5 f0f7 	udiv	r0, r5, r7
    ad0c:	fb07 5510 	mls	r5, r7, r0, r5
    ad10:	ea4f 431c 	mov.w	r3, ip, lsr #16
    ad14:	ea43 4305 	orr.w	r3, r3, r5, lsl #16
    ad18:	fb06 f500 	mul.w	r5, r6, r0
    ad1c:	429d      	cmp	r5, r3
    ad1e:	d908      	bls.n	ad32 <__udivmoddi4+0x132>
    ad20:	eb1e 0303 	adds.w	r3, lr, r3
    ad24:	f100 38ff 	add.w	r8, r0, #4294967295	@ 0xffffffff
    ad28:	d202      	bcs.n	ad30 <__udivmoddi4+0x130>
    ad2a:	429d      	cmp	r5, r3
    ad2c:	f200 80e8 	bhi.w	af00 <__udivmoddi4+0x300>
    ad30:	4640      	mov	r0, r8
    ad32:	1b5b      	subs	r3, r3, r5
    ad34:	fbb3 f5f7 	udiv	r5, r3, r7
    ad38:	fb07 3315 	mls	r3, r7, r5, r3
    ad3c:	fa1f fc8c 	uxth.w	ip, ip
    ad40:	ea4c 4c03 	orr.w	ip, ip, r3, lsl #16
    ad44:	fb06 f305 	mul.w	r3, r6, r5
    ad48:	4563      	cmp	r3, ip
    ad4a:	d908      	bls.n	ad5e <__udivmoddi4+0x15e>
    ad4c:	eb1e 0c0c 	adds.w	ip, lr, ip
    ad50:	f105 36ff 	add.w	r6, r5, #4294967295	@ 0xffffffff
    ad54:	d202      	bcs.n	ad5c <__udivmoddi4+0x15c>
    ad56:	4563      	cmp	r3, ip
    ad58:	f200 80cf 	bhi.w	aefa <__udivmoddi4+0x2fa>
    ad5c:	4635      	mov	r5, r6
    ad5e:	ebac 0c03 	sub.w	ip, ip, r3
    ad62:	ea45 4000 	orr.w	r0, r5, r0, lsl #16
    ad66:	e79d      	b.n	aca4 <__udivmoddi4+0xa4>
    ad68:	f1c1 0520 	rsb	r5, r1, #32
    ad6c:	408b      	lsls	r3, r1
    ad6e:	fa26 fc05 	lsr.w	ip, r6, r5
    ad72:	ea4c 0c03 	orr.w	ip, ip, r3
    ad76:	fa20 f405 	lsr.w	r4, r0, r5
    ad7a:	ea4f 4e1c 	mov.w	lr, ip, lsr #16
    ad7e:	fa06 f901 	lsl.w	r9, r6, r1
    ad82:	fbb4 f6fe 	udiv	r6, r4, lr
    ad86:	4088      	lsls	r0, r1
    ad88:	fa27 f305 	lsr.w	r3, r7, r5
    ad8c:	4303      	orrs	r3, r0
    ad8e:	fb0e 4016 	mls	r0, lr, r6, r4
    ad92:	fa1f f88c 	uxth.w	r8, ip
    ad96:	fa07 fa01 	lsl.w	sl, r7, r1
    ad9a:	0c1f      	lsrs	r7, r3, #16
    ad9c:	ea47 4400 	orr.w	r4, r7, r0, lsl #16
    ada0:	fb06 f008 	mul.w	r0, r6, r8
    ada4:	42a0      	cmp	r0, r4
    ada6:	d90a      	bls.n	adbe <__udivmoddi4+0x1be>
    ada8:	eb1c 0404 	adds.w	r4, ip, r4
    adac:	f106 37ff 	add.w	r7, r6, #4294967295	@ 0xffffffff
    adb0:	f080 809f 	bcs.w	aef2 <__udivmoddi4+0x2f2>
    adb4:	42a0      	cmp	r0, r4
    adb6:	f240 809c 	bls.w	aef2 <__udivmoddi4+0x2f2>
    adba:	3e02      	subs	r6, #2
    adbc:	4464      	add	r4, ip
    adbe:	1a24      	subs	r4, r4, r0
    adc0:	fbb4 f0fe 	udiv	r0, r4, lr
    adc4:	fb0e 4410 	mls	r4, lr, r0, r4
    adc8:	fb00 fe08 	mul.w	lr, r0, r8
    adcc:	b29b      	uxth	r3, r3
    adce:	ea43 4304 	orr.w	r3, r3, r4, lsl #16
    add2:	459e      	cmp	lr, r3
    add4:	d90a      	bls.n	adec <__udivmoddi4+0x1ec>
    add6:	eb1c 0303 	adds.w	r3, ip, r3
    adda:	f100 34ff 	add.w	r4, r0, #4294967295	@ 0xffffffff
    adde:	f080 8086 	bcs.w	aeee <__udivmoddi4+0x2ee>
    ade2:	459e      	cmp	lr, r3
    ade4:	f240 8083 	bls.w	aeee <__udivmoddi4+0x2ee>
    ade8:	3802      	subs	r0, #2
    adea:	4463      	add	r3, ip
    adec:	ea40 4006 	orr.w	r0, r0, r6, lsl #16
    adf0:	fba0 7409 	umull	r7, r4, r0, r9
    adf4:	eba3 030e 	sub.w	r3, r3, lr
    adf8:	42a3      	cmp	r3, r4
    adfa:	46be      	mov	lr, r7
    adfc:	4626      	mov	r6, r4
    adfe:	d365      	bcc.n	aecc <__udivmoddi4+0x2cc>
    ae00:	d062      	beq.n	aec8 <__udivmoddi4+0x2c8>
    ae02:	b152      	cbz	r2, ae1a <__udivmoddi4+0x21a>
    ae04:	ebba 040e 	subs.w	r4, sl, lr
    ae08:	eb63 0306 	sbc.w	r3, r3, r6
    ae0c:	fa03 f505 	lsl.w	r5, r3, r5
    ae10:	40cc      	lsrs	r4, r1
    ae12:	4325      	orrs	r5, r4
    ae14:	40cb      	lsrs	r3, r1
    ae16:	e9c2 5300 	strd	r5, r3, [r2]
    ae1a:	2100      	movs	r1, #0
    ae1c:	e748      	b.n	acb0 <__udivmoddi4+0xb0>
    ae1e:	087b      	lsrs	r3, r7, #1
    ae20:	ea43 73c1 	orr.w	r3, r3, r1, lsl #31
    ae24:	084c      	lsrs	r4, r1, #1
    ae26:	0c19      	lsrs	r1, r3, #16
    ae28:	ea41 4104 	orr.w	r1, r1, r4, lsl #16
    ae2c:	b29b      	uxth	r3, r3
    ae2e:	fbb4 f0f6 	udiv	r0, r4, r6
    ae32:	ea4f 7cc7 	mov.w	ip, r7, lsl #31
    ae36:	ea43 4301 	orr.w	r3, r3, r1, lsl #16
    ae3a:	4635      	mov	r5, r6
    ae3c:	fbb1 f1f6 	udiv	r1, r1, r6
    ae40:	4637      	mov	r7, r6
    ae42:	241f      	movs	r4, #31
    ae44:	1b5d      	subs	r5, r3, r5
    ae46:	ea41 4100 	orr.w	r1, r1, r0, lsl #16
    ae4a:	e75d      	b.n	ad08 <__udivmoddi4+0x108>
    ae4c:	4631      	mov	r1, r6
    ae4e:	e70c      	b.n	ac6a <__udivmoddi4+0x6a>
    ae50:	461d      	mov	r5, r3
    ae52:	e722      	b.n	ac9a <__udivmoddi4+0x9a>
    ae54:	461c      	mov	r4, r3
    ae56:	fa06 fe03 	lsl.w	lr, r6, r3
    ae5a:	f1c3 0320 	rsb	r3, r3, #32
    ae5e:	fa21 f503 	lsr.w	r5, r1, r3
    ae62:	40a0      	lsls	r0, r4
    ae64:	fa27 f303 	lsr.w	r3, r7, r3
    ae68:	fa07 fc04 	lsl.w	ip, r7, r4
    ae6c:	ea4f 471e 	mov.w	r7, lr, lsr #16
    ae70:	4303      	orrs	r3, r0
    ae72:	fbb5 f0f7 	udiv	r0, r5, r7
    ae76:	fb07 5510 	mls	r5, r7, r0, r5
    ae7a:	fa1f f68e 	uxth.w	r6, lr
    ae7e:	0c19      	lsrs	r1, r3, #16
    ae80:	ea41 4105 	orr.w	r1, r1, r5, lsl #16
    ae84:	fb00 f506 	mul.w	r5, r0, r6
    ae88:	428d      	cmp	r5, r1
    ae8a:	d93e      	bls.n	af0a <__udivmoddi4+0x30a>
    ae8c:	eb1e 0101 	adds.w	r1, lr, r1
    ae90:	d201      	bcs.n	ae96 <__udivmoddi4+0x296>
    ae92:	428d      	cmp	r5, r1
    ae94:	d821      	bhi.n	aeda <__udivmoddi4+0x2da>
    ae96:	1b49      	subs	r1, r1, r5
    ae98:	fbb1 f5f7 	udiv	r5, r1, r7
    ae9c:	46a8      	mov	r8, r5
    ae9e:	fb05 f506 	mul.w	r5, r5, r6
    aea2:	3801      	subs	r0, #1
    aea4:	fb07 1118 	mls	r1, r7, r8, r1
    aea8:	b29b      	uxth	r3, r3
    aeaa:	ea43 4301 	orr.w	r3, r3, r1, lsl #16
    aeae:	42ab      	cmp	r3, r5
    aeb0:	d229      	bcs.n	af06 <__udivmoddi4+0x306>
    aeb2:	eb1e 0303 	adds.w	r3, lr, r3
    aeb6:	f108 31ff 	add.w	r1, r8, #4294967295	@ 0xffffffff
    aeba:	d2c3      	bcs.n	ae44 <__udivmoddi4+0x244>
    aebc:	42ab      	cmp	r3, r5
    aebe:	d2c1      	bcs.n	ae44 <__udivmoddi4+0x244>
    aec0:	f1a8 0102 	sub.w	r1, r8, #2
    aec4:	4473      	add	r3, lr
    aec6:	e7bd      	b.n	ae44 <__udivmoddi4+0x244>
    aec8:	45ba      	cmp	sl, r7
    aeca:	d29a      	bcs.n	ae02 <__udivmoddi4+0x202>
    aecc:	ebb7 0e09 	subs.w	lr, r7, r9
    aed0:	eb64 040c 	sbc.w	r4, r4, ip
    aed4:	3801      	subs	r0, #1
    aed6:	4626      	mov	r6, r4
    aed8:	e793      	b.n	ae02 <__udivmoddi4+0x202>
    aeda:	ebae 0505 	sub.w	r5, lr, r5
    aede:	4429      	add	r1, r5
    aee0:	fbb1 f5f7 	udiv	r5, r1, r7
    aee4:	3802      	subs	r0, #2
    aee6:	46a8      	mov	r8, r5
    aee8:	fb05 f506 	mul.w	r5, r5, r6
    aeec:	e7da      	b.n	aea4 <__udivmoddi4+0x2a4>
    aeee:	4620      	mov	r0, r4
    aef0:	e77c      	b.n	adec <__udivmoddi4+0x1ec>
    aef2:	463e      	mov	r6, r7
    aef4:	e763      	b.n	adbe <__udivmoddi4+0x1be>
    aef6:	4608      	mov	r0, r1
    aef8:	e6f4      	b.n	ace4 <__udivmoddi4+0xe4>
    aefa:	44f4      	add	ip, lr
    aefc:	3d02      	subs	r5, #2
    aefe:	e72e      	b.n	ad5e <__udivmoddi4+0x15e>
    af00:	3802      	subs	r0, #2
    af02:	4473      	add	r3, lr
    af04:	e715      	b.n	ad32 <__udivmoddi4+0x132>
    af06:	4641      	mov	r1, r8
    af08:	e79c      	b.n	ae44 <__udivmoddi4+0x244>
    af0a:	1b49      	subs	r1, r1, r5
    af0c:	fbb1 f5f7 	udiv	r5, r1, r7
    af10:	46a8      	mov	r8, r5
    af12:	fb05 f506 	mul.w	r5, r5, r6
    af16:	e7c5      	b.n	aea4 <__udivmoddi4+0x2a4>

0000af18 <__aeabi_idiv0>:
    af18:	4770      	bx	lr
    af1a:	bf00      	nop

0000af1c <strlen>:
    af1c:	f020 0103 	bic.w	r1, r0, #3
    af20:	f010 0003 	ands.w	r0, r0, #3
    af24:	f1c0 0000 	rsb	r0, r0, #0
    af28:	f851 3b04 	ldr.w	r3, [r1], #4
    af2c:	f100 0c04 	add.w	ip, r0, #4
    af30:	ea4f 0ccc 	mov.w	ip, ip, lsl #3
    af34:	f06f 0200 	mvn.w	r2, #0
    af38:	bf1c      	itt	ne
    af3a:	fa22 f20c 	lsrne.w	r2, r2, ip
    af3e:	4313      	orrne	r3, r2
    af40:	f04f 0c01 	mov.w	ip, #1
    af44:	ea4c 2c0c 	orr.w	ip, ip, ip, lsl #8
    af48:	ea4c 4c0c 	orr.w	ip, ip, ip, lsl #16
    af4c:	eba3 020c 	sub.w	r2, r3, ip
    af50:	ea22 0203 	bic.w	r2, r2, r3
    af54:	ea12 12cc 	ands.w	r2, r2, ip, lsl #7
    af58:	bf04      	itt	eq
    af5a:	f851 3b04 	ldreq.w	r3, [r1], #4
    af5e:	3004      	addeq	r0, #4
    af60:	d0f4      	beq.n	af4c <strlen+0x30>
    af62:	f1c2 0100 	rsb	r1, r2, #0
    af66:	ea02 0201 	and.w	r2, r2, r1
    af6a:	fab2 f282 	clz	r2, r2
    af6e:	f1c2 021f 	rsb	r2, r2, #31
    af72:	eb00 00d2 	add.w	r0, r0, r2, lsr #3
    af76:	4770      	bx	lr
    af78:	49414d44 	.word	0x49414d44
    af7c:	0a782520 	.word	0x0a782520
    af80:	00000000 	.word	0x00000000
    af84:	20707373 	.word	0x20707373
    af88:	000a656e 	.word	0x000a656e
    af8c:	7c454944 	.word	0x7c454944
    af90:	78656e55 	.word	0x78656e55
    af94:	74636570 	.word	0x74636570
    af98:	74206465 	.word	0x74206465
    af9c:	20657079 	.word	0x20657079
    afa0:	77206325 	.word	0x77206325
    afa4:	656c6968 	.word	0x656c6968
    afa8:	69617720 	.word	0x69617720
    afac:	676e6974 	.word	0x676e6974
    afb0:	5f787220 	.word	0x5f787220
    afb4:	0a67736d 	.word	0x0a67736d
    afb8:	0000000a 	.word	0x0000000a
    afbc:	7c454944 	.word	0x7c454944
    afc0:	5f67736d 	.word	0x5f67736d
    afc4:	3a747570 	.word	0x3a747570
    afc8:	6f687320 	.word	0x6f687320
    afcc:	62207472 	.word	0x62207472
    afd0:	0a0a6675 	.word	0x0a0a6675
    afd4:	00000000 	.word	0x00000000
    afd8:	7c454944 	.word	0x7c454944
    afdc:	61766e49 	.word	0x61766e49
    afe0:	2064696c 	.word	0x2064696c
    afe4:	65707974 	.word	0x65707974
    afe8:	20642520 	.word	0x20642520
    afec:	6c696877 	.word	0x6c696877
    aff0:	61772065 	.word	0x61772065
    aff4:	6e697469 	.word	0x6e697469
    aff8:	78722067 	.word	0x78722067
    affc:	67736d5f 	.word	0x67736d5f
    b000:	6e6f6320 	.word	0x6e6f6320
    b004:	000a0a74 	.word	0x000a0a74
    b008:	6361387b 	.word	0x6361387b
    b00c:	38613734 	.word	0x38613734
    b010:	63632d38 	.word	0x63632d38
    b014:	342d3632 	.word	0x342d3632
    b018:	2d396161 	.word	0x2d396161
    b01c:	62373838 	.word	0x62373838
    b020:	6332342d 	.word	0x6332342d
    b024:	66633861 	.word	0x66633861
    b028:	36613730 	.word	0x36613730
    b02c:	00007d33 	.word	0x00007d33
    b030:	30323032 	.word	0x30323032
    b034:	2d32312d 	.word	0x2d32312d
    b038:	00003152 	.word	0x00003152
    b03c:	4f444f54 	.word	0x4f444f54
    b040:	00000000 	.word	0x00000000
    b044:	61766e49 	.word	0x61766e49
    b048:	0064696c 	.word	0x0064696c
    b04c:	4e4e4f43 	.word	0x4e4e4f43
    b050:	45544345 	.word	0x45544345
    b054:	00000044 	.word	0x00000044
    b058:	74617453 	.word	0x74617453
    b05c:	73252065 	.word	0x73252065
    b060:	203e2d20 	.word	0x203e2d20
    b064:	000a7325 	.word	0x000a7325
    b068:	7c454944 	.word	0x7c454944
    b06c:	61766e49 	.word	0x61766e49
    b070:	2064696c 	.word	0x2064696c
    b074:	74617473 	.word	0x74617473
    b078:	72742065 	.word	0x72742065
    b07c:	69736e61 	.word	0x69736e61
    b080:	6e6f6974 	.word	0x6e6f6974
    b084:	20732520 	.word	0x20732520
    b088:	25203e2d 	.word	0x25203e2d
    b08c:	000a0a73 	.word	0x000a0a73
    b090:	75626564 	.word	0x75626564
    b094:	65722067 	.word	0x65722067
    b098:	25203a71 	.word	0x25203a71
    b09c:	00000a73 	.word	0x00000a73
    b0a0:	6e6e6143 	.word	0x6e6e6143
    b0a4:	6320746f 	.word	0x6320746f
    b0a8:	676e6168 	.word	0x676e6168
    b0ac:	69652065 	.word	0x69652065
    b0b0:	736d5f72 	.word	0x736d5f72
    b0b4:	6f6e2067 	.word	0x6f6e2067
    b0b8:	00000a77 	.word	0x00000a77
    b0bc:	20524945 	.word	0x20524945
    b0c0:	61647075 	.word	0x61647075
    b0c4:	0a646574 	.word	0x0a646574
    b0c8:	00000000 	.word	0x00000000
    b0cc:	61766e49 	.word	0x61766e49
    b0d0:	2064696c 	.word	0x2064696c
    b0d4:	7373656d 	.word	0x7373656d
    b0d8:	20656761 	.word	0x20656761
    b0dc:	65707974 	.word	0x65707974
    b0e0:	0a642520 	.word	0x0a642520
    b0e4:	00000000 	.word	0x00000000
    b0e8:	4e415453 	.word	0x4e415453
    b0ec:	00594244 	.word	0x00594244
    b0f0:	55514e49 	.word	0x55514e49
    b0f4:	00595249 	.word	0x00595249
    b0f8:	45474150 	.word	0x45474150
    b0fc:	00000000 	.word	0x00000000
    b100:	55514e49 	.word	0x55514e49
    b104:	5f595249 	.word	0x5f595249
    b108:	4e414353 	.word	0x4e414353
    b10c:	00000000 	.word	0x00000000
    b110:	45474150 	.word	0x45474150
    b114:	4143535f 	.word	0x4143535f
    b118:	0000004e 	.word	0x0000004e
    b11c:	69794e28 	.word	0x69794e28
    b120:	746c7020 	.word	0x746c7020
    b124:	29642520 	.word	0x29642520
    b128:	00000000 	.word	0x00000000
    b12c:	7c454944 	.word	0x7c454944
    b130:	70206f4e 	.word	0x70206f4e
    b134:	6f6c7961 	.word	0x6f6c7961
    b138:	66206461 	.word	0x66206461
    b13c:	7420726f 	.word	0x7420726f
    b140:	20657079 	.word	0x20657079
    b144:	0a0a7025 	.word	0x0a0a7025
    b148:	00000000 	.word	0x00000000
    b14c:	7c454944 	.word	0x7c454944
    b150:	5f636564 	.word	0x5f636564
    b154:	203a636e 	.word	0x203a636e
    b158:	206b6e75 	.word	0x206b6e75
    b15c:	6c206c70 	.word	0x6c206c70
    b160:	0a0a6e65 	.word	0x0a0a6e65
    b164:	00000000 	.word	0x00000000
    b168:	7c454944 	.word	0x7c454944
    b16c:	5f636564 	.word	0x5f636564
    b170:	203a636e 	.word	0x203a636e
    b174:	6f727265 	.word	0x6f727265
    b178:	76612072 	.word	0x76612072
    b17c:	20642520 	.word	0x20642520
    b180:	2520666f 	.word	0x2520666f
    b184:	000a0a64 	.word	0x000a0a64
    b188:	7c454944 	.word	0x7c454944
    b18c:	20746b50 	.word	0x20746b50
    b190:	20746f6e 	.word	0x20746f6e
    b194:	6f636564 	.word	0x6f636564
    b198:	3f646564 	.word	0x3f646564
    b19c:	3a642520 	.word	0x3a642520
    b1a0:	0a0a6425 	.word	0x0a0a6425
    b1a4:	00000000 	.word	0x00000000
    b1a8:	7c454944 	.word	0x7c454944
    b1ac:	2069796e 	.word	0x2069796e
    b1b0:	6c616e75 	.word	0x6c616e75
    b1b4:	656e6769 	.word	0x656e6769
    b1b8:	6e692064 	.word	0x6e692064
    b1bc:	0a642520 	.word	0x0a642520
    b1c0:	0000000a 	.word	0x0000000a
    b1c4:	7c454944 	.word	0x7c454944
    b1c8:	2069796e 	.word	0x2069796e
    b1cc:	6c616e75 	.word	0x6c616e75
    b1d0:	656e6769 	.word	0x656e6769
    b1d4:	756f2064 	.word	0x756f2064
    b1d8:	64252074 	.word	0x64252074
    b1dc:	00000a0a 	.word	0x00000a0a
    b1e0:	7c454944 	.word	0x7c454944
    b1e4:	6c6f6f70 	.word	0x6c6f6f70
    b1e8:	20796e20 	.word	0x20796e20
    b1ec:	74696e69 	.word	0x74696e69
    b1f0:	7a696c61 	.word	0x7a696c61
    b1f4:	0a0a6465 	.word	0x0a0a6465
    b1f8:	00000000 	.word	0x00000000
    b1fc:	7c454944 	.word	0x7c454944
    b200:	6e6e6143 	.word	0x6e6e6143
    b204:	6120746f 	.word	0x6120746f
    b208:	636f6c6c 	.word	0x636f6c6c
    b20c:	0a642520 	.word	0x0a642520
    b210:	0000000a 	.word	0x0000000a
    b214:	7c454944 	.word	0x7c454944
    b218:	6d206f4e 	.word	0x6d206f4e
    b21c:	2065726f 	.word	0x2065726f
    b220:	66667562 	.word	0x66667562
    b224:	0a737265 	.word	0x0a737265
    b228:	0000000a 	.word	0x0000000a
    b22c:	52534643 	.word	0x52534643
    b230:	3830253d 	.word	0x3830253d
    b234:	00000a78 	.word	0x00000a78
    b238:	52534648 	.word	0x52534648
    b23c:	3830253d 	.word	0x3830253d
    b240:	00000a78 	.word	0x00000a78
    b244:	52534d4d 	.word	0x52534d4d
    b248:	3830253d 	.word	0x3830253d
    b24c:	00000a78 	.word	0x00000a78
    b250:	52534642 	.word	0x52534642
    b254:	3830253d 	.word	0x3830253d
    b258:	00000a78 	.word	0x00000a78
    b25c:	52534655 	.word	0x52534655
    b260:	3830253d 	.word	0x3830253d
    b264:	00000a78 	.word	0x00000a78
    b268:	52414642 	.word	0x52414642
    b26c:	3830253d 	.word	0x3830253d
    b270:	00000a78 	.word	0x00000a78
    b274:	6174530a 	.word	0x6174530a
    b278:	64206b63 	.word	0x64206b63
    b27c:	20706d75 	.word	0x20706d75
    b280:	70257e28 	.word	0x70257e28
    b284:	000a3a29 	.word	0x000a3a29
    b288:	203a7025 	.word	0x203a7025
    b28c:	78383025 	.word	0x78383025
    b290:	38302520 	.word	0x38302520
    b294:	30252078 	.word	0x30252078
    b298:	25207838 	.word	0x25207838
    b29c:	0a783830 	.word	0x0a783830
    b2a0:	00000000 	.word	0x00000000
    b2a4:	64726148 	.word	0x64726148
    b2a8:	6c756146 	.word	0x6c756146
    b2ac:	74612074 	.word	0x74612074
    b2b0:	25783020 	.word	0x25783020
    b2b4:	00000a78 	.word	0x00000a78
    b2b8:	61464d4d 	.word	0x61464d4d
    b2bc:	20746c75 	.word	0x20746c75
    b2c0:	30207461 	.word	0x30207461
    b2c4:	0a782578 	.word	0x0a782578
    b2c8:	00000000 	.word	0x00000000
    b2cc:	46737542 	.word	0x46737542
    b2d0:	746c7561 	.word	0x746c7561
    b2d4:	20746120 	.word	0x20746120
    b2d8:	000a7825 	.word	0x000a7825
    b2dc:	67617355 	.word	0x67617355
    b2e0:	75614665 	.word	0x75614665
    b2e4:	6120746c 	.word	0x6120746c
    b2e8:	78252074 	.word	0x78252074
    b2ec:	0000000a 	.word	0x0000000a
    b2f0:	7c454944 	.word	0x7c454944
    b2f4:	20717874 	.word	0x20717874
    b2f8:	6c6c7566 	.word	0x6c6c7566
    b2fc:	206e6920 	.word	0x206e6920
    b300:	736e6f63 	.word	0x736e6f63
    b304:	0a656c6f 	.word	0x0a656c6f
    b308:	0000000a 	.word	0x0000000a
    b30c:	66612b28 	.word	0x66612b28
    b310:	00002968 	.word	0x00002968
    b314:	66612d28 	.word	0x66612d28
    b318:	00002968 	.word	0x00002968
    b31c:	7c454944 	.word	0x7c454944
    b320:	61766e49 	.word	0x61766e49
    b324:	2064696c 	.word	0x2064696c
    b328:	20706f68 	.word	0x20706f68
    b32c:	65646f6d 	.word	0x65646f6d
    b330:	0a642520 	.word	0x0a642520
    b334:	0000000a 	.word	0x0000000a
    b338:	76616c73 	.word	0x76616c73
    b33c:	74732065 	.word	0x74732065
    b340:	65747261 	.word	0x65747261
    b344:	00000a64 	.word	0x00000a64
    b348:	7473616d 	.word	0x7473616d
    b34c:	73207265 	.word	0x73207265
    b350:	74726174 	.word	0x74726174
    b354:	000a6465 	.word	0x000a6465
    b358:	7c454944 	.word	0x7c454944
    b35c:	63206f6e 	.word	0x63206f6e
    b360:	6e692062 	.word	0x6e692062
    b364:	61637320 	.word	0x61637320
    b368:	6174206e 	.word	0x6174206e
    b36c:	0a0a6b73 	.word	0x0a0a6b73
    b370:	00000000 	.word	0x00000000
    b374:	3a736866 	.word	0x3a736866
    b378:	3d616220 	.word	0x3d616220
    b37c:	786c6c25 	.word	0x786c6c25
    b380:	6b6c6320 	.word	0x6b6c6320
    b384:	325f3732 	.word	0x325f3732
    b388:	2078253d 	.word	0x2078253d
    b38c:	3d61746c 	.word	0x3d61746c
    b390:	000a6425 	.word	0x000a6425
    b394:	65676170 	.word	0x65676170
    b398:	61637320 	.word	0x61637320
    b39c:	6163206e 	.word	0x6163206e
    b3a0:	6c65636e 	.word	0x6c65636e
    b3a4:	000a6465 	.word	0x000a6465
    b3a8:	64616228 	.word	0x64616228
    b3ac:	70797420 	.word	0x70797420
    b3b0:	64252065 	.word	0x64252065
    b3b4:	00000029 	.word	0x00000029
    b3b8:	65676170 	.word	0x65676170
    b3bc:	61637320 	.word	0x61637320
    b3c0:	6974206e 	.word	0x6974206e
    b3c4:	756f656d 	.word	0x756f656d
    b3c8:	00000a74 	.word	0x00000a74
    b3cc:	7c454944 	.word	0x7c454944
    b3d0:	70206f4e 	.word	0x70206f4e
    b3d4:	206e6920 	.word	0x206e6920
    b3d8:	665f7874 	.word	0x665f7874
    b3dc:	5f6f6669 	.word	0x5f6f6669
    b3e0:	28206263 	.word	0x28206263
    b3e4:	657a6973 	.word	0x657a6973
    b3e8:	29642520 	.word	0x29642520
    b3ec:	00000a0a 	.word	0x00000a0a
    b3f0:	203a5854 	.word	0x203a5854
    b3f4:	6e204652 	.word	0x6e204652
    b3f8:	4620746f 	.word	0x4620746f
    b3fc:	4e4f5f53 	.word	0x4e4f5f53
    b400:	0000000a 	.word	0x0000000a
    b404:	7c454944 	.word	0x7c454944
    b408:	3a657874 	.word	0x3a657874
    b40c:	6f727720 	.word	0x6f727720
    b410:	6320676e 	.word	0x6320676e
    b414:	206e6b6c 	.word	0x206e6b6c
    b418:	000a7825 	.word	0x000a7825
    b41c:	7c454944 	.word	0x7c454944
    b420:	3a737874 	.word	0x3a737874
    b424:	726c6120 	.word	0x726c6120
    b428:	79646165 	.word	0x79646165
    b42c:	746f6720 	.word	0x746f6720
    b430:	746b7020 	.word	0x746b7020
    b434:	0000000a 	.word	0x0000000a
    b438:	696e6f6d 	.word	0x696e6f6d
    b43c:	31726f74 	.word	0x31726f74
    b440:	6e616320 	.word	0x6e616320
    b444:	656c6563 	.word	0x656c6563
    b448:	00000a64 	.word	0x00000a64
    b44c:	696e6f6d 	.word	0x696e6f6d
    b450:	31726f74 	.word	0x31726f74
    b454:	6d697420 	.word	0x6d697420
    b458:	74756f65 	.word	0x74756f65
    b45c:	0000000a 	.word	0x0000000a
    b460:	75716e69 	.word	0x75716e69
    b464:	20797269 	.word	0x20797269
    b468:	656d6974 	.word	0x656d6974
    b46c:	0a74756f 	.word	0x0a74756f
    b470:	00000000 	.word	0x00000000
    b474:	7c454944 	.word	0x7c454944
    b478:	69676170 	.word	0x69676170
    b47c:	3a20676e 	.word	0x3a20676e
    b480:	70786520 	.word	0x70786520
    b484:	20746365 	.word	0x20746365
    b488:	206c6361 	.word	0x206c6361
    b48c:	000a7872 	.word	0x000a7872
    b490:	7c454944 	.word	0x7c454944
    b494:	20717874 	.word	0x20717874
    b498:	6c6c7566 	.word	0x6c6c7566
    b49c:	206e6920 	.word	0x206e6920
    b4a0:	75716e69 	.word	0x75716e69
    b4a4:	0a797269 	.word	0x0a797269
    b4a8:	0000000a 	.word	0x0000000a
    b4ac:	7c454944 	.word	0x7c454944
    b4b0:	646e7872 	.word	0x646e7872
    b4b4:	6f6e203a 	.word	0x6f6e203a
    b4b8:	5f787220 	.word	0x5f787220
    b4bc:	0a746b70 	.word	0x0a746b70
    b4c0:	00000000 	.word	0x00000000
    b4c4:	7c454944 	.word	0x7c454944
    b4c8:	646e7872 	.word	0x646e7872
    b4cc:	6f6e203a 	.word	0x6f6e203a
    b4d0:	746b7020 	.word	0x746b7020
    b4d4:	0a62635f 	.word	0x0a62635f
    b4d8:	00000000 	.word	0x00000000
    b4dc:	656e7872 	.word	0x656e7872
    b4e0:	4652203a 	.word	0x4652203a
    b4e4:	746f6e20 	.word	0x746f6e20
    b4e8:	79647220 	.word	0x79647220
    b4ec:	0000000a 	.word	0x0000000a
    b4f0:	7c454944 	.word	0x7c454944
    b4f4:	20636564 	.word	0x20636564
    b4f8:	20726468 	.word	0x20726468
    b4fc:	203a6425 	.word	0x203a6425
    b500:	253d6372 	.word	0x253d6372
    b504:	000a0a64 	.word	0x000a0a64
    b508:	7c454944 	.word	0x7c454944
    b50c:	735f7872 	.word	0x735f7872
    b510:	64656863 	.word	0x64656863
    b514:	3a656c75 	.word	0x3a656c75
    b518:	5f787220 	.word	0x5f787220
    b51c:	2167736d 	.word	0x2167736d
    b520:	000a303d 	.word	0x000a303d
    b524:	7c454944 	.word	0x7c454944
    b528:	3a207872 	.word	0x3a207872
    b52c:	70786520 	.word	0x70786520
    b530:	20746365 	.word	0x20746365
    b534:	70207872 	.word	0x70207872
    b538:	000a746b 	.word	0x000a746b
    b53c:	5420534c 	.word	0x5420534c
    b540:	6328206f 	.word	0x6328206f
    b544:	66206e6f 	.word	0x66206e6f
    b548:	2520726f 	.word	0x2520726f
    b54c:	65732064 	.word	0x65732064
    b550:	25202c63 	.word	0x25202c63
    b554:	6b702064 	.word	0x6b702064
    b558:	78722074 	.word	0x78722074
    b55c:	00000a29 	.word	0x00000a29
    b560:	7c454944 	.word	0x7c454944
    b564:	20717874 	.word	0x20717874
    b568:	6c6c7566 	.word	0x6c6c7566
    b56c:	206e6920 	.word	0x206e6920
    b570:	7473616d 	.word	0x7473616d
    b574:	0a0a7265 	.word	0x0a0a7265
    b578:	00000000 	.word	0x00000000
    b57c:	7c454944 	.word	0x7c454944
    b580:	54435442 	.word	0x54435442
    b584:	58545f4c 	.word	0x58545f4c
    b588:	4c43415f 	.word	0x4c43415f
    b58c:	5145525f 	.word	0x5145525f
    b590:	70786520 	.word	0x70786520
    b594:	65746365 	.word	0x65746365
    b598:	000a0a64 	.word	0x000a0a64
    b59c:	20716e69 	.word	0x20716e69
    b5a0:	6e616373 	.word	0x6e616373
    b5a4:	6e616320 	.word	0x6e616320
    b5a8:	656c6563 	.word	0x656c6563
    b5ac:	00000a64 	.word	0x00000a64
    b5b0:	75716e69 	.word	0x75716e69
    b5b4:	20797269 	.word	0x20797269
    b5b8:	6e616373 	.word	0x6e616373
    b5bc:	6d697420 	.word	0x6d697420
    b5c0:	74756f65 	.word	0x74756f65
    b5c4:	0000000a 	.word	0x0000000a
    b5c8:	7c454944 	.word	0x7c454944
    b5cc:	206f6f74 	.word	0x206f6f74
    b5d0:	796e616d 	.word	0x796e616d
    b5d4:	6d697420 	.word	0x6d697420
    b5d8:	0a737265 	.word	0x0a737265
    b5dc:	00000000 	.word	0x00000000
    b5e0:	7c454944 	.word	0x7c454944
    b5e4:	656d6974 	.word	0x656d6974
    b5e8:	6f207372 	.word	0x6f207372
    b5ec:	66726576 	.word	0x66726576
    b5f0:	0a776f6c 	.word	0x0a776f6c
    b5f4:	00000000 	.word	0x00000000
    b5f8:	00295828 	.word	0x00295828
    b5fc:	73696d28 	.word	0x73696d28
    b600:	20646573 	.word	0x20646573
    b604:	656d6974 	.word	0x656d6974
    b608:	00002972 	.word	0x00002972
    b60c:	7c454944 	.word	0x7c454944
    b610:	61766e49 	.word	0x61766e49
    b614:	2064696c 	.word	0x2064696c
    b618:	6d207872 	.word	0x6d207872
    b61c:	2065646f 	.word	0x2065646f
    b620:	0a0a6425 	.word	0x0a0a6425
    b624:	00000000 	.word	0x00000000
    b628:	20746553 	.word	0x20746553
    b62c:	64616462 	.word	0x64616462
    b630:	25207264 	.word	0x25207264
    b634:	20786c6c 	.word	0x20786c6c
    b638:	73203e2d 	.word	0x73203e2d
    b63c:	6c252077 	.word	0x6c252077
    b640:	000a786c 	.word	0x000a786c
    b644:	69676170 	.word	0x69676170
    b648:	7420676e 	.word	0x7420676e
    b64c:	6f656d69 	.word	0x6f656d69
    b650:	000a7475 	.word	0x000a7475
    b654:	33284449 	.word	0x33284449
    b658:	00000a29 	.word	0x00000a29
    b65c:	49206f6e 	.word	0x49206f6e
    b660:	29332844 	.word	0x29332844
    b664:	0000000a 	.word	0x0000000a
    b668:	7c454944 	.word	0x7c454944
    b66c:	3a207872 	.word	0x3a207872
    b670:	70786520 	.word	0x70786520
    b674:	20746365 	.word	0x20746365
    b678:	206c6361 	.word	0x206c6361
    b67c:	000a7872 	.word	0x000a7872
    b680:	2c632528 	.word	0x2c632528
    b684:	252c7825 	.word	0x252c7825
    b688:	00002978 	.word	0x00002978
    b68c:	7c454944 	.word	0x7c454944
    b690:	326e6f6d 	.word	0x326e6f6d
    b694:	7874203a 	.word	0x7874203a
    b698:	75662071 	.word	0x75662071
    b69c:	000a6c6c 	.word	0x000a6c6c
    b6a0:	0046504e 	.word	0x0046504e
    b6a4:	696e6f6d 	.word	0x696e6f6d
    b6a8:	32726f74 	.word	0x32726f74
    b6ac:	61747320 	.word	0x61747320
    b6b0:	64657472 	.word	0x64657472
    b6b4:	0000000a 	.word	0x0000000a
    b6b8:	7c454944 	.word	0x7c454944
    b6bc:	70206f4e 	.word	0x70206f4e
    b6c0:	69207968 	.word	0x69207968
    b6c4:	6820746e 	.word	0x6820746e
    b6c8:	6c646e61 	.word	0x6c646e61
    b6cc:	000a7265 	.word	0x000a7265
    b6d0:	71657266 	.word	0x71657266
    b6d4:	66666f20 	.word	0x66666f20
    b6d8:	67657220 	.word	0x67657220
    b6dc:	6425203a 	.word	0x6425203a
    b6e0:	0000000a 	.word	0x0000000a
    b6e4:	2078616d 	.word	0x2078616d
    b6e8:	65206361 	.word	0x65206361
    b6ec:	726f7272 	.word	0x726f7272
    b6f0:	25203a73 	.word	0x25203a73
    b6f4:	00000a64 	.word	0x00000a64
    b6f8:	616d6474 	.word	0x616d6474
    b6fc:	6863735f 	.word	0x6863735f
    b700:	6c756465 	.word	0x6c756465
    b704:	75622065 	.word	0x75622065
    b708:	74656b63 	.word	0x74656b63
    b70c:	65766f20 	.word	0x65766f20
    b710:	6f6c6672 	.word	0x6f6c6672
    b714:	00000a77 	.word	0x00000a77
    b718:	3225280a 	.word	0x3225280a
    b71c:	00002975 	.word	0x00002975
    b720:	003a7525 	.word	0x003a7525

0000b724 <btctl_state_name_tbl.0>:
    b724:	0000b0e8 0000b0f0 0000b0f8 0000b04c     ............L...
    b734:	0000b100 0000b110                       ........

0000b73c <perm5_lut>:
    b73c:	03020100 07060504 0b0a0908 0f0e0d0c     ................
    b74c:	13121110 17161514 1b1a1918 1f1e1d1c     ................
    b75c:	03020100 07060504 13121110 17161514     ................
    b76c:	0b0a0908 0f0e0d0c 1b1a1918 1f1e1d1c     ................
    b77c:	11100100 15140504 19180908 1d1c0d0c     ................
    b78c:	13120302 17160706 1b1a0b0a 1f1e0f0e     ................
    b79c:	09080100 0d0c0504 19181110 1d1c1514     ................
    b7ac:	0b0a0302 0f0e0706 1b1a1312 1f1e1716     ................
    b7bc:	0a020800 0e060c04 0b030901 0f070d05     ................
    b7cc:	1a121810 1e161c14 1b131911 1f171d15     ................
    b7dc:	12021000 16061404 13031101 17071505     ................
    b7ec:	1a0a1808 1e0e1c0c 1b0b1909 1f0f1d0d     ................
    b7fc:	18100800 1c140c04 19110901 1d150d05     ................
    b80c:	1a120a02 1e160e06 1b130b03 1f170f07     ................
    b81c:	18081000 1c0c1404 19091101 1d0d1505     ................
    b82c:	1a0a1202 1e0e1606 1b0b1303 1f0f1707     ................
    b83c:	03020100 13121110 0b0a0908 1b1a1918     ................
    b84c:	07060504 17161514 0f0e0d0c 1f1e1d1c     ................
    b85c:	03020100 0b0a0908 13121110 1b1a1918     ................
    b86c:	07060504 0f0e0d0c 17161514 1f1e1d1c     ................
    b87c:	11100100 13120302 19180908 1b1a0b0a     ................
    b88c:	15140504 17160706 1d1c0d0c 1f1e0f0e     ................
    b89c:	09080100 0b0a0302 19181110 1b1a1312     ................
    b8ac:	0d0c0504 0f0e0706 1d1c1514 1f1e1716     ................
    b8bc:	0a020800 1a121810 0b030901 1b131911     ................
    b8cc:	0e060c04 1e161c14 0f070d05 1f171d15     ................
    b8dc:	12021000 1a0a1808 13031101 1b0b1909     ................
    b8ec:	16061404 1e0e1c0c 17071505 1f0f1d0d     ................
    b8fc:	18100800 1a120a02 19110901 1b130b03     ................
    b90c:	1c140c04 1e160e06 1d150d05 1f170f07     ................
    b91c:	18081000 1a0a1202 19091101 1b0b1303     ................
    b92c:	1c0c1404 1e0e1606 1d0d1505 1f0f1707     ................
    b93c:	09080100 0d0c0504 0b0a0302 0f0e0706     ................
    b94c:	19181110 1d1c1514 1b1a1312 1f1e1716     ................
    b95c:	11100100 15140504 13120302 17160706     ................
    b96c:	19180908 1d1c0d0c 1b1a0b0a 1f1e0f0e     ................
    b97c:	09080100 0d0c0504 19181110 1d1c1514     ................
    b98c:	0b0a0302 0f0e0706 1b1a1312 1f1e1716     ................
    b99c:	11100100 15140504 19180908 1d1c0d0c     ................
    b9ac:	13120302 17160706 1b1a0b0a 1f1e0f0e     ................
    b9bc:	09010800 0d050c04 0b030a02 0f070e06     ................
    b9cc:	19111810 1d151c14 1b131a12 1f171e16     ................
    b9dc:	11011000 15051404 13031202 17071606     ................
    b9ec:	19091808 1d0d1c0c 1b0b1a0a 1f0f1e0e     ................
    b9fc:	09010800 0d050c04 19111810 1d151c14     ................
    ba0c:	0b030a02 0f070e06 1b131a12 1f171e16     ................
    ba1c:	11011000 15051404 19091808 1d0d1c0c     ................
    ba2c:	13031202 17071606 1b0b1a0a 1f0f1e0e     ................
    ba3c:	09080100 19181110 0b0a0302 1b1a1312     ................
    ba4c:	0d0c0504 1d1c1514 0f0e0706 1f1e1716     ................
    ba5c:	11100100 19180908 13120302 1b1a0b0a     ................
    ba6c:	15140504 1d1c0d0c 17160706 1f1e0f0e     ................
    ba7c:	09080100 0b0a0302 19181110 1b1a1312     ................
    ba8c:	0d0c0504 0f0e0706 1d1c1514 1f1e1716     ................
    ba9c:	11100100 13120302 19180908 1b1a0b0a     ................
    baac:	15140504 17160706 1d1c0d0c 1f1e0f0e     ................
    babc:	09010800 19111810 0b030a02 1b131a12     ................
    bacc:	0d050c04 1d151c14 0f070e06 1f171e16     ................
    badc:	11011000 19091808 13031202 1b0b1a0a     ................
    baec:	15051404 1d0d1c0c 17071606 1f0f1e0e     ................
    bafc:	09010800 0b030a02 19111810 1b131a12     ................
    bb0c:	0d050c04 0f070e06 1d151c14 1f171e16     ................
    bb1c:	11011000 13031202 19091808 1b0b1a0a     ................
    bb2c:	15051404 17071606 1d0d1c0c 1f0f1e0e     ................
    bb3c:	0a020800 0e060c04 0b030901 0f070d05     ................
    bb4c:	1a121810 1e161c14 1b131911 1f171d15     ................
    bb5c:	12021000 16061404 13031101 17071505     ................
    bb6c:	1a0a1808 1e0e1c0c 1b0b1909 1f0f1d0d     ................
    bb7c:	18100800 1c140c04 19110901 1d150d05     ................
    bb8c:	1a120a02 1e160e06 1b130b03 1f170f07     ................
    bb9c:	18081000 1c0c1404 19091101 1d0d1505     ................
    bbac:	1a0a1202 1e0e1606 1b0b1303 1f0f1707     ................
    bbbc:	03020100 07060504 0b0a0908 0f0e0d0c     ................
    bbcc:	13121110 17161514 1b1a1918 1f1e1d1c     ................
    bbdc:	03020100 07060504 13121110 17161514     ................
    bbec:	0b0a0908 0f0e0d0c 1b1a1918 1f1e1d1c     ................
    bbfc:	11100100 15140504 19180908 1d1c0d0c     ................
    bc0c:	13120302 17160706 1b1a0b0a 1f1e0f0e     ................
    bc1c:	09080100 0d0c0504 19181110 1d1c1514     ................
    bc2c:	0b0a0302 0f0e0706 1b1a1312 1f1e1716     ................
    bc3c:	0a020800 1a121810 0b030901 1b131911     ................
    bc4c:	0e060c04 1e161c14 0f070d05 1f171d15     ................
    bc5c:	12021000 1a0a1808 13031101 1b0b1909     ................
    bc6c:	16061404 1e0e1c0c 17071505 1f0f1d0d     ................
    bc7c:	18100800 1a120a02 19110901 1b130b03     ................
    bc8c:	1c140c04 1e160e06 1d150d05 1f170f07     ................
    bc9c:	18081000 1a0a1202 19091101 1b0b1303     ................
    bcac:	1c0c1404 1e0e1606 1d0d1505 1f0f1707     ................
    bcbc:	03020100 13121110 0b0a0908 1b1a1918     ................
    bccc:	07060504 17161514 0f0e0d0c 1f1e1d1c     ................
    bcdc:	03020100 0b0a0908 13121110 1b1a1918     ................
    bcec:	07060504 0f0e0d0c 17161514 1f1e1d1c     ................
    bcfc:	11100100 13120302 19180908 1b1a0b0a     ................
    bd0c:	15140504 17160706 1d1c0d0c 1f1e0f0e     ................
    bd1c:	09080100 0b0a0302 19181110 1b1a1312     ................
    bd2c:	0d0c0504 0f0e0706 1d1c1514 1f1e1716     ................
    bd3c:	0a080200 0e0c0604 0b090301 0f0d0705     ................
    bd4c:	1a181210 1e1c1614 1b191311 1f1d1715     ................
    bd5c:	12100200 16140604 13110301 17150705     ................
    bd6c:	1a180a08 1e1c0e0c 1b190b09 1f1d0f0d     ................
    bd7c:	18081000 1c0c1404 19091101 1d0d1505     ................
    bd8c:	1a0a1202 1e0e1606 1b0b1303 1f0f1707     ................
    bd9c:	18100800 1c140c04 19110901 1d150d05     ................
    bdac:	1a120a02 1e160e06 1b130b03 1f170f07     ................
    bdbc:	03010200 07050604 0b090a08 0f0d0e0c     ................
    bdcc:	13111210 17151614 1b191a18 1f1d1e1c     ................
    bddc:	03010200 07050604 13111210 17151614     ................
    bdec:	0b090a08 0f0d0e0c 1b191a18 1f1d1e1c     ................
    bdfc:	11011000 15051404 19091808 1d0d1c0c     ................
    be0c:	13031202 17071606 1b0b1a0a 1f0f1e0e     ................
    be1c:	09010800 0d050c04 19111810 1d151c14     ................
    be2c:	0b030a02 0f070e06 1b131a12 1f171e16     ................
    be3c:	0a080200 1a181210 0b090301 1b191311     ................
    be4c:	0e0c0604 1e1c1614 0f0d0705 1f1d1715     ................
    be5c:	12100200 1a180a08 13110301 1b190b09     ................
    be6c:	16140604 1e1c0e0c 17150705 1f1d0f0d     ................
    be7c:	18081000 1a0a1202 19091101 1b0b1303     ................
    be8c:	1c0c1404 1e0e1606 1d0d1505 1f0f1707     ................
    be9c:	18100800 1a120a02 19110901 1b130b03     ................
    beac:	1c140c04 1e160e06 1d150d05 1f170f07     ................
    bebc:	03010200 13111210 0b090a08 1b191a18     ................
    becc:	07050604 17151614 0f0d0e0c 1f1d1e1c     ................
    bedc:	03010200 0b090a08 13111210 1b191a18     ................
    beec:	07050604 0f0d0e0c 17151614 1f1d1e1c     ................
    befc:	11011000 13031202 19091808 1b0b1a0a     ................
    bf0c:	15051404 17071606 1d0d1c0c 1f0f1e0e     ................
    bf1c:	09010800 0b030a02 19111810 1b131a12     ................
    bf2c:	0d050c04 0f070e06 1d151c14 1f171e16     ................
    bf3c:	05040100 07060302 0d0c0908 0f0e0b0a     ................
    bf4c:	15141110 17161312 1d1c1918 1f1e1b1a     ................
    bf5c:	05040100 07060302 15141110 17161312     ................
    bf6c:	0d0c0908 0f0e0b0a 1d1c1918 1f1e1b1a     ................
    bf7c:	05040100 15141110 0d0c0908 1d1c1918     ................
    bf8c:	07060302 17161312 0f0e0b0a 1f1e1b1a     ................
    bf9c:	05040100 0d0c0908 15141110 1d1c1918     ................
    bfac:	07060302 0f0e0b0a 17161312 1f1e1b1a     ................
    bfbc:	0c040800 0e060a02 0d050901 0f070b03     ................
    bfcc:	1c141810 1e161a12 1d151911 1f171b13     ................
    bfdc:	14041000 16061202 15051101 17071303     ................
    bfec:	1c0c1808 1e0e1a0a 1d0d1909 1f0f1b0b     ................
    bffc:	0c040800 1c141810 0d050901 1d151911     ................
    c00c:	0e060a02 1e161a12 0f070b03 1f171b13     ................
    c01c:	14041000 1c0c1808 15051101 1d0d1909     ................
    c02c:	16061202 1e0e1a0a 17071303 1f0f1b0b     ................
    c03c:	11100100 13120302 19180908 1b1a0b0a     ................
    c04c:	15140504 17160706 1d1c0d0c 1f1e0f0e     ................
    c05c:	09080100 0b0a0302 19181110 1b1a1312     ................
    c06c:	0d0c0504 0f0e0706 1d1c1514 1f1e1716     ................
    c07c:	03020100 13121110 0b0a0908 1b1a1918     ................
    c08c:	07060504 17161514 0f0e0d0c 1f1e1d1c     ................
    c09c:	03020100 0b0a0908 13121110 1b1a1918     ................
    c0ac:	07060504 0f0e0d0c 17161514 1f1e1d1c     ................
    c0bc:	18100800 1a120a02 19110901 1b130b03     ................
    c0cc:	1c140c04 1e160e06 1d150d05 1f170f07     ................
    c0dc:	18081000 1a0a1202 19091101 1b0b1303     ................
    c0ec:	1c0c1404 1e0e1606 1d0d1505 1f0f1707     ................
    c0fc:	0a020800 1a121810 0b030901 1b131911     ................
    c10c:	0e060c04 1e161c14 0f070d05 1f171d15     ................
    c11c:	12021000 1a0a1808 13031101 1b0b1909     ................
    c12c:	16061404 1e0e1c0c 17071505 1f0f1d0d     ................
    c13c:	05040100 0d0c0908 07060302 0f0e0b0a     ................
    c14c:	15141110 1d1c1918 17161312 1f1e1b1a     ................
    c15c:	05040100 15141110 07060302 17161312     ................
    c16c:	0d0c0908 1d1c1918 0f0e0b0a 1f1e1b1a     ................
    c17c:	05040100 0d0c0908 15141110 1d1c1918     ................
    c18c:	07060302 0f0e0b0a 17161312 1f1e1b1a     ................
    c19c:	05040100 15141110 0d0c0908 1d1c1918     ................
    c1ac:	07060302 17161312 0f0e0b0a 1f1e1b1a     ................
    c1bc:	0c040800 0d050901 0e060a02 0f070b03     ................
    c1cc:	1c141810 1d151911 1e161a12 1f171b13     ................
    c1dc:	14041000 15051101 16061202 17071303     ................
    c1ec:	1c0c1808 1d0d1909 1e0e1a0a 1f0f1b0b     ................
    c1fc:	0c040800 0d050901 1c141810 1d151911     ................
    c20c:	0e060a02 0f070b03 1e161a12 1f171b13     ................
    c21c:	14041000 15051101 1c0c1808 1d0d1909     ................
    c22c:	16061202 17071303 1e0e1a0a 1f0f1b0b     ................
    c23c:	11100100 19180908 13120302 1b1a0b0a     ................
    c24c:	15140504 1d1c0d0c 17160706 1f1e0f0e     ................
    c25c:	09080100 19181110 0b0a0302 1b1a1312     ................
    c26c:	0d0c0504 1d1c1514 0f0e0706 1f1e1716     ................
    c27c:	03020100 0b0a0908 13121110 1b1a1918     ................
    c28c:	07060504 0f0e0d0c 17161514 1f1e1d1c     ................
    c29c:	03020100 13121110 0b0a0908 1b1a1918     ................
    c2ac:	07060504 17161514 0f0e0d0c 1f1e1d1c     ................
    c2bc:	18100800 19110901 1a120a02 1b130b03     ................
    c2cc:	1c140c04 1d150d05 1e160e06 1f170f07     ................
    c2dc:	18081000 19091101 1a0a1202 1b0b1303     ................
    c2ec:	1c0c1404 1d0d1505 1e0e1606 1f0f1707     ................
    c2fc:	0a020800 0b030901 1a121810 1b131911     ................
    c30c:	0e060c04 0f070d05 1e161c14 1f171d15     ................
    c31c:	12021000 13031101 1a0a1808 1b0b1909     ................
    c32c:	16061404 17071505 1e0e1c0c 1f0f1d0d     ................
    c33c:	0c040800 0e060a02 0d050901 0f070b03     ................
    c34c:	1c141810 1e161a12 1d151911 1f171b13     ................
    c35c:	14041000 16061202 15051101 17071303     ................
    c36c:	1c0c1808 1e0e1a0a 1d0d1909 1f0f1b0b     ................
    c37c:	0c040800 1c141810 0d050901 1d151911     ................
    c38c:	0e060a02 1e161a12 0f070b03 1f171b13     ................
    c39c:	14041000 1c0c1808 15051101 1d0d1909     ................
    c3ac:	16061202 1e0e1a0a 17071303 1f0f1b0b     ................
    c3bc:	05040100 07060302 0d0c0908 0f0e0b0a     ................
    c3cc:	15141110 17161312 1d1c1918 1f1e1b1a     ................
    c3dc:	05040100 07060302 15141110 17161312     ................
    c3ec:	0d0c0908 0f0e0b0a 1d1c1918 1f1e1b1a     ................
    c3fc:	05040100 15141110 0d0c0908 1d1c1918     ................
    c40c:	07060302 17161312 0f0e0b0a 1f1e1b1a     ................
    c41c:	05040100 0d0c0908 15141110 1d1c1918     ................
    c42c:	07060302 0f0e0b0a 17161312 1f1e1b1a     ................
    c43c:	18100800 1a120a02 19110901 1b130b03     ................
    c44c:	1c140c04 1e160e06 1d150d05 1f170f07     ................
    c45c:	18081000 1a0a1202 19091101 1b0b1303     ................
    c46c:	1c0c1404 1e0e1606 1d0d1505 1f0f1707     ................
    c47c:	0a020800 1a121810 0b030901 1b131911     ................
    c48c:	0e060c04 1e161c14 0f070d05 1f171d15     ................
    c49c:	12021000 1a0a1808 13031101 1b0b1909     ................
    c4ac:	16061404 1e0e1c0c 17071505 1f0f1d0d     ................
    c4bc:	11100100 13120302 19180908 1b1a0b0a     ................
    c4cc:	15140504 17160706 1d1c0d0c 1f1e0f0e     ................
    c4dc:	09080100 0b0a0302 19181110 1b1a1312     ................
    c4ec:	0d0c0504 0f0e0706 1d1c1514 1f1e1716     ................
    c4fc:	03020100 13121110 0b0a0908 1b1a1918     ................
    c50c:	07060504 17161514 0f0e0d0c 1f1e1d1c     ................
    c51c:	03020100 0b0a0908 13121110 1b1a1918     ................
    c52c:	07060504 0f0e0d0c 17161514 1f1e1d1c     ................
    c53c:	06040200 0e0c0a08 07050301 0f0d0b09     ................
    c54c:	16141210 1e1c1a18 17151311 1f1d1b19     ................
    c55c:	06040200 16141210 07050301 17151311     ................
    c56c:	0e0c0a08 1e1c1a18 0f0d0b09 1f1d1b19     ................
    c57c:	14041000 1c0c1808 15051101 1d0d1909     ................
    c58c:	16061202 1e0e1a0a 17071303 1f0f1b0b     ................
    c59c:	0c040800 1c141810 0d050901 1d151911     ................
    c5ac:	0e060a02 1e161a12 0f070b03 1f171b13     ................
    c5bc:	06040200 07050301 0e0c0a08 0f0d0b09     ................
    c5cc:	16141210 17151311 1e1c1a18 1f1d1b19     ................
    c5dc:	06040200 07050301 16141210 17151311     ................
    c5ec:	0e0c0a08 0f0d0b09 1e1c1a18 1f1d1b19     ................
    c5fc:	14041000 15051101 1c0c1808 1d0d1909     ................
    c60c:	16061202 17071303 1e0e1a0a 1f0f1b0b     ................
    c61c:	0c040800 0d050901 1c141810 1d151911     ................
    c62c:	0e060a02 0f070b03 1e161a12 1f171b13     ................
    c63c:	12100200 1a180a08 13110301 1b190b09     ................
    c64c:	16140604 1e1c0e0c 17150705 1f1d0f0d     ................
    c65c:	0a080200 1a181210 0b090301 1b191311     ................
    c66c:	0e0c0604 1e1c1614 0f0d0705 1f1d1715     ................
    c67c:	12021000 1a0a1808 13031101 1b0b1909     ................
    c68c:	16061404 1e0e1c0c 17071505 1f0f1d0d     ................
    c69c:	0a020800 1a121810 0b030901 1b131911     ................
    c6ac:	0e060c04 1e161c14 0f070d05 1f171d15     ................
    c6bc:	12100200 13110301 1a180a08 1b190b09     ................
    c6cc:	16140604 17150705 1e1c0e0c 1f1d0f0d     ................
    c6dc:	0a080200 0b090301 1a181210 1b191311     ................
    c6ec:	0e0c0604 0f0d0705 1e1c1614 1f1d1715     ................
    c6fc:	12021000 13031101 1a0a1808 1b0b1909     ................
    c70c:	16061404 17071505 1e0e1c0c 1f0f1d0d     ................
    c71c:	0a020800 0b030901 1a121810 1b131911     ................
    c72c:	0e060c04 0f070d05 1e161c14 1f171d15     ................
    c73c:	03020100 07060504 0b0a0908 0f0e0d0c     ................
    c74c:	13121110 17161514 1b1a1918 1f1e1d1c     ................
    c75c:	03010200 07050604 0b090a08 0f0d0e0c     ................
    c76c:	13111210 17151614 1b191a18 1f1d1e1c     ................
    c77c:	03020100 0b0a0908 07060504 0f0e0d0c     ................
    c78c:	13121110 1b1a1918 17161514 1f1e1d1c     ................
    c79c:	03010200 0b090a08 07050604 0f0d0e0c     ................
    c7ac:	13111210 1b191a18 17151614 1f1d1e1c     ................
    c7bc:	05040100 07060302 0d0c0908 0f0e0b0a     ................
    c7cc:	15141110 17161312 1d1c1918 1f1e1b1a     ................
    c7dc:	06040200 07050301 0e0c0a08 0f0d0b09     ................
    c7ec:	16141210 17151311 1e1c1a18 1f1d1b19     ................
    c7fc:	09080100 0b0a0302 0d0c0504 0f0e0706     ................
    c80c:	19181110 1b1a1312 1d1c1514 1f1e1716     ................
    c81c:	0a080200 0b090301 0e0c0604 0f0d0705     ................
    c82c:	1a181210 1b191311 1e1c1614 1f1d1715     ................
    c83c:	03020100 07060504 13121110 17161514     ................
    c84c:	0b0a0908 0f0e0d0c 1b1a1918 1f1e1d1c     ................
    c85c:	03010200 07050604 13111210 17151614     ................
    c86c:	0b090a08 0f0d0e0c 1b191a18 1f1d1e1c     ................
    c87c:	03020100 0b0a0908 13121110 1b1a1918     ................
    c88c:	07060504 0f0e0d0c 17161514 1f1e1d1c     ................
    c89c:	03010200 0b090a08 13111210 1b191a18     ................
    c8ac:	07050604 0f0d0e0c 17151614 1f1d1e1c     ................
    c8bc:	05040100 07060302 15141110 17161312     ................
    c8cc:	0d0c0908 0f0e0b0a 1d1c1918 1f1e1b1a     ................
    c8dc:	06040200 07050301 16141210 17151311     ................
    c8ec:	0e0c0a08 0f0d0b09 1e1c1a18 1f1d1b19     ................
    c8fc:	09080100 0b0a0302 19181110 1b1a1312     ................
    c90c:	0d0c0504 0f0e0706 1d1c1514 1f1e1716     ................
    c91c:	0a080200 0b090301 1a181210 1b191311     ................
    c92c:	0e0c0604 0f0d0705 1e1c1614 1f1d1715     ................
    c93c:	12021000 16061404 1a0a1808 1e0e1c0c     ................
    c94c:	13031101 17071505 1b0b1909 1f0f1d0d     ................
    c95c:	11011000 15051404 19091808 1d0d1c0c     ................
    c96c:	13031202 17071606 1b0b1a0a 1f0f1e0e     ................
    c97c:	12021000 1a0a1808 16061404 1e0e1c0c     ................
    c98c:	13031101 1b0b1909 17071505 1f0f1d0d     ................
    c99c:	11011000 19091808 15051404 1d0d1c0c     ................
    c9ac:	13031202 1b0b1a0a 17071606 1f0f1e0e     ................
    c9bc:	14041000 16061202 1c0c1808 1e0e1a0a     ................
    c9cc:	15051101 17071303 1d0d1909 1f0f1b0b     ................
    c9dc:	14041000 15051101 1c0c1808 1d0d1909     ................
    c9ec:	16061202 17071303 1e0e1a0a 1f0f1b0b     ................
    c9fc:	18081000 1a0a1202 1c0c1404 1e0e1606     ................
    ca0c:	19091101 1b0b1303 1d0d1505 1f0f1707     ................
    ca1c:	18081000 19091101 1c0c1404 1d0d1505     ................
    ca2c:	1a0a1202 1b0b1303 1e0e1606 1f0f1707     ................
    ca3c:	0a020800 0e060c04 1a121810 1e161c14     ................
    ca4c:	0b030901 0f070d05 1b131911 1f171d15     ................
    ca5c:	09010800 0d050c04 19111810 1d151c14     ................
    ca6c:	0b030a02 0f070e06 1b131a12 1f171e16     ................
    ca7c:	06020400 0e0a0c08 16121410 1e1a1c18     ................
    ca8c:	07030501 0f0b0d09 17131511 1f1b1d19     ................
    ca9c:	05010400 0d090c08 15111410 1d191c18     ................
    caac:	07030602 0f0b0e0a 17131612 1f1b1e1a     ................
    cabc:	0c040800 0e060a02 1c141810 1e161a12     ................
    cacc:	0d050901 0f070b03 1d151911 1f171b13     ................
    cadc:	0c040800 0d050901 1c141810 1d151911     ................
    caec:	0e060a02 0f070b03 1e161a12 1f171b13     ................
    cafc:	0c080400 0e0a0602 1c181410 1e1a1612     ................
    cb0c:	0d090501 0f0b0703 1d191511 1f1b1713     ................
    cb1c:	0c080400 0d090501 1c181410 1d191511     ................
    cb2c:	0e0a0602 0f0b0703 1e1a1612 1f1b1713     ................
    cb3c:	09080100 0d0c0504 0b0a0302 0f0e0706     ................
    cb4c:	19181110 1d1c1514 1b1a1312 1f1e1716     ................
    cb5c:	0a080200 0e0c0604 0b090301 0f0d0705     ................
    cb6c:	1a181210 1e1c1614 1b191311 1f1d1715     ................
    cb7c:	05040100 0d0c0908 07060302 0f0e0b0a     ................
    cb8c:	15141110 1d1c1918 17161312 1f1e1b1a     ................
    cb9c:	06040200 0e0c0a08 07050301 0f0d0b09     ................
    cbac:	16141210 1e1c1a18 17151311 1f1d1b19     ................
    cbbc:	09080100 0b0a0302 0d0c0504 0f0e0706     ................
    cbcc:	19181110 1b1a1312 1d1c1514 1f1e1716     ................
    cbdc:	0a080200 0b090301 0e0c0604 0f0d0705     ................
    cbec:	1a181210 1b191311 1e1c1614 1f1d1715     ................
    cbfc:	05040100 07060302 0d0c0908 0f0e0b0a     ................
    cc0c:	15141110 17161312 1d1c1918 1f1e1b1a     ................
    cc1c:	06040200 07050301 0e0c0a08 0f0d0b09     ................
    cc2c:	16141210 17151311 1e1c1a18 1f1d1b19     ................
    cc3c:	11100100 15140504 13120302 17160706     ................
    cc4c:	19180908 1d1c0d0c 1b1a0b0a 1f1e0f0e     ................
    cc5c:	12100200 16140604 13110301 17150705     ................
    cc6c:	1a180a08 1e1c0e0c 1b190b09 1f1d0f0d     ................
    cc7c:	11100100 19180908 13120302 1b1a0b0a     ................
    cc8c:	15140504 1d1c0d0c 17160706 1f1e0f0e     ................
    cc9c:	12100200 1a180a08 13110301 1b190b09     ................
    ccac:	16140604 1e1c0e0c 17150705 1f1d0f0d     ................
    ccbc:	11100100 13120302 15140504 17160706     ................
    cccc:	19180908 1b1a0b0a 1d1c0d0c 1f1e0f0e     ................
    ccdc:	12100200 13110301 16140604 17150705     ................
    ccec:	1a180a08 1b190b09 1e1c0e0c 1f1d0f0d     ................
    ccfc:	11100100 13120302 19180908 1b1a0b0a     ................
    cd0c:	15140504 17160706 1d1c0d0c 1f1e0f0e     ................
    cd1c:	12100200 13110301 1a180a08 1b190b09     ................
    cd2c:	16140604 17150705 1e1c0e0c 1f1d0f0d     ................
    cd3c:	18081000 1c0c1404 1a0a1202 1e0e1606     ................
    cd4c:	19091101 1d0d1505 1b0b1303 1f0f1707     ................
    cd5c:	18081000 1c0c1404 19091101 1d0d1505     ................
    cd6c:	1a0a1202 1e0e1606 1b0b1303 1f0f1707     ................
    cd7c:	14041000 1c0c1808 16061202 1e0e1a0a     ................
    cd8c:	15051101 1d0d1909 17071303 1f0f1b0b     ................
    cd9c:	14041000 1c0c1808 15051101 1d0d1909     ................
    cdac:	16061202 1e0e1a0a 17071303 1f0f1b0b     ................
    cdbc:	18081000 1a0a1202 1c0c1404 1e0e1606     ................
    cdcc:	19091101 1b0b1303 1d0d1505 1f0f1707     ................
    cddc:	18081000 19091101 1c0c1404 1d0d1505     ................
    cdec:	1a0a1202 1b0b1303 1e0e1606 1f0f1707     ................
    cdfc:	14041000 16061202 1c0c1808 1e0e1a0a     ................
    ce0c:	15051101 17071303 1d0d1909 1f0f1b0b     ................
    ce1c:	14041000 15051101 1c0c1808 1d0d1909     ................
    ce2c:	16061202 17071303 1e0e1a0a 1f0f1b0b     ................
    ce3c:	18100800 1c140c04 1a120a02 1e160e06     ................
    ce4c:	19110901 1d150d05 1b130b03 1f170f07     ................
    ce5c:	18100800 1c140c04 19110901 1d150d05     ................
    ce6c:	1a120a02 1e160e06 1b130b03 1f170f07     ................
    ce7c:	14100400 1c180c08 16120602 1e1a0e0a     ................
    ce8c:	15110501 1d190d09 17130703 1f1b0f0b     ................
    ce9c:	14100400 1c180c08 15110501 1d190d09     ................
    ceac:	16120602 1e1a0e0a 17130703 1f1b0f0b     ................
    cebc:	18100800 1a120a02 1c140c04 1e160e06     ................
    cecc:	19110901 1b130b03 1d150d05 1f170f07     ................
    cedc:	18100800 19110901 1c140c04 1d150d05     ................
    ceec:	1a120a02 1b130b03 1e160e06 1f170f07     ................
    cefc:	14100400 16120602 1c180c08 1e1a0e0a     ................
    cf0c:	15110501 17130703 1d190d09 1f1b0f0b     ................
    cf1c:	14100400 15110501 1c180c08 1d190d09     ................
    cf2c:	16120602 17130703 1e1a0e0a 1f1b0f0b     ................
    cf3c:	06020400 07030501 0e0a0c08 0f0b0d09     ................
    cf4c:	16121410 17131511 1e1a1c18 1f1b1d19     ................
    cf5c:	05010400 07030602 0d090c08 0f0b0e0a     ................
    cf6c:	15111410 17131612 1d191c18 1f1b1e1a     ................
    cf7c:	0a020800 0b030901 0e060c04 0f070d05     ................
    cf8c:	1a121810 1b131911 1e161c14 1f171d15     ................
    cf9c:	09010800 0b030a02 0d050c04 0f070e06     ................
    cfac:	19111810 1b131a12 1d151c14 1f171e16     ................
    cfbc:	06040200 07050301 0e0c0a08 0f0d0b09     ................
    cfcc:	16141210 17151311 1e1c1a18 1f1d1b19     ................
    cfdc:	05040100 07060302 0d0c0908 0f0e0b0a     ................
    cfec:	15141110 17161312 1d1c1918 1f1e1b1a     ................
    cffc:	0a080200 0b090301 0e0c0604 0f0d0705     ................
    d00c:	1a181210 1b191311 1e1c1614 1f1d1715     ................
    d01c:	09080100 0b0a0302 0d0c0504 0f0e0706     ................
    d02c:	19181110 1b1a1312 1d1c1514 1f1e1716     ................
    d03c:	06020400 07030501 16121410 17131511     ................
    d04c:	0e0a0c08 0f0b0d09 1e1a1c18 1f1b1d19     ................
    d05c:	05010400 07030602 15111410 17131612     ................
    d06c:	0d090c08 0f0b0e0a 1d191c18 1f1b1e1a     ................
    d07c:	0a020800 0b030901 1a121810 1b131911     ................
    d08c:	0e060c04 0f070d05 1e161c14 1f171d15     ................
    d09c:	09010800 0b030a02 19111810 1b131a12     ................
    d0ac:	0d050c04 0f070e06 1d151c14 1f171e16     ................
    d0bc:	06040200 07050301 16141210 17151311     ................
    d0cc:	0e0c0a08 0f0d0b09 1e1c1a18 1f1d1b19     ................
    d0dc:	05040100 07060302 15141110 17161312     ................
    d0ec:	0d0c0908 0f0e0b0a 1d1c1918 1f1e1b1a     ................
    d0fc:	0a080200 0b090301 1a181210 1b191311     ................
    d10c:	0e0c0604 0f0d0705 1e1c1614 1f1d1715     ................
    d11c:	09080100 0b0a0302 19181110 1b1a1312     ................
    d12c:	0d0c0504 0f0e0706 1d1c1514 1f1e1716     ................
    d13c:	06020400 16121410 0e0a0c08 1e1a1c18     ................
    d14c:	07030501 17131511 0f0b0d09 1f1b1d19     ................
    d15c:	05010400 15111410 0d090c08 1d191c18     ................
    d16c:	07030602 17131612 0f0b0e0a 1f1b1e1a     ................
    d17c:	0a020800 1a121810 0e060c04 1e161c14     ................
    d18c:	0b030901 1b131911 0f070d05 1f171d15     ................
    d19c:	09010800 19111810 0d050c04 1d151c14     ................
    d1ac:	0b030a02 1b131a12 0f070e06 1f171e16     ................
    d1bc:	06040200 16141210 0e0c0a08 1e1c1a18     ................
    d1cc:	07050301 17151311 0f0d0b09 1f1d1b19     ................
    d1dc:	05040100 15141110 0d0c0908 1d1c1918     ................
    d1ec:	07060302 17161312 0f0e0b0a 1f1e1b1a     ................
    d1fc:	0a080200 1a181210 0e0c0604 1e1c1614     ................
    d20c:	0b090301 1b191311 0f0d0705 1f1d1715     ................
    d21c:	09080100 19181110 0d0c0504 1d1c1514     ................
    d22c:	0b0a0302 1b1a1312 0f0e0706 1f1e1716     ................
    d23c:	06020400 0e0a0c08 16121410 1e1a1c18     ................
    d24c:	07030501 0f0b0d09 17131511 1f1b1d19     ................
    d25c:	05010400 0d090c08 15111410 1d191c18     ................
    d26c:	07030602 0f0b0e0a 17131612 1f1b1e1a     ................
    d27c:	0a020800 0e060c04 1a121810 1e161c14     ................
    d28c:	0b030901 0f070d05 1b131911 1f171d15     ................
    d29c:	09010800 0d050c04 19111810 1d151c14     ................
    d2ac:	0b030a02 0f070e06 1b131a12 1f171e16     ................
    d2bc:	06040200 0e0c0a08 16141210 1e1c1a18     ................
    d2cc:	07050301 0f0d0b09 17151311 1f1d1b19     ................
    d2dc:	05040100 0d0c0908 15141110 1d1c1918     ................
    d2ec:	07060302 0f0e0b0a 17161312 1f1e1b1a     ................
    d2fc:	0a080200 0e0c0604 1a181210 1e1c1614     ................
    d30c:	0b090301 0f0d0705 1b191311 1f1d1715     ................
    d31c:	09080100 0d0c0504 19181110 1d1c1514     ................
    d32c:	0b0a0302 0f0e0706 1b1a1312 1f1e1716     ................
    d33c:	0c080400 0d090501 0e0a0602 0f0b0703     ................
    d34c:	1c181410 1d191511 1e1a1612 1f1b1713     ................
    d35c:	0c080400 0e0a0602 0d090501 0f0b0703     ................
    d36c:	1c181410 1e1a1612 1d191511 1f1b1713     ................
    d37c:	0c040800 0d050901 0e060a02 0f070b03     ................
    d38c:	1c141810 1d151911 1e161a12 1f171b13     ................
    d39c:	0c040800 0e060a02 0d050901 0f070b03     ................
    d3ac:	1c141810 1e161a12 1d151911 1f171b13     ................
    d3bc:	0a080200 0b090301 0e0c0604 0f0d0705     ................
    d3cc:	1a181210 1b191311 1e1c1614 1f1d1715     ................
    d3dc:	09080100 0b0a0302 0d0c0504 0f0e0706     ................
    d3ec:	19181110 1b1a1312 1d1c1514 1f1e1716     ................
    d3fc:	06040200 07050301 0e0c0a08 0f0d0b09     ................
    d40c:	16141210 17151311 1e1c1a18 1f1d1b19     ................
    d41c:	05040100 07060302 0d0c0908 0f0e0b0a     ................
    d42c:	15141110 17161312 1d1c1918 1f1e1b1a     ................
    d43c:	14100400 15110501 16120602 17130703     ................
    d44c:	1c180c08 1d190d09 1e1a0e0a 1f1b0f0b     ................
    d45c:	14100400 16120602 15110501 17130703     ................
    d46c:	1c180c08 1e1a0e0a 1d190d09 1f1b0f0b     ................
    d47c:	18100800 19110901 1a120a02 1b130b03     ................
    d48c:	1c140c04 1d150d05 1e160e06 1f170f07     ................
    d49c:	18100800 1a120a02 19110901 1b130b03     ................
    d4ac:	1c140c04 1e160e06 1d150d05 1f170f07     ................
    d4bc:	12100200 13110301 16140604 17150705     ................
    d4cc:	1a180a08 1b190b09 1e1c0e0c 1f1d0f0d     ................
    d4dc:	11100100 13120302 15140504 17160706     ................
    d4ec:	19180908 1b1a0b0a 1d1c0d0c 1f1e0f0e     ................
    d4fc:	12100200 13110301 1a180a08 1b190b09     ................
    d50c:	16140604 17150705 1e1c0e0c 1f1d0f0d     ................
    d51c:	11100100 13120302 19180908 1b1a0b0a     ................
    d52c:	15140504 17160706 1d1c0d0c 1f1e0f0e     ................
    d53c:	0c080400 1c181410 0e0a0602 1e1a1612     ................
    d54c:	0d090501 1d191511 0f0b0703 1f1b1713     ................
    d55c:	0c080400 1c181410 0d090501 1d191511     ................
    d56c:	0e0a0602 1e1a1612 0f0b0703 1f1b1713     ................
    d57c:	0c040800 1c141810 0e060a02 1e161a12     ................
    d58c:	0d050901 1d151911 0f070b03 1f171b13     ................
    d59c:	0c040800 1c141810 0d050901 1d151911     ................
    d5ac:	0e060a02 1e161a12 0f070b03 1f171b13     ................
    d5bc:	0a080200 1a181210 0e0c0604 1e1c1614     ................
    d5cc:	0b090301 1b191311 0f0d0705 1f1d1715     ................
    d5dc:	09080100 19181110 0d0c0504 1d1c1514     ................
    d5ec:	0b0a0302 1b1a1312 0f0e0706 1f1e1716     ................
    d5fc:	06040200 16141210 0e0c0a08 1e1c1a18     ................
    d60c:	07050301 17151311 0f0d0b09 1f1d1b19     ................
    d61c:	05040100 15141110 0d0c0908 1d1c1918     ................
    d62c:	07060302 17161312 0f0e0b0a 1f1e1b1a     ................
    d63c:	14100400 1c180c08 16120602 1e1a0e0a     ................
    d64c:	15110501 1d190d09 17130703 1f1b0f0b     ................
    d65c:	14100400 1c180c08 15110501 1d190d09     ................
    d66c:	16120602 1e1a0e0a 17130703 1f1b0f0b     ................
    d67c:	18100800 1c140c04 1a120a02 1e160e06     ................
    d68c:	19110901 1d150d05 1b130b03 1f170f07     ................
    d69c:	18100800 1c140c04 19110901 1d150d05     ................
    d6ac:	1a120a02 1e160e06 1b130b03 1f170f07     ................
    d6bc:	12100200 1a180a08 16140604 1e1c0e0c     ................
    d6cc:	13110301 1b190b09 17150705 1f1d0f0d     ................
    d6dc:	11100100 19180908 15140504 1d1c0d0c     ................
    d6ec:	13120302 1b1a0b0a 17160706 1f1e0f0e     ................
    d6fc:	12100200 16140604 1a180a08 1e1c0e0c     ................
    d70c:	13110301 17150705 1b190b09 1f1d0f0d     ................
    d71c:	11100100 15140504 19180908 1d1c0d0c     ................
    d72c:	13120302 17160706 1b1a0b0a 1f1e0f0e     ................
    d73c:	00000000                                ....

0000d740 <sw_matrix>:
    d740:	a0d1c014 fe000002 f0b9201f 01000003     ......... ......
    d750:	3ae40edb 00800003 5fca99b9 00400003     ...:......._..@.
    d760:	6d5dd208 00200003 b6aee904 00100001     ..]m.. .........
    d770:	db577482 00080000 6dabba41 00040000     .tW.....A..m....
    d780:	f46d43f4 00020002 7a36a1fa 00010001     .Cm.......6z....
    d790:	bd1b50fd 00008000 9c3536aa 00004002     .P.......65..@..
    d7a0:	4e1a9b55 00002001 65b5d37e 00001002     U..N. ..~..e....
    d7b0:	32dae9bf 00000801 5bd5ea0b 00000402     ...2.......[....
    d7c0:	ef526bd1 00000203 3511ab3c 00000103     .kR.....<..5....
    d7d0:	9a88d59e 00000081 cd446acf 00000040     .........jD.@...
    d7e0:	a41aabb3 00000022 90b5cb0d 00000013     ...."...........
    d7f0:	0ae27b52 0000000b 85713da9 00000005     R{.......=q.....

0000d800 <bbcodec_acl_types>:
    d800:	00000001 00010000 00000000 00120001     ................
    d810:	01010101 01010011 001b0101 00000100     ................
    d820:	00000000 00000000 00000000 00000000     ................
    d830:	00000000 00000000 00000000 00790203     ..............y.
    d840:	02030101 010000b7 00000000 00000000     ................
    d850:	00000000 00e00205 02050101 01000153     ............S...

0000d860 <whiten_word_tbl>:
    d860:	60204000 f0b0d090 28680848 b8f898d8     .@ `....H.h(....
    d870:	44046424 d494f4b4 0c4c2c6c 9cdcbcfc     $d.D....l,L.....
    d880:	f2b2d292 62224202 bafa9ada 2a6a0a4a     .....B"b....J.j*
    d890:	d696f6b6 46066626 9edebefe 0e4e2e6e     ....&f.F....n.N.
    d8a0:	a9e989c9 39791959 e1a1c181 71315111     ....Y.y9.....Q1q
    d8b0:	8dcdaded 1d5d3d7d c585e5a5 55157535     ....}=].....5u.U
    d8c0:	3b7b1b5b abeb8bcb 73335313 e3a3c383     [.{;.....S3s....
    d8d0:	1f5f3f7f 8fcfafef 57177737 c787e7a7     .?_.....7w.W....

0000d8e0 <whiten_state_tbl>:
    d8e0:	06040200 0e0c0a08 16141210 1e1c1a18     ................
    d8f0:	26242220 2e2c2a28 36343230 3e3c3a38      "$&(*,.02468:<>
    d900:	46444240 4e4c4a48 56545250 5e5c5a58     @BDFHJLNPRTVXZ\^
    d910:	66646260 6e6c6a68 76747270 7e7c7a78     `bdfhjlnprtvxz|~
    d920:	17151311 1f1d1b19 07050301 0f0d0b09     ................
    d930:	37353331 3f3d3b39 27252321 2f2d2b29     13579;=?!#%')+-/
    d940:	57555351 5f5d5b59 47454341 4f4d4b49     QSUWY[]_ACEGIKMO
    d950:	77757371 7f7d7b79 67656361 6f6d6b69     qsuwy{}.acegikmo
    d960:	0c080400 1c181410 2c282420 3c383430     ........ $(,048<
    d970:	4c484440 5c585450 6c686460 7c787470     @DHLPTX\`dhlptx|
    d980:	1d191511 0d090501 3d393531 2d292521     ........159=!%)-
    d990:	5d595551 4d494541 7d797571 6d696561     QUY]AEIMquy}aeim
    d9a0:	2e2a2622 3e3a3632 0e0a0602 1e1a1612     "&*.26:>........
    d9b0:	6e6a6662 7e7a7672 4e4a4642 5e5a5652     bfjnrvz~BFJNRVZ^
    d9c0:	3f3b3733 2f2b2723 1f1b1713 0f0b0703     37;?#'+/........
    d9d0:	7f7b7773 6f6b6763 5f5b5753 4f4b4743     sw{.cgkoSW[_CGKO
    d9e0:	18100800 38302820 58504840 78706860     .... (08@HPX`hpx
    d9f0:	09011911 29213931 49415951 69617971     ....19!)QYAIqyai
    da00:	3a322a22 1a120a02 7a726a62 5a524a42     "*2:....bjrzBJRZ
    da10:	2b233b33 0b031b13 6b637b73 4b435b53     3;#+....s{ckS[CK
    da20:	5c544c44 7c746c64 1c140c04 3c342c24     DLT\dlt|....$,4<
    da30:	4d455d55 6d657d75 0d051d15 2d253d35     U]EMu}em....5=%-
    da40:	7e766e66 5e564e46 3e362e26 1e160e06     fnv~FNV^&.6>....
    da50:	6f677f77 4f475f57 2f273f37 0f071f17     w.goW_GO7?'/....
    da60:	30201000 70605040 21310111 61714151     .. 0@P`p..1!QAqa
    da70:	12023222 52427262 03132333 43536373     "2..brBR3#..scSC
    da80:	74645444 34241404 65754555 25350515     DTdt..$4UEue..5%
    da90:	56467666 16063626 47576777 07172737     fvFV&6..wgWG7'..
    daa0:	29390919 69794959 38281808 78685848     ..9)YIyi..(8HXhx
    dab0:	0b1b2b3b 4b5b6b7b 1a0a3a2a 5a4a7a6a     ;+..{k[K*:..jzJZ
    dac0:	6d7d4d5d 2d3d0d1d 7c6c5c4c 3c2c1c0c     ]M}m..=-L\l|..,<
    dad0:	4f5f6f7f 0f1f2f3f 5e4e7e6e 1e0e3e2e     .o_O?/..n~N^.>..
    dae0:	60402000 71513111 42620222 53731333     . @`.1Qq".bB3.sS
    daf0:	24046444 35157555 06264666 17375777     Dd.$Uu.5fF&.wW7.
    db00:	79593919 68482808 5b7b1b3b 4a6a0a2a     .9Yy.(Hh;.{[*.jJ
    db10:	3d1d7d5d 2c0c6c4c 1f3f5f7f 0e2e4e6e     ]}.=Ll.,._?.nN..
    db20:	52721232 43630323 70503010 61412101     2.rR#.cC.0Pp.!Aa
    db30:	16365676 07274767 34147454 25056545     vV6.gG'.Tt.4Ee.%
    db40:	4b6b0b2b 5a7a1a3a 69492909 78583818     +.kK:.zZ.)Ii.8Xx
    db50:	0f2f4f6f 1e3e5e7e 2d0d6d4d 3c1c7c5c     oO/.~^>.Mm.-\|.<
    db60:	51114000 73336222 15550444 37772666     .@.Q"b3sD.U.f&w7
    db70:	48085919 6a2a7b3b 0c4c1d5d 2e6e3f7f     .Y.H;{*j].L..?n.
    db80:	63237232 41015010 27673676 05451454     2r#c.P.Av6g'T.E.
    db90:	7a3a6b2b 58184909 3e7e2f6f 1c5c0d4d     +k:z.I.Xo/~>M.\.
    dba0:	35752464 17570646 71316020 53134202     d$u5F.W. `1q.B.S
    dbb0:	2c6c3d7d 0e4e1f5f 68287939 4a0a5b1b     }=l,_.N.9y(h.[.J
    dbc0:	07471656 25653474 43035212 61217030     V.G.t4e%.R.C0p!a
    dbd0:	1e5e0f4f 3c7c2d6d 5a1a4b0b 78386929     O.^.m-|<.K.Z)i8x
    dbe0:	33221100 77665544 2a3b0819 6e7f4c5d     .."3DUfw..;*]L.n
    dbf0:	01102332 45546776 18093a2b 5c4d7e6f     2#..vgTE+:..o~M\
    dc00:	57467564 13023120 4e5f6c7d 0a1b2839     duFW 1..}l_N9(..
    dc10:	65744756 21300312 7c6d5e4f 38291a0b     VGte..0!O^m|..)8
    dc20:	6a7b4859 2e3f0c1d 73625140 37261504     YH{j..?.@Qbs..&7
    dc30:	58497a6b 1c0d3e2f 41506372 05142736     kzIX/>..rcPA6'..
    dc40:	0e1f2c3d 4a5b6879 17063524 53427160     =,..yh[J$5..`qBS
    dc50:	3c2d1e0f 78695a4b 25340716 61704352     ..-<KZix..4%RCpa
    dc60:	66442200 7f5d3b19 54761032 4d6f092b     ."Df.;].2.vT+.oM
    dc70:	02204664 1b395f7d 30127456 290b6d4f     dF .}_9.Vt.0Om.)
    dc80:	3f1d7b59 26046240 0d2f496b 14365072     Y{.?@b.&kI/.rP6.
    dc90:	5b791f3d 42600624 694b2d0f 70523416     =.y[$.`B.-Ki.4Rp
    dca0:	45670123 5c7e183a 77553311 6e4c2a08     #.gE:.~\.3Uw.*Ln
    dcb0:	21036547 381a7c5e 13315775 0a284e6c     Ge.!^|.8uW1.lN(.
    dcc0:	1c3e587a 05274163 2e0c6a48 37157351     zX>.cA'.Hj..Qs.7
    dcd0:	785a3c1e 61432507 4a680e2c 53711735     .<Zx.%Ca,.hJ5.qS

0000dce0 <fec23_tbl>:
    dce0:	1d160b00 1a110c07 1318050e 141f0209     ................
    dcf0:	010a171c 060d101b 0f041912 08031e15     ................
    dd00:	0e051813 09021f14 000b161d 070c111a     ................
    dd10:	1219040f 151e0308 1c170a01 1b100d06     ................
    dd20:	101b060d 171c010a 1e150803 19120f04     ................
    dd30:	0c071a11 0b001d16 0209141f 050e1318     ................
    dd40:	0308151e 040f1219 0d061b10 0a011c17     ................
    dd50:	1f140902 18130e05 111a070c 161d000b     ................
    dd60:	070c111a 000b161d 09021f14 0e051813     ................
    dd70:	1b100d06 1c170a01 151e0308 1219040f     ................
    dd80:	141f0209 1318050e 1a110c07 1d160b00     ................
    dd90:	08031e15 0f041912 060d101b 010a171c     ................
    dda0:	0a011c17 0d061b10 040f1219 0308151e     ................
    ddb0:	161d000b 111a070c 18130e05 1f140902     ................
    ddc0:	19120f04 1e150803 171c010a 101b060d     ................
    ddd0:	050e1318 0209141f 0b001d16 0c071a11     ................
    dde0:	0209141f 050e1318 0c071a11 0b001d16     ................
    ddf0:	1e150803 19120f04 101b060d 171c010a     ................
    de00:	111a070c 161d000b 1f140902 18130e05     ................
    de10:	0d061b10 0a011c17 0308151e 040f1219     ................
    de20:	0f041912 08031e15 010a171c 060d101b     ................
    de30:	1318050e 141f0209 1d160b00 1a110c07     ................
    de40:	1c170a01 1b100d06 1219040f 151e0308     ................
    de50:	000b161d 070c111a 0e051813 09021f14     ................
    de60:	18130e05 1f140902 161d000b 111a070c     ................
    de70:	040f1219 0308151e 0a011c17 0d061b10     ................
    de80:	0b001d16 0c071a11 050e1318 0209141f     ................
    de90:	171c010a 101b060d 19120f04 1e150803     ................
    dea0:	151e0308 1219040f 1b100d06 1c170a01     ................
    deb0:	09021f14 0e051813 070c111a 000b161d     ................
    dec0:	060d101b 010a171c 08031e15 0f041912     ................
    ded0:	1a110c07 1d160b00 141f0209 1318050e     ................
    dee0:	08031e15 0f041912 060d101b 010a171c     ................
    def0:	141f0209 1318050e 1a110c07 1d160b00     ................
    df00:	1b100d06 1c170a01 151e0308 1219040f     ................
    df10:	070c111a 000b161d 09021f14 0e051813     ................
    df20:	050e1318 0209141f 0b001d16 0c071a11     ................
    df30:	19120f04 1e150803 171c010a 101b060d     ................
    df40:	161d000b 111a070c 18130e05 1f140902     ................
    df50:	0a011c17 0d061b10 040f1219 0308151e     ................
    df60:	1219040f 151e0308 1c170a01 1b100d06     ................
    df70:	0e051813 09021f14 000b161d 070c111a     ................
    df80:	010a171c 060d101b 0f041912 08031e15     ................
    df90:	1d160b00 1a110c07 1318050e 141f0209     ................
    dfa0:	1f140902 18130e05 111a070c 161d000b     ................
    dfb0:	0308151e 040f1219 0d061b10 0a011c17     ................
    dfc0:	0c071a11 0b001d16 0209141f 050e1318     ................
    dfd0:	101b060d 171c010a 1e150803 19120f04     ................
    dfe0:	171c010a 101b060d 19120f04 1e150803     ................
    dff0:	0b001d16 0c071a11 050e1318 0209141f     ................
    e000:	040f1219 0308151e 0a011c17 0d061b10     ................
    e010:	18130e05 1f140902 161d000b 111a070c     ................
    e020:	1a110c07 1d160b00 141f0209 1318050e     ................
    e030:	060d101b 010a171c 08031e15 0f041912     ................
    e040:	09021f14 0e051813 070c111a 000b161d     ................
    e050:	151e0308 1219040f 1b100d06 1c170a01     ................
    e060:	0d061b10 0a011c17 0308151e 040f1219     ................
    e070:	111a070c 161d000b 1f140902 18130e05     ................
    e080:	1e150803 19120f04 101b060d 171c010a     ................
    e090:	0209141f 050e1318 0c071a11 0b001d16     ................
    e0a0:	000b161d 070c111a 0e051813 09021f14     ................
    e0b0:	1c170a01 1b100d06 1219040f 151e0308     ................
    e0c0:	1318050e 141f0209 1d160b00 1a110c07     ................
    e0d0:	0f041912 08031e15 010a171c 060d101b     ................

0000e0e0 <fec23_cor>:
    e0e0:	00000000 00000000 00000000 00040000     ................
    e0f0:	00000000 00010000 00400000 00000008     ..........@.....
    e100:	00000000 00200000 02000000 00000002     ...... .........
    e110:	00000000 00000080 00000010 01000000     ................

0000e120 <fec13_tbl>:
    e120:	00000000 00000007 00000038 0000003f     ........8...?...
    e130:	000001c0 000001c7 000001f8 000001ff     ................
    e140:	00000e00 00000e07 00000e38 00000e3f     ........8...?...
    e150:	00000fc0 00000fc7 00000ff8 00000fff     ................
    e160:	00007000 00007007 00007038 0000703f     .p...p..8p..?p..
    e170:	000071c0 000071c7 000071f8 000071ff     .q...q...q...q..
    e180:	00007e00 00007e07 00007e38 00007e3f     .~...~..8~..?~..
    e190:	00007fc0 00007fc7 00007ff8 00007fff     ................
    e1a0:	00038000 00038007 00038038 0003803f     ........8...?...
    e1b0:	000381c0 000381c7 000381f8 000381ff     ................
    e1c0:	00038e00 00038e07 00038e38 00038e3f     ........8...?...
    e1d0:	00038fc0 00038fc7 00038ff8 00038fff     ................
    e1e0:	0003f000 0003f007 0003f038 0003f03f     ........8...?...
    e1f0:	0003f1c0 0003f1c7 0003f1f8 0003f1ff     ................
    e200:	0003fe00 0003fe07 0003fe38 0003fe3f     ........8...?...
    e210:	0003ffc0 0003ffc7 0003fff8 0003ffff     ................
    e220:	001c0000 001c0007 001c0038 001c003f     ........8...?...
    e230:	001c01c0 001c01c7 001c01f8 001c01ff     ................
    e240:	001c0e00 001c0e07 001c0e38 001c0e3f     ........8...?...
    e250:	001c0fc0 001c0fc7 001c0ff8 001c0fff     ................
    e260:	001c7000 001c7007 001c7038 001c703f     .p...p..8p..?p..
    e270:	001c71c0 001c71c7 001c71f8 001c71ff     .q...q...q...q..
    e280:	001c7e00 001c7e07 001c7e38 001c7e3f     .~...~..8~..?~..
    e290:	001c7fc0 001c7fc7 001c7ff8 001c7fff     ................
    e2a0:	001f8000 001f8007 001f8038 001f803f     ........8...?...
    e2b0:	001f81c0 001f81c7 001f81f8 001f81ff     ................
    e2c0:	001f8e00 001f8e07 001f8e38 001f8e3f     ........8...?...
    e2d0:	001f8fc0 001f8fc7 001f8ff8 001f8fff     ................
    e2e0:	001ff000 001ff007 001ff038 001ff03f     ........8...?...
    e2f0:	001ff1c0 001ff1c7 001ff1f8 001ff1ff     ................
    e300:	001ffe00 001ffe07 001ffe38 001ffe3f     ........8...?...
    e310:	001fffc0 001fffc7 001ffff8 001fffff     ................
    e320:	00e00000 00e00007 00e00038 00e0003f     ........8...?...
    e330:	00e001c0 00e001c7 00e001f8 00e001ff     ................
    e340:	00e00e00 00e00e07 00e00e38 00e00e3f     ........8...?...
    e350:	00e00fc0 00e00fc7 00e00ff8 00e00fff     ................
    e360:	00e07000 00e07007 00e07038 00e0703f     .p...p..8p..?p..
    e370:	00e071c0 00e071c7 00e071f8 00e071ff     .q...q...q...q..
    e380:	00e07e00 00e07e07 00e07e38 00e07e3f     .~...~..8~..?~..
    e390:	00e07fc0 00e07fc7 00e07ff8 00e07fff     ................
    e3a0:	00e38000 00e38007 00e38038 00e3803f     ........8...?...
    e3b0:	00e381c0 00e381c7 00e381f8 00e381ff     ................
    e3c0:	00e38e00 00e38e07 00e38e38 00e38e3f     ........8...?...
    e3d0:	00e38fc0 00e38fc7 00e38ff8 00e38fff     ................
    e3e0:	00e3f000 00e3f007 00e3f038 00e3f03f     ........8...?...
    e3f0:	00e3f1c0 00e3f1c7 00e3f1f8 00e3f1ff     ................
    e400:	00e3fe00 00e3fe07 00e3fe38 00e3fe3f     ........8...?...
    e410:	00e3ffc0 00e3ffc7 00e3fff8 00e3ffff     ................
    e420:	00fc0000 00fc0007 00fc0038 00fc003f     ........8...?...
    e430:	00fc01c0 00fc01c7 00fc01f8 00fc01ff     ................
    e440:	00fc0e00 00fc0e07 00fc0e38 00fc0e3f     ........8...?...
    e450:	00fc0fc0 00fc0fc7 00fc0ff8 00fc0fff     ................
    e460:	00fc7000 00fc7007 00fc7038 00fc703f     .p...p..8p..?p..
    e470:	00fc71c0 00fc71c7 00fc71f8 00fc71ff     .q...q...q...q..
    e480:	00fc7e00 00fc7e07 00fc7e38 00fc7e3f     .~...~..8~..?~..
    e490:	00fc7fc0 00fc7fc7 00fc7ff8 00fc7fff     ................
    e4a0:	00ff8000 00ff8007 00ff8038 00ff803f     ........8...?...
    e4b0:	00ff81c0 00ff81c7 00ff81f8 00ff81ff     ................
    e4c0:	00ff8e00 00ff8e07 00ff8e38 00ff8e3f     ........8...?...
    e4d0:	00ff8fc0 00ff8fc7 00ff8ff8 00ff8fff     ................
    e4e0:	00fff000 00fff007 00fff038 00fff03f     ........8...?...
    e4f0:	00fff1c0 00fff1c7 00fff1f8 00fff1ff     ................
    e500:	00fffe00 00fffe07 00fffe38 00fffe3f     ........8...?...
    e510:	00ffffc0 00ffffc7 00fffff8 00ffffff     ................

0000e520 <unfec13_tbl>:
    e520:	40000000 40014000 40014000 00014001     ...@.@.@.@.@.@..
    e530:	80004000 80018000 80018000 40018001     .@.............@
    e540:	80004000 80018000 80018000 40018001     .@.............@
    e550:	80024002 80038002 80038002 40038003     .@.............@
    e560:	80004000 80018000 80018000 40018001     .@.............@
    e570:	80024002 80038002 80038002 40038003     .@.............@
    e580:	80024002 80038002 80038002 40038003     .@.............@
    e590:	40020002 40034002 40034002 00034003     ...@.@.@.@.@.@..

0000e5a0 <hec_tbl>:
    e5a0:	9957ce00 37f960ae 0ec05997 a06ef739     ..W..`.7.Y..9.n.
    e5b0:	7cb22be5 d21c854b eb25bc72 458b12dc     .+.|K...r.%....E

0000e5c0 <crc_tbl>:
    e5c0:	11890000 329b2312 57ad4624 74bf6536     .....#.2$F.W6e.t
    e5d0:	9dc18c48 bed3af5a dbe5ca6c f8f7e97e     H...Z...l...~...
    e5e0:	01081081 221a3393 472c56a5 643e75b7     .....3.".V,G.u>d
    e5f0:	8d409cc9 ae52bfdb cb64daed e876f9ff     ..@...R...d...v.
    e600:	308b2102 13990210 76af6726 55bd4434     .!.0....&g.v4D.U
    e610:	bcc3ad4a 9fd18e58 fae7eb6e d9f5c87c     J...X...n...|...
    e620:	200a3183 03181291 662e77a7 453c54b5     .1. .....w.f.T<E
    e630:	ac42bdcb 8f509ed9 ea66fbef c974d8fd     ..B...P...f...t.
    e640:	538d4204 709f6116 15a90420 36bb2732     .B.S.a.p ...2'.6
    e650:	dfc5ce4c fcd7ed5e 99e18868 baf3ab7a     L...^...h...z...
    e660:	430c5285 601e7197 052814a1 263a37b3     .R.C.q.`..(..7:&
    e670:	cf44decd ec56fddf 896098e9 aa72bbfb     ..D...V...`...r.
    e680:	728f6306 519d4014 34ab2522 17b90630     .c.r.@.Q"%.40...
    e690:	fec7ef4e ddd5cc5c b8e3a96a 9bf18a78     N...\...j...x...
    e6a0:	620e7387 411c5095 242a35a3 073816b1     .s.b.P.A.5*$..8.
    e6b0:	ee46ffcf cd54dcdd a862b9eb 8b709af9     ..F...T...b...p.
    e6c0:	95818408 b693a71a d3a5c22c f0b7e13e     ........,...>...
    e6d0:	19c90840 3adb2b52 5fed4e64 7cff6d76     @...R+.:dN._vm.|
    e6e0:	85009489 a612b79b c324d2ad e036f1bf     ..........$...6.
    e6f0:	094818c1 2a5a3bd3 4f6c5ee5 6c7e7df7     ..H..;Z*.^lO.}~l
    e700:	b483a50a 97918618 f2a7e32e d1b5c03c     ............<...
    e710:	38cb2942 1bd90a50 7eef6f66 5dfd4c74     B).8P...fo.~tL.]
    e720:	a402b58b 87109699 e226f3af c134d0bd     ..........&...4.
    e730:	284a39c3 0b581ad1 6e6e7fe7 4d7c5cf5     .9J(..X...nn.\|M
    e740:	d785c60c f497e51e 91a18028 b2b3a33a     ........(...:...
    e750:	5bcd4a44 78df6956 1de90c60 3efb2f72     DJ.[Vi.x`...r/.>
    e760:	c704d68d e416f59f 812090a9 a232b3bb     .......... ...2.
    e770:	4b4c5ac5 685e79d7 0d681ce1 2e7a3ff3     .ZLK.y^h..h..?z.
    e780:	f687e70e d595c41c b0a3a12a 93b18238     ........*...8...
    e790:	7acf6b46 59dd4854 3ceb2d62 1ff90e70     Fk.zTH.Yb-.<p...
    e7a0:	e606f78f c514d49d a022b1ab 833092b9     .........."...0.
    e7b0:	6a4e7bc7 495c58d5 2c6a3de3 0f781ef1     .{Nj.X\I.=j,..x.

0000e7c0 <rev8_map>:
    e7c0:	c0408000 e060a020 d0509010 f070b030     ..@. .`...P.0.p.
    e7d0:	c8488808 e868a828 d8589818 f878b838     ..H.(.h...X.8.x.
    e7e0:	c4448404 e464a424 d4549414 f474b434     ..D.$.d...T.4.t.
    e7f0:	cc4c8c0c ec6cac2c dc5c9c1c fc7cbc3c     ..L.,.l...\.<.|.
    e800:	c2428202 e262a222 d2529212 f272b232     ..B.".b...R.2.r.
    e810:	ca4a8a0a ea6aaa2a da5a9a1a fa7aba3a     ..J.*.j...Z.:.z.
    e820:	c6468606 e666a626 d6569616 f676b636     ..F.&.f...V.6.v.
    e830:	ce4e8e0e ee6eae2e de5e9e1e fe7ebe3e     ..N...n...^.>.~.
    e840:	c1418101 e161a121 d1519111 f171b131     ..A.!.a...Q.1.q.
    e850:	c9498909 e969a929 d9599919 f979b939     ..I.).i...Y.9.y.
    e860:	c5458505 e565a525 d5559515 f575b535     ..E.%.e...U.5.u.
    e870:	cd4d8d0d ed6dad2d dd5d9d1d fd7dbd3d     ..M.-.m...].=.}.
    e880:	c3438303 e363a323 d3539313 f373b333     ..C.#.c...S.3.s.
    e890:	cb4b8b0b eb6bab2b db5b9b1b fb7bbb3b     ..K.+.k...[.;.{.
    e8a0:	c7478707 e767a727 d7579717 f777b737     ..G.'.g...W.7.w.
    e8b0:	cf4f8f0f ef6faf2f df5f9f1f ff7fbf3f     ..O./.o..._.?...

0000e8c0 <tx_sched_set>:
    e8c0:	000074fd 00000000 00000000 00000000     .t..............
    e8d0:	00000000 00000000 0000768d 00000000     .........v......
    e8e0:	0000fffd 00000000 00000000 00000000     ................
    e8f0:	0000944d 00000000 00000000              M...........

0000e8fc <rx_sched_set>:
    e8fc:	00007b61 00000000 00000000 00000000     a{..............
    e90c:	00000000 00000000 00007e5d 00000000     ........]~......
    e91c:	0000fffd 00000000 00000000 00000000     ................
    e92c:	0000944d 00000000 00000000              M...........

0000e938 <abExtendedOsFeatureDescriptor>:
    e938:	00000028 00040100 00000001 00000000     (...............
    e948:	49570100 4253554e 00000000 00000000     ..WINUSB........
    e958:	00000000 00000000                       ........
