ARM GAS  /tmp/cclJtHuD.s 			page 1


   1              		.cpu cortex-m3
   2              		.arch armv7-m
   3              		.fpu softvfp
   4              		.eabi_attribute 20, 1
   5              		.eabi_attribute 21, 1
   6              		.eabi_attribute 23, 3
   7              		.eabi_attribute 24, 1
   8              		.eabi_attribute 25, 1
   9              		.eabi_attribute 26, 1
  10              		.eabi_attribute 30, 2
  11              		.eabi_attribute 34, 1
  12              		.eabi_attribute 18, 4
  13              		.file	"rx_task.c"
  14              		.text
  15              	.Ltext0:
  16              		.cfi_sections	.debug_frame
  17              		.file 1 "src/btphy/rx_task.c"
  18              		.section	.text.rx_prepare,"ax",%progbits
  19              		.align	1
  20              		.p2align 2,,3
  21              		.syntax unified
  22              		.thumb
  23              		.thumb_func
  25              	rx_prepare:
  26              	.LVL0:
  27              	.LFB41:
   1:src/btphy/rx_task.c **** /* RX task
   2:src/btphy/rx_task.c ****  *
   3:src/btphy/rx_task.c ****  * Copyright 2020 Etienne Helluy-Lafont, Univ. Lille, CNRS.
   4:src/btphy/rx_task.c ****  *
   5:src/btphy/rx_task.c ****  * This file is part of Project Ubertooth.
   6:src/btphy/rx_task.c ****  *
   7:src/btphy/rx_task.c ****  * This program is free software; you can redistribute it and/or modify
   8:src/btphy/rx_task.c ****  * it under the terms of the GNU General Public License as published by
   9:src/btphy/rx_task.c ****  * the Free Software Foundation; either version 2, or (at your option)
  10:src/btphy/rx_task.c ****  * any later version.
  11:src/btphy/rx_task.c ****  *
  12:src/btphy/rx_task.c ****  * This program is distributed in the hope that it will be useful,
  13:src/btphy/rx_task.c ****  * but WITHOUT ANY WARRANTY; without even the implied warranty of
  14:src/btphy/rx_task.c ****  * MERCHANTABILITY or FITNESS FOR A PARTICULAR PURPOSE.  See the
  15:src/btphy/rx_task.c ****  * GNU General Public License for more details.
  16:src/btphy/rx_task.c ****  *
  17:src/btphy/rx_task.c ****  * You should have received a copy of the GNU General Public License
  18:src/btphy/rx_task.c ****  * along with this program; see the file COPYING.  If not, write to
  19:src/btphy/rx_task.c ****  * the Free Software Foundation, Inc., 51 Franklin Street,
  20:src/btphy/rx_task.c ****  * Boston, MA 02110-1301, USA.
  21:src/btphy/rx_task.c ****  */
  22:src/btphy/rx_task.c **** #include <string.h>
  23:src/btphy/rx_task.c **** #include <ubtbr/cfg.h>
  24:src/btphy/rx_task.c **** #include <ubtbr/debug.h>
  25:src/btphy/rx_task.c **** #include <ubtbr/rf.h>
  26:src/btphy/rx_task.c **** #include <ubtbr/ubertooth_dma.h>
  27:src/btphy/rx_task.c **** #include <ubtbr/btctl_intf.h>
  28:src/btphy/rx_task.c **** #include <ubtbr/btphy.h>
  29:src/btphy/rx_task.c **** #include <ubtbr/tdma_sched.h>
  30:src/btphy/rx_task.c **** #include <ubtbr/codec.h>
  31:src/btphy/rx_task.c **** #include <ubtbr/hop.h>
ARM GAS  /tmp/cclJtHuD.s 			page 2


  32:src/btphy/rx_task.c **** #include <ubtbr/rx_task.h>
  33:src/btphy/rx_task.c **** 
  34:src/btphy/rx_task.c **** /* Exclude sw from size (see rx_buf_update()) */
  35:src/btphy/rx_task.c **** #define NUM_PKT_HDR_BYTES BYTE_ALIGN(4+54)
  36:src/btphy/rx_task.c **** 
  37:src/btphy/rx_task.c **** /* Data header should fit in a fec23 encoded codec chunk */
  38:src/btphy/rx_task.c **** #define NUM_DATA_HDR_BYTES BYTE_ALIGN(4+54+12*CODEC_RX_CHUNK_SIZE)
  39:src/btphy/rx_task.c **** 
  40:src/btphy/rx_task.c **** /* The receiver must listen for at least 426usec. (BT Vol B, part 2, fig 2.3)
  41:src/btphy/rx_task.c ****  * Reception deadline is setup_time + sym_count + 28usec of lag
  42:src/btphy/rx_task.c ****  * (we wait until 312.5+150 = 462.5usec.)
  43:src/btphy/rx_task.c ****   (426+28)  */
  44:src/btphy/rx_task.c **** #define	WAIT_SYNCWORD	(610+100) // perfect_time=61.usec, max_delta=10.usec
  45:src/btphy/rx_task.c **** 
  46:src/btphy/rx_task.c **** /* Maximum transmission size, for debug purpose */
  47:src/btphy/rx_task.c **** #define	WAIT_RX_MAX	1500 
  48:src/btphy/rx_task.c **** 
  49:src/btphy/rx_task.c **** /* Maximum size we can RX in WAIT_RX_MAX
  50:src/btphy/rx_task.c ****  * (minus 2 bytes to avoid crashing in case we're unlucky.)
  51:src/btphy/rx_task.c ****  */
  52:src/btphy/rx_task.c **** #define MAX_WAIT_BYTES	(150/8-2)
  53:src/btphy/rx_task.c **** 
  54:src/btphy/rx_task.c **** static struct {
  55:src/btphy/rx_task.c **** 	/* arguments */
  56:src/btphy/rx_task.c **** 	rx_task_cb_t pkt_cb;
  57:src/btphy/rx_task.c **** 	void *cb_arg;
  58:src/btphy/rx_task.c **** 
  59:src/btphy/rx_task.c **** 	/* variables */
  60:src/btphy/rx_task.c **** 	//btbr_pkt_t *rx_pkt;
  61:src/btphy/rx_task.c **** 	msg_t *rx_msg;
  62:src/btphy/rx_task.c **** 	btctl_rx_pkt_t *rx_pkt;
  63:src/btphy/rx_task.c **** 
  64:src/btphy/rx_task.c **** 	bbcodec_t codec;
  65:src/btphy/rx_task.c **** 	uint8_t do_rx_payload;
  66:src/btphy/rx_task.c **** 	/* Maximum acl packet is DH5: 32+4+54+(2+339+2)*8 */
  67:src/btphy/rx_task.c **** 	uint8_t rx_dma_buf[BYTE_ALIGN(32+4+54+MAX_ACL_SIZE*12)];
  68:src/btphy/rx_task.c **** 	uint16_t pkt_time;
  69:src/btphy/rx_task.c **** 	unsigned rx_offset;
  70:src/btphy/rx_task.c **** 	uint8_t rx_done;
  71:src/btphy/rx_task.c **** 	uint8_t slot_num;
  72:src/btphy/rx_task.c **** 	uint8_t rx_raw;
  73:src/btphy/rx_task.c **** } rx_task; 
  74:src/btphy/rx_task.c **** 
  75:src/btphy/rx_task.c **** static int rx_decode(uint8_t p1, uint8_t p2, uint16_t p3);
  76:src/btphy/rx_task.c **** 
  77:src/btphy/rx_task.c **** /* This is the function to call to know what's available in rx_buf */
  78:src/btphy/rx_task.c **** static unsigned rx_buf_update(void)
  79:src/btphy/rx_task.c **** {
  80:src/btphy/rx_task.c **** 	unsigned i, size = dma_get_rx_offset();
  81:src/btphy/rx_task.c **** 
  82:src/btphy/rx_task.c **** 	/* Reverse bytes to host order */
  83:src/btphy/rx_task.c **** 	for(i=rx_task.rx_offset;i<size;i++)
  84:src/btphy/rx_task.c **** 		rx_task.rx_dma_buf[i] = reverse8(rx_task.rx_dma_buf[i]);
  85:src/btphy/rx_task.c **** 	rx_task.rx_offset = size;
  86:src/btphy/rx_task.c **** 
  87:src/btphy/rx_task.c **** 	/* Skip 32-bits of syncword*/
  88:src/btphy/rx_task.c **** 	if (size > 4)
ARM GAS  /tmp/cclJtHuD.s 			page 3


  89:src/btphy/rx_task.c **** 		return size-4;
  90:src/btphy/rx_task.c **** 	return 0;
  91:src/btphy/rx_task.c **** }
  92:src/btphy/rx_task.c **** 
  93:src/btphy/rx_task.c **** /* Stop RX and call user callback */
  94:src/btphy/rx_task.c **** static void rx_finalize(void)
  95:src/btphy/rx_task.c **** {
  96:src/btphy/rx_task.c **** 	int rc;
  97:src/btphy/rx_task.c **** 	uint32_t i, size;
  98:src/btphy/rx_task.c **** 	uint16_t rx_size;
  99:src/btphy/rx_task.c **** 	msg_t *msg = rx_task.rx_msg;
 100:src/btphy/rx_task.c **** 	btctl_rx_pkt_t *pkt = rx_task.rx_pkt;
 101:src/btphy/rx_task.c **** 
 102:src/btphy/rx_task.c **** 	/* Stop RX */
 103:src/btphy/rx_task.c **** 	btphy_rf_idle();
 104:src/btphy/rx_task.c **** 	dio_ssp_stop();
 105:src/btphy/rx_task.c **** 
 106:src/btphy/rx_task.c **** 	if (!pkt)
 107:src/btphy/rx_task.c **** 		DIE("rxnd: no rx_pkt");
 108:src/btphy/rx_task.c **** 	if (!rx_task.pkt_cb)
 109:src/btphy/rx_task.c **** 		DIE("rxnd: no pkt_cb");
 110:src/btphy/rx_task.c **** 
 111:src/btphy/rx_task.c **** 	if (BBPKT_HAS_HDR(pkt))
 112:src/btphy/rx_task.c **** 	{
 113:src/btphy/rx_task.c **** 		/* Reverse payload to host order */
 114:src/btphy/rx_task.c **** 		size=rx_buf_update();
 115:src/btphy/rx_task.c **** 
 116:src/btphy/rx_task.c **** 		/* Finalize pkt's payload decoding */
 117:src/btphy/rx_task.c **** 		pkt->flags |= bbcodec_decode_finalize(&rx_task.codec, pkt->bt_data, &pkt->data_size);
 118:src/btphy/rx_task.c **** 	}
 119:src/btphy/rx_task.c **** 	else
 120:src/btphy/rx_task.c **** 	{
 121:src/btphy/rx_task.c **** 		pkt->data_size = 0;
 122:src/btphy/rx_task.c **** 	}
 123:src/btphy/rx_task.c **** 	/* Trim the message to its real length */
 124:src/btphy/rx_task.c **** 	msg_set_write(rx_task.rx_msg, &pkt->bt_data[pkt->data_size]);
 125:src/btphy/rx_task.c **** 
 126:src/btphy/rx_task.c **** 	/* Reset rx state before calling callback,
 127:src/btphy/rx_task.c **** 	 * because callback can schedule a new RX */
 128:src/btphy/rx_task.c **** 	rx_task.rx_msg = NULL;
 129:src/btphy/rx_task.c **** 	rx_task.rx_pkt = NULL;
 130:src/btphy/rx_task.c **** 
 131:src/btphy/rx_task.c **** 	/* Call user callback */
 132:src/btphy/rx_task.c **** 	rx_task.pkt_cb(msg, rx_task.cb_arg, rx_task.pkt_time-RF_EXPECTED_RX_CLKN_OFFSET);
 133:src/btphy/rx_task.c **** }
 134:src/btphy/rx_task.c **** 
 135:src/btphy/rx_task.c **** // -1
 136:src/btphy/rx_task.c **** static int rx_prepare(uint8_t p1, uint8_t p2, uint16_t p3)
 137:src/btphy/rx_task.c **** {
  28              		.loc 1 137 1 view -0
  29              		.cfi_startproc
  30              		@ args = 0, pretend = 0, frame = 0
  31              		@ frame_needed = 0, uses_anonymous_args = 0
  32              		.loc 1 137 1 is_stmt 0 view .LVU1
  33 0000 70B5     		push	{r4, r5, r6, lr}
  34              		.cfi_def_cfa_offset 16
  35              		.cfi_offset 4, -16
ARM GAS  /tmp/cclJtHuD.s 			page 4


  36              		.cfi_offset 5, -12
  37              		.cfi_offset 6, -8
  38              		.cfi_offset 14, -4
 138:src/btphy/rx_task.c **** 	uint8_t chan;
  39              		.loc 1 138 2 is_stmt 1 view .LVU2
 139:src/btphy/rx_task.c **** 	uint32_t rx_clkn = btphy_cur_clkn()+1;
  40              		.loc 1 139 2 view .LVU3
  41              	.LBB68:
  42              	.LBI68:
  43              		.file 2 "include/ubtbr/btphy.h"
   1:include/ubtbr/btphy.h **** #ifndef __BTPHY_H
   2:include/ubtbr/btphy.h **** #define __BTPHY_H
   3:include/ubtbr/btphy.h **** #include <stdint.h>
   4:include/ubtbr/btphy.h **** #include <ubertooth_interface.h>
   5:include/ubtbr/btphy.h **** #include <ubtbr/cfg.h>
   6:include/ubtbr/btphy.h **** #include <ubtbr/queue.h>
   7:include/ubtbr/btphy.h **** 
   8:include/ubtbr/btphy.h **** #define CLKN_RATE 3200
   9:include/ubtbr/btphy.h **** #define PERIPH_CLK_RATE	50000000			// 50Mhz
  10:include/ubtbr/btphy.h **** #define PERIPH_CLK_NS (1000000000/PERIPH_CLK_RATE)	// 20ns
  11:include/ubtbr/btphy.h **** #define CLK100NS_SECOND (1000000000/100)
  12:include/ubtbr/btphy.h **** /* clkn_offset prescale value (from peripheral clock -> 100ns) */
  13:include/ubtbr/btphy.h **** #define CLKN_OFFSET_PRESCALE_VAL 	(100/PERIPH_CLK_NS)
  14:include/ubtbr/btphy.h **** /* clk_offset match register value */
  15:include/ubtbr/btphy.h **** #define CLKN_OFFSET_RESET_VAL ((PERIPH_CLK_RATE/CLKN_OFFSET_PRESCALE_VAL)/CLKN_RATE)
  16:include/ubtbr/btphy.h **** #define MASTER_CLKN	T1TC
  17:include/ubtbr/btphy.h **** #define CLKN_OFFSET	T0TC
  18:include/ubtbr/btphy.h **** 
  19:include/ubtbr/btphy.h **** typedef enum btphy_mode_e {
  20:include/ubtbr/btphy.h **** 	BT_MODE_INQUIRY,
  21:include/ubtbr/btphy.h **** 	BT_MODE_PAGING,
  22:include/ubtbr/btphy.h **** 	BT_MODE_INQUIRY_SCAN,
  23:include/ubtbr/btphy.h **** 	BT_MODE_PAGE_SCAN,
  24:include/ubtbr/btphy.h **** 	BT_MODE_MASTER,
  25:include/ubtbr/btphy.h **** 	BT_MODE_SLAVE,
  26:include/ubtbr/btphy.h **** } btphy_mode_t ; 
  27:include/ubtbr/btphy.h **** 
  28:include/ubtbr/btphy.h **** typedef struct btphy_s {
  29:include/ubtbr/btphy.h **** 	btphy_mode_t mode;
  30:include/ubtbr/btphy.h **** 	uint32_t master_clkn; 
  31:include/ubtbr/btphy.h **** 	uint32_t slave_clkn; 
  32:include/ubtbr/btphy.h **** 	int slave_clkn_delay;
  33:include/ubtbr/btphy.h **** 	int clkn_delayed;
  34:include/ubtbr/btphy.h **** 	uint32_t chan_lap;
  35:include/ubtbr/btphy.h **** 	uint8_t chan_uap;
  36:include/ubtbr/btphy.h **** 	uint64_t chan_sw;
  37:include/ubtbr/btphy.h **** 	uint8_t chan_trailer;
  38:include/ubtbr/btphy.h **** 	uint8_t chan_sw_lo[4];
  39:include/ubtbr/btphy.h **** 	uint8_t chan_sw_hi[4];
  40:include/ubtbr/btphy.h **** 	uint32_t my_lap;
  41:include/ubtbr/btphy.h **** 	uint8_t  my_uap;
  42:include/ubtbr/btphy.h **** 	uint16_t my_nap;
  43:include/ubtbr/btphy.h **** 	uint64_t my_sw;
  44:include/ubtbr/btphy.h **** } btphy_t;
  45:include/ubtbr/btphy.h **** 
  46:include/ubtbr/btphy.h **** typedef void (*btphy_timer_fn_t)(void *arg);
  47:include/ubtbr/btphy.h **** 
ARM GAS  /tmp/cclJtHuD.s 			page 5


  48:include/ubtbr/btphy.h **** extern btphy_t btphy;
  49:include/ubtbr/btphy.h **** 
  50:include/ubtbr/btphy.h **** #define CUR_MASTER_SLOT_IDX()	(btphy.master_clkn&3)
  51:include/ubtbr/btphy.h **** #define CUR_SLAVE_SLOT_IDX()	(btphy.slave_clkn&3)
  52:include/ubtbr/btphy.h **** 
  53:include/ubtbr/btphy.h **** static inline uint32_t btphy_cur_clkn(void)
  44              		.loc 2 53 24 view .LVU4
  45              	.LBB69:
  54:include/ubtbr/btphy.h **** {
  55:include/ubtbr/btphy.h **** 	switch(btphy.mode)
  46              		.loc 2 55 2 view .LVU5
  47              		.loc 2 55 14 is_stmt 0 view .LVU6
  48 0002 3D4E     		ldr	r6, .L9
  49 0004 3378     		ldrb	r3, [r6]	@ zero_extendqisi2
  50              		.loc 2 55 2 view .LVU7
  51 0006 032B     		cmp	r3, #3
  52 0008 67D8     		bhi	.L2
  53 000a 012B     		cmp	r3, #1
  54 000c 6AD8     		bhi	.L3
  55              	.L4:
  56:include/ubtbr/btphy.h **** 	{
  57:include/ubtbr/btphy.h **** 	case BT_MODE_INQUIRY_SCAN:
  58:include/ubtbr/btphy.h **** 	case BT_MODE_PAGE_SCAN:
  59:include/ubtbr/btphy.h **** 	case BT_MODE_SLAVE:
  60:include/ubtbr/btphy.h **** 		return btphy.slave_clkn;
  61:include/ubtbr/btphy.h **** 	default:
  62:include/ubtbr/btphy.h **** 		return btphy.master_clkn;
  56              		.loc 2 62 3 is_stmt 1 view .LVU8
  57              	.LBE69:
  58              	.LBE68:
  59              		.loc 1 139 11 is_stmt 0 discriminator 1 view .LVU9
  60 000e 7468     		ldr	r4, [r6, #4]
  61 0010 0134     		adds	r4, r4, #1
  62              	.LVL1:
 140:src/btphy/rx_task.c **** 	btctl_rx_pkt_t *pkt;
  63              		.loc 1 140 2 is_stmt 1 view .LVU10
 141:src/btphy/rx_task.c **** 
 142:src/btphy/rx_task.c **** 	/* In inquiry/paging, hop.x must be incremented before each tx
 143:src/btphy/rx_task.c **** 	 * of the master / RX of the slave
 144:src/btphy/rx_task.c **** 	 * (Actually, rx_task in not used in mode INQUIRY_SCAN)
 145:src/btphy/rx_task.c **** 	 */
 146:src/btphy/rx_task.c **** 	if (btphy.mode == BT_MODE_PAGE_SCAN)
  64              		.loc 1 146 2 view .LVU11
  65              	.L5:
 147:src/btphy/rx_task.c **** 		hop_increment();
 148:src/btphy/rx_task.c **** 	chan = hop_channel(rx_clkn);
  66              		.loc 1 148 2 view .LVU12
  67              		.loc 1 148 9 is_stmt 0 view .LVU13
  68 0012 2046     		mov	r0, r4
  69              	.LVL2:
  70              		.loc 1 148 9 view .LVU14
  71 0014 FFF7FEFF 		bl	hop_channel
  72              	.LVL3:
  73              		.loc 1 148 9 view .LVU15
  74 0018 0546     		mov	r5, r0
  75              	.LVL4:
 149:src/btphy/rx_task.c **** 
ARM GAS  /tmp/cclJtHuD.s 			page 6


 150:src/btphy/rx_task.c **** 	/* Tune to chan & start RX */
 151:src/btphy/rx_task.c **** 	//cprintf("tune rx %d\n", pkt->chan);
 152:src/btphy/rx_task.c **** 	btphy_rf_tune_chan(2402+chan, 0);
  76              		.loc 1 152 2 is_stmt 1 view .LVU16
  77 001a 00F66210 		addw	r0, r0, #2402
  78              	.LVL5:
  79              		.loc 1 152 2 is_stmt 0 view .LVU17
  80 001e 0021     		movs	r1, #0
  81 0020 80B2     		uxth	r0, r0
  82 0022 FFF7FEFF 		bl	btphy_rf_tune_chan
  83              	.LVL6:
 153:src/btphy/rx_task.c **** 	/* Here i must strobe SRX before & after GRMDM cfg. why ? */
 154:src/btphy/rx_task.c **** 	cc2400_strobe(SFSON);
  84              		.loc 1 154 2 is_stmt 1 view .LVU18
  85 0026 6120     		movs	r0, #97
  86 0028 FFF7FEFF 		bl	cc2400_strobe
  87              	.LVL7:
 155:src/btphy/rx_task.c **** 	btphy_rf_cfg_rx();
  88              		.loc 1 155 2 view .LVU19
  89              	.LBB72:
  90              	.LBI72:
  91              		.file 3 "include/ubtbr/rf.h"
   1:include/ubtbr/rf.h **** #ifndef __BTPHY_RF_H
   2:include/ubtbr/rf.h **** #define __BTPHY_RF_H
   3:include/ubtbr/rf.h **** #include <stdint.h>
   4:include/ubtbr/rf.h **** #include "ubertooth.h"
   5:include/ubtbr/rf.h **** 
   6:include/ubtbr/rf.h **** /* Num of bytes left in fifo when FIFO_EMPTY int trigger 64usec */
   7:include/ubtbr/rf.h **** #define PHY_MIN_FIFO_BYTES 16
   8:include/ubtbr/rf.h **** #define PHY_FIFO_THRESHOLD (32-PHY_MIN_FIFO_BYTES)
   9:include/ubtbr/rf.h **** 
  10:include/ubtbr/rf.h **** #define WAIT_CC2400_STATE(state) while((cc2400_get(FSMSTATE) & 0x1f) != (state));
  11:include/ubtbr/rf.h **** #define FS_TUNED() (cc2400_status() & FS_LOCK)
  12:include/ubtbr/rf.h **** #define WAIT_FS_TUNED() while(!FS_TUNED())
  13:include/ubtbr/rf.h **** 
  14:include/ubtbr/rf.h **** #define RF_EXPECTED_RX_CLKN_OFFSET 610	// (29usec of rf warmup + 32usec of sw)
  15:include/ubtbr/rf.h **** 
  16:include/ubtbr/rf.h **** typedef void (*btbr_int_cb_t)(void *arg);
  17:include/ubtbr/rf.h **** 
  18:include/ubtbr/rf.h **** #define MAX_AC_ERRORS_DEFAULT	1
  19:include/ubtbr/rf.h **** typedef struct {
  20:include/ubtbr/rf.h **** 	uint16_t freq_off_reg;
  21:include/ubtbr/rf.h **** 	uint16_t max_ac_errors;
  22:include/ubtbr/rf.h **** 	btbr_int_cb_t int_handler;
  23:include/ubtbr/rf.h **** 	void *int_arg;
  24:include/ubtbr/rf.h **** } rf_state_t;
  25:include/ubtbr/rf.h **** 
  26:include/ubtbr/rf.h **** extern volatile rf_state_t rf_state;
  27:include/ubtbr/rf.h **** 
  28:include/ubtbr/rf.h **** void btphy_rf_init(void);
  29:include/ubtbr/rf.h **** void btphy_rf_off(void);
  30:include/ubtbr/rf.h **** void btphy_rf_set_freq_off(uint8_t off);
  31:include/ubtbr/rf.h **** void btphy_rf_set_max_ac_errors(uint8_t max_ac_errors);
  32:include/ubtbr/rf.h **** void btphy_rf_cfg_sync(uint32_t sync);
  33:include/ubtbr/rf.h **** void btphy_rf_tune_chan(uint16_t channel, int tx);
  34:include/ubtbr/rf.h **** void btphy_rf_fifo_write(uint8_t *data, unsigned len);
  35:include/ubtbr/rf.h **** 
ARM GAS  /tmp/cclJtHuD.s 			page 7


  36:include/ubtbr/rf.h **** void btphy_rf_enable_int(btbr_int_cb_t cb, void*cb_arg, int tx);
  37:include/ubtbr/rf.h **** void btphy_rf_disable_int(void);
  38:include/ubtbr/rf.h **** 
  39:include/ubtbr/rf.h **** static inline void btphy_rf_idle(void)
  40:include/ubtbr/rf.h **** {
  41:include/ubtbr/rf.h **** 	cc2400_strobe(SRFOFF);
  42:include/ubtbr/rf.h **** 	TXLED_CLR;
  43:include/ubtbr/rf.h **** 	RXLED_CLR;
  44:include/ubtbr/rf.h **** }
  45:include/ubtbr/rf.h **** 
  46:include/ubtbr/rf.h **** static inline void btphy_rf_tx(void)
  47:include/ubtbr/rf.h **** {
  48:include/ubtbr/rf.h **** 	cc2400_strobe(STX);
  49:include/ubtbr/rf.h **** 	TXLED_SET;
  50:include/ubtbr/rf.h **** }
  51:include/ubtbr/rf.h **** static inline void btphy_rf_rx(void)
  52:include/ubtbr/rf.h **** {
  53:include/ubtbr/rf.h **** 	cc2400_strobe(SRX);
  54:include/ubtbr/rf.h **** 	RXLED_SET;
  55:include/ubtbr/rf.h **** }
  56:include/ubtbr/rf.h **** 
  57:include/ubtbr/rf.h **** /* cc2400 configure for un-buffered rx */
  58:include/ubtbr/rf.h **** static inline void btphy_rf_cfg_rx(void)
  92              		.loc 3 58 20 view .LVU20
  93              	.LBB73:
  59:include/ubtbr/rf.h **** {
  60:include/ubtbr/rf.h **** 	/* un-buffered mode, packet w/ sync word detection */
  61:include/ubtbr/rf.h **** 	cc2400_set(GRMDM,   0x4E1|(rf_state.max_ac_errors<<13));
  94              		.loc 3 61 2 view .LVU21
  95              		.loc 3 61 27 is_stmt 0 view .LVU22
  96 002c 40F2E141 		movw	r1, 1249	@ movhi
  97              		.loc 3 61 37 view .LVU23
  98 0030 324B     		ldr	r3, .L9+4
  99              		.loc 3 61 2 view .LVU24
 100 0032 2020     		movs	r0, #32
 101              		.loc 3 61 37 view .LVU25
 102 0034 5B88     		ldrh	r3, [r3, #2]
 103              		.loc 3 61 27 view .LVU26
 104 0036 41EA4331 		orr	r1, r1, r3, lsl #13
 105              		.loc 3 61 2 view .LVU27
 106 003a 89B2     		uxth	r1, r1
 107 003c FFF7FEFF 		bl	cc2400_set
 108              	.LVL8:
  62:include/ubtbr/rf.h **** 	// 0 XX 00 1 001 11 0 00 0 1
  63:include/ubtbr/rf.h **** 	//   |  |  | |   |  +--------> CRC off
  64:include/ubtbr/rf.h **** 	//   |  |  | |   +-----------> sync word: 32 MSB bits of SYNC_WORD
  65:include/ubtbr/rf.h **** 	//   |  |  | +---------------> 1 preamble bytes of (0)1010101
  66:include/ubtbr/rf.h **** 	//   |  |  +-----------------> packet mode
  67:include/ubtbr/rf.h **** 	//   |  +--------------------> un-buffered mode // use sync word to trigger 
  68:include/ubtbr/rf.h **** 	//   +-----------------------> sync error bits allowed: N
  69:include/ubtbr/rf.h **** 	cc2400_set(IOCFG, 0x170|(GIO_PKT<<9));
 109              		.loc 3 69 2 is_stmt 1 view .LVU28
 110 0040 4FF45761 		mov	r1, #3440
 111 0044 0820     		movs	r0, #8
 112 0046 FFF7FEFF 		bl	cc2400_set
 113              	.LVL9:
 114              	.LBE73:
ARM GAS  /tmp/cclJtHuD.s 			page 8


 115              	.LBE72:
 156:src/btphy/rx_task.c **** 	btphy_rf_rx();
 116              		.loc 1 156 2 view .LVU29
 117              	.LBB74:
 118              	.LBI74:
  51:include/ubtbr/rf.h **** {
 119              		.loc 3 51 20 view .LVU30
 120              	.LBB75:
  53:include/ubtbr/rf.h **** 	RXLED_SET;
 121              		.loc 3 53 2 view .LVU31
 122 004a 6220     		movs	r0, #98
 123 004c FFF7FEFF 		bl	cc2400_strobe
 124              	.LVL10:
  54:include/ubtbr/rf.h **** }
 125              		.loc 3 54 2 view .LVU32
 126 0050 1022     		movs	r2, #16
 127 0052 2B4B     		ldr	r3, .L9+8
 128              	.LBE75:
 129              	.LBE74:
 130              	.LBB77:
 131              	.LBB78:
 132              	.LBB79:
 133              	.LBB80:
 134              		.file 4 "include/ubtbr/msg.h"
   1:include/ubtbr/msg.h **** #ifndef __DEF_MSG_H
   2:include/ubtbr/msg.h **** #define __DEF_MSG_H
   3:include/ubtbr/msg.h **** #include <stdint.h>
   4:include/ubtbr/msg.h **** 
   5:include/ubtbr/msg.h **** typedef struct msg_s {
   6:include/ubtbr/msg.h **** 	uint16_t len;
   7:include/ubtbr/msg.h **** 	uint16_t data_len;
   8:include/ubtbr/msg.h **** 	uint8_t *read;
   9:include/ubtbr/msg.h **** 	uint8_t *write;
  10:include/ubtbr/msg.h **** 	/* never move head */
  11:include/ubtbr/msg.h **** 	uint8_t data[0];
  12:include/ubtbr/msg.h **** } msg_t;
  13:include/ubtbr/msg.h **** 
  14:include/ubtbr/msg.h **** /* Allocate a msg_t wigh given room*/
  15:include/ubtbr/msg.h **** static inline msg_t *msg_alloc(unsigned size)
  16:include/ubtbr/msg.h **** {
  17:include/ubtbr/msg.h **** 	msg_t *msg = (msg_t*)btctl_mem_alloc(sizeof(msg_t)+size);
 135              		.loc 4 17 23 is_stmt 0 view .LVU33
 136 0054 4FF4BA70 		mov	r0, #372
 137              	.LBE80:
 138              	.LBE79:
 139              	.LBE78:
 140              	.LBE77:
 141              	.LBB94:
 142              	.LBB76:
  54:include/ubtbr/rf.h **** }
 143              		.loc 3 54 2 view .LVU34
 144 0058 9A63     		str	r2, [r3, #56]
 145              	.LBE76:
 146              	.LBE94:
 157:src/btphy/rx_task.c **** 
 158:src/btphy/rx_task.c **** 	/* Alloc & reset RX packet */
 159:src/btphy/rx_task.c **** 	if (!(rx_task.rx_msg = btctl_msg_alloc(BTCTL_RX_PKT)))
ARM GAS  /tmp/cclJtHuD.s 			page 9


 147              		.loc 1 159 2 is_stmt 1 view .LVU35
 148              	.LVL11:
 149              	.LBB95:
 150              	.LBI77:
 151              		.file 5 "include/ubtbr/btctl_intf.h"
   1:include/ubtbr/btctl_intf.h **** #ifndef __BTCTL_INTF_H
   2:include/ubtbr/btctl_intf.h **** #define __BTCTL_INTF_H
   3:include/ubtbr/btctl_intf.h **** #include <ubtbr/bb_msg.h>
   4:include/ubtbr/btctl_intf.h **** #include <ubtbr/queue.h>
   5:include/ubtbr/btctl_intf.h **** #include <ubtbr/system.h>
   6:include/ubtbr/btctl_intf.h **** #include <ubertooth_interface.h>
   7:include/ubtbr/btctl_intf.h **** 
   8:include/ubtbr/btctl_intf.h **** typedef struct btctl_s {
   9:include/ubtbr/btctl_intf.h **** 	btctl_state_t state;
  10:include/ubtbr/btctl_intf.h **** 	msg_queue_t rx_q;
  11:include/ubtbr/btctl_intf.h **** 	msg_queue_t tx_q;
  12:include/ubtbr/btctl_intf.h **** 	msg_queue_t acl_tx_q;
  13:include/ubtbr/btctl_intf.h **** 	msg_t *eir_msg;
  14:include/ubtbr/btctl_intf.h **** 	btctl_tx_pkt_t *eir_pkt;
  15:include/ubtbr/btctl_intf.h **** } btctl_t;
  16:include/ubtbr/btctl_intf.h **** 
  17:include/ubtbr/btctl_intf.h **** extern btctl_t btctl;
  18:include/ubtbr/btctl_intf.h **** 
  19:include/ubtbr/btctl_intf.h **** void btctl_init(void);
  20:include/ubtbr/btctl_intf.h **** int btctl_work(void);
  21:include/ubtbr/btctl_intf.h **** 
  22:include/ubtbr/btctl_intf.h **** void btctl_set_state(btctl_state_t state, btctl_reason_t reason);
  23:include/ubtbr/btctl_intf.h **** 
  24:include/ubtbr/btctl_intf.h **** static inline btctl_state_t btctl_get_state(void)
  25:include/ubtbr/btctl_intf.h **** {
  26:include/ubtbr/btctl_intf.h **** 	return btctl.state;
  27:include/ubtbr/btctl_intf.h **** }
  28:include/ubtbr/btctl_intf.h **** 
  29:include/ubtbr/btctl_intf.h **** static inline btctl_tx_pkt_t *btctl_get_eir(void)
  30:include/ubtbr/btctl_intf.h **** {
  31:include/ubtbr/btctl_intf.h **** 	return btctl.eir_pkt;
  32:include/ubtbr/btctl_intf.h **** }
  33:include/ubtbr/btctl_intf.h **** 
  34:include/ubtbr/btctl_intf.h **** static inline msg_t *btctl_msg_alloc(unsigned type)
 152              		.loc 5 34 22 view .LVU36
 153              	.LBB89:
  35:include/ubtbr/btctl_intf.h **** {
  36:include/ubtbr/btctl_intf.h **** 	msg_t *msg;
 154              		.loc 5 36 2 view .LVU37
  37:include/ubtbr/btctl_intf.h **** 	btctl_hdr_t *hdr;
 155              		.loc 5 37 2 view .LVU38
  38:include/ubtbr/btctl_intf.h **** 
  39:include/ubtbr/btctl_intf.h **** 	/* maximum size ?*/
  40:include/ubtbr/btctl_intf.h **** 	msg = msg_alloc(sizeof(btctl_hdr_t)+sizeof(btctl_rx_pkt_t)+MAX_ACL_PACKET_SIZE);
 156              		.loc 5 40 2 view .LVU39
 157              	.LBB83:
 158              	.LBI79:
  15:include/ubtbr/msg.h **** {
 159              		.loc 4 15 22 view .LVU40
 160              	.LBB81:
 161              		.loc 4 17 2 view .LVU41
 162              		.loc 4 17 23 is_stmt 0 view .LVU42
ARM GAS  /tmp/cclJtHuD.s 			page 10


 163 005a FFF7FEFF 		bl	mem_pool_alloc
 164              	.LVL12:
 165 005e 0346     		mov	r3, r0
 166              	.LVL13:
  18:include/ubtbr/msg.h **** 
  19:include/ubtbr/msg.h **** 	msg->write = msg->data;
 167              		.loc 4 19 2 is_stmt 1 view .LVU43
  20:include/ubtbr/msg.h **** 	msg->read = msg->data;
 168              		.loc 4 20 2 view .LVU44
  19:include/ubtbr/msg.h **** 	msg->read = msg->data;
 169              		.loc 4 19 15 is_stmt 0 view .LVU45
 170 0060 00F10C02 		add	r2, r0, #12
 171              		.loc 4 20 12 view .LVU46
 172 0064 4260     		str	r2, [r0, #4]
  21:include/ubtbr/msg.h **** 	msg->data_len = size;
 173              		.loc 4 21 2 is_stmt 1 view .LVU47
 174              		.loc 4 21 16 is_stmt 0 view .LVU48
 175 0066 4FF4B472 		mov	r2, #360
 176              	.LBE81:
 177              	.LBE83:
 178              	.LBE89:
 179              	.LBE95:
 160:src/btphy/rx_task.c **** 		DIE("rx_prepare: no more buf");
 161:src/btphy/rx_task.c **** 	pkt = rx_task.rx_pkt = (btctl_rx_pkt_t*)msg_put(rx_task.rx_msg, sizeof(*rx_task.rx_pkt));
 162:src/btphy/rx_task.c **** 
 163:src/btphy/rx_task.c **** 	/* Setup rx packet */
 164:src/btphy/rx_task.c **** 	pkt->chan = chan;
 180              		.loc 1 164 12 view .LVU49
 181 006a 0575     		strb	r5, [r0, #20]
 182              	.LBB96:
 183              	.LBB90:
  41:include/ubtbr/btctl_intf.h **** 	hdr = (btctl_hdr_t*) msg_put(msg, sizeof(*hdr));
  42:include/ubtbr/btctl_intf.h **** 	hdr->type = type;
 184              		.loc 5 42 12 view .LVU50
 185 006c 2821     		movs	r1, #40
 186              	.LBE90:
 187              	.LBE96:
 165:src/btphy/rx_task.c **** 	pkt->data_size = 0;
 188              		.loc 1 165 17 view .LVU51
 189 006e 0025     		movs	r5, #0
 166:src/btphy/rx_task.c **** 	pkt->clkn = rx_clkn; // clkn at time of execute
 190              		.loc 1 166 12 view .LVU52
 191 0070 1C61     		str	r4, [r3, #16]	@ unaligned
 167:src/btphy/rx_task.c **** 	pkt->flags = 0;
 168:src/btphy/rx_task.c **** 
 169:src/btphy/rx_task.c **** 	bbcodec_init(&rx_task.codec, btphy_whiten_seed(rx_clkn), btphy.chan_uap, 1, rx_task.rx_raw);
 192              		.loc 1 169 31 view .LVU53
 193 0072 2046     		mov	r0, r4
 194              	.LVL14:
 159:src/btphy/rx_task.c **** 		DIE("rx_prepare: no more buf");
 195              		.loc 1 159 23 discriminator 1 view .LVU54
 196 0074 234C     		ldr	r4, .L9+12
 197              	.LVL15:
 198              	.LBB97:
 199              	.LBB91:
 200              	.LBB84:
 201              	.LBB82:
ARM GAS  /tmp/cclJtHuD.s 			page 11


 202              		.loc 4 21 16 view .LVU55
 203 0076 5A80     		strh	r2, [r3, #2]	@ movhi
  22:include/ubtbr/msg.h **** 
  23:include/ubtbr/msg.h **** 	return msg;
 204              		.loc 4 23 2 is_stmt 1 view .LVU56
 205              	.LVL16:
 206              		.loc 4 23 2 is_stmt 0 view .LVU57
 207              	.LBE82:
 208              	.LBE84:
  41:include/ubtbr/btctl_intf.h **** 	hdr->type = type;
 209              		.loc 5 41 2 is_stmt 1 view .LVU58
 210              	.LBB85:
 211              	.LBI85:
  24:include/ubtbr/msg.h **** }
  25:include/ubtbr/msg.h **** 
  26:include/ubtbr/msg.h **** static inline void msg_free(msg_t *msg)
  27:include/ubtbr/msg.h **** {
  28:include/ubtbr/msg.h **** 	btctl_mem_free(msg);
  29:include/ubtbr/msg.h **** }
  30:include/ubtbr/msg.h **** 
  31:include/ubtbr/msg.h **** /* Return number of bytes written in the data buffer. */
  32:include/ubtbr/msg.h **** static inline int msg_write_len(const msg_t *msg)
  33:include/ubtbr/msg.h **** {
  34:include/ubtbr/msg.h **** 	return (int)(msg->write - msg->data);
  35:include/ubtbr/msg.h **** }
  36:include/ubtbr/msg.h **** 
  37:include/ubtbr/msg.h **** /* Return number of bytes we can pull between
  38:include/ubtbr/msg.h ****  * the data pointer and the end of the buffer. */
  39:include/ubtbr/msg.h **** static inline int msg_read_avail(const msg_t *msg)
  40:include/ubtbr/msg.h **** {
  41:include/ubtbr/msg.h **** 	return (int)(msg->write - msg->read);
  42:include/ubtbr/msg.h **** }
  43:include/ubtbr/msg.h **** 
  44:include/ubtbr/msg.h **** /* Return number of bytes we can put between
  45:include/ubtbr/msg.h ****  * the tail pointer and the end of the buffer. */
  46:include/ubtbr/msg.h **** static inline int msg_write_avail(const msg_t *msg)
  47:include/ubtbr/msg.h **** {
  48:include/ubtbr/msg.h ****         return msg->data_len - msg_write_len(msg);
  49:include/ubtbr/msg.h **** }
  50:include/ubtbr/msg.h **** 
  51:include/ubtbr/msg.h **** /* Set write pointer.
  52:include/ubtbr/msg.h ****  * Meant to trim the msg to the end of data written. */
  53:include/ubtbr/msg.h **** static inline int msg_set_write(msg_t *msg, uint8_t *write)
  54:include/ubtbr/msg.h **** {
  55:include/ubtbr/msg.h **** 	if (write < msg->data || write > (msg->data + msg->data_len))
  56:include/ubtbr/msg.h ****                 return -1;
  57:include/ubtbr/msg.h ****         msg->write = write;
  58:include/ubtbr/msg.h **** 
  59:include/ubtbr/msg.h ****         return 0;
  60:include/ubtbr/msg.h **** }
  61:include/ubtbr/msg.h **** 
  62:include/ubtbr/msg.h **** static inline uint8_t *msg_put(msg_t *msg, unsigned int len)
 212              		.loc 4 62 24 view .LVU59
 213              	.LBB86:
  63:include/ubtbr/msg.h **** {
  64:include/ubtbr/msg.h ****         uint8_t *tmp = msg->write;
 214              		.loc 4 64 9 view .LVU60
ARM GAS  /tmp/cclJtHuD.s 			page 12


  65:include/ubtbr/msg.h **** 
  66:include/ubtbr/msg.h ****         if (msg_write_avail(msg) < (int) len)
 215              		.loc 4 66 9 view .LVU61
  67:include/ubtbr/msg.h **** 		DIE("msg_put: short buf\n");
  68:include/ubtbr/msg.h ****         msg->write += len;
 216              		.loc 4 68 9 view .LVU62
  69:include/ubtbr/msg.h **** 
  70:include/ubtbr/msg.h ****         return tmp;
 217              		.loc 4 70 9 view .LVU63
 218              		.loc 4 70 9 is_stmt 0 view .LVU64
 219              	.LBE86:
 220              	.LBE85:
 221              		.loc 5 42 2 is_stmt 1 view .LVU65
  43:include/ubtbr/btctl_intf.h **** 
  44:include/ubtbr/btctl_intf.h **** 	return msg;
 222              		.loc 5 44 2 view .LVU66
 223              		.loc 5 44 2 is_stmt 0 view .LVU67
 224              	.LBE91:
 225              	.LBE97:
 226              	.LBB98:
 227              	.LBB99:
  68:include/ubtbr/msg.h **** 
 228              		.loc 4 68 20 view .LVU68
 229 0078 03F11C02 		add	r2, r3, #28
 230              	.LBE99:
 231              	.LBE98:
 232              	.LBB101:
 233              	.LBB92:
  42:include/ubtbr/btctl_intf.h **** 
 234              		.loc 5 42 12 view .LVU69
 235 007c 1973     		strb	r1, [r3, #12]
 236              	.LBE92:
 237              	.LBE101:
 165:src/btphy/rx_task.c **** 	pkt->clkn = rx_clkn; // clkn at time of execute
 238              		.loc 1 165 17 view .LVU70
 239 007e 9D75     		strb	r5, [r3, #22]
 240 0080 DD75     		strb	r5, [r3, #23]
 167:src/btphy/rx_task.c **** 
 241              		.loc 1 167 13 view .LVU71
 242 0082 5D75     		strb	r5, [r3, #21]
 159:src/btphy/rx_task.c **** 		DIE("rx_prepare: no more buf");
 243              		.loc 1 159 23 discriminator 1 view .LVU72
 244 0084 A360     		str	r3, [r4, #8]
 161:src/btphy/rx_task.c **** 
 245              		.loc 1 161 2 is_stmt 1 view .LVU73
 246              	.LVL17:
 247              	.LBB102:
 248              	.LBI98:
  62:include/ubtbr/msg.h **** {
 249              		.loc 4 62 24 view .LVU74
 250              	.LBB100:
  64:include/ubtbr/msg.h **** 
 251              		.loc 4 64 9 view .LVU75
  66:include/ubtbr/msg.h **** 		DIE("msg_put: short buf\n");
 252              		.loc 4 66 9 view .LVU76
  68:include/ubtbr/msg.h **** 
 253              		.loc 4 68 9 view .LVU77
ARM GAS  /tmp/cclJtHuD.s 			page 13


  68:include/ubtbr/msg.h **** 
 254              		.loc 4 68 20 is_stmt 0 view .LVU78
 255 0086 9A60     		str	r2, [r3, #8]
 256              		.loc 4 70 9 is_stmt 1 view .LVU79
 257              	.LVL18:
 258              		.loc 4 70 9 is_stmt 0 view .LVU80
 259              	.LBE100:
 260              	.LBE102:
 261              	.LBB103:
 262              	.LBB93:
 263              	.LBB88:
 264              	.LBB87:
  68:include/ubtbr/msg.h **** 
 265              		.loc 4 68 20 view .LVU81
 266 0088 1033     		adds	r3, r3, #16
 267              	.LVL19:
  68:include/ubtbr/msg.h **** 
 268              		.loc 4 68 20 view .LVU82
 269              	.LBE87:
 270              	.LBE88:
 271              	.LBE93:
 272              	.LBE103:
 161:src/btphy/rx_task.c **** 
 273              		.loc 1 161 23 discriminator 1 view .LVU83
 274 008a E360     		str	r3, [r4, #12]
 275              	.LVL20:
 164:src/btphy/rx_task.c **** 	pkt->data_size = 0;
 276              		.loc 1 164 2 is_stmt 1 view .LVU84
 165:src/btphy/rx_task.c **** 	pkt->clkn = rx_clkn; // clkn at time of execute
 277              		.loc 1 165 2 view .LVU85
 166:src/btphy/rx_task.c **** 	pkt->flags = 0;
 278              		.loc 1 166 2 view .LVU86
 167:src/btphy/rx_task.c **** 
 279              		.loc 1 167 2 view .LVU87
 280              		.loc 1 169 2 view .LVU88
 281              		.loc 1 169 31 is_stmt 0 view .LVU89
 282 008c FFF7FEFF 		bl	btphy_whiten_seed
 283              	.LVL21:
 284              		.loc 1 169 2 discriminator 1 view .LVU90
 285 0090 94F85622 		ldrb	r2, [r4, #598]	@ zero_extendqisi2
 286              	.LVL22:
 287              	.LBB104:
 288              	.LBB105:
 289              		.file 6 "include/ubtbr/codec.h"
   1:include/ubtbr/codec.h **** #ifndef __CODEC_H
   2:include/ubtbr/codec.h **** #define __CODEC_H
   3:include/ubtbr/codec.h **** #include <stdint.h>
   4:include/ubtbr/codec.h **** #include <ubtbr/bb.h>
   5:include/ubtbr/codec.h **** 
   6:include/ubtbr/codec.h **** #define MAX_ACL_SIZE 344
   7:include/ubtbr/codec.h **** 
   8:include/ubtbr/codec.h **** /* FIXME: pkt_type interpretation depends on channel's type.
   9:include/ubtbr/codec.h **** */
  10:include/ubtbr/codec.h **** typedef struct bbcodec_types_s {
  11:include/ubtbr/codec.h **** 	uint8_t nslots;		// Slot occupancy
  12:include/ubtbr/codec.h **** 	uint8_t payload_header_bytes;	// Payload header bytes
  13:include/ubtbr/codec.h **** 	uint16_t payload_bytes;	// Payload bytes len
ARM GAS  /tmp/cclJtHuD.s 			page 14


  14:include/ubtbr/codec.h **** 	uint8_t has_fec23;	// Payload is fec23 encoded
  15:include/ubtbr/codec.h **** 	uint8_t has_crc;	// CRC is applied on payload
  16:include/ubtbr/codec.h **** } bbcodec_types_t;
  17:include/ubtbr/codec.h **** 
  18:include/ubtbr/codec.h **** typedef struct bbcodec_s {
  19:include/ubtbr/codec.h **** 	// common params 
  20:include/ubtbr/codec.h **** 	uint8_t uap;	
  21:include/ubtbr/codec.h **** 	int use_whiten;
  22:include/ubtbr/codec.h **** 	int rx_raw;
  23:include/ubtbr/codec.h **** 	uint8_t whiten_state;
  24:include/ubtbr/codec.h **** 	uint16_t crc_state;
  25:include/ubtbr/codec.h **** 	uint16_t crc_pos;
  26:include/ubtbr/codec.h **** 	// codec type
  27:include/ubtbr/codec.h **** 	const bbcodec_types_t *t;
  28:include/ubtbr/codec.h **** 
  29:include/ubtbr/codec.h **** 	/* packet size */
  30:include/ubtbr/codec.h **** 	unsigned payload_length; // length of payload from spec or payload's header
  31:include/ubtbr/codec.h **** 	unsigned air_bytes;	// total bytes required for rx/tx, incl. (58bits header)+encoded(payload)
  32:include/ubtbr/codec.h **** 	unsigned coded_total;	// total payload bytes including payload_header, payload_daya, crc
  33:include/ubtbr/codec.h **** 
  34:include/ubtbr/codec.h **** 	// decoding state
  35:include/ubtbr/codec.h **** 	unsigned air_off_b;	// air bit offset (dec: in, enc: out)
  36:include/ubtbr/codec.h **** 	unsigned coded_pos;	// coded payload position
  37:include/ubtbr/codec.h **** } bbcodec_t;
  38:include/ubtbr/codec.h **** 
  39:include/ubtbr/codec.h **** static inline void bbcodec_init(bbcodec_t *codec,
  40:include/ubtbr/codec.h **** 		uint32_t whiten_init,
  41:include/ubtbr/codec.h **** 		uint8_t uap,
  42:include/ubtbr/codec.h **** 		int use_whiten,
  43:include/ubtbr/codec.h **** 		int rx_raw)
  44:include/ubtbr/codec.h **** {
  45:include/ubtbr/codec.h **** 	codec->uap = uap;
  46:include/ubtbr/codec.h **** 	codec->use_whiten = use_whiten;
  47:include/ubtbr/codec.h **** 	codec->rx_raw = rx_raw;
  48:include/ubtbr/codec.h **** 	codec->crc_state = reverse8(uap)<<8;
  49:include/ubtbr/codec.h **** 	codec->crc_pos = 0;
  50:include/ubtbr/codec.h **** 	codec->whiten_state = whiten_init;
  51:include/ubtbr/codec.h **** 	codec->t = NULL;
  52:include/ubtbr/codec.h **** 	codec->payload_length = 0;
 290              		.loc 6 52 24 view .LVU91
 291 0094 0021     		movs	r1, #0
  47:include/ubtbr/codec.h **** 	codec->crc_state = reverse8(uap)<<8;
 292              		.loc 6 47 16 view .LVU92
 293 0096 A261     		str	r2, [r4, #24]
  46:include/ubtbr/codec.h **** 	codec->rx_raw = rx_raw;
 294              		.loc 6 46 20 view .LVU93
 295 0098 0122     		movs	r2, #1
  50:include/ubtbr/codec.h **** 	codec->t = NULL;
 296              		.loc 6 50 22 view .LVU94
 297 009a 2077     		strb	r0, [r4, #28]
 298              		.loc 6 52 24 view .LVU95
 299 009c 0020     		movs	r0, #0
 300              	.LVL23:
 301              		.loc 6 52 24 view .LVU96
 302              	.LBE105:
 303              	.LBE104:
 304              		.loc 1 169 2 discriminator 1 view .LVU97
ARM GAS  /tmp/cclJtHuD.s 			page 15


 305 009e 337E     		ldrb	r3, [r6, #24]	@ zero_extendqisi2
 306              	.LVL24:
 307              	.LBB113:
 308              	.LBI104:
  39:include/ubtbr/codec.h **** 		uint32_t whiten_init,
 309              		.loc 6 39 20 is_stmt 1 view .LVU98
 310              	.LBB110:
  45:include/ubtbr/codec.h **** 	codec->use_whiten = use_whiten;
 311              		.loc 6 45 2 view .LVU99
  46:include/ubtbr/codec.h **** 	codec->rx_raw = rx_raw;
 312              		.loc 6 46 20 is_stmt 0 view .LVU100
 313 00a0 6261     		str	r2, [r4, #20]
 314              	.LBB106:
 315              	.LBB107:
 316              		.file 7 "include/ubtbr/bb.h"
   1:include/ubtbr/bb.h **** #ifndef __BB_H
   2:include/ubtbr/bb.h **** #define __BB_H
   3:include/ubtbr/bb.h **** #include <stdint.h>
   4:include/ubtbr/bb.h **** #include <ubertooth_interface.h>
   5:include/ubtbr/bb.h **** #include <ubtbr/cfg.h>
   6:include/ubtbr/bb.h **** #include <ubtbr/debug.h>
   7:include/ubtbr/bb.h **** 
   8:include/ubtbr/bb.h **** /* BLUETOOTH CORE SPECIFICATION Version 5.1 | Vol 2, Part B | Table 6.2 */
   9:include/ubtbr/bb.h **** enum bbhdr_type_e {
  10:include/ubtbr/bb.h **** 	BB_TYPE_NULL	= 0,
  11:include/ubtbr/bb.h **** 	BB_TYPE_POLL	= 1,
  12:include/ubtbr/bb.h **** 	BB_TYPE_FHS	= 2,
  13:include/ubtbr/bb.h **** 	BB_TYPE_DM1	= 3,
  14:include/ubtbr/bb.h **** 	BB_TYPE_DH1	= 4,
  15:include/ubtbr/bb.h **** 	BB_TYPE_HV1	= 5,
  16:include/ubtbr/bb.h **** 	BB_TYPE_HV2	= 6,
  17:include/ubtbr/bb.h **** 	BB_TYPE_HV3	= 7,
  18:include/ubtbr/bb.h **** 	BB_TYPE_DV	= 8,
  19:include/ubtbr/bb.h **** 	BB_TYPE_AUX1	= 9,
  20:include/ubtbr/bb.h **** 	BB_TYPE_DM3	= 10,
  21:include/ubtbr/bb.h **** 	BB_TYPE_DH3	= 11,
  22:include/ubtbr/bb.h **** 	BB_TYPE_EV4	= 12,
  23:include/ubtbr/bb.h **** 	BB_TYPE_EV5	= 13,
  24:include/ubtbr/bb.h **** 	BB_TYPE_DM5	= 14,
  25:include/ubtbr/bb.h **** 	BB_TYPE_DH5	= 15,
  26:include/ubtbr/bb.h **** };
  27:include/ubtbr/bb.h **** 
  28:include/ubtbr/bb.h **** typedef struct fhs_info_s {
  29:include/ubtbr/bb.h **** 	uint64_t bdaddr;
  30:include/ubtbr/bb.h **** 	uint32_t clk27_2;
  31:include/ubtbr/bb.h **** 	uint8_t lt_addr;
  32:include/ubtbr/bb.h **** } fhs_info_t;
  33:include/ubtbr/bb.h **** 
  34:include/ubtbr/bb.h **** /* All sizes are excluding the 4bit preamble, which
  35:include/ubtbr/bb.h ****  * is prepended to the packet by the cc2400 */
  36:include/ubtbr/bb.h **** #define BB_ACCESS_CODE_SIZE 		68
  37:include/ubtbr/bb.h **** #define BB_SHORT_ACCESS_CODE_SIZE 	64
  38:include/ubtbr/bb.h **** #define BB_FEC13_SIZE(n)		((n)*3)
  39:include/ubtbr/bb.h **** #define BB_FEC23_SIZE(n)		((n)*3/2)
  40:include/ubtbr/bb.h **** #define BB_HEADER_SIZE			BB_FEC13_SIZE(18)
  41:include/ubtbr/bb.h **** #define BB_FHS_PKT_SIZE 		(BB_ACCESS_CODE_SIZE+BB_HEADER_SIZE+BB_FEC23_SIZE(160))
  42:include/ubtbr/bb.h **** #define BB_POLL_PKT_SIZE 		(BB_ACCESS_CODE_SIZE+BB_HEADER_SIZE)
ARM GAS  /tmp/cclJtHuD.s 			page 16


  43:include/ubtbr/bb.h **** 
  44:include/ubtbr/bb.h **** #define GIAC 0x9e8b33
  45:include/ubtbr/bb.h **** 
  46:include/ubtbr/bb.h **** /* Declare those helpers here, to be able to inline some functions */
  47:include/ubtbr/bb.h **** // Grab 6 bits from a buffer
  48:include/ubtbr/bb.h **** #define EXTRACT6_0(p)   ((((((uint8_t*)(p))[0])>>0)&0x3F))
  49:include/ubtbr/bb.h **** #define EXTRACT6_2(p)   ((((((uint8_t*)(p))[0])>>2)&0x3F))
  50:include/ubtbr/bb.h **** #define EXTRACT6_4(p)   ((((((uint8_t*)(p))[0])>>4))|(((((uint8_t*)(p))[1])&0x3)<<4))
  51:include/ubtbr/bb.h **** #define EXTRACT6_6(p)   ((((((uint8_t*)(p))[0])>>6))|(((((uint8_t*)(p))[1])&0xf)<<2))
  52:include/ubtbr/bb.h **** 
  53:include/ubtbr/bb.h **** // Grab 15 bits from a buffer
  54:include/ubtbr/bb.h **** #define EXTRACT15_0(p) ( ((((uint8_t*)(p))[0]     )   ) | ((((uint8_t*)(p))[1]&0x7f)<<8) )
  55:include/ubtbr/bb.h **** #define EXTRACT15_1(p) ( ((((uint8_t*)(p))[0]&0xfe)>>1) | ((((uint8_t*)(p))[1]     )<<7) )
  56:include/ubtbr/bb.h **** #define EXTRACT15_2(p) ( ((((uint8_t*)(p))[0]&0xfc)>>2) | ((((uint8_t*)(p))[1]     )<<6) | ((((uint
  57:include/ubtbr/bb.h **** #define EXTRACT15_3(p) ( ((((uint8_t*)(p))[0]&0xf8)>>3) | ((((uint8_t*)(p))[1]     )<<5) | ((((uint
  58:include/ubtbr/bb.h **** #define EXTRACT15_4(p) ( ((((uint8_t*)(p))[0]&0xf0)>>4) | ((((uint8_t*)(p))[1]     )<<4) | ((((uint
  59:include/ubtbr/bb.h **** #define EXTRACT15_5(p) ( ((((uint8_t*)(p))[0]&0xe0)>>5) | ((((uint8_t*)(p))[1]     )<<3) | ((((uint
  60:include/ubtbr/bb.h **** #define EXTRACT15_6(p) ( ((((uint8_t*)(p))[0]&0xc0)>>6) | ((((uint8_t*)(p))[1]     )<<2) | ((((uint
  61:include/ubtbr/bb.h **** #define EXTRACT15_7(p) ( ((((uint8_t*)(p))[0]&0x80)>>7) | ((((uint8_t*)(p))[1]     )<<1) | ((((uint
  62:include/ubtbr/bb.h **** 
  63:include/ubtbr/bb.h **** // Grab 10 bits from a buffer
  64:include/ubtbr/bb.h **** #define EXTRACT10_0(p) ( ((((uint8_t*)(p))[0])   ) | ((((uint8_t*)(p))[1]&0x03)<<8) )
  65:include/ubtbr/bb.h **** #define EXTRACT10_1(p) ( ((((uint8_t*)(p))[0])>>1) | ((((uint8_t*)(p))[1]&0x07)<<7) )
  66:include/ubtbr/bb.h **** #define EXTRACT10_2(p) ( ((((uint8_t*)(p))[0])>>2) | ((((uint8_t*)(p))[1]&0x0f)<<6) )
  67:include/ubtbr/bb.h **** #define EXTRACT10_3(p) ( ((((uint8_t*)(p))[0])>>3) | ((((uint8_t*)(p))[1]&0x1f)<<5) )
  68:include/ubtbr/bb.h **** #define EXTRACT10_4(p) ( ((((uint8_t*)(p))[0])>>4) | ((((uint8_t*)(p))[1]&0x3f)<<4) )
  69:include/ubtbr/bb.h **** #define EXTRACT10_5(p) ( ((((uint8_t*)(p))[0])>>5) | ((((uint8_t*)(p))[1]&0x7f)<<3) )
  70:include/ubtbr/bb.h **** #define EXTRACT10_6(p) ( ((((uint8_t*)(p))[0])>>6) | ((((uint8_t*)(p))[1]     )<<2) )
  71:include/ubtbr/bb.h **** #define EXTRACT10_7(p) ( ((((uint8_t*)(p))[0])>>7) | ((((uint8_t*)(p))[1]     )<<1) | ((((uint8_t*)
  72:include/ubtbr/bb.h **** 
  73:include/ubtbr/bb.h **** // Encode 10 bytes in buffer (warning: buffer must be zeroed)
  74:include/ubtbr/bb.h **** #define ENCODE15_0(p,val)  (((uint8_t*)(p))[0] =((val)   ),((uint8_t*)(p))[1]=((val)>>8))
  75:include/ubtbr/bb.h **** #define ENCODE15_1(p,val)  (((uint8_t*)(p))[0]|=((val)<<1),((uint8_t*)(p))[1]=((val)>>7))
  76:include/ubtbr/bb.h **** #define ENCODE15_2(p,val)  (((uint8_t*)(p))[0]|=((val)<<2),((uint8_t*)(p))[1]=((val)>>6),((uint8_t*
  77:include/ubtbr/bb.h **** #define ENCODE15_3(p,val)  (((uint8_t*)(p))[0]|=((val)<<3),((uint8_t*)(p))[1]=((val)>>5),((uint8_t*
  78:include/ubtbr/bb.h **** #define ENCODE15_4(p,val)  (((uint8_t*)(p))[0]|=((val)<<4),((uint8_t*)(p))[1]=((val)>>4),((uint8_t*
  79:include/ubtbr/bb.h **** #define ENCODE15_5(p,val)  (((uint8_t*)(p))[0]|=((val)<<5),((uint8_t*)(p))[1]=((val)>>3),((uint8_t*
  80:include/ubtbr/bb.h **** #define ENCODE15_6(p,val)  (((uint8_t*)(p))[0]|=((val)<<6),((uint8_t*)(p))[1]=((val)>>2),((uint8_t*
  81:include/ubtbr/bb.h **** #define ENCODE15_7(p,val)  (((uint8_t*)(p))[0]|=((val)<<7),((uint8_t*)(p))[1]=((val)>>1),((uint8_t*
  82:include/ubtbr/bb.h **** 
  83:include/ubtbr/bb.h **** // warning: buffer must be zeroed
  84:include/ubtbr/bb.h **** #define ENCODE10_0(p,val)  (((uint8_t*)(p))[0] =((val)   ),((uint8_t*)(p))[1]=((val)>>8))
  85:include/ubtbr/bb.h **** #define ENCODE10_1(p,val)  (((uint8_t*)(p))[0]|=((val)<<1),((uint8_t*)(p))[1]=((val)>>7))
  86:include/ubtbr/bb.h **** #define ENCODE10_2(p,val)  (((uint8_t*)(p))[0]|=((val)<<2),((uint8_t*)(p))[1]=((val)>>6))
  87:include/ubtbr/bb.h **** #define ENCODE10_3(p,val)  (((uint8_t*)(p))[0]|=((val)<<3),((uint8_t*)(p))[1]=((val)>>5))
  88:include/ubtbr/bb.h **** #define ENCODE10_4(p,val)  (((uint8_t*)(p))[0]|=((val)<<4),((uint8_t*)(p))[1]=((val)>>4))
  89:include/ubtbr/bb.h **** #define ENCODE10_5(p,val)  (((uint8_t*)(p))[0]|=((val)<<5),((uint8_t*)(p))[1]=((val)>>3))
  90:include/ubtbr/bb.h **** #define ENCODE10_6(p,val)  (((uint8_t*)(p))[0]|=((val)<<6),((uint8_t*)(p))[1]=((val)>>2))
  91:include/ubtbr/bb.h **** #define ENCODE10_7(p,val)  (((uint8_t*)(p))[0]|=((val)<<7),((uint8_t*)(p))[1]=((val)>>1),((uint8_t*
  92:include/ubtbr/bb.h **** 
  93:include/ubtbr/bb.h **** #define ENCODE24_0(p,val)  (((uint8_t*)(p))[0] =((val)   ),((uint8_t*)(p))[1]=(val)>>8,((uint8_t*)(
  94:include/ubtbr/bb.h **** #define ENCODE24_2(p,val)  (((uint8_t*)(p))[0]|=((val)<<2),((uint8_t*)(p))[1]=(val)>>6,((uint8_t*)(
  95:include/ubtbr/bb.h **** #define ENCODE24_4(p,val)  (((uint8_t*)(p))[0]|=((val)<<4),((uint8_t*)(p))[1]=(val)>>4,((uint8_t*)(
  96:include/ubtbr/bb.h **** #define ENCODE24_6(p,val)  (((uint8_t*)(p))[0]|=((val)<<6),((uint8_t*)(p))[1]=(val)>>2,((uint8_t*)(
  97:include/ubtbr/bb.h **** 
  98:include/ubtbr/bb.h **** #define BYTE_ALIGN(nbits)	(((nbits)+7)>>3)
  99:include/ubtbr/bb.h **** 
ARM GAS  /tmp/cclJtHuD.s 			page 17


 100:include/ubtbr/bb.h **** static inline uint8_t reverse8(uint8_t data)
 101:include/ubtbr/bb.h **** {
 102:include/ubtbr/bb.h **** 	extern const uint8_t rev8_map[256];
 103:include/ubtbr/bb.h ****         return rev8_map[data];
 317              		.loc 7 103 24 view .LVU101
 318 00a2 194A     		ldr	r2, .L9+16
 319              	.LBE107:
 320              	.LBE106:
  45:include/ubtbr/codec.h **** 	codec->use_whiten = use_whiten;
 321              		.loc 6 45 13 view .LVU102
 322 00a4 2374     		strb	r3, [r4, #16]
  46:include/ubtbr/codec.h **** 	codec->rx_raw = rx_raw;
 323              		.loc 6 46 2 is_stmt 1 view .LVU103
  47:include/ubtbr/codec.h **** 	codec->crc_state = reverse8(uap)<<8;
 324              		.loc 6 47 2 view .LVU104
  48:include/ubtbr/codec.h **** 	codec->crc_pos = 0;
 325              		.loc 6 48 2 view .LVU105
 326              	.LVL25:
 327              	.LBB109:
 328              	.LBI106:
 100:include/ubtbr/bb.h **** {
 329              		.loc 7 100 23 view .LVU106
 330              	.LBB108:
 102:include/ubtbr/bb.h ****         return rev8_map[data];
 331              		.loc 7 102 2 view .LVU107
 332              		.loc 7 103 9 view .LVU108
 333              		.loc 7 103 9 is_stmt 0 view .LVU109
 334              	.LBE108:
 335              	.LBE109:
  48:include/ubtbr/codec.h **** 	codec->crc_pos = 0;
 336              		.loc 6 48 21 discriminator 1 view .LVU110
 337 00a6 D35C     		ldrb	r3, [r2, r3]	@ zero_extendqisi2
 338              	.LVL26:
 339              		.loc 6 52 24 view .LVU111
 340 00a8 C4E90A01 		strd	r0, [r4, #40]
 341 00ac C4E90C01 		strd	r0, [r4, #48]
  48:include/ubtbr/codec.h **** 	codec->crc_pos = 0;
 342              		.loc 6 48 34 discriminator 1 view .LVU112
 343 00b0 1B02     		lsls	r3, r3, #8
 344              	.LBE110:
 345              	.LBE113:
 170:src/btphy/rx_task.c **** 	rx_task.pkt_time = 0;
 171:src/btphy/rx_task.c **** 	rx_task.rx_done = 0;
 172:src/btphy/rx_task.c **** 	rx_task.rx_offset = 0;
 173:src/btphy/rx_task.c **** 	/* Configure DMA RX */
 174:src/btphy/rx_task.c **** 	dma_init_rx_single(rx_task.rx_dma_buf, sizeof(rx_task.rx_dma_buf));
 346              		.loc 1 174 2 view .LVU113
 347 00b2 04F13D00 		add	r0, r4, #61
 348 00b6 4FF40471 		mov	r1, #528
 349              	.LBB114:
 350              	.LBB111:
  48:include/ubtbr/codec.h **** 	codec->crc_pos = 0;
 351              		.loc 6 48 19 discriminator 1 view .LVU114
 352 00ba E383     		strh	r3, [r4, #30]	@ movhi
  49:include/ubtbr/codec.h **** 	codec->whiten_state = whiten_init;
 353              		.loc 6 49 2 is_stmt 1 view .LVU115
  50:include/ubtbr/codec.h **** 	codec->t = NULL;
ARM GAS  /tmp/cclJtHuD.s 			page 18


 354              		.loc 6 50 2 view .LVU116
  51:include/ubtbr/codec.h **** 	codec->payload_length = 0;
 355              		.loc 6 51 2 view .LVU117
 356              		.loc 6 52 2 view .LVU118
  53:include/ubtbr/codec.h **** 	codec->air_off_b = 0;
 357              		.loc 6 53 2 view .LVU119
  54:include/ubtbr/codec.h **** 	codec->air_bytes = 0;
 358              		.loc 6 54 2 view .LVU120
  55:include/ubtbr/codec.h **** 	codec->coded_total = 0;
 359              		.loc 6 55 2 view .LVU121
  56:include/ubtbr/codec.h **** 	codec->coded_pos = 0;
 360              		.loc 6 56 2 view .LVU122
 361              	.LVL27:
 362              		.loc 6 56 2 is_stmt 0 view .LVU123
 363              	.LBE111:
 364              	.LBE114:
 170:src/btphy/rx_task.c **** 	rx_task.rx_done = 0;
 365              		.loc 1 170 2 is_stmt 1 view .LVU124
 171:src/btphy/rx_task.c **** 	rx_task.rx_offset = 0;
 366              		.loc 1 171 2 view .LVU125
 172:src/btphy/rx_task.c **** 	/* Configure DMA RX */
 367              		.loc 1 172 2 view .LVU126
 368              		.loc 1 174 2 view .LVU127
 369              	.LBB115:
 370              	.LBB112:
  49:include/ubtbr/codec.h **** 	codec->whiten_state = whiten_init;
 371              		.loc 6 49 17 is_stmt 0 view .LVU128
 372 00bc 2584     		strh	r5, [r4, #32]	@ movhi
  51:include/ubtbr/codec.h **** 	codec->payload_length = 0;
 373              		.loc 6 51 11 view .LVU129
 374 00be 6562     		str	r5, [r4, #36]
 375              		.loc 6 56 19 view .LVU130
 376 00c0 A563     		str	r5, [r4, #56]
 377              	.LBE112:
 378              	.LBE115:
 170:src/btphy/rx_task.c **** 	rx_task.rx_done = 0;
 379              		.loc 1 170 19 view .LVU131
 380 00c2 A4F84E52 		strh	r5, [r4, #590]	@ movhi
 171:src/btphy/rx_task.c **** 	rx_task.rx_offset = 0;
 381              		.loc 1 171 18 view .LVU132
 382 00c6 84F85452 		strb	r5, [r4, #596]
 172:src/btphy/rx_task.c **** 	/* Configure DMA RX */
 383              		.loc 1 172 20 view .LVU133
 384 00ca C4F85052 		str	r5, [r4, #592]
 385              		.loc 1 174 2 view .LVU134
 386 00ce FFF7FEFF 		bl	dma_init_rx_single
 387              	.LVL28:
 175:src/btphy/rx_task.c **** 
 176:src/btphy/rx_task.c **** 	/* Start SPI DMA */
 177:src/btphy/rx_task.c **** 	dio_ssp_start_rx();
 388              		.loc 1 177 2 is_stmt 1 view .LVU135
 389 00d2 FFF7FEFF 		bl	dio_ssp_start_rx
 390              	.LVL29:
 178:src/btphy/rx_task.c **** 
 179:src/btphy/rx_task.c **** 
 180:src/btphy/rx_task.c **** 	return 0; 
 391              		.loc 1 180 2 view .LVU136
ARM GAS  /tmp/cclJtHuD.s 			page 19


 181:src/btphy/rx_task.c **** }
 392              		.loc 1 181 1 is_stmt 0 view .LVU137
 393 00d6 2846     		mov	r0, r5
 394 00d8 70BD     		pop	{r4, r5, r6, pc}
 395              	.LVL30:
 396              	.L2:
 397              	.LBB116:
 398              	.LBB70:
  55:include/ubtbr/btphy.h **** 	{
 399              		.loc 2 55 2 view .LVU138
 400 00da 052B     		cmp	r3, #5
 401 00dc 97D1     		bne	.L4
  60:include/ubtbr/btphy.h **** 	default:
 402              		.loc 2 60 3 is_stmt 1 view .LVU139
 403              	.LBE70:
 404              	.LBE116:
 139:src/btphy/rx_task.c **** 	btctl_rx_pkt_t *pkt;
 405              		.loc 1 139 11 is_stmt 0 discriminator 1 view .LVU140
 406 00de B468     		ldr	r4, [r6, #8]
 407 00e0 0134     		adds	r4, r4, #1
 408              	.LVL31:
 140:src/btphy/rx_task.c **** 
 409              		.loc 1 140 2 is_stmt 1 view .LVU141
 146:src/btphy/rx_task.c **** 		hop_increment();
 410              		.loc 1 146 2 view .LVU142
 411 00e2 96E7     		b	.L5
 412              	.LVL32:
 413              	.L3:
 414              	.LBB117:
 415              	.LBB71:
  60:include/ubtbr/btphy.h **** 	default:
 416              		.loc 2 60 3 view .LVU143
 417              	.LBE71:
 418              	.LBE117:
 139:src/btphy/rx_task.c **** 	btctl_rx_pkt_t *pkt;
 419              		.loc 1 139 11 is_stmt 0 discriminator 1 view .LVU144
 420 00e4 B468     		ldr	r4, [r6, #8]
 146:src/btphy/rx_task.c **** 		hop_increment();
 421              		.loc 1 146 5 view .LVU145
 422 00e6 032B     		cmp	r3, #3
 139:src/btphy/rx_task.c **** 	btctl_rx_pkt_t *pkt;
 423              		.loc 1 139 11 discriminator 1 view .LVU146
 424 00e8 04F10104 		add	r4, r4, #1
 425              	.LVL33:
 140:src/btphy/rx_task.c **** 
 426              		.loc 1 140 2 is_stmt 1 view .LVU147
 146:src/btphy/rx_task.c **** 		hop_increment();
 427              		.loc 1 146 2 view .LVU148
 146:src/btphy/rx_task.c **** 		hop_increment();
 428              		.loc 1 146 5 is_stmt 0 view .LVU149
 429 00ec 91D1     		bne	.L5
 147:src/btphy/rx_task.c **** 	chan = hop_channel(rx_clkn);
 430              		.loc 1 147 3 is_stmt 1 view .LVU150
 431              	.LBB118:
 432              	.LBI118:
 433              		.file 8 "include/ubtbr/hop.h"
   1:include/ubtbr/hop.h **** #ifndef __HOP_H
ARM GAS  /tmp/cclJtHuD.s 			page 20


   2:include/ubtbr/hop.h **** #define __HOP_H
   3:include/ubtbr/hop.h **** #include <stdint.h>
   4:include/ubtbr/hop.h **** #include <ubertooth_interface.h>
   5:include/ubtbr/hop.h **** 
   6:include/ubtbr/hop.h **** typedef struct hop_state_s {
   7:include/ubtbr/hop.h **** 	uint8_t a27_23, a22_19, C, E;
   8:include/ubtbr/hop.h **** 	uint16_t a18_10;
   9:include/ubtbr/hop.h **** 	uint8_t x;
  10:include/ubtbr/hop.h **** 	/* frequency register bank */
  11:include/ubtbr/hop.h **** 	uint8_t basic_bank[NUM_BREDR_CHANNELS];
  12:include/ubtbr/hop.h **** 	uint8_t afh_bank[NUM_BREDR_CHANNELS];
  13:include/ubtbr/hop.h **** 	uint8_t afh_chan_count;
  14:include/ubtbr/hop.h **** 	uint8_t afh_enabled;
  15:include/ubtbr/hop.h **** 	uint8_t *bank;
  16:include/ubtbr/hop.h **** 	uint8_t chan_count;
  17:include/ubtbr/hop.h **** } hop_state_t;
  18:include/ubtbr/hop.h **** 
  19:include/ubtbr/hop.h **** void hop_init(uint32_t address);
  20:include/ubtbr/hop.h **** uint8_t hop_basic(uint32_t clk);
  21:include/ubtbr/hop.h **** uint8_t hop_inquiry(uint32_t clk);
  22:include/ubtbr/hop.h **** uint8_t hop_channel(uint32_t clk);
  23:include/ubtbr/hop.h **** void hop_cfg_afh(uint8_t* buf);
  24:include/ubtbr/hop.h **** 
  25:include/ubtbr/hop.h **** /* FIXME ?*/
  26:include/ubtbr/hop.h **** extern hop_state_t hop_state;
  27:include/ubtbr/hop.h **** 
  28:include/ubtbr/hop.h **** static inline uint8_t perm5(uint8_t z, uint8_t p_high, uint16_t p_low)
  29:include/ubtbr/hop.h **** {
  30:include/ubtbr/hop.h **** 	extern uint8_t perm5_lut[2][4096];
  31:include/ubtbr/hop.h **** 	uint16_t p = (p_low&0x1ff)|((p_high&0x1f)<<9);
  32:include/ubtbr/hop.h **** 
  33:include/ubtbr/hop.h **** 	z &= 0x1f;
  34:include/ubtbr/hop.h **** 	z = perm5_lut[0][(((p>>7))<<5)|z];
  35:include/ubtbr/hop.h **** 	z = perm5_lut[1][((0x7f&(p>>0))<<5)|z];
  36:include/ubtbr/hop.h **** 
  37:include/ubtbr/hop.h **** 	return z;
  38:include/ubtbr/hop.h **** }
  39:include/ubtbr/hop.h **** 
  40:include/ubtbr/hop.h **** /* This function increment the x variable of for paging/inquiry hopping.
  41:include/ubtbr/hop.h ****  * It must be called before each master's transmission. */
  42:include/ubtbr/hop.h **** static inline void hop_increment(void)
 434              		.loc 8 42 20 view .LVU151
 435              	.LBB119:
  43:include/ubtbr/hop.h **** {
  44:include/ubtbr/hop.h **** 	hop_state.x++;
 436              		.loc 8 44 2 view .LVU152
 437              		.loc 8 44 13 is_stmt 0 view .LVU153
 438 00ee 074A     		ldr	r2, .L9+20
 439              	.LVL34:
 440              		.loc 8 44 13 view .LVU154
 441 00f0 9379     		ldrb	r3, [r2, #6]	@ zero_extendqisi2
 442 00f2 0133     		adds	r3, r3, #1
 443 00f4 9371     		strb	r3, [r2, #6]
  45:include/ubtbr/hop.h **** }
 444              		.loc 8 45 1 view .LVU155
 445 00f6 8CE7     		b	.L5
 446              	.L10:
ARM GAS  /tmp/cclJtHuD.s 			page 21


 447              		.align	2
 448              	.L9:
 449 00f8 00000000 		.word	btphy
 450 00fc 00000000 		.word	rf_state
 451 0100 00C00920 		.word	537509888
 452 0104 00000000 		.word	.LANCHOR0
 453 0108 00000000 		.word	rev8_map
 454 010c 00000000 		.word	hop_state
 455              	.LBE119:
 456              	.LBE118:
 457              		.cfi_endproc
 458              	.LFE41:
 460              		.section	.rodata.str1.4,"aMS",%progbits,1
 461              		.align	2
 462              	.LC0:
 463 0000 4449457C 		.ascii	"DIE|rxnd: no rx_pkt\012\000"
 463      72786E64 
 463      3A206E6F 
 463      2072785F 
 463      706B740A 
 464 0015 000000   		.align	2
 465              	.LC1:
 466 0018 4449457C 		.ascii	"DIE|rxnd: no pkt_cb\012\000"
 466      72786E64 
 466      3A206E6F 
 466      20706B74 
 466      5F63620A 
 467              		.section	.text.rx_finalize,"ax",%progbits
 468              		.align	1
 469              		.p2align 2,,3
 470              		.syntax unified
 471              		.thumb
 472              		.thumb_func
 474              	rx_finalize:
 475              	.LFB40:
  95:src/btphy/rx_task.c **** 	int rc;
 476              		.loc 1 95 1 is_stmt 1 view -0
 477              		.cfi_startproc
 478              		@ args = 0, pretend = 0, frame = 24
 479              		@ frame_needed = 0, uses_anonymous_args = 0
 480 0000 2DE9F04F 		push	{r4, r5, r6, r7, r8, r9, r10, fp, lr}
 481              		.cfi_def_cfa_offset 36
 482              		.cfi_offset 4, -36
 483              		.cfi_offset 5, -32
 484              		.cfi_offset 6, -28
 485              		.cfi_offset 7, -24
 486              		.cfi_offset 8, -20
 487              		.cfi_offset 9, -16
 488              		.cfi_offset 10, -12
 489              		.cfi_offset 11, -8
 490              		.cfi_offset 14, -4
 491 0004 87B0     		sub	sp, sp, #28
 492              		.cfi_def_cfa_offset 64
  96:src/btphy/rx_task.c **** 	uint32_t i, size;
 493              		.loc 1 96 2 view .LVU157
  97:src/btphy/rx_task.c **** 	uint16_t rx_size;
 494              		.loc 1 97 2 view .LVU158
ARM GAS  /tmp/cclJtHuD.s 			page 22


  98:src/btphy/rx_task.c **** 	msg_t *msg = rx_task.rx_msg;
 495              		.loc 1 98 2 view .LVU159
  99:src/btphy/rx_task.c **** 	btctl_rx_pkt_t *pkt = rx_task.rx_pkt;
 496              		.loc 1 99 2 view .LVU160
  99:src/btphy/rx_task.c **** 	btctl_rx_pkt_t *pkt = rx_task.rx_pkt;
 497              		.loc 1 99 9 is_stmt 0 view .LVU161
 498 0006 734D     		ldr	r5, .L30
 499              	.LBB128:
 500              	.LBB129:
  41:include/ubtbr/rf.h **** 	TXLED_CLR;
 501              		.loc 3 41 2 view .LVU162
 502 0008 6420     		movs	r0, #100
 503              	.LBE129:
 504              	.LBE128:
 100:src/btphy/rx_task.c **** 
 505              		.loc 1 100 18 view .LVU163
 506 000a D5E90274 		ldrd	r7, r4, [r5, #8]
 507              	.LVL35:
 103:src/btphy/rx_task.c **** 	dio_ssp_stop();
 508              		.loc 1 103 2 is_stmt 1 view .LVU164
 509              	.LBB131:
 510              	.LBI128:
  39:include/ubtbr/rf.h **** {
 511              		.loc 3 39 20 view .LVU165
 512              	.LBB130:
  41:include/ubtbr/rf.h **** 	TXLED_CLR;
 513              		.loc 3 41 2 view .LVU166
 514 000e FFF7FEFF 		bl	cc2400_strobe
 515              	.LVL36:
  42:include/ubtbr/rf.h **** 	RXLED_CLR;
 516              		.loc 3 42 2 view .LVU167
 517 0012 4FF48071 		mov	r1, #256
  43:include/ubtbr/rf.h **** }
 518              		.loc 3 43 2 is_stmt 0 view .LVU168
 519 0016 1022     		movs	r2, #16
  42:include/ubtbr/rf.h **** 	RXLED_CLR;
 520              		.loc 3 42 2 view .LVU169
 521 0018 6F4B     		ldr	r3, .L30+4
 522 001a D963     		str	r1, [r3, #60]
  43:include/ubtbr/rf.h **** }
 523              		.loc 3 43 2 is_stmt 1 view .LVU170
 524 001c DA63     		str	r2, [r3, #60]
 525              	.LBE130:
 526              	.LBE131:
 104:src/btphy/rx_task.c **** 
 527              		.loc 1 104 2 view .LVU171
 528 001e FFF7FEFF 		bl	dio_ssp_stop
 529              	.LVL37:
 106:src/btphy/rx_task.c **** 		DIE("rxnd: no rx_pkt");
 530              		.loc 1 106 2 view .LVU172
 106:src/btphy/rx_task.c **** 		DIE("rxnd: no rx_pkt");
 531              		.loc 1 106 5 is_stmt 0 view .LVU173
 532 0022 002C     		cmp	r4, #0
 533 0024 00F0D280 		beq	.L26
 108:src/btphy/rx_task.c **** 		DIE("rxnd: no pkt_cb");
 534              		.loc 1 108 2 is_stmt 1 view .LVU174
 108:src/btphy/rx_task.c **** 		DIE("rxnd: no pkt_cb");
ARM GAS  /tmp/cclJtHuD.s 			page 23


 535              		.loc 1 108 14 is_stmt 0 view .LVU175
 536 0028 2E68     		ldr	r6, [r5]
 108:src/btphy/rx_task.c **** 		DIE("rxnd: no pkt_cb");
 537              		.loc 1 108 5 view .LVU176
 538 002a 002E     		cmp	r6, #0
 539 002c 00F0CB80 		beq	.L27
 111:src/btphy/rx_task.c **** 	{
 540              		.loc 1 111 2 is_stmt 1 view .LVU177
 111:src/btphy/rx_task.c **** 	{
 541              		.loc 1 111 5 is_stmt 0 view .LVU178
 542 0030 6379     		ldrb	r3, [r4, #5]	@ zero_extendqisi2
 543 0032 13F00203 		ands	r3, r3, #2
 544 0036 1ED1     		bne	.L28
 121:src/btphy/rx_task.c **** 	}
 545              		.loc 1 121 3 is_stmt 1 view .LVU179
 121:src/btphy/rx_task.c **** 	}
 546              		.loc 1 121 18 is_stmt 0 view .LVU180
 547 0038 A371     		strb	r3, [r4, #6]
 548 003a E371     		strb	r3, [r4, #7]
 549 003c 0C23     		movs	r3, #12
 550              	.LVL38:
 551              	.L16:
 124:src/btphy/rx_task.c **** 
 552              		.loc 1 124 2 is_stmt 1 view .LVU181
 553 003e AA68     		ldr	r2, [r5, #8]
 554              	.LVL39:
 124:src/btphy/rx_task.c **** 
 555              		.loc 1 124 2 is_stmt 0 view .LVU182
 556 0040 1C44     		add	r4, r4, r3
 557              	.LVL40:
 558              	.LBB132:
 559              	.LBI132:
  53:include/ubtbr/msg.h **** {
 560              		.loc 4 53 19 is_stmt 1 view .LVU183
 561              	.LBB133:
  55:include/ubtbr/msg.h ****                 return -1;
 562              		.loc 4 55 2 view .LVU184
  55:include/ubtbr/msg.h ****                 return -1;
 563              		.loc 4 55 12 is_stmt 0 view .LVU185
 564 0042 02F10C03 		add	r3, r2, #12
  55:include/ubtbr/msg.h ****                 return -1;
 565              		.loc 4 55 5 view .LVU186
 566 0046 9C42     		cmp	r4, r3
 567 0048 04D3     		bcc	.L22
  55:include/ubtbr/msg.h ****                 return -1;
 568              		.loc 4 55 51 discriminator 1 view .LVU187
 569 004a 5188     		ldrh	r1, [r2, #2]
  55:include/ubtbr/msg.h ****                 return -1;
 570              		.loc 4 55 46 discriminator 1 view .LVU188
 571 004c 0B44     		add	r3, r3, r1
  55:include/ubtbr/msg.h ****                 return -1;
 572              		.loc 4 55 24 discriminator 1 view .LVU189
 573 004e 9C42     		cmp	r4, r3
  57:include/ubtbr/msg.h **** 
 574              		.loc 4 57 9 is_stmt 1 view .LVU190
  57:include/ubtbr/msg.h **** 
 575              		.loc 4 57 20 is_stmt 0 view .LVU191
ARM GAS  /tmp/cclJtHuD.s 			page 24


 576 0050 98BF     		it	ls
 577 0052 9460     		strls	r4, [r2, #8]
  59:include/ubtbr/msg.h **** }
 578              		.loc 4 59 9 is_stmt 1 view .LVU192
 579              	.L22:
 580              	.LVL41:
  59:include/ubtbr/msg.h **** }
 581              		.loc 4 59 9 is_stmt 0 view .LVU193
 582              	.LBE133:
 583              	.LBE132:
 128:src/btphy/rx_task.c **** 	rx_task.rx_pkt = NULL;
 584              		.loc 1 128 2 is_stmt 1 view .LVU194
 129:src/btphy/rx_task.c **** 
 585              		.loc 1 129 2 view .LVU195
 128:src/btphy/rx_task.c **** 	rx_task.rx_pkt = NULL;
 586              		.loc 1 128 17 is_stmt 0 view .LVU196
 587 0054 4FF00008 		mov	r8, #0
 588 0058 4FF00009 		mov	r9, #0
 132:src/btphy/rx_task.c **** }
 589              		.loc 1 132 2 view .LVU197
 590 005c 3846     		mov	r0, r7
 591 005e 3346     		mov	r3, r6
 132:src/btphy/rx_task.c **** }
 592              		.loc 1 132 45 view .LVU198
 593 0060 B5F84E22 		ldrh	r2, [r5, #590]
 132:src/btphy/rx_task.c **** }
 594              		.loc 1 132 2 view .LVU199
 595 0064 6968     		ldr	r1, [r5, #4]
 596 0066 A2F26222 		subw	r2, r2, #610
 128:src/btphy/rx_task.c **** 	rx_task.rx_pkt = NULL;
 597              		.loc 1 128 17 view .LVU200
 598 006a C5E90289 		strd	r8, [r5, #8]
 132:src/btphy/rx_task.c **** }
 599              		.loc 1 132 2 is_stmt 1 view .LVU201
 133:src/btphy/rx_task.c **** 
 600              		.loc 1 133 1 is_stmt 0 view .LVU202
 601 006e 07B0     		add	sp, sp, #28
 602              		.cfi_remember_state
 603              		.cfi_def_cfa_offset 36
 604              		@ sp needed
 605 0070 BDE8F04F 		pop	{r4, r5, r6, r7, r8, r9, r10, fp, lr}
 606              		.cfi_restore 14
 607              		.cfi_restore 11
 608              		.cfi_restore 10
 609              		.cfi_restore 9
 610              		.cfi_restore 8
 611              		.cfi_restore 7
 612              		.cfi_restore 6
 613              		.cfi_restore 5
 614              		.cfi_restore 4
 615              		.cfi_def_cfa_offset 0
 132:src/btphy/rx_task.c **** }
 616              		.loc 1 132 2 view .LVU203
 617 0074 1847     		bx	r3
 618              	.LVL42:
 619              	.L28:
 620              		.cfi_restore_state
ARM GAS  /tmp/cclJtHuD.s 			page 25


 114:src/btphy/rx_task.c **** 
 621              		.loc 1 114 3 is_stmt 1 view .LVU204
 622              	.LBB134:
 623              	.LBI134:
  78:src/btphy/rx_task.c **** {
 624              		.loc 1 78 17 view .LVU205
 625              	.LBB135:
  80:src/btphy/rx_task.c **** 
 626              		.loc 1 80 2 view .LVU206
  80:src/btphy/rx_task.c **** 
 627              		.loc 1 80 21 is_stmt 0 view .LVU207
 628 0076 FFF7FEFF 		bl	dma_get_rx_offset
 629              	.LVL43:
  83:src/btphy/rx_task.c **** 		rx_task.rx_dma_buf[i] = reverse8(rx_task.rx_dma_buf[i]);
 630              		.loc 1 83 7 view .LVU208
 631 007a D5F85012 		ldr	r1, [r5, #592]
  80:src/btphy/rx_task.c **** 
 632              		.loc 1 80 21 view .LVU209
 633 007e 0646     		mov	r6, r0
 634              	.LVL44:
  83:src/btphy/rx_task.c **** 		rx_task.rx_dma_buf[i] = reverse8(rx_task.rx_dma_buf[i]);
 635              		.loc 1 83 2 is_stmt 1 view .LVU210
  83:src/btphy/rx_task.c **** 		rx_task.rx_dma_buf[i] = reverse8(rx_task.rx_dma_buf[i]);
 636              		.loc 1 83 27 discriminator 1 view .LVU211
 637 0080 8842     		cmp	r0, r1
 638 0082 40F28F80 		bls	.L20
 639 0086 A0EB010C 		sub	ip, r0, r1
 640 008a 0CF1FF33 		add	r3, ip, #-1
 641 008e 062B     		cmp	r3, #6
 642 0090 40F29780 		bls	.L29
 643 0094 2CF0070E 		bic	lr, ip, #7
 644 0098 01F13D03 		add	r3, r1, #61
 645 009c CDE90074 		strd	r7, r4, [sp]
 646 00a0 CDE9021E 		strd	r1, lr, [sp, #8]
 647 00a4 CDE904C0 		strd	ip, r0, [sp, #16]
 648 00a8 2B44     		add	r3, r3, r5
 649 00aa 4C4A     		ldr	r2, .L30+8
 650 00ac 03EB0E0B 		add	fp, r3, lr
 651              	.LVL45:
 652              	.L18:
  84:src/btphy/rx_task.c **** 	rx_task.rx_offset = size;
 653              		.loc 1 84 3 view .LVU212
 654              	.LBB136:
 655              	.LBI136:
 100:include/ubtbr/bb.h **** {
 656              		.loc 7 100 23 view .LVU213
 657              	.LBB137:
 102:include/ubtbr/bb.h ****         return rev8_map[data];
 658              		.loc 7 102 2 view .LVU214
 659              		.loc 7 103 9 view .LVU215
 660              		.loc 7 103 24 is_stmt 0 view .LVU216
 661 00b0 0021     		movs	r1, #0
 662 00b2 1878     		ldrb	r0, [r3]	@ zero_extendqisi2
 663 00b4 0833     		adds	r3, r3, #8
 664 00b6 12F800A0 		ldrb	r10, [r2, r0]	@ zero_extendqisi2
 665 00ba 13F8040C 		ldrb	r0, [r3, #-4]	@ zero_extendqisi2
 666 00be 12F800C0 		ldrb	ip, [r2, r0]	@ zero_extendqisi2
ARM GAS  /tmp/cclJtHuD.s 			page 26


 667 00c2 13F8070C 		ldrb	r0, [r3, #-7]	@ zero_extendqisi2
 668 00c6 12F80090 		ldrb	r9, [r2, r0]	@ zero_extendqisi2
 669 00ca 13F8030C 		ldrb	r0, [r3, #-3]	@ zero_extendqisi2
 670 00ce 175C     		ldrb	r7, [r2, r0]	@ zero_extendqisi2
 671 00d0 13F8060C 		ldrb	r0, [r3, #-6]	@ zero_extendqisi2
 672 00d4 12F80080 		ldrb	r8, [r2, r0]	@ zero_extendqisi2
 673 00d8 13F8020C 		ldrb	r0, [r3, #-2]	@ zero_extendqisi2
 674 00dc 165C     		ldrb	r6, [r2, r0]	@ zero_extendqisi2
 675 00de 13F8050C 		ldrb	r0, [r3, #-5]	@ zero_extendqisi2
 676 00e2 12F800E0 		ldrb	lr, [r2, r0]	@ zero_extendqisi2
 677 00e6 13F8010C 		ldrb	r0, [r3, #-1]	@ zero_extendqisi2
 678 00ea 5B45     		cmp	r3, fp
 679 00ec 145C     		ldrb	r4, [r2, r0]	@ zero_extendqisi2
 680 00ee 0846     		mov	r0, r1
 681 00f0 6AF30701 		bfi	r1, r10, #0, #8
 682 00f4 6CF30700 		bfi	r0, ip, #0, #8
 683 00f8 69F30F21 		bfi	r1, r9, #8, #8
 684 00fc 67F30F20 		bfi	r0, r7, #8, #8
 685 0100 68F31741 		bfi	r1, r8, #16, #8
 686 0104 66F31740 		bfi	r0, r6, #16, #8
 687 0108 6EF31F61 		bfi	r1, lr, #24, #8
 688 010c 64F31F60 		bfi	r0, r4, #24, #8
 689              	.LBE137:
 690              	.LBE136:
  84:src/btphy/rx_task.c **** 	rx_task.rx_offset = size;
 691              		.loc 1 84 25 discriminator 1 view .LVU217
 692 0110 43F8081C 		str	r1, [r3, #-8]	@ unaligned
 693 0114 43F8040C 		str	r0, [r3, #-4]	@ unaligned
  83:src/btphy/rx_task.c **** 		rx_task.rx_dma_buf[i] = reverse8(rx_task.rx_dma_buf[i]);
 694              		.loc 1 83 34 is_stmt 1 discriminator 3 view .LVU218
  83:src/btphy/rx_task.c **** 		rx_task.rx_dma_buf[i] = reverse8(rx_task.rx_dma_buf[i]);
 695              		.loc 1 83 27 discriminator 1 view .LVU219
 696 0118 CAD1     		bne	.L18
 697 011a DDE9021E 		ldrd	r1, lr, [sp, #8]
 698 011e DDE904C6 		ldrd	ip, r6, [sp, #16]
 699 0122 DDE90074 		ldrd	r7, r4, [sp]
 700 0126 E645     		cmp	lr, ip
 701 0128 3CD0     		beq	.L20
 702 012a 7144     		add	r1, r1, lr
 703              	.LVL46:
 704              	.L17:
  84:src/btphy/rx_task.c **** 	rx_task.rx_offset = size;
 705              		.loc 1 84 3 view .LVU220
 706              	.LBB152:
 100:include/ubtbr/bb.h **** {
 707              		.loc 7 100 23 view .LVU221
 708              	.LBB138:
 102:include/ubtbr/bb.h ****         return rev8_map[data];
 709              		.loc 7 102 2 view .LVU222
 710              		.loc 7 103 9 view .LVU223
 711              		.loc 7 103 9 is_stmt 0 view .LVU224
 712              	.LBE138:
 713              	.LBE152:
  84:src/btphy/rx_task.c **** 	rx_task.rx_offset = size;
 714              		.loc 1 84 25 discriminator 1 view .LVU225
 715 012c 6B18     		adds	r3, r5, r1
 716              	.LBB153:
ARM GAS  /tmp/cclJtHuD.s 			page 27


 717              	.LBB139:
 718              		.loc 7 103 24 view .LVU226
 719 012e 93F83D00 		ldrb	r0, [r3, #61]	@ zero_extendqisi2
 720              	.LBE139:
 721              	.LBE153:
  84:src/btphy/rx_task.c **** 	rx_task.rx_offset = size;
 722              		.loc 1 84 25 discriminator 1 view .LVU227
 723 0132 105C     		ldrb	r0, [r2, r0]	@ zero_extendqisi2
 724 0134 83F83D00 		strb	r0, [r3, #61]
  83:src/btphy/rx_task.c **** 		rx_task.rx_dma_buf[i] = reverse8(rx_task.rx_dma_buf[i]);
 725              		.loc 1 83 34 is_stmt 1 discriminator 3 view .LVU228
 726 0138 4B1C     		adds	r3, r1, #1
 727              	.LVL47:
  83:src/btphy/rx_task.c **** 		rx_task.rx_dma_buf[i] = reverse8(rx_task.rx_dma_buf[i]);
 728              		.loc 1 83 27 discriminator 1 view .LVU229
 729 013a 9E42     		cmp	r6, r3
 730 013c 32D9     		bls	.L20
  84:src/btphy/rx_task.c **** 	rx_task.rx_offset = size;
 731              		.loc 1 84 3 view .LVU230
 732              	.LVL48:
 733              	.LBB154:
 100:include/ubtbr/bb.h **** {
 734              		.loc 7 100 23 view .LVU231
 735              	.LBB140:
 102:include/ubtbr/bb.h ****         return rev8_map[data];
 736              		.loc 7 102 2 view .LVU232
 737              		.loc 7 103 9 view .LVU233
 738              		.loc 7 103 9 is_stmt 0 view .LVU234
 739              	.LBE140:
 740              	.LBE154:
  84:src/btphy/rx_task.c **** 	rx_task.rx_offset = size;
 741              		.loc 1 84 25 discriminator 1 view .LVU235
 742 013e 2B44     		add	r3, r3, r5
 743              	.LVL49:
 744              	.LBB155:
 745              	.LBB141:
 746              		.loc 7 103 24 view .LVU236
 747 0140 93F83D00 		ldrb	r0, [r3, #61]	@ zero_extendqisi2
 748              	.LBE141:
 749              	.LBE155:
  84:src/btphy/rx_task.c **** 	rx_task.rx_offset = size;
 750              		.loc 1 84 25 discriminator 1 view .LVU237
 751 0144 105C     		ldrb	r0, [r2, r0]	@ zero_extendqisi2
 752 0146 83F83D00 		strb	r0, [r3, #61]
  83:src/btphy/rx_task.c **** 		rx_task.rx_dma_buf[i] = reverse8(rx_task.rx_dma_buf[i]);
 753              		.loc 1 83 34 is_stmt 1 discriminator 3 view .LVU238
 754 014a 8B1C     		adds	r3, r1, #2
 755              	.LVL50:
  83:src/btphy/rx_task.c **** 		rx_task.rx_dma_buf[i] = reverse8(rx_task.rx_dma_buf[i]);
 756              		.loc 1 83 27 discriminator 1 view .LVU239
 757 014c 9E42     		cmp	r6, r3
 758 014e 29D9     		bls	.L20
  84:src/btphy/rx_task.c **** 	rx_task.rx_offset = size;
 759              		.loc 1 84 3 view .LVU240
 760              	.LVL51:
 761              	.LBB156:
 100:include/ubtbr/bb.h **** {
ARM GAS  /tmp/cclJtHuD.s 			page 28


 762              		.loc 7 100 23 view .LVU241
 763              	.LBB142:
 102:include/ubtbr/bb.h ****         return rev8_map[data];
 764              		.loc 7 102 2 view .LVU242
 765              		.loc 7 103 9 view .LVU243
 766              		.loc 7 103 9 is_stmt 0 view .LVU244
 767              	.LBE142:
 768              	.LBE156:
  84:src/btphy/rx_task.c **** 	rx_task.rx_offset = size;
 769              		.loc 1 84 25 discriminator 1 view .LVU245
 770 0150 2B44     		add	r3, r3, r5
 771              	.LVL52:
 772              	.LBB157:
 773              	.LBB143:
 774              		.loc 7 103 24 view .LVU246
 775 0152 93F83D00 		ldrb	r0, [r3, #61]	@ zero_extendqisi2
 776              	.LBE143:
 777              	.LBE157:
  84:src/btphy/rx_task.c **** 	rx_task.rx_offset = size;
 778              		.loc 1 84 25 discriminator 1 view .LVU247
 779 0156 105C     		ldrb	r0, [r2, r0]	@ zero_extendqisi2
 780 0158 83F83D00 		strb	r0, [r3, #61]
  83:src/btphy/rx_task.c **** 		rx_task.rx_dma_buf[i] = reverse8(rx_task.rx_dma_buf[i]);
 781              		.loc 1 83 34 is_stmt 1 discriminator 3 view .LVU248
 782 015c CB1C     		adds	r3, r1, #3
 783              	.LVL53:
  83:src/btphy/rx_task.c **** 		rx_task.rx_dma_buf[i] = reverse8(rx_task.rx_dma_buf[i]);
 784              		.loc 1 83 27 discriminator 1 view .LVU249
 785 015e 9E42     		cmp	r6, r3
 786 0160 20D9     		bls	.L20
  84:src/btphy/rx_task.c **** 	rx_task.rx_offset = size;
 787              		.loc 1 84 3 view .LVU250
 788              	.LVL54:
 789              	.LBB158:
 100:include/ubtbr/bb.h **** {
 790              		.loc 7 100 23 view .LVU251
 791              	.LBB144:
 102:include/ubtbr/bb.h ****         return rev8_map[data];
 792              		.loc 7 102 2 view .LVU252
 793              		.loc 7 103 9 view .LVU253
 794              		.loc 7 103 9 is_stmt 0 view .LVU254
 795              	.LBE144:
 796              	.LBE158:
  84:src/btphy/rx_task.c **** 	rx_task.rx_offset = size;
 797              		.loc 1 84 25 discriminator 1 view .LVU255
 798 0162 2B44     		add	r3, r3, r5
 799              	.LVL55:
 800              	.LBB159:
 801              	.LBB145:
 802              		.loc 7 103 24 view .LVU256
 803 0164 93F83D00 		ldrb	r0, [r3, #61]	@ zero_extendqisi2
 804              	.LBE145:
 805              	.LBE159:
  84:src/btphy/rx_task.c **** 	rx_task.rx_offset = size;
 806              		.loc 1 84 25 discriminator 1 view .LVU257
 807 0168 105C     		ldrb	r0, [r2, r0]	@ zero_extendqisi2
 808 016a 83F83D00 		strb	r0, [r3, #61]
ARM GAS  /tmp/cclJtHuD.s 			page 29


  83:src/btphy/rx_task.c **** 		rx_task.rx_dma_buf[i] = reverse8(rx_task.rx_dma_buf[i]);
 809              		.loc 1 83 34 is_stmt 1 discriminator 3 view .LVU258
 810 016e 0B1D     		adds	r3, r1, #4
 811              	.LVL56:
  83:src/btphy/rx_task.c **** 		rx_task.rx_dma_buf[i] = reverse8(rx_task.rx_dma_buf[i]);
 812              		.loc 1 83 27 discriminator 1 view .LVU259
 813 0170 9E42     		cmp	r6, r3
 814 0172 17D9     		bls	.L20
  84:src/btphy/rx_task.c **** 	rx_task.rx_offset = size;
 815              		.loc 1 84 3 view .LVU260
 816              	.LVL57:
 817              	.LBB160:
 100:include/ubtbr/bb.h **** {
 818              		.loc 7 100 23 view .LVU261
 819              	.LBB146:
 102:include/ubtbr/bb.h ****         return rev8_map[data];
 820              		.loc 7 102 2 view .LVU262
 821              		.loc 7 103 9 view .LVU263
 822              		.loc 7 103 9 is_stmt 0 view .LVU264
 823              	.LBE146:
 824              	.LBE160:
  84:src/btphy/rx_task.c **** 	rx_task.rx_offset = size;
 825              		.loc 1 84 25 discriminator 1 view .LVU265
 826 0174 2B44     		add	r3, r3, r5
 827              	.LVL58:
 828              	.LBB161:
 829              	.LBB147:
 830              		.loc 7 103 24 view .LVU266
 831 0176 93F83D00 		ldrb	r0, [r3, #61]	@ zero_extendqisi2
 832              	.LBE147:
 833              	.LBE161:
  84:src/btphy/rx_task.c **** 	rx_task.rx_offset = size;
 834              		.loc 1 84 25 discriminator 1 view .LVU267
 835 017a 105C     		ldrb	r0, [r2, r0]	@ zero_extendqisi2
 836 017c 83F83D00 		strb	r0, [r3, #61]
  83:src/btphy/rx_task.c **** 		rx_task.rx_dma_buf[i] = reverse8(rx_task.rx_dma_buf[i]);
 837              		.loc 1 83 34 is_stmt 1 discriminator 3 view .LVU268
 838 0180 4B1D     		adds	r3, r1, #5
 839              	.LVL59:
  83:src/btphy/rx_task.c **** 		rx_task.rx_dma_buf[i] = reverse8(rx_task.rx_dma_buf[i]);
 840              		.loc 1 83 27 discriminator 1 view .LVU269
 841 0182 9E42     		cmp	r6, r3
 842 0184 0ED9     		bls	.L20
  84:src/btphy/rx_task.c **** 	rx_task.rx_offset = size;
 843              		.loc 1 84 3 view .LVU270
 844              	.LVL60:
 845              	.LBB162:
 100:include/ubtbr/bb.h **** {
 846              		.loc 7 100 23 view .LVU271
 847              	.LBB148:
 102:include/ubtbr/bb.h ****         return rev8_map[data];
 848              		.loc 7 102 2 view .LVU272
 849              		.loc 7 103 9 view .LVU273
 850              		.loc 7 103 9 is_stmt 0 view .LVU274
 851              	.LBE148:
 852              	.LBE162:
  84:src/btphy/rx_task.c **** 	rx_task.rx_offset = size;
ARM GAS  /tmp/cclJtHuD.s 			page 30


 853              		.loc 1 84 25 discriminator 1 view .LVU275
 854 0186 2B44     		add	r3, r3, r5
 855              	.LVL61:
 856              	.LBB163:
 857              	.LBB149:
 858              		.loc 7 103 24 view .LVU276
 859 0188 93F83D00 		ldrb	r0, [r3, #61]	@ zero_extendqisi2
 860              	.LBE149:
 861              	.LBE163:
  83:src/btphy/rx_task.c **** 		rx_task.rx_dma_buf[i] = reverse8(rx_task.rx_dma_buf[i]);
 862              		.loc 1 83 34 discriminator 3 view .LVU277
 863 018c 0631     		adds	r1, r1, #6
 864              	.LVL62:
  84:src/btphy/rx_task.c **** 	rx_task.rx_offset = size;
 865              		.loc 1 84 25 discriminator 1 view .LVU278
 866 018e 105C     		ldrb	r0, [r2, r0]	@ zero_extendqisi2
  83:src/btphy/rx_task.c **** 		rx_task.rx_dma_buf[i] = reverse8(rx_task.rx_dma_buf[i]);
 867              		.loc 1 83 27 discriminator 1 view .LVU279
 868 0190 8E42     		cmp	r6, r1
  84:src/btphy/rx_task.c **** 	rx_task.rx_offset = size;
 869              		.loc 1 84 25 discriminator 1 view .LVU280
 870 0192 83F83D00 		strb	r0, [r3, #61]
  83:src/btphy/rx_task.c **** 		rx_task.rx_dma_buf[i] = reverse8(rx_task.rx_dma_buf[i]);
 871              		.loc 1 83 34 is_stmt 1 discriminator 3 view .LVU281
 872              	.LVL63:
  83:src/btphy/rx_task.c **** 		rx_task.rx_dma_buf[i] = reverse8(rx_task.rx_dma_buf[i]);
 873              		.loc 1 83 27 discriminator 1 view .LVU282
 874 0196 05D9     		bls	.L20
  84:src/btphy/rx_task.c **** 	rx_task.rx_offset = size;
 875              		.loc 1 84 3 view .LVU283
 876              	.LVL64:
 877              	.LBB164:
 100:include/ubtbr/bb.h **** {
 878              		.loc 7 100 23 view .LVU284
 879              	.LBB150:
 102:include/ubtbr/bb.h ****         return rev8_map[data];
 880              		.loc 7 102 2 view .LVU285
 881              		.loc 7 103 9 view .LVU286
 882              		.loc 7 103 9 is_stmt 0 view .LVU287
 883              	.LBE150:
 884              	.LBE164:
  84:src/btphy/rx_task.c **** 	rx_task.rx_offset = size;
 885              		.loc 1 84 25 discriminator 1 view .LVU288
 886 0198 2944     		add	r1, r1, r5
 887              	.LVL65:
 888              	.LBB165:
 889              	.LBB151:
 890              		.loc 7 103 24 view .LVU289
 891 019a 91F83D30 		ldrb	r3, [r1, #61]	@ zero_extendqisi2
 892              	.LBE151:
 893              	.LBE165:
  84:src/btphy/rx_task.c **** 	rx_task.rx_offset = size;
 894              		.loc 1 84 25 discriminator 1 view .LVU290
 895 019e D35C     		ldrb	r3, [r2, r3]	@ zero_extendqisi2
 896 01a0 81F83D30 		strb	r3, [r1, #61]
  83:src/btphy/rx_task.c **** 		rx_task.rx_dma_buf[i] = reverse8(rx_task.rx_dma_buf[i]);
 897              		.loc 1 83 34 is_stmt 1 discriminator 3 view .LVU291
ARM GAS  /tmp/cclJtHuD.s 			page 31


  83:src/btphy/rx_task.c **** 		rx_task.rx_dma_buf[i] = reverse8(rx_task.rx_dma_buf[i]);
 898              		.loc 1 83 27 discriminator 1 view .LVU292
 899              	.LVL66:
 900              	.L20:
  85:src/btphy/rx_task.c **** 
 901              		.loc 1 85 2 view .LVU293
 902              	.LBE135:
 903              	.LBE134:
 117:src/btphy/rx_task.c **** 	}
 904              		.loc 1 117 17 is_stmt 0 view .LVU294
 905 01a4 0E48     		ldr	r0, .L30+12
 906 01a6 A21D     		adds	r2, r4, #6
 907 01a8 04F10C01 		add	r1, r4, #12
 908              	.LBB167:
 909              	.LBB166:
  85:src/btphy/rx_task.c **** 
 910              		.loc 1 85 20 view .LVU295
 911 01ac C5F85062 		str	r6, [r5, #592]
  88:src/btphy/rx_task.c **** 		return size-4;
 912              		.loc 1 88 2 is_stmt 1 view .LVU296
  89:src/btphy/rx_task.c **** 	return 0;
 913              		.loc 1 89 3 view .LVU297
 914              	.LVL67:
  89:src/btphy/rx_task.c **** 	return 0;
 915              		.loc 1 89 3 is_stmt 0 view .LVU298
 916              	.LBE166:
 917              	.LBE167:
 117:src/btphy/rx_task.c **** 	}
 918              		.loc 1 117 3 is_stmt 1 view .LVU299
 117:src/btphy/rx_task.c **** 	}
 919              		.loc 1 117 17 is_stmt 0 view .LVU300
 920 01b0 FFF7FEFF 		bl	bbcodec_decode_finalize
 921              	.LVL68:
 117:src/btphy/rx_task.c **** 	}
 922              		.loc 1 117 14 discriminator 1 view .LVU301
 923 01b4 6379     		ldrb	r3, [r4, #5]	@ zero_extendqisi2
 132:src/btphy/rx_task.c **** }
 924              		.loc 1 132 9 view .LVU302
 925 01b6 2E68     		ldr	r6, [r5]
 117:src/btphy/rx_task.c **** 	}
 926              		.loc 1 117 14 discriminator 1 view .LVU303
 927 01b8 1843     		orrs	r0, r0, r3
 928 01ba E388     		ldrh	r3, [r4, #6]	@ unaligned
 929 01bc 6071     		strb	r0, [r4, #5]
 930 01be 0C33     		adds	r3, r3, #12
 931 01c0 3DE7     		b	.L16
 932              	.LVL69:
 933              	.L29:
 117:src/btphy/rx_task.c **** 	}
 934              		.loc 1 117 14 discriminator 1 view .LVU304
 935 01c2 064A     		ldr	r2, .L30+8
 936 01c4 B2E7     		b	.L17
 937              	.LVL70:
 938              	.L27:
 109:src/btphy/rx_task.c **** 
 939              		.loc 1 109 3 is_stmt 1 view .LVU305
 940 01c6 0748     		ldr	r0, .L30+16
ARM GAS  /tmp/cclJtHuD.s 			page 32


 941 01c8 FFF7FEFF 		bl	die
 942              	.LVL71:
 943              	.L26:
 107:src/btphy/rx_task.c **** 	if (!rx_task.pkt_cb)
 944              		.loc 1 107 3 view .LVU306
 945 01cc 0648     		ldr	r0, .L30+20
 946 01ce FFF7FEFF 		bl	die
 947              	.LVL72:
 948              	.L31:
 949 01d2 00BF     		.align	2
 950              	.L30:
 951 01d4 00000000 		.word	.LANCHOR0
 952 01d8 00C00920 		.word	537509888
 953 01dc 00000000 		.word	rev8_map
 954 01e0 10000000 		.word	.LANCHOR0+16
 955 01e4 18000000 		.word	.LC1
 956 01e8 00000000 		.word	.LC0
 957              		.cfi_endproc
 958              	.LFE40:
 960              		.section	.rodata.str1.4
 961 002d 000000   		.align	2
 962              	.LC2:
 963 0030 72786E65 		.ascii	"rxne: RF not rdy\012\000"
 963      3A205246 
 963      206E6F74 
 963      20726479 
 963      0A00
 964 0042 0000     		.align	2
 965              	.LC3:
 966 0044 4449457C 		.ascii	"DIE|dec hdr %d: rc=%d\012\012\000"
 966      64656320 
 966      68647220 
 966      25643A20 
 966      72633D25 
 967              		.section	.text.rx_execute,"ax",%progbits
 968              		.align	1
 969              		.p2align 2,,3
 970              		.syntax unified
 971              		.thumb
 972              		.thumb_func
 974              	rx_execute:
 975              	.LVL73:
 976              	.LFB44:
 182:src/btphy/rx_task.c **** 
 183:src/btphy/rx_task.c **** static int rx_pkt_hdr_callback(void)
 184:src/btphy/rx_task.c **** {
 185:src/btphy/rx_task.c **** 	unsigned size;
 186:src/btphy/rx_task.c **** 	btctl_rx_pkt_t *pkt = rx_task.rx_pkt;
 187:src/btphy/rx_task.c **** 
 188:src/btphy/rx_task.c **** 	/* Wait for 32 bits sw + 4bits trailer + 54 bits header*/
 189:src/btphy/rx_task.c **** 	while((size=rx_buf_update()) < NUM_PKT_HDR_BYTES);
 190:src/btphy/rx_task.c **** 
 191:src/btphy/rx_task.c **** 	/* Decode pkt's header (skipping 32-bits of syncword in the dma_buf) & configure codec */
 192:src/btphy/rx_task.c **** 	if(bbcodec_decode_header(&rx_task.codec, &pkt->bb_hdr, rx_task.rx_dma_buf+4))
 193:src/btphy/rx_task.c **** 	{
 194:src/btphy/rx_task.c **** 		return -1;
 195:src/btphy/rx_task.c **** 	}
ARM GAS  /tmp/cclJtHuD.s 			page 33


 196:src/btphy/rx_task.c **** 
 197:src/btphy/rx_task.c **** 	if (rx_task.codec.t->has_crc)
 198:src/btphy/rx_task.c **** 		pkt->flags |= 1<<BBPKT_F_HAS_CRC;
 199:src/btphy/rx_task.c **** 
 200:src/btphy/rx_task.c **** 	pkt->flags |= 1<<BBPKT_F_HAS_HDR;
 201:src/btphy/rx_task.c **** 
 202:src/btphy/rx_task.c **** 	return 0;
 203:src/btphy/rx_task.c **** }
 204:src/btphy/rx_task.c **** 
 205:src/btphy/rx_task.c **** static void rx_data_hdr_callback(void)
 206:src/btphy/rx_task.c **** {
 207:src/btphy/rx_task.c **** 	int rc;
 208:src/btphy/rx_task.c **** 	unsigned size;
 209:src/btphy/rx_task.c **** 	btctl_rx_pkt_t *pkt = rx_task.rx_pkt;
 210:src/btphy/rx_task.c **** 
 211:src/btphy/rx_task.c **** 	/* Wait for a full chunk */
 212:src/btphy/rx_task.c **** 	while((size=rx_buf_update()) < NUM_DATA_HDR_BYTES);
 213:src/btphy/rx_task.c **** 
 214:src/btphy/rx_task.c **** 	/* Decode first data chunk, for the payload header */
 215:src/btphy/rx_task.c **** 	if((rc=bbcodec_decode_chunk(&rx_task.codec, pkt->bt_data, &pkt->bb_hdr, rx_task.rx_dma_buf+4, size
 216:src/btphy/rx_task.c **** 	{
 217:src/btphy/rx_task.c **** 		if (rc == 1)
 218:src/btphy/rx_task.c **** 			rx_task.rx_done = 1;
 219:src/btphy/rx_task.c **** 		else
 220:src/btphy/rx_task.c **** 			DIE("dec hdr %d: rc=%d\n", pkt->bb_hdr.type, rc);
 221:src/btphy/rx_task.c **** 
 222:src/btphy/rx_task.c **** 	}
 223:src/btphy/rx_task.c **** }
 224:src/btphy/rx_task.c **** 
 225:src/btphy/rx_task.c **** // 0
 226:src/btphy/rx_task.c **** static int rx_execute(uint8_t p1, uint8_t p2, uint16_t p3)
 227:src/btphy/rx_task.c **** {
 977              		.loc 1 227 1 view -0
 978              		.cfi_startproc
 979              		@ args = 0, pretend = 0, frame = 24
 980              		@ frame_needed = 0, uses_anonymous_args = 0
 981              		.loc 1 227 1 is_stmt 0 view .LVU308
 982 0000 2DE9F04F 		push	{r4, r5, r6, r7, r8, r9, r10, fp, lr}
 983              		.cfi_def_cfa_offset 36
 984              		.cfi_offset 4, -36
 985              		.cfi_offset 5, -32
 986              		.cfi_offset 6, -28
 987              		.cfi_offset 7, -24
 988              		.cfi_offset 8, -20
 989              		.cfi_offset 9, -16
 990              		.cfi_offset 10, -12
 991              		.cfi_offset 11, -8
 992              		.cfi_offset 14, -4
 993 0004 89B0     		sub	sp, sp, #36
 994              		.cfi_def_cfa_offset 72
 228:src/btphy/rx_task.c **** 	unsigned i, delay;
 995              		.loc 1 228 2 is_stmt 1 view .LVU309
 229:src/btphy/rx_task.c **** 	btctl_rx_pkt_t *pkt = rx_task.rx_pkt;
 996              		.loc 1 229 2 view .LVU310
 997              		.loc 1 229 18 is_stmt 0 view .LVU311
 998 0006 DFF840A0 		ldr	r10, .L87
 230:src/btphy/rx_task.c **** 
ARM GAS  /tmp/cclJtHuD.s 			page 34


 231:src/btphy/rx_task.c **** 	if ((cc2400_get(FSMSTATE) & 0x1f) != STATE_STROBE_RX)
 999              		.loc 1 231 7 view .LVU312
 1000 000a 0E20     		movs	r0, #14
 1001              	.LVL74:
 229:src/btphy/rx_task.c **** 	btctl_rx_pkt_t *pkt = rx_task.rx_pkt;
 1002              		.loc 1 229 18 view .LVU313
 1003 000c DAF80C40 		ldr	r4, [r10, #12]
 1004              	.LVL75:
 1005              		.loc 1 231 2 is_stmt 1 view .LVU314
 1006              		.loc 1 231 7 is_stmt 0 view .LVU315
 1007 0010 FFF7FEFF 		bl	cc2400_get
 1008              	.LVL76:
 1009              		.loc 1 231 5 discriminator 1 view .LVU316
 1010 0014 00F01F00 		and	r0, r0, #31
 1011 0018 1028     		cmp	r0, #16
 1012 001a 40F08C81 		bne	.L77
 232:src/btphy/rx_task.c **** 	{
 233:src/btphy/rx_task.c **** 		cprintf("rxne: RF not rdy\n");
 234:src/btphy/rx_task.c **** 		rx_finalize();
 235:src/btphy/rx_task.c **** 		return 0;
 236:src/btphy/rx_task.c **** 	}
 237:src/btphy/rx_task.c **** 
 238:src/btphy/rx_task.c **** 	while (CLKN_OFFSET < WAIT_SYNCWORD)
 1013              		.loc 1 238 9 view .LVU317
 1014 001e 4FF04022 		mov	r2, #1073758208
 1015              		.loc 1 238 21 view .LVU318
 1016 0022 40F2C521 		movw	r1, #709
 239:src/btphy/rx_task.c **** 	{
 240:src/btphy/rx_task.c **** 		/* PKT strobe goes low if a syncword is detected */
 241:src/btphy/rx_task.c **** 		if (GIO6 == 0)
 1017              		.loc 1 241 7 view .LVU319
 1018 0026 0948     		ldr	r0, .L87+4
 1019 0028 02E0     		b	.L33
 1020              	.L36:
 1021              		.loc 1 241 3 is_stmt 1 view .LVU320
 1022              		.loc 1 241 7 is_stmt 0 view .LVU321
 1023 002a 436D     		ldr	r3, [r0, #84]
 1024              		.loc 1 241 6 view .LVU322
 1025 002c 5D07     		lsls	r5, r3, #29
 1026 002e 0FD5     		bpl	.L84
 1027              	.L33:
 238:src/btphy/rx_task.c **** 	{
 1028              		.loc 1 238 21 is_stmt 1 view .LVU323
 238:src/btphy/rx_task.c **** 	{
 1029              		.loc 1 238 9 is_stmt 0 view .LVU324
 1030 0030 9368     		ldr	r3, [r2, #8]
 238:src/btphy/rx_task.c **** 	{
 1031              		.loc 1 238 21 view .LVU325
 1032 0032 8B42     		cmp	r3, r1
 1033 0034 F9D9     		bls	.L36
 242:src/btphy/rx_task.c **** 		{
 243:src/btphy/rx_task.c **** 			rx_task.pkt_time = CLKN_OFFSET;
 244:src/btphy/rx_task.c **** 			pkt->flags |= 1<<BBPKT_F_HAS_PKT;
 245:src/btphy/rx_task.c **** 			break;
 246:src/btphy/rx_task.c **** 		}
 247:src/btphy/rx_task.c **** 	}
 248:src/btphy/rx_task.c **** 	/* If a packet is being received and it has a payload,*/
ARM GAS  /tmp/cclJtHuD.s 			page 35


 249:src/btphy/rx_task.c **** 	if (BBPKT_HAS_PKT(pkt) && rx_task.do_rx_payload)
 1034              		.loc 1 249 2 is_stmt 1 view .LVU326
 1035              		.loc 1 249 5 is_stmt 0 view .LVU327
 1036 0036 6379     		ldrb	r3, [r4, #5]	@ zero_extendqisi2
 1037 0038 DB07     		lsls	r3, r3, #31
 1038 003a 10D4     		bmi	.L35
 1039              	.LVL77:
 1040              	.L57:
 250:src/btphy/rx_task.c **** 	{
 251:src/btphy/rx_task.c **** 		/* Decode the pkt header */
 252:src/btphy/rx_task.c **** 		if (rx_pkt_hdr_callback() == 0)
 253:src/btphy/rx_task.c **** 		{
 254:src/btphy/rx_task.c **** 			/* If this packet kind has data in it */
 255:src/btphy/rx_task.c **** 			if (rx_task.codec.t->payload_bytes)
 256:src/btphy/rx_task.c **** 			{
 257:src/btphy/rx_task.c **** 				/* Decode the data header */
 258:src/btphy/rx_task.c **** 				rx_data_hdr_callback();
 259:src/btphy/rx_task.c **** 
 260:src/btphy/rx_task.c **** 				/* If the data is not fully decoded yet */
 261:src/btphy/rx_task.c **** 				if (!rx_task.rx_done)
 262:src/btphy/rx_task.c **** 				{
 263:src/btphy/rx_task.c **** 					/* Maximum decode count */
 264:src/btphy/rx_task.c **** 					rx_task.slot_num = rx_task.codec.t->nslots*2-1;
 265:src/btphy/rx_task.c **** 
 266:src/btphy/rx_task.c **** 					/* Schedule next decode */
 267:src/btphy/rx_task.c **** 					tdma_schedule(1, rx_decode, 0, 0, 0, 0);
 268:src/btphy/rx_task.c **** 					return 0;
 269:src/btphy/rx_task.c **** 				}
 270:src/btphy/rx_task.c **** 			}
 271:src/btphy/rx_task.c **** 		}
 272:src/btphy/rx_task.c **** 	}
 273:src/btphy/rx_task.c **** 	/* No packet/ID was received, stop now */
 274:src/btphy/rx_task.c **** 	rx_finalize();
 1041              		.loc 1 274 2 is_stmt 1 view .LVU328
 1042 003c FFF7FEFF 		bl	rx_finalize
 1043              	.LVL78:
 275:src/btphy/rx_task.c **** 
 276:src/btphy/rx_task.c **** 	return 0; 
 1044              		.loc 1 276 2 view .LVU329
 1045              	.L34:
 277:src/btphy/rx_task.c **** }
 1046              		.loc 1 277 1 is_stmt 0 view .LVU330
 1047 0040 0020     		movs	r0, #0
 1048 0042 09B0     		add	sp, sp, #36
 1049              		.cfi_remember_state
 1050              		.cfi_def_cfa_offset 36
 1051              		@ sp needed
 1052 0044 BDE8F08F 		pop	{r4, r5, r6, r7, r8, r9, r10, fp, pc}
 1053              	.L88:
 1054              		.align	2
 1055              	.L87:
 1056 0048 00000000 		.word	.LANCHOR0
 1057 004c 00C00920 		.word	537509888
 1058              	.LVL79:
 1059              	.L84:
 1060              		.cfi_restore_state
 243:src/btphy/rx_task.c **** 			pkt->flags |= 1<<BBPKT_F_HAS_PKT;
ARM GAS  /tmp/cclJtHuD.s 			page 36


 1061              		.loc 1 243 4 is_stmt 1 view .LVU331
 243:src/btphy/rx_task.c **** 			pkt->flags |= 1<<BBPKT_F_HAS_PKT;
 1062              		.loc 1 243 23 is_stmt 0 view .LVU332
 1063 0050 9368     		ldr	r3, [r2, #8]
 243:src/btphy/rx_task.c **** 			pkt->flags |= 1<<BBPKT_F_HAS_PKT;
 1064              		.loc 1 243 21 view .LVU333
 1065 0052 AAF84E32 		strh	r3, [r10, #590]	@ movhi
 244:src/btphy/rx_task.c **** 			break;
 1066              		.loc 1 244 4 is_stmt 1 view .LVU334
 244:src/btphy/rx_task.c **** 			break;
 1067              		.loc 1 244 15 is_stmt 0 view .LVU335
 1068 0056 6379     		ldrb	r3, [r4, #5]	@ zero_extendqisi2
 1069 0058 43F00103 		orr	r3, r3, #1
 1070 005c 6371     		strb	r3, [r4, #5]
 245:src/btphy/rx_task.c **** 		}
 1071              		.loc 1 245 4 is_stmt 1 view .LVU336
 249:src/btphy/rx_task.c **** 	{
 1072              		.loc 1 249 2 view .LVU337
 1073              	.L35:
 249:src/btphy/rx_task.c **** 	{
 1074              		.loc 1 249 25 is_stmt 0 discriminator 1 view .LVU338
 1075 005e 9AF83C30 		ldrb	r3, [r10, #60]	@ zero_extendqisi2
 1076 0062 002B     		cmp	r3, #0
 1077 0064 EAD0     		beq	.L57
 252:src/btphy/rx_task.c **** 		{
 1078              		.loc 1 252 3 is_stmt 1 view .LVU339
 1079              	.LBB180:
 1080              	.LBI180:
 183:src/btphy/rx_task.c **** {
 1081              		.loc 1 183 12 view .LVU340
 1082              	.LBB181:
 185:src/btphy/rx_task.c **** 	btctl_rx_pkt_t *pkt = rx_task.rx_pkt;
 1083              		.loc 1 185 2 view .LVU341
 186:src/btphy/rx_task.c **** 
 1084              		.loc 1 186 2 view .LVU342
 186:src/btphy/rx_task.c **** 
 1085              		.loc 1 186 18 is_stmt 0 view .LVU343
 1086 0066 DAF80C60 		ldr	r6, [r10, #12]
 1087              	.LVL80:
 189:src/btphy/rx_task.c **** 
 1088              		.loc 1 189 2 is_stmt 1 view .LVU344
 1089 006a C64C     		ldr	r4, .L89
 1090              	.LVL81:
 189:src/btphy/rx_task.c **** 
 1091              		.loc 1 189 2 is_stmt 0 view .LVU345
 1092 006c 0496     		str	r6, [sp, #16]
 1093              	.LVL82:
 1094              	.L39:
 189:src/btphy/rx_task.c **** 
 1095              		.loc 1 189 31 is_stmt 1 discriminator 2 view .LVU346
 1096              	.LBB182:
 1097              	.LBI182:
  78:src/btphy/rx_task.c **** {
 1098              		.loc 1 78 17 view .LVU347
 1099              	.LBB183:
  80:src/btphy/rx_task.c **** 
 1100              		.loc 1 80 2 view .LVU348
ARM GAS  /tmp/cclJtHuD.s 			page 37


  80:src/btphy/rx_task.c **** 
 1101              		.loc 1 80 21 is_stmt 0 view .LVU349
 1102 006e FFF7FEFF 		bl	dma_get_rx_offset
 1103              	.LVL83:
  83:src/btphy/rx_task.c **** 		rx_task.rx_dma_buf[i] = reverse8(rx_task.rx_dma_buf[i]);
 1104              		.loc 1 83 2 is_stmt 1 view .LVU350
  83:src/btphy/rx_task.c **** 		rx_task.rx_dma_buf[i] = reverse8(rx_task.rx_dma_buf[i]);
 1105              		.loc 1 83 7 is_stmt 0 view .LVU351
 1106 0072 DAF85022 		ldr	r2, [r10, #592]
 1107              	.LVL84:
  83:src/btphy/rx_task.c **** 		rx_task.rx_dma_buf[i] = reverse8(rx_task.rx_dma_buf[i]);
 1108              		.loc 1 83 27 is_stmt 1 discriminator 1 view .LVU352
 1109 0076 9042     		cmp	r0, r2
 1110 0078 40F28380 		bls	.L44
 1111 007c 861A     		subs	r6, r0, r2
 1112 007e 731E     		subs	r3, r6, #1
 1113 0080 062B     		cmp	r3, #6
 1114 0082 40F26181 		bls	.L85
 1115 0086 2546     		mov	r5, r4
 1116 0088 02F13D03 		add	r3, r2, #61
 1117 008c CDE90262 		strd	r6, r2, [sp, #8]
 1118 0090 5344     		add	r3, r3, r10
 1119 0092 26F00707 		bic	r7, r6, #7
 1120 0096 8346     		mov	fp, r0
 1121 0098 F818     		adds	r0, r7, r3
 1122              	.LVL85:
 1123              	.L42:
  84:src/btphy/rx_task.c **** 	rx_task.rx_offset = size;
 1124              		.loc 1 84 3 view .LVU353
 1125              	.LBB184:
 1126              	.LBI184:
 100:include/ubtbr/bb.h **** {
 1127              		.loc 7 100 23 view .LVU354
 1128              	.LBB185:
 102:include/ubtbr/bb.h ****         return rev8_map[data];
 1129              		.loc 7 102 2 view .LVU355
 1130              		.loc 7 103 9 view .LVU356
 1131              		.loc 7 103 24 is_stmt 0 view .LVU357
 1132 009a 0022     		movs	r2, #0
 1133 009c 5978     		ldrb	r1, [r3, #1]	@ zero_extendqisi2
 1134 009e 93F800C0 		ldrb	ip, [r3]	@ zero_extendqisi2
 1135 00a2 1E79     		ldrb	r6, [r3, #4]	@ zero_extendqisi2
 1136 00a4 14F80190 		ldrb	r9, [r4, r1]	@ zero_extendqisi2
 1137 00a8 5979     		ldrb	r1, [r3, #5]	@ zero_extendqisi2
 1138 00aa 14F80C80 		ldrb	r8, [r4, ip]	@ zero_extendqisi2
 1139 00ae 14F806C0 		ldrb	ip, [r4, r6]	@ zero_extendqisi2
 1140 00b2 665C     		ldrb	r6, [r4, r1]	@ zero_extendqisi2
 1141 00b4 9978     		ldrb	r1, [r3, #2]	@ zero_extendqisi2
 1142 00b6 0833     		adds	r3, r3, #8
 1143 00b8 14F801E0 		ldrb	lr, [r4, r1]	@ zero_extendqisi2
 1144 00bc 1146     		mov	r1, r2
 1145 00be 6CF30701 		bfi	r1, ip, #0, #8
 1146 00c2 66F30F21 		bfi	r1, r6, #8, #8
 1147 00c6 13F8026C 		ldrb	r6, [r3, #-2]	@ zero_extendqisi2
 1148 00ca 68F30702 		bfi	r2, r8, #0, #8
 1149 00ce A65D     		ldrb	r6, [r4, r6]	@ zero_extendqisi2
 1150 00d0 69F30F22 		bfi	r2, r9, #8, #8
ARM GAS  /tmp/cclJtHuD.s 			page 38


 1151 00d4 66F31741 		bfi	r1, r6, #16, #8
 1152 00d8 13F8016C 		ldrb	r6, [r3, #-1]	@ zero_extendqisi2
 1153 00dc 6EF31742 		bfi	r2, lr, #16, #8
 1154 00e0 A65D     		ldrb	r6, [r4, r6]	@ zero_extendqisi2
 1155 00e2 8342     		cmp	r3, r0
 1156 00e4 66F31F61 		bfi	r1, r6, #24, #8
 1157 00e8 13F8056C 		ldrb	r6, [r3, #-5]	@ zero_extendqisi2
 1158 00ec A65D     		ldrb	r6, [r4, r6]	@ zero_extendqisi2
 1159              	.LBE185:
 1160              	.LBE184:
  84:src/btphy/rx_task.c **** 	rx_task.rx_offset = size;
 1161              		.loc 1 84 25 discriminator 1 view .LVU358
 1162 00ee 43F8041C 		str	r1, [r3, #-4]	@ unaligned
  83:src/btphy/rx_task.c **** 		rx_task.rx_dma_buf[i] = reverse8(rx_task.rx_dma_buf[i]);
 1163              		.loc 1 83 34 is_stmt 1 discriminator 3 view .LVU359
  83:src/btphy/rx_task.c **** 		rx_task.rx_dma_buf[i] = reverse8(rx_task.rx_dma_buf[i]);
 1164              		.loc 1 83 27 discriminator 1 view .LVU360
 1165              	.LBB201:
 1166              	.LBB186:
 1167              		.loc 7 103 24 is_stmt 0 view .LVU361
 1168 00f2 66F31F62 		bfi	r2, r6, #24, #8
 1169              	.LBE186:
 1170              	.LBE201:
  84:src/btphy/rx_task.c **** 	rx_task.rx_offset = size;
 1171              		.loc 1 84 25 discriminator 1 view .LVU362
 1172 00f6 43F8082C 		str	r2, [r3, #-8]	@ unaligned
 1173 00fa CED1     		bne	.L42
 1174 00fc DDE90262 		ldrd	r6, r2, [sp, #8]
 1175 0100 BE42     		cmp	r6, r7
 1176 0102 5846     		mov	r0, fp
 1177 0104 3DD0     		beq	.L44
 1178              	.LVL86:
  84:src/btphy/rx_task.c **** 	rx_task.rx_offset = size;
 1179              		.loc 1 84 25 discriminator 1 view .LVU363
 1180 0106 3A44     		add	r2, r2, r7
 1181              	.L41:
 1182              	.LVL87:
  84:src/btphy/rx_task.c **** 	rx_task.rx_offset = size;
 1183              		.loc 1 84 3 is_stmt 1 view .LVU364
 1184              	.LBB202:
 100:include/ubtbr/bb.h **** {
 1185              		.loc 7 100 23 view .LVU365
 1186              	.LBB187:
 102:include/ubtbr/bb.h ****         return rev8_map[data];
 1187              		.loc 7 102 2 view .LVU366
 1188              		.loc 7 103 9 view .LVU367
 1189              		.loc 7 103 9 is_stmt 0 view .LVU368
 1190              	.LBE187:
 1191              	.LBE202:
  84:src/btphy/rx_task.c **** 	rx_task.rx_offset = size;
 1192              		.loc 1 84 25 discriminator 1 view .LVU369
 1193 0108 0AEB0203 		add	r3, r10, r2
 1194              	.LBB203:
 1195              	.LBB188:
 1196              		.loc 7 103 24 view .LVU370
 1197 010c 93F83D10 		ldrb	r1, [r3, #61]	@ zero_extendqisi2
 1198              	.LBE188:
ARM GAS  /tmp/cclJtHuD.s 			page 39


 1199              	.LBE203:
  84:src/btphy/rx_task.c **** 	rx_task.rx_offset = size;
 1200              		.loc 1 84 25 discriminator 1 view .LVU371
 1201 0110 695C     		ldrb	r1, [r5, r1]	@ zero_extendqisi2
 1202 0112 83F83D10 		strb	r1, [r3, #61]
  83:src/btphy/rx_task.c **** 		rx_task.rx_dma_buf[i] = reverse8(rx_task.rx_dma_buf[i]);
 1203              		.loc 1 83 34 is_stmt 1 discriminator 3 view .LVU372
 1204 0116 531C     		adds	r3, r2, #1
 1205              	.LVL88:
  83:src/btphy/rx_task.c **** 		rx_task.rx_dma_buf[i] = reverse8(rx_task.rx_dma_buf[i]);
 1206              		.loc 1 83 27 discriminator 1 view .LVU373
 1207 0118 9842     		cmp	r0, r3
 1208 011a 32D9     		bls	.L44
  84:src/btphy/rx_task.c **** 	rx_task.rx_offset = size;
 1209              		.loc 1 84 3 view .LVU374
 1210              	.LVL89:
 1211              	.LBB204:
 100:include/ubtbr/bb.h **** {
 1212              		.loc 7 100 23 view .LVU375
 1213              	.LBB189:
 102:include/ubtbr/bb.h ****         return rev8_map[data];
 1214              		.loc 7 102 2 view .LVU376
 1215              		.loc 7 103 9 view .LVU377
 1216              		.loc 7 103 9 is_stmt 0 view .LVU378
 1217              	.LBE189:
 1218              	.LBE204:
  84:src/btphy/rx_task.c **** 	rx_task.rx_offset = size;
 1219              		.loc 1 84 25 discriminator 1 view .LVU379
 1220 011c 5344     		add	r3, r3, r10
 1221              	.LVL90:
 1222              	.LBB205:
 1223              	.LBB190:
 1224              		.loc 7 103 24 view .LVU380
 1225 011e 93F83D10 		ldrb	r1, [r3, #61]	@ zero_extendqisi2
 1226              	.LBE190:
 1227              	.LBE205:
  84:src/btphy/rx_task.c **** 	rx_task.rx_offset = size;
 1228              		.loc 1 84 25 discriminator 1 view .LVU381
 1229 0122 695C     		ldrb	r1, [r5, r1]	@ zero_extendqisi2
 1230 0124 83F83D10 		strb	r1, [r3, #61]
  83:src/btphy/rx_task.c **** 		rx_task.rx_dma_buf[i] = reverse8(rx_task.rx_dma_buf[i]);
 1231              		.loc 1 83 34 is_stmt 1 discriminator 3 view .LVU382
 1232 0128 931C     		adds	r3, r2, #2
 1233              	.LVL91:
  83:src/btphy/rx_task.c **** 		rx_task.rx_dma_buf[i] = reverse8(rx_task.rx_dma_buf[i]);
 1234              		.loc 1 83 27 discriminator 1 view .LVU383
 1235 012a 9842     		cmp	r0, r3
 1236 012c 29D9     		bls	.L44
  84:src/btphy/rx_task.c **** 	rx_task.rx_offset = size;
 1237              		.loc 1 84 3 view .LVU384
 1238              	.LVL92:
 1239              	.LBB206:
 100:include/ubtbr/bb.h **** {
 1240              		.loc 7 100 23 view .LVU385
 1241              	.LBB191:
 102:include/ubtbr/bb.h ****         return rev8_map[data];
 1242              		.loc 7 102 2 view .LVU386
ARM GAS  /tmp/cclJtHuD.s 			page 40


 1243              		.loc 7 103 9 view .LVU387
 1244              		.loc 7 103 9 is_stmt 0 view .LVU388
 1245              	.LBE191:
 1246              	.LBE206:
  84:src/btphy/rx_task.c **** 	rx_task.rx_offset = size;
 1247              		.loc 1 84 25 discriminator 1 view .LVU389
 1248 012e 5344     		add	r3, r3, r10
 1249              	.LVL93:
 1250              	.LBB207:
 1251              	.LBB192:
 1252              		.loc 7 103 24 view .LVU390
 1253 0130 93F83D10 		ldrb	r1, [r3, #61]	@ zero_extendqisi2
 1254              	.LBE192:
 1255              	.LBE207:
  84:src/btphy/rx_task.c **** 	rx_task.rx_offset = size;
 1256              		.loc 1 84 25 discriminator 1 view .LVU391
 1257 0134 695C     		ldrb	r1, [r5, r1]	@ zero_extendqisi2
 1258 0136 83F83D10 		strb	r1, [r3, #61]
  83:src/btphy/rx_task.c **** 		rx_task.rx_dma_buf[i] = reverse8(rx_task.rx_dma_buf[i]);
 1259              		.loc 1 83 34 is_stmt 1 discriminator 3 view .LVU392
 1260 013a D31C     		adds	r3, r2, #3
 1261              	.LVL94:
  83:src/btphy/rx_task.c **** 		rx_task.rx_dma_buf[i] = reverse8(rx_task.rx_dma_buf[i]);
 1262              		.loc 1 83 27 discriminator 1 view .LVU393
 1263 013c 9842     		cmp	r0, r3
 1264 013e 20D9     		bls	.L44
  84:src/btphy/rx_task.c **** 	rx_task.rx_offset = size;
 1265              		.loc 1 84 3 view .LVU394
 1266              	.LVL95:
 1267              	.LBB208:
 100:include/ubtbr/bb.h **** {
 1268              		.loc 7 100 23 view .LVU395
 1269              	.LBB193:
 102:include/ubtbr/bb.h ****         return rev8_map[data];
 1270              		.loc 7 102 2 view .LVU396
 1271              		.loc 7 103 9 view .LVU397
 1272              		.loc 7 103 9 is_stmt 0 view .LVU398
 1273              	.LBE193:
 1274              	.LBE208:
  84:src/btphy/rx_task.c **** 	rx_task.rx_offset = size;
 1275              		.loc 1 84 25 discriminator 1 view .LVU399
 1276 0140 5344     		add	r3, r3, r10
 1277              	.LVL96:
 1278              	.LBB209:
 1279              	.LBB194:
 1280              		.loc 7 103 24 view .LVU400
 1281 0142 93F83D10 		ldrb	r1, [r3, #61]	@ zero_extendqisi2
 1282              	.LBE194:
 1283              	.LBE209:
  84:src/btphy/rx_task.c **** 	rx_task.rx_offset = size;
 1284              		.loc 1 84 25 discriminator 1 view .LVU401
 1285 0146 695C     		ldrb	r1, [r5, r1]	@ zero_extendqisi2
 1286 0148 83F83D10 		strb	r1, [r3, #61]
  83:src/btphy/rx_task.c **** 		rx_task.rx_dma_buf[i] = reverse8(rx_task.rx_dma_buf[i]);
 1287              		.loc 1 83 34 is_stmt 1 discriminator 3 view .LVU402
 1288 014c 131D     		adds	r3, r2, #4
 1289              	.LVL97:
ARM GAS  /tmp/cclJtHuD.s 			page 41


  83:src/btphy/rx_task.c **** 		rx_task.rx_dma_buf[i] = reverse8(rx_task.rx_dma_buf[i]);
 1290              		.loc 1 83 27 discriminator 1 view .LVU403
 1291 014e 9842     		cmp	r0, r3
 1292 0150 17D9     		bls	.L44
  84:src/btphy/rx_task.c **** 	rx_task.rx_offset = size;
 1293              		.loc 1 84 3 view .LVU404
 1294              	.LVL98:
 1295              	.LBB210:
 100:include/ubtbr/bb.h **** {
 1296              		.loc 7 100 23 view .LVU405
 1297              	.LBB195:
 102:include/ubtbr/bb.h ****         return rev8_map[data];
 1298              		.loc 7 102 2 view .LVU406
 1299              		.loc 7 103 9 view .LVU407
 1300              		.loc 7 103 9 is_stmt 0 view .LVU408
 1301              	.LBE195:
 1302              	.LBE210:
  84:src/btphy/rx_task.c **** 	rx_task.rx_offset = size;
 1303              		.loc 1 84 25 discriminator 1 view .LVU409
 1304 0152 5344     		add	r3, r3, r10
 1305              	.LVL99:
 1306              	.LBB211:
 1307              	.LBB196:
 1308              		.loc 7 103 24 view .LVU410
 1309 0154 93F83D10 		ldrb	r1, [r3, #61]	@ zero_extendqisi2
 1310              	.LBE196:
 1311              	.LBE211:
  84:src/btphy/rx_task.c **** 	rx_task.rx_offset = size;
 1312              		.loc 1 84 25 discriminator 1 view .LVU411
 1313 0158 695C     		ldrb	r1, [r5, r1]	@ zero_extendqisi2
 1314 015a 83F83D10 		strb	r1, [r3, #61]
  83:src/btphy/rx_task.c **** 		rx_task.rx_dma_buf[i] = reverse8(rx_task.rx_dma_buf[i]);
 1315              		.loc 1 83 34 is_stmt 1 discriminator 3 view .LVU412
 1316 015e 531D     		adds	r3, r2, #5
 1317              	.LVL100:
  83:src/btphy/rx_task.c **** 		rx_task.rx_dma_buf[i] = reverse8(rx_task.rx_dma_buf[i]);
 1318              		.loc 1 83 27 discriminator 1 view .LVU413
 1319 0160 9842     		cmp	r0, r3
 1320 0162 0ED9     		bls	.L44
  84:src/btphy/rx_task.c **** 	rx_task.rx_offset = size;
 1321              		.loc 1 84 3 view .LVU414
 1322              	.LVL101:
 1323              	.LBB212:
 100:include/ubtbr/bb.h **** {
 1324              		.loc 7 100 23 view .LVU415
 1325              	.LBB197:
 102:include/ubtbr/bb.h ****         return rev8_map[data];
 1326              		.loc 7 102 2 view .LVU416
 1327              		.loc 7 103 9 view .LVU417
 1328              		.loc 7 103 9 is_stmt 0 view .LVU418
 1329              	.LBE197:
 1330              	.LBE212:
  84:src/btphy/rx_task.c **** 	rx_task.rx_offset = size;
 1331              		.loc 1 84 25 discriminator 1 view .LVU419
 1332 0164 5344     		add	r3, r3, r10
 1333              	.LVL102:
 1334              	.LBB213:
ARM GAS  /tmp/cclJtHuD.s 			page 42


 1335              	.LBB198:
 1336              		.loc 7 103 24 view .LVU420
 1337 0166 93F83D10 		ldrb	r1, [r3, #61]	@ zero_extendqisi2
 1338              	.LBE198:
 1339              	.LBE213:
  83:src/btphy/rx_task.c **** 		rx_task.rx_dma_buf[i] = reverse8(rx_task.rx_dma_buf[i]);
 1340              		.loc 1 83 34 discriminator 3 view .LVU421
 1341 016a 0632     		adds	r2, r2, #6
 1342              	.LVL103:
  84:src/btphy/rx_task.c **** 	rx_task.rx_offset = size;
 1343              		.loc 1 84 25 discriminator 1 view .LVU422
 1344 016c 695C     		ldrb	r1, [r5, r1]	@ zero_extendqisi2
  83:src/btphy/rx_task.c **** 		rx_task.rx_dma_buf[i] = reverse8(rx_task.rx_dma_buf[i]);
 1345              		.loc 1 83 27 discriminator 1 view .LVU423
 1346 016e 9042     		cmp	r0, r2
  84:src/btphy/rx_task.c **** 	rx_task.rx_offset = size;
 1347              		.loc 1 84 25 discriminator 1 view .LVU424
 1348 0170 83F83D10 		strb	r1, [r3, #61]
  83:src/btphy/rx_task.c **** 		rx_task.rx_dma_buf[i] = reverse8(rx_task.rx_dma_buf[i]);
 1349              		.loc 1 83 34 is_stmt 1 discriminator 3 view .LVU425
 1350              	.LVL104:
  83:src/btphy/rx_task.c **** 		rx_task.rx_dma_buf[i] = reverse8(rx_task.rx_dma_buf[i]);
 1351              		.loc 1 83 27 discriminator 1 view .LVU426
 1352 0174 05D9     		bls	.L44
  84:src/btphy/rx_task.c **** 	rx_task.rx_offset = size;
 1353              		.loc 1 84 3 view .LVU427
 1354              	.LVL105:
 1355              	.LBB214:
 100:include/ubtbr/bb.h **** {
 1356              		.loc 7 100 23 view .LVU428
 1357              	.LBB199:
 102:include/ubtbr/bb.h ****         return rev8_map[data];
 1358              		.loc 7 102 2 view .LVU429
 1359              		.loc 7 103 9 view .LVU430
 1360              		.loc 7 103 9 is_stmt 0 view .LVU431
 1361              	.LBE199:
 1362              	.LBE214:
  84:src/btphy/rx_task.c **** 	rx_task.rx_offset = size;
 1363              		.loc 1 84 25 discriminator 1 view .LVU432
 1364 0176 5244     		add	r2, r2, r10
 1365              	.LVL106:
 1366              	.LBB215:
 1367              	.LBB200:
 1368              		.loc 7 103 24 view .LVU433
 1369 0178 92F83D30 		ldrb	r3, [r2, #61]	@ zero_extendqisi2
 1370              	.LBE200:
 1371              	.LBE215:
  84:src/btphy/rx_task.c **** 	rx_task.rx_offset = size;
 1372              		.loc 1 84 25 discriminator 1 view .LVU434
 1373 017c EB5C     		ldrb	r3, [r5, r3]	@ zero_extendqisi2
 1374 017e 82F83D30 		strb	r3, [r2, #61]
  83:src/btphy/rx_task.c **** 		rx_task.rx_dma_buf[i] = reverse8(rx_task.rx_dma_buf[i]);
 1375              		.loc 1 83 34 is_stmt 1 discriminator 3 view .LVU435
  83:src/btphy/rx_task.c **** 		rx_task.rx_dma_buf[i] = reverse8(rx_task.rx_dma_buf[i]);
 1376              		.loc 1 83 27 discriminator 1 view .LVU436
 1377              	.LVL107:
 1378              	.L44:
ARM GAS  /tmp/cclJtHuD.s 			page 43


  85:src/btphy/rx_task.c **** 
 1379              		.loc 1 85 2 view .LVU437
  88:src/btphy/rx_task.c **** 		return size-4;
 1380              		.loc 1 88 5 is_stmt 0 view .LVU438
 1381 0182 0428     		cmp	r0, #4
 1382 0184 0346     		mov	r3, r0
 1383 0186 38BF     		it	cc
 1384 0188 0423     		movcc	r3, #4
 1385 018a 043B     		subs	r3, r3, #4
 1386              	.LBE183:
 1387              	.LBE182:
 189:src/btphy/rx_task.c **** 
 1388              		.loc 1 189 31 discriminator 2 view .LVU439
 1389 018c 072B     		cmp	r3, #7
 1390              	.LBB217:
 1391              	.LBB216:
  85:src/btphy/rx_task.c **** 
 1392              		.loc 1 85 20 view .LVU440
 1393 018e CAF85002 		str	r0, [r10, #592]
  88:src/btphy/rx_task.c **** 		return size-4;
 1394              		.loc 1 88 2 is_stmt 1 view .LVU441
 1395              	.LVL108:
  88:src/btphy/rx_task.c **** 		return size-4;
 1396              		.loc 1 88 2 is_stmt 0 view .LVU442
 1397              	.LBE216:
 1398              	.LBE217:
 189:src/btphy/rx_task.c **** 
 1399              		.loc 1 189 31 discriminator 2 view .LVU443
 1400 0192 7FF66CAF 		bls	.L39
 1401              	.LVL109:
 192:src/btphy/rx_task.c **** 	{
 1402              		.loc 1 192 2 is_stmt 1 view .LVU444
 1403 0196 049E     		ldr	r6, [sp, #16]
 192:src/btphy/rx_task.c **** 	{
 1404              		.loc 1 192 5 is_stmt 0 view .LVU445
 1405 0198 7B4A     		ldr	r2, .L89+4
 1406 019a 06F10801 		add	r1, r6, #8
 1407 019e A2F13100 		sub	r0, r2, #49
 1408              	.LVL110:
 192:src/btphy/rx_task.c **** 	{
 1409              		.loc 1 192 5 view .LVU446
 1410 01a2 FFF7FEFF 		bl	bbcodec_decode_header
 1411              	.LVL111:
 192:src/btphy/rx_task.c **** 	{
 1412              		.loc 1 192 4 discriminator 1 view .LVU447
 1413 01a6 0028     		cmp	r0, #0
 1414 01a8 7FF448AF 		bne	.L57
 197:src/btphy/rx_task.c **** 		pkt->flags |= 1<<BBPKT_F_HAS_CRC;
 1415              		.loc 1 197 2 is_stmt 1 view .LVU448
 197:src/btphy/rx_task.c **** 		pkt->flags |= 1<<BBPKT_F_HAS_CRC;
 1416              		.loc 1 197 19 is_stmt 0 view .LVU449
 1417 01ac DAF82420 		ldr	r2, [r10, #36]
 198:src/btphy/rx_task.c **** 
 1418              		.loc 1 198 6 view .LVU450
 1419 01b0 7379     		ldrb	r3, [r6, #5]	@ zero_extendqisi2
 197:src/btphy/rx_task.c **** 		pkt->flags |= 1<<BBPKT_F_HAS_CRC;
 1420              		.loc 1 197 5 view .LVU451
ARM GAS  /tmp/cclJtHuD.s 			page 44


 1421 01b2 5079     		ldrb	r0, [r2, #5]	@ zero_extendqisi2
 198:src/btphy/rx_task.c **** 
 1422              		.loc 1 198 14 view .LVU452
 1423 01b4 43F00401 		orr	r1, r3, #4
 1424 01b8 0028     		cmp	r0, #0
 1425 01ba 18BF     		it	ne
 1426 01bc 0B46     		movne	r3, r1
 200:src/btphy/rx_task.c **** 
 1427              		.loc 1 200 2 is_stmt 1 view .LVU453
 200:src/btphy/rx_task.c **** 
 1428              		.loc 1 200 13 is_stmt 0 view .LVU454
 1429 01be 43F00203 		orr	r3, r3, #2
 1430 01c2 7371     		strb	r3, [r6, #5]
 202:src/btphy/rx_task.c **** }
 1431              		.loc 1 202 2 is_stmt 1 view .LVU455
 1432              	.LVL112:
 202:src/btphy/rx_task.c **** }
 1433              		.loc 1 202 2 is_stmt 0 view .LVU456
 1434              	.LBE181:
 1435              	.LBE180:
 255:src/btphy/rx_task.c **** 			{
 1436              		.loc 1 255 4 is_stmt 1 view .LVU457
 255:src/btphy/rx_task.c **** 			{
 1437              		.loc 1 255 7 is_stmt 0 view .LVU458
 1438 01c4 5388     		ldrh	r3, [r2, #2]
 1439 01c6 002B     		cmp	r3, #0
 1440 01c8 3FF438AF 		beq	.L57
 258:src/btphy/rx_task.c **** 
 1441              		.loc 1 258 5 is_stmt 1 view .LVU459
 1442              	.LBB218:
 1443              	.LBI218:
 205:src/btphy/rx_task.c **** {
 1444              		.loc 1 205 13 view .LVU460
 1445              	.LBB219:
 207:src/btphy/rx_task.c **** 	unsigned size;
 1446              		.loc 1 207 2 view .LVU461
 208:src/btphy/rx_task.c **** 	btctl_rx_pkt_t *pkt = rx_task.rx_pkt;
 1447              		.loc 1 208 2 view .LVU462
 209:src/btphy/rx_task.c **** 
 1448              		.loc 1 209 2 view .LVU463
 209:src/btphy/rx_task.c **** 
 1449              		.loc 1 209 18 is_stmt 0 view .LVU464
 1450 01cc DAF80C50 		ldr	r5, [r10, #12]
 1451              	.LVL113:
 212:src/btphy/rx_task.c **** 
 1452              		.loc 1 212 2 is_stmt 1 view .LVU465
 1453 01d0 DFF8B091 		ldr	r9, .L89
 1454 01d4 0795     		str	r5, [sp, #28]
 1455              	.LVL114:
 1456              	.L48:
 212:src/btphy/rx_task.c **** 
 1457              		.loc 1 212 31 discriminator 2 view .LVU466
 1458              	.LBB220:
 1459              	.LBI220:
  78:src/btphy/rx_task.c **** {
 1460              		.loc 1 78 17 view .LVU467
 1461              	.LBB221:
ARM GAS  /tmp/cclJtHuD.s 			page 45


  80:src/btphy/rx_task.c **** 
 1462              		.loc 1 80 2 view .LVU468
  80:src/btphy/rx_task.c **** 
 1463              		.loc 1 80 21 is_stmt 0 view .LVU469
 1464 01d6 FFF7FEFF 		bl	dma_get_rx_offset
 1465              	.LVL115:
  83:src/btphy/rx_task.c **** 		rx_task.rx_dma_buf[i] = reverse8(rx_task.rx_dma_buf[i]);
 1466              		.loc 1 83 2 is_stmt 1 view .LVU470
  83:src/btphy/rx_task.c **** 		rx_task.rx_dma_buf[i] = reverse8(rx_task.rx_dma_buf[i]);
 1467              		.loc 1 83 7 is_stmt 0 view .LVU471
 1468 01da DAF85022 		ldr	r2, [r10, #592]
 1469              	.LVL116:
  83:src/btphy/rx_task.c **** 		rx_task.rx_dma_buf[i] = reverse8(rx_task.rx_dma_buf[i]);
 1470              		.loc 1 83 27 is_stmt 1 discriminator 1 view .LVU472
 1471 01de 9042     		cmp	r0, r2
 1472 01e0 40F28E80 		bls	.L53
 1473 01e4 851A     		subs	r5, r0, r2
 1474 01e6 6B1E     		subs	r3, r5, #1
 1475 01e8 062B     		cmp	r3, #6
 1476 01ea 40F2AF80 		bls	.L86
 1477 01ee 25F00706 		bic	r6, r5, #7
 1478 01f2 02F13D03 		add	r3, r2, #61
 1479 01f6 CDE90225 		strd	r2, r5, [sp, #8]
 1480 01fa CDE90469 		strd	r6, r9, [sp, #16]
 1481 01fe 5344     		add	r3, r3, r10
 1482 0200 06EB030B 		add	fp, r6, r3
 1483 0204 0690     		str	r0, [sp, #24]
 1484              	.LVL117:
 1485              	.L51:
  84:src/btphy/rx_task.c **** 	rx_task.rx_offset = size;
 1486              		.loc 1 84 3 view .LVU473
 1487              	.LBB222:
 1488              	.LBI222:
 100:include/ubtbr/bb.h **** {
 1489              		.loc 7 100 23 view .LVU474
 1490              	.LBB223:
 102:include/ubtbr/bb.h ****         return rev8_map[data];
 1491              		.loc 7 102 2 view .LVU475
 1492              		.loc 7 103 9 view .LVU476
 1493              		.loc 7 103 24 is_stmt 0 view .LVU477
 1494 0206 0022     		movs	r2, #0
 1495 0208 1978     		ldrb	r1, [r3]	@ zero_extendqisi2
 1496 020a 0833     		adds	r3, r3, #8
 1497 020c 19F80180 		ldrb	r8, [r9, r1]	@ zero_extendqisi2
 1498 0210 13F8041C 		ldrb	r1, [r3, #-4]	@ zero_extendqisi2
 1499 0214 19F80160 		ldrb	r6, [r9, r1]	@ zero_extendqisi2
 1500 0218 13F8071C 		ldrb	r1, [r3, #-7]	@ zero_extendqisi2
 1501 021c 19F801E0 		ldrb	lr, [r9, r1]	@ zero_extendqisi2
 1502 0220 13F8031C 		ldrb	r1, [r3, #-3]	@ zero_extendqisi2
 1503 0224 19F80150 		ldrb	r5, [r9, r1]	@ zero_extendqisi2
 1504 0228 13F8061C 		ldrb	r1, [r3, #-6]	@ zero_extendqisi2
 1505 022c 19F801C0 		ldrb	ip, [r9, r1]	@ zero_extendqisi2
 1506 0230 13F8021C 		ldrb	r1, [r3, #-2]	@ zero_extendqisi2
 1507 0234 19F80140 		ldrb	r4, [r9, r1]	@ zero_extendqisi2
 1508 0238 13F8051C 		ldrb	r1, [r3, #-5]	@ zero_extendqisi2
 1509 023c 19F80170 		ldrb	r7, [r9, r1]	@ zero_extendqisi2
 1510 0240 13F8011C 		ldrb	r1, [r3, #-1]	@ zero_extendqisi2
ARM GAS  /tmp/cclJtHuD.s 			page 46


 1511 0244 9B45     		cmp	fp, r3
 1512 0246 19F80100 		ldrb	r0, [r9, r1]	@ zero_extendqisi2
 1513 024a 1146     		mov	r1, r2
 1514 024c 68F30702 		bfi	r2, r8, #0, #8
 1515 0250 66F30701 		bfi	r1, r6, #0, #8
 1516 0254 6EF30F22 		bfi	r2, lr, #8, #8
 1517 0258 65F30F21 		bfi	r1, r5, #8, #8
 1518 025c 6CF31742 		bfi	r2, ip, #16, #8
 1519 0260 64F31741 		bfi	r1, r4, #16, #8
 1520 0264 67F31F62 		bfi	r2, r7, #24, #8
 1521 0268 60F31F61 		bfi	r1, r0, #24, #8
 1522              	.LBE223:
 1523              	.LBE222:
  84:src/btphy/rx_task.c **** 	rx_task.rx_offset = size;
 1524              		.loc 1 84 25 discriminator 1 view .LVU478
 1525 026c 43F8082C 		str	r2, [r3, #-8]	@ unaligned
 1526 0270 43F8041C 		str	r1, [r3, #-4]	@ unaligned
  83:src/btphy/rx_task.c **** 		rx_task.rx_dma_buf[i] = reverse8(rx_task.rx_dma_buf[i]);
 1527              		.loc 1 83 34 is_stmt 1 discriminator 3 view .LVU479
  83:src/btphy/rx_task.c **** 		rx_task.rx_dma_buf[i] = reverse8(rx_task.rx_dma_buf[i]);
 1528              		.loc 1 83 27 discriminator 1 view .LVU480
 1529 0274 C7D1     		bne	.L51
 1530 0276 DDE90225 		ldrd	r2, r5, [sp, #8]
 1531 027a DDE90464 		ldrd	r6, r4, [sp, #16]
 1532 027e B542     		cmp	r5, r6
 1533 0280 0698     		ldr	r0, [sp, #24]
 1534 0282 3DD0     		beq	.L53
 1535 0284 3244     		add	r2, r2, r6
 1536              	.LVL118:
 1537              	.L50:
  84:src/btphy/rx_task.c **** 	rx_task.rx_offset = size;
 1538              		.loc 1 84 3 view .LVU481
 1539              	.LBB238:
 100:include/ubtbr/bb.h **** {
 1540              		.loc 7 100 23 view .LVU482
 1541              	.LBB224:
 102:include/ubtbr/bb.h ****         return rev8_map[data];
 1542              		.loc 7 102 2 view .LVU483
 1543              		.loc 7 103 9 view .LVU484
 1544              		.loc 7 103 9 is_stmt 0 view .LVU485
 1545              	.LBE224:
 1546              	.LBE238:
  84:src/btphy/rx_task.c **** 	rx_task.rx_offset = size;
 1547              		.loc 1 84 25 discriminator 1 view .LVU486
 1548 0286 0AEB0203 		add	r3, r10, r2
 1549              	.LBB239:
 1550              	.LBB225:
 1551              		.loc 7 103 24 view .LVU487
 1552 028a 93F83D10 		ldrb	r1, [r3, #61]	@ zero_extendqisi2
 1553              	.LBE225:
 1554              	.LBE239:
  84:src/btphy/rx_task.c **** 	rx_task.rx_offset = size;
 1555              		.loc 1 84 25 discriminator 1 view .LVU488
 1556 028e 615C     		ldrb	r1, [r4, r1]	@ zero_extendqisi2
 1557 0290 83F83D10 		strb	r1, [r3, #61]
  83:src/btphy/rx_task.c **** 		rx_task.rx_dma_buf[i] = reverse8(rx_task.rx_dma_buf[i]);
 1558              		.loc 1 83 34 is_stmt 1 discriminator 3 view .LVU489
ARM GAS  /tmp/cclJtHuD.s 			page 47


 1559 0294 531C     		adds	r3, r2, #1
 1560              	.LVL119:
  83:src/btphy/rx_task.c **** 		rx_task.rx_dma_buf[i] = reverse8(rx_task.rx_dma_buf[i]);
 1561              		.loc 1 83 27 discriminator 1 view .LVU490
 1562 0296 8342     		cmp	r3, r0
 1563 0298 32D2     		bcs	.L53
  84:src/btphy/rx_task.c **** 	rx_task.rx_offset = size;
 1564              		.loc 1 84 3 view .LVU491
 1565              	.LVL120:
 1566              	.LBB240:
 100:include/ubtbr/bb.h **** {
 1567              		.loc 7 100 23 view .LVU492
 1568              	.LBB226:
 102:include/ubtbr/bb.h ****         return rev8_map[data];
 1569              		.loc 7 102 2 view .LVU493
 1570              		.loc 7 103 9 view .LVU494
 1571              		.loc 7 103 9 is_stmt 0 view .LVU495
 1572              	.LBE226:
 1573              	.LBE240:
  84:src/btphy/rx_task.c **** 	rx_task.rx_offset = size;
 1574              		.loc 1 84 25 discriminator 1 view .LVU496
 1575 029a 5344     		add	r3, r3, r10
 1576              	.LVL121:
 1577              	.LBB241:
 1578              	.LBB227:
 1579              		.loc 7 103 24 view .LVU497
 1580 029c 93F83D10 		ldrb	r1, [r3, #61]	@ zero_extendqisi2
 1581              	.LBE227:
 1582              	.LBE241:
  84:src/btphy/rx_task.c **** 	rx_task.rx_offset = size;
 1583              		.loc 1 84 25 discriminator 1 view .LVU498
 1584 02a0 615C     		ldrb	r1, [r4, r1]	@ zero_extendqisi2
 1585 02a2 83F83D10 		strb	r1, [r3, #61]
  83:src/btphy/rx_task.c **** 		rx_task.rx_dma_buf[i] = reverse8(rx_task.rx_dma_buf[i]);
 1586              		.loc 1 83 34 is_stmt 1 discriminator 3 view .LVU499
 1587 02a6 931C     		adds	r3, r2, #2
 1588              	.LVL122:
  83:src/btphy/rx_task.c **** 		rx_task.rx_dma_buf[i] = reverse8(rx_task.rx_dma_buf[i]);
 1589              		.loc 1 83 27 discriminator 1 view .LVU500
 1590 02a8 9842     		cmp	r0, r3
 1591 02aa 29D9     		bls	.L53
  84:src/btphy/rx_task.c **** 	rx_task.rx_offset = size;
 1592              		.loc 1 84 3 view .LVU501
 1593              	.LVL123:
 1594              	.LBB242:
 100:include/ubtbr/bb.h **** {
 1595              		.loc 7 100 23 view .LVU502
 1596              	.LBB228:
 102:include/ubtbr/bb.h ****         return rev8_map[data];
 1597              		.loc 7 102 2 view .LVU503
 1598              		.loc 7 103 9 view .LVU504
 1599              		.loc 7 103 9 is_stmt 0 view .LVU505
 1600              	.LBE228:
 1601              	.LBE242:
  84:src/btphy/rx_task.c **** 	rx_task.rx_offset = size;
 1602              		.loc 1 84 25 discriminator 1 view .LVU506
 1603 02ac 5344     		add	r3, r3, r10
ARM GAS  /tmp/cclJtHuD.s 			page 48


 1604              	.LVL124:
 1605              	.LBB243:
 1606              	.LBB229:
 1607              		.loc 7 103 24 view .LVU507
 1608 02ae 93F83D10 		ldrb	r1, [r3, #61]	@ zero_extendqisi2
 1609              	.LBE229:
 1610              	.LBE243:
  84:src/btphy/rx_task.c **** 	rx_task.rx_offset = size;
 1611              		.loc 1 84 25 discriminator 1 view .LVU508
 1612 02b2 615C     		ldrb	r1, [r4, r1]	@ zero_extendqisi2
 1613 02b4 83F83D10 		strb	r1, [r3, #61]
  83:src/btphy/rx_task.c **** 		rx_task.rx_dma_buf[i] = reverse8(rx_task.rx_dma_buf[i]);
 1614              		.loc 1 83 34 is_stmt 1 discriminator 3 view .LVU509
 1615 02b8 D31C     		adds	r3, r2, #3
 1616              	.LVL125:
  83:src/btphy/rx_task.c **** 		rx_task.rx_dma_buf[i] = reverse8(rx_task.rx_dma_buf[i]);
 1617              		.loc 1 83 27 discriminator 1 view .LVU510
 1618 02ba 9842     		cmp	r0, r3
 1619 02bc 20D9     		bls	.L53
  84:src/btphy/rx_task.c **** 	rx_task.rx_offset = size;
 1620              		.loc 1 84 3 view .LVU511
 1621              	.LVL126:
 1622              	.LBB244:
 100:include/ubtbr/bb.h **** {
 1623              		.loc 7 100 23 view .LVU512
 1624              	.LBB230:
 102:include/ubtbr/bb.h ****         return rev8_map[data];
 1625              		.loc 7 102 2 view .LVU513
 1626              		.loc 7 103 9 view .LVU514
 1627              		.loc 7 103 9 is_stmt 0 view .LVU515
 1628              	.LBE230:
 1629              	.LBE244:
  84:src/btphy/rx_task.c **** 	rx_task.rx_offset = size;
 1630              		.loc 1 84 25 discriminator 1 view .LVU516
 1631 02be 5344     		add	r3, r3, r10
 1632              	.LVL127:
 1633              	.LBB245:
 1634              	.LBB231:
 1635              		.loc 7 103 24 view .LVU517
 1636 02c0 93F83D10 		ldrb	r1, [r3, #61]	@ zero_extendqisi2
 1637              	.LBE231:
 1638              	.LBE245:
  84:src/btphy/rx_task.c **** 	rx_task.rx_offset = size;
 1639              		.loc 1 84 25 discriminator 1 view .LVU518
 1640 02c4 615C     		ldrb	r1, [r4, r1]	@ zero_extendqisi2
 1641 02c6 83F83D10 		strb	r1, [r3, #61]
  83:src/btphy/rx_task.c **** 		rx_task.rx_dma_buf[i] = reverse8(rx_task.rx_dma_buf[i]);
 1642              		.loc 1 83 34 is_stmt 1 discriminator 3 view .LVU519
 1643 02ca 131D     		adds	r3, r2, #4
 1644              	.LVL128:
  83:src/btphy/rx_task.c **** 		rx_task.rx_dma_buf[i] = reverse8(rx_task.rx_dma_buf[i]);
 1645              		.loc 1 83 27 discriminator 1 view .LVU520
 1646 02cc 9842     		cmp	r0, r3
 1647 02ce 17D9     		bls	.L53
  84:src/btphy/rx_task.c **** 	rx_task.rx_offset = size;
 1648              		.loc 1 84 3 view .LVU521
 1649              	.LVL129:
ARM GAS  /tmp/cclJtHuD.s 			page 49


 1650              	.LBB246:
 100:include/ubtbr/bb.h **** {
 1651              		.loc 7 100 23 view .LVU522
 1652              	.LBB232:
 102:include/ubtbr/bb.h ****         return rev8_map[data];
 1653              		.loc 7 102 2 view .LVU523
 1654              		.loc 7 103 9 view .LVU524
 1655              		.loc 7 103 9 is_stmt 0 view .LVU525
 1656              	.LBE232:
 1657              	.LBE246:
  84:src/btphy/rx_task.c **** 	rx_task.rx_offset = size;
 1658              		.loc 1 84 25 discriminator 1 view .LVU526
 1659 02d0 5344     		add	r3, r3, r10
 1660              	.LVL130:
 1661              	.LBB247:
 1662              	.LBB233:
 1663              		.loc 7 103 24 view .LVU527
 1664 02d2 93F83D10 		ldrb	r1, [r3, #61]	@ zero_extendqisi2
 1665              	.LBE233:
 1666              	.LBE247:
  84:src/btphy/rx_task.c **** 	rx_task.rx_offset = size;
 1667              		.loc 1 84 25 discriminator 1 view .LVU528
 1668 02d6 615C     		ldrb	r1, [r4, r1]	@ zero_extendqisi2
 1669 02d8 83F83D10 		strb	r1, [r3, #61]
  83:src/btphy/rx_task.c **** 		rx_task.rx_dma_buf[i] = reverse8(rx_task.rx_dma_buf[i]);
 1670              		.loc 1 83 34 is_stmt 1 discriminator 3 view .LVU529
 1671 02dc 531D     		adds	r3, r2, #5
 1672              	.LVL131:
  83:src/btphy/rx_task.c **** 		rx_task.rx_dma_buf[i] = reverse8(rx_task.rx_dma_buf[i]);
 1673              		.loc 1 83 27 discriminator 1 view .LVU530
 1674 02de 9842     		cmp	r0, r3
 1675 02e0 0ED9     		bls	.L53
  84:src/btphy/rx_task.c **** 	rx_task.rx_offset = size;
 1676              		.loc 1 84 3 view .LVU531
 1677              	.LVL132:
 1678              	.LBB248:
 100:include/ubtbr/bb.h **** {
 1679              		.loc 7 100 23 view .LVU532
 1680              	.LBB234:
 102:include/ubtbr/bb.h ****         return rev8_map[data];
 1681              		.loc 7 102 2 view .LVU533
 1682              		.loc 7 103 9 view .LVU534
 1683              		.loc 7 103 9 is_stmt 0 view .LVU535
 1684              	.LBE234:
 1685              	.LBE248:
  84:src/btphy/rx_task.c **** 	rx_task.rx_offset = size;
 1686              		.loc 1 84 25 discriminator 1 view .LVU536
 1687 02e2 5344     		add	r3, r3, r10
 1688              	.LVL133:
 1689              	.LBB249:
 1690              	.LBB235:
 1691              		.loc 7 103 24 view .LVU537
 1692 02e4 93F83D10 		ldrb	r1, [r3, #61]	@ zero_extendqisi2
 1693              	.LBE235:
 1694              	.LBE249:
  83:src/btphy/rx_task.c **** 		rx_task.rx_dma_buf[i] = reverse8(rx_task.rx_dma_buf[i]);
 1695              		.loc 1 83 34 discriminator 3 view .LVU538
ARM GAS  /tmp/cclJtHuD.s 			page 50


 1696 02e8 0632     		adds	r2, r2, #6
 1697              	.LVL134:
  84:src/btphy/rx_task.c **** 	rx_task.rx_offset = size;
 1698              		.loc 1 84 25 discriminator 1 view .LVU539
 1699 02ea 615C     		ldrb	r1, [r4, r1]	@ zero_extendqisi2
  83:src/btphy/rx_task.c **** 		rx_task.rx_dma_buf[i] = reverse8(rx_task.rx_dma_buf[i]);
 1700              		.loc 1 83 27 discriminator 1 view .LVU540
 1701 02ec 9042     		cmp	r0, r2
  84:src/btphy/rx_task.c **** 	rx_task.rx_offset = size;
 1702              		.loc 1 84 25 discriminator 1 view .LVU541
 1703 02ee 83F83D10 		strb	r1, [r3, #61]
  83:src/btphy/rx_task.c **** 		rx_task.rx_dma_buf[i] = reverse8(rx_task.rx_dma_buf[i]);
 1704              		.loc 1 83 34 is_stmt 1 discriminator 3 view .LVU542
 1705              	.LVL135:
  83:src/btphy/rx_task.c **** 		rx_task.rx_dma_buf[i] = reverse8(rx_task.rx_dma_buf[i]);
 1706              		.loc 1 83 27 discriminator 1 view .LVU543
 1707 02f2 05D9     		bls	.L53
  84:src/btphy/rx_task.c **** 	rx_task.rx_offset = size;
 1708              		.loc 1 84 3 view .LVU544
 1709              	.LVL136:
 1710              	.LBB250:
 100:include/ubtbr/bb.h **** {
 1711              		.loc 7 100 23 view .LVU545
 1712              	.LBB236:
 102:include/ubtbr/bb.h ****         return rev8_map[data];
 1713              		.loc 7 102 2 view .LVU546
 1714              		.loc 7 103 9 view .LVU547
 1715              		.loc 7 103 9 is_stmt 0 view .LVU548
 1716              	.LBE236:
 1717              	.LBE250:
  84:src/btphy/rx_task.c **** 	rx_task.rx_offset = size;
 1718              		.loc 1 84 25 discriminator 1 view .LVU549
 1719 02f4 5244     		add	r2, r2, r10
 1720              	.LVL137:
 1721              	.LBB251:
 1722              	.LBB237:
 1723              		.loc 7 103 24 view .LVU550
 1724 02f6 92F83D30 		ldrb	r3, [r2, #61]	@ zero_extendqisi2
 1725              	.LBE237:
 1726              	.LBE251:
  84:src/btphy/rx_task.c **** 	rx_task.rx_offset = size;
 1727              		.loc 1 84 25 discriminator 1 view .LVU551
 1728 02fa E35C     		ldrb	r3, [r4, r3]	@ zero_extendqisi2
 1729 02fc 82F83D30 		strb	r3, [r2, #61]
  83:src/btphy/rx_task.c **** 		rx_task.rx_dma_buf[i] = reverse8(rx_task.rx_dma_buf[i]);
 1730              		.loc 1 83 34 is_stmt 1 discriminator 3 view .LVU552
  83:src/btphy/rx_task.c **** 		rx_task.rx_dma_buf[i] = reverse8(rx_task.rx_dma_buf[i]);
 1731              		.loc 1 83 27 discriminator 1 view .LVU553
 1732              	.LVL138:
 1733              	.L53:
  85:src/btphy/rx_task.c **** 
 1734              		.loc 1 85 2 view .LVU554
  88:src/btphy/rx_task.c **** 		return size-4;
 1735              		.loc 1 88 5 is_stmt 0 view .LVU555
 1736 0300 0428     		cmp	r0, #4
 1737 0302 0346     		mov	r3, r0
 1738 0304 38BF     		it	cc
ARM GAS  /tmp/cclJtHuD.s 			page 51


 1739 0306 0423     		movcc	r3, #4
 1740 0308 1A1F     		subs	r2, r3, #4
 1741              	.LBE221:
 1742              	.LBE220:
 212:src/btphy/rx_task.c **** 
 1743              		.loc 1 212 31 discriminator 2 view .LVU556
 1744 030a 162A     		cmp	r2, #22
 1745              	.LBB253:
 1746              	.LBB252:
  85:src/btphy/rx_task.c **** 
 1747              		.loc 1 85 20 view .LVU557
 1748 030c CAF85002 		str	r0, [r10, #592]
  88:src/btphy/rx_task.c **** 		return size-4;
 1749              		.loc 1 88 2 is_stmt 1 view .LVU558
 1750              	.LVL139:
  88:src/btphy/rx_task.c **** 		return size-4;
 1751              		.loc 1 88 2 is_stmt 0 view .LVU559
 1752              	.LBE252:
 1753              	.LBE253:
 212:src/btphy/rx_task.c **** 
 1754              		.loc 1 212 31 discriminator 2 view .LVU560
 1755 0310 7FF661AF 		bls	.L48
 215:src/btphy/rx_task.c **** 	{
 1756              		.loc 1 215 2 is_stmt 1 view .LVU561
 1757 0314 079D     		ldr	r5, [sp, #28]
 215:src/btphy/rx_task.c **** 	{
 1758              		.loc 1 215 9 is_stmt 0 view .LVU562
 1759 0316 1C4B     		ldr	r3, .L89+4
 1760 0318 0092     		str	r2, [sp]
 1761 031a 05F10C01 		add	r1, r5, #12
 1762 031e 05F10802 		add	r2, r5, #8
 1763              	.LVL140:
 215:src/btphy/rx_task.c **** 	{
 1764              		.loc 1 215 9 view .LVU563
 1765 0322 A3F13100 		sub	r0, r3, #49
 1766 0326 FFF7FEFF 		bl	bbcodec_decode_chunk
 1767              	.LVL141:
 215:src/btphy/rx_task.c **** 	{
 1768              		.loc 1 215 4 discriminator 1 view .LVU564
 1769 032a 88B1     		cbz	r0, .L55
 217:src/btphy/rx_task.c **** 			rx_task.rx_done = 1;
 1770              		.loc 1 217 3 is_stmt 1 view .LVU565
 217:src/btphy/rx_task.c **** 			rx_task.rx_done = 1;
 1771              		.loc 1 217 6 is_stmt 0 view .LVU566
 1772 032c 0128     		cmp	r0, #1
 1773 032e 23D1     		bne	.L56
 218:src/btphy/rx_task.c **** 		else
 1774              		.loc 1 218 4 is_stmt 1 view .LVU567
 218:src/btphy/rx_task.c **** 		else
 1775              		.loc 1 218 20 is_stmt 0 view .LVU568
 1776 0330 8AF85402 		strb	r0, [r10, #596]
 1777              	.LVL142:
 218:src/btphy/rx_task.c **** 		else
 1778              		.loc 1 218 20 view .LVU569
 1779              	.LBE219:
 1780              	.LBE218:
 261:src/btphy/rx_task.c **** 				{
ARM GAS  /tmp/cclJtHuD.s 			page 52


 1781              		.loc 1 261 5 is_stmt 1 view .LVU570
 1782 0334 82E6     		b	.L57
 1783              	.LVL143:
 1784              	.L77:
 233:src/btphy/rx_task.c **** 		rx_finalize();
 1785              		.loc 1 233 3 view .LVU571
 1786 0336 1548     		ldr	r0, .L89+8
 1787 0338 FFF7FEFF 		bl	cprintf
 1788              	.LVL144:
 234:src/btphy/rx_task.c **** 		return 0;
 1789              		.loc 1 234 3 view .LVU572
 1790 033c FFF7FEFF 		bl	rx_finalize
 1791              	.LVL145:
 235:src/btphy/rx_task.c **** 	}
 1792              		.loc 1 235 3 view .LVU573
 1793              		.loc 1 277 1 is_stmt 0 view .LVU574
 1794 0340 0020     		movs	r0, #0
 1795 0342 09B0     		add	sp, sp, #36
 1796              		.cfi_remember_state
 1797              		.cfi_def_cfa_offset 36
 1798              		@ sp needed
 1799 0344 BDE8F08F 		pop	{r4, r5, r6, r7, r8, r9, r10, fp, pc}
 1800              	.LVL146:
 1801              	.L85:
 1802              		.cfi_restore_state
 1803              		.loc 1 277 1 view .LVU575
 1804 0348 0E4D     		ldr	r5, .L89
 1805 034a DDE6     		b	.L41
 1806              	.LVL147:
 1807              	.L86:
 1808              		.loc 1 277 1 view .LVU576
 1809 034c 0D4C     		ldr	r4, .L89
 1810 034e 9AE7     		b	.L50
 1811              	.LVL148:
 1812              	.L55:
 261:src/btphy/rx_task.c **** 				{
 1813              		.loc 1 261 5 is_stmt 1 view .LVU577
 261:src/btphy/rx_task.c **** 				{
 1814              		.loc 1 261 8 is_stmt 0 view .LVU578
 1815 0350 9AF85432 		ldrb	r3, [r10, #596]	@ zero_extendqisi2
 1816 0354 002B     		cmp	r3, #0
 1817 0356 7FF471AE 		bne	.L57
 264:src/btphy/rx_task.c **** 
 1818              		.loc 1 264 6 is_stmt 1 view .LVU579
 264:src/btphy/rx_task.c **** 
 1819              		.loc 1 264 40 is_stmt 0 view .LVU580
 1820 035a DAF82420 		ldr	r2, [r10, #36]
 267:src/btphy/rx_task.c **** 					return 0;
 1821              		.loc 1 267 6 view .LVU581
 1822 035e 0120     		movs	r0, #1
 264:src/btphy/rx_task.c **** 
 1823              		.loc 1 264 50 view .LVU582
 1824 0360 1178     		ldrb	r1, [r2]	@ zero_extendqisi2
 267:src/btphy/rx_task.c **** 					return 0;
 1825              		.loc 1 267 6 view .LVU583
 1826 0362 CDE90033 		strd	r3, r3, [sp]
 264:src/btphy/rx_task.c **** 
ARM GAS  /tmp/cclJtHuD.s 			page 53


 1827              		.loc 1 264 50 view .LVU584
 1828 0366 4900     		lsls	r1, r1, #1
 1829 0368 0139     		subs	r1, r1, #1
 264:src/btphy/rx_task.c **** 
 1830              		.loc 1 264 23 view .LVU585
 1831 036a 8AF85512 		strb	r1, [r10, #597]
 267:src/btphy/rx_task.c **** 					return 0;
 1832              		.loc 1 267 6 is_stmt 1 view .LVU586
 1833 036e 1A46     		mov	r2, r3
 1834 0370 0749     		ldr	r1, .L89+12
 1835 0372 FFF7FEFF 		bl	tdma_schedule
 1836              	.LVL149:
 268:src/btphy/rx_task.c **** 				}
 1837              		.loc 1 268 6 view .LVU587
 268:src/btphy/rx_task.c **** 				}
 1838              		.loc 1 268 13 is_stmt 0 view .LVU588
 1839 0376 63E6     		b	.L34
 1840              	.LVL150:
 1841              	.L56:
 1842              	.LBB255:
 1843              	.LBB254:
 220:src/btphy/rx_task.c **** 
 1844              		.loc 1 220 4 is_stmt 1 view .LVU589
 1845 0378 0246     		mov	r2, r0
 1846 037a 697A     		ldrb	r1, [r5, #9]	@ zero_extendqisi2
 1847 037c 0548     		ldr	r0, .L89+16
 1848              	.LVL151:
 220:src/btphy/rx_task.c **** 
 1849              		.loc 1 220 4 is_stmt 0 view .LVU590
 1850 037e FFF7FEFF 		bl	die
 1851              	.LVL152:
 1852              	.L90:
 220:src/btphy/rx_task.c **** 
 1853              		.loc 1 220 4 view .LVU591
 1854 0382 00BF     		.align	2
 1855              	.L89:
 1856 0384 00000000 		.word	rev8_map
 1857 0388 41000000 		.word	.LANCHOR0+65
 1858 038c 30000000 		.word	.LC2
 1859 0390 00000000 		.word	rx_decode
 1860 0394 44000000 		.word	.LC3
 1861              	.LBE254:
 1862              	.LBE255:
 1863              		.cfi_endproc
 1864              	.LFE44:
 1866              		.section	.text.rx_decode,"ax",%progbits
 1867              		.align	1
 1868              		.p2align 2,,3
 1869              		.syntax unified
 1870              		.thumb
 1871              		.thumb_func
 1873              	rx_decode:
 1874              	.LVL153:
 1875              	.LFB45:
 278:src/btphy/rx_task.c **** 
 279:src/btphy/rx_task.c **** /* 1+n : Rx multislot: decode available data */
 280:src/btphy/rx_task.c **** static int rx_decode(uint8_t p1, uint8_t p2, uint16_t p3)
ARM GAS  /tmp/cclJtHuD.s 			page 54


 281:src/btphy/rx_task.c **** {
 1876              		.loc 1 281 1 is_stmt 1 view -0
 1877              		.cfi_startproc
 1878              		@ args = 0, pretend = 0, frame = 24
 1879              		@ frame_needed = 0, uses_anonymous_args = 0
 1880              		.loc 1 281 1 is_stmt 0 view .LVU593
 1881 0000 2DE9F04F 		push	{r4, r5, r6, r7, r8, r9, r10, fp, lr}
 1882              		.cfi_def_cfa_offset 36
 1883              		.cfi_offset 4, -36
 1884              		.cfi_offset 5, -32
 1885              		.cfi_offset 6, -28
 1886              		.cfi_offset 7, -24
 1887              		.cfi_offset 8, -20
 1888              		.cfi_offset 9, -16
 1889              		.cfi_offset 10, -12
 1890              		.cfi_offset 11, -8
 1891              		.cfi_offset 14, -4
 1892 0004 89B0     		sub	sp, sp, #36
 1893              		.cfi_def_cfa_offset 72
 282:src/btphy/rx_task.c **** 	unsigned i, size, bytes_left;
 1894              		.loc 1 282 2 is_stmt 1 view .LVU594
 283:src/btphy/rx_task.c **** 	int rc, last;
 1895              		.loc 1 283 2 view .LVU595
 284:src/btphy/rx_task.c **** 	btctl_rx_pkt_t *pkt = rx_task.rx_pkt;
 1896              		.loc 1 284 2 view .LVU596
 1897              		.loc 1 284 18 is_stmt 0 view .LVU597
 1898 0006 DFF80CB3 		ldr	fp, .L125
 285:src/btphy/rx_task.c **** 
 286:src/btphy/rx_task.c **** 	/* Check if we're in the last slot according to BT spec table 6.2 */
 287:src/btphy/rx_task.c **** 	last = --rx_task.slot_num == 0;
 1899              		.loc 1 287 9 view .LVU598
 1900 000a 9BF85532 		ldrb	r3, [fp, #597]	@ zero_extendqisi2
 284:src/btphy/rx_task.c **** 	btctl_rx_pkt_t *pkt = rx_task.rx_pkt;
 1901              		.loc 1 284 18 view .LVU599
 1902 000e DBF80C80 		ldr	r8, [fp, #12]
 1903              	.LVL154:
 1904              		.loc 1 287 2 is_stmt 1 view .LVU600
 1905              		.loc 1 287 9 is_stmt 0 view .LVU601
 1906 0012 013B     		subs	r3, r3, #1
 1907 0014 DFB2     		uxtb	r7, r3
 1908              	.LVL155:
 288:src/btphy/rx_task.c **** 
 289:src/btphy/rx_task.c **** 	/* Reverse the dma buf */
 290:src/btphy/rx_task.c **** 	size=rx_buf_update();
 1909              		.loc 1 290 2 is_stmt 1 view .LVU602
 1910              	.LBB266:
 1911              	.LBI266:
  78:src/btphy/rx_task.c **** {
 1912              		.loc 1 78 17 view .LVU603
 1913              	.LBB267:
  80:src/btphy/rx_task.c **** 
 1914              		.loc 1 80 2 view .LVU604
 1915              	.LBE267:
 1916              	.LBE266:
 287:src/btphy/rx_task.c **** 
 1917              		.loc 1 287 7 is_stmt 0 view .LVU605
 1918 0016 8BF85572 		strb	r7, [fp, #597]
ARM GAS  /tmp/cclJtHuD.s 			page 55


 1919              	.LBB303:
 1920              	.LBB300:
  80:src/btphy/rx_task.c **** 
 1921              		.loc 1 80 21 view .LVU606
 1922 001a FFF7FEFF 		bl	dma_get_rx_offset
 1923              	.LVL156:
  83:src/btphy/rx_task.c **** 		rx_task.rx_dma_buf[i] = reverse8(rx_task.rx_dma_buf[i]);
 1924              		.loc 1 83 2 is_stmt 1 view .LVU607
  83:src/btphy/rx_task.c **** 		rx_task.rx_dma_buf[i] = reverse8(rx_task.rx_dma_buf[i]);
 1925              		.loc 1 83 7 is_stmt 0 view .LVU608
 1926 001e DBF85012 		ldr	r1, [fp, #592]
 1927              	.LVL157:
  83:src/btphy/rx_task.c **** 		rx_task.rx_dma_buf[i] = reverse8(rx_task.rx_dma_buf[i]);
 1928              		.loc 1 83 27 is_stmt 1 discriminator 1 view .LVU609
 1929 0022 8842     		cmp	r0, r1
 1930 0024 40F28980 		bls	.L98
 1931 0028 451A     		subs	r5, r0, r1
 1932 002a 6B1E     		subs	r3, r5, #1
 1933 002c 062B     		cmp	r3, #6
 1934 002e 40F26F81 		bls	.L122
 1935 0032 01F13D03 		add	r3, r1, #61
 1936 0036 CDE90278 		strd	r7, r8, [sp, #8]
 1937 003a 5B44     		add	r3, r3, fp
 1938 003c 25F00706 		bic	r6, r5, #7
 1939 0040 B54A     		ldr	r2, .L125+4
 1940 0042 03EB060E 		add	lr, r3, r6
 1941              	.LVL158:
 1942              	.L96:
  84:src/btphy/rx_task.c **** 	rx_task.rx_offset = size;
 1943              		.loc 1 84 3 view .LVU610
 1944              	.LBB268:
 1945              	.LBI268:
 100:include/ubtbr/bb.h **** {
 1946              		.loc 7 100 23 view .LVU611
 1947              	.LBB269:
 102:include/ubtbr/bb.h ****         return rev8_map[data];
 1948              		.loc 7 102 2 view .LVU612
 1949              		.loc 7 103 9 view .LVU613
 1950              		.loc 7 103 24 is_stmt 0 view .LVU614
 1951 0046 0024     		movs	r4, #0
 1952 0048 1F78     		ldrb	r7, [r3]	@ zero_extendqisi2
 1953 004a 0833     		adds	r3, r3, #8
 1954 004c 12F807A0 		ldrb	r10, [r2, r7]	@ zero_extendqisi2
 1955 0050 13F8047C 		ldrb	r7, [r3, #-4]	@ zero_extendqisi2
 1956 0054 12F80780 		ldrb	r8, [r2, r7]	@ zero_extendqisi2
 1957 0058 13F8077C 		ldrb	r7, [r3, #-7]	@ zero_extendqisi2
 1958 005c 12F80790 		ldrb	r9, [r2, r7]	@ zero_extendqisi2
 1959 0060 13F8037C 		ldrb	r7, [r3, #-3]	@ zero_extendqisi2
 1960 0064 12F807C0 		ldrb	ip, [r2, r7]	@ zero_extendqisi2
 1961 0068 2746     		mov	r7, r4
 1962 006a 68F30707 		bfi	r7, r8, #0, #8
 1963 006e 6CF30F27 		bfi	r7, ip, #8, #8
 1964 0072 13F806CC 		ldrb	ip, [r3, #-6]	@ zero_extendqisi2
 1965 0076 6AF30704 		bfi	r4, r10, #0, #8
 1966 007a 12F80CC0 		ldrb	ip, [r2, ip]	@ zero_extendqisi2
 1967 007e 69F30F24 		bfi	r4, r9, #8, #8
 1968 0082 6CF31744 		bfi	r4, ip, #16, #8
ARM GAS  /tmp/cclJtHuD.s 			page 56


 1969 0086 13F802CC 		ldrb	ip, [r3, #-2]	@ zero_extendqisi2
 1970 008a 12F80CC0 		ldrb	ip, [r2, ip]	@ zero_extendqisi2
 1971 008e 6CF31747 		bfi	r7, ip, #16, #8
 1972 0092 13F805CC 		ldrb	ip, [r3, #-5]	@ zero_extendqisi2
 1973 0096 12F80CC0 		ldrb	ip, [r2, ip]	@ zero_extendqisi2
 1974 009a 6CF31F64 		bfi	r4, ip, #24, #8
 1975 009e 13F801CC 		ldrb	ip, [r3, #-1]	@ zero_extendqisi2
 1976 00a2 12F80CC0 		ldrb	ip, [r2, ip]	@ zero_extendqisi2
 1977              	.LBE269:
 1978              	.LBE268:
  84:src/btphy/rx_task.c **** 	rx_task.rx_offset = size;
 1979              		.loc 1 84 25 discriminator 1 view .LVU615
 1980 00a6 43F8084C 		str	r4, [r3, #-8]	@ unaligned
 1981              	.LBB285:
 1982              	.LBB270:
 1983              		.loc 7 103 24 view .LVU616
 1984 00aa 6CF31F67 		bfi	r7, ip, #24, #8
 1985              	.LBE270:
 1986              	.LBE285:
  84:src/btphy/rx_task.c **** 	rx_task.rx_offset = size;
 1987              		.loc 1 84 25 discriminator 1 view .LVU617
 1988 00ae 43F8047C 		str	r7, [r3, #-4]	@ unaligned
  83:src/btphy/rx_task.c **** 		rx_task.rx_dma_buf[i] = reverse8(rx_task.rx_dma_buf[i]);
 1989              		.loc 1 83 34 is_stmt 1 discriminator 3 view .LVU618
  83:src/btphy/rx_task.c **** 		rx_task.rx_dma_buf[i] = reverse8(rx_task.rx_dma_buf[i]);
 1990              		.loc 1 83 27 discriminator 1 view .LVU619
 1991 00b2 9E45     		cmp	lr, r3
 1992 00b4 C7D1     		bne	.L96
 1993 00b6 DDE90278 		ldrd	r7, r8, [sp, #8]
 1994 00ba B542     		cmp	r5, r6
 1995 00bc 3DD0     		beq	.L98
 1996 00be 3144     		add	r1, r1, r6
 1997              	.LVL159:
 1998              	.L95:
  84:src/btphy/rx_task.c **** 	rx_task.rx_offset = size;
 1999              		.loc 1 84 3 view .LVU620
 2000              	.LBB286:
 100:include/ubtbr/bb.h **** {
 2001              		.loc 7 100 23 view .LVU621
 2002              	.LBB271:
 102:include/ubtbr/bb.h ****         return rev8_map[data];
 2003              		.loc 7 102 2 view .LVU622
 2004              		.loc 7 103 9 view .LVU623
 2005              		.loc 7 103 9 is_stmt 0 view .LVU624
 2006              	.LBE271:
 2007              	.LBE286:
  84:src/btphy/rx_task.c **** 	rx_task.rx_offset = size;
 2008              		.loc 1 84 25 discriminator 1 view .LVU625
 2009 00c0 0BEB0103 		add	r3, fp, r1
 2010              	.LBB287:
 2011              	.LBB272:
 2012              		.loc 7 103 24 view .LVU626
 2013 00c4 93F83D40 		ldrb	r4, [r3, #61]	@ zero_extendqisi2
 2014              	.LBE272:
 2015              	.LBE287:
  84:src/btphy/rx_task.c **** 	rx_task.rx_offset = size;
 2016              		.loc 1 84 25 discriminator 1 view .LVU627
ARM GAS  /tmp/cclJtHuD.s 			page 57


 2017 00c8 145D     		ldrb	r4, [r2, r4]	@ zero_extendqisi2
 2018 00ca 83F83D40 		strb	r4, [r3, #61]
  83:src/btphy/rx_task.c **** 		rx_task.rx_dma_buf[i] = reverse8(rx_task.rx_dma_buf[i]);
 2019              		.loc 1 83 34 is_stmt 1 discriminator 3 view .LVU628
 2020 00ce 4B1C     		adds	r3, r1, #1
 2021              	.LVL160:
  83:src/btphy/rx_task.c **** 		rx_task.rx_dma_buf[i] = reverse8(rx_task.rx_dma_buf[i]);
 2022              		.loc 1 83 27 discriminator 1 view .LVU629
 2023 00d0 9842     		cmp	r0, r3
 2024 00d2 32D9     		bls	.L98
  84:src/btphy/rx_task.c **** 	rx_task.rx_offset = size;
 2025              		.loc 1 84 3 view .LVU630
 2026              	.LVL161:
 2027              	.LBB288:
 100:include/ubtbr/bb.h **** {
 2028              		.loc 7 100 23 view .LVU631
 2029              	.LBB273:
 102:include/ubtbr/bb.h ****         return rev8_map[data];
 2030              		.loc 7 102 2 view .LVU632
 2031              		.loc 7 103 9 view .LVU633
 2032              		.loc 7 103 9 is_stmt 0 view .LVU634
 2033              	.LBE273:
 2034              	.LBE288:
  84:src/btphy/rx_task.c **** 	rx_task.rx_offset = size;
 2035              		.loc 1 84 25 discriminator 1 view .LVU635
 2036 00d4 5B44     		add	r3, r3, fp
 2037              	.LVL162:
 2038              	.LBB289:
 2039              	.LBB274:
 2040              		.loc 7 103 24 view .LVU636
 2041 00d6 93F83D40 		ldrb	r4, [r3, #61]	@ zero_extendqisi2
 2042              	.LBE274:
 2043              	.LBE289:
  84:src/btphy/rx_task.c **** 	rx_task.rx_offset = size;
 2044              		.loc 1 84 25 discriminator 1 view .LVU637
 2045 00da 145D     		ldrb	r4, [r2, r4]	@ zero_extendqisi2
 2046 00dc 83F83D40 		strb	r4, [r3, #61]
  83:src/btphy/rx_task.c **** 		rx_task.rx_dma_buf[i] = reverse8(rx_task.rx_dma_buf[i]);
 2047              		.loc 1 83 34 is_stmt 1 discriminator 3 view .LVU638
 2048 00e0 8B1C     		adds	r3, r1, #2
 2049              	.LVL163:
  83:src/btphy/rx_task.c **** 		rx_task.rx_dma_buf[i] = reverse8(rx_task.rx_dma_buf[i]);
 2050              		.loc 1 83 27 discriminator 1 view .LVU639
 2051 00e2 9842     		cmp	r0, r3
 2052 00e4 29D9     		bls	.L98
  84:src/btphy/rx_task.c **** 	rx_task.rx_offset = size;
 2053              		.loc 1 84 3 view .LVU640
 2054              	.LVL164:
 2055              	.LBB290:
 100:include/ubtbr/bb.h **** {
 2056              		.loc 7 100 23 view .LVU641
 2057              	.LBB275:
 102:include/ubtbr/bb.h ****         return rev8_map[data];
 2058              		.loc 7 102 2 view .LVU642
 2059              		.loc 7 103 9 view .LVU643
 2060              		.loc 7 103 9 is_stmt 0 view .LVU644
 2061              	.LBE275:
ARM GAS  /tmp/cclJtHuD.s 			page 58


 2062              	.LBE290:
  84:src/btphy/rx_task.c **** 	rx_task.rx_offset = size;
 2063              		.loc 1 84 25 discriminator 1 view .LVU645
 2064 00e6 5B44     		add	r3, r3, fp
 2065              	.LVL165:
 2066              	.LBB291:
 2067              	.LBB276:
 2068              		.loc 7 103 24 view .LVU646
 2069 00e8 93F83D40 		ldrb	r4, [r3, #61]	@ zero_extendqisi2
 2070              	.LBE276:
 2071              	.LBE291:
  84:src/btphy/rx_task.c **** 	rx_task.rx_offset = size;
 2072              		.loc 1 84 25 discriminator 1 view .LVU647
 2073 00ec 145D     		ldrb	r4, [r2, r4]	@ zero_extendqisi2
 2074 00ee 83F83D40 		strb	r4, [r3, #61]
  83:src/btphy/rx_task.c **** 		rx_task.rx_dma_buf[i] = reverse8(rx_task.rx_dma_buf[i]);
 2075              		.loc 1 83 34 is_stmt 1 discriminator 3 view .LVU648
 2076 00f2 CB1C     		adds	r3, r1, #3
 2077              	.LVL166:
  83:src/btphy/rx_task.c **** 		rx_task.rx_dma_buf[i] = reverse8(rx_task.rx_dma_buf[i]);
 2078              		.loc 1 83 27 discriminator 1 view .LVU649
 2079 00f4 9842     		cmp	r0, r3
 2080 00f6 20D9     		bls	.L98
  84:src/btphy/rx_task.c **** 	rx_task.rx_offset = size;
 2081              		.loc 1 84 3 view .LVU650
 2082              	.LVL167:
 2083              	.LBB292:
 100:include/ubtbr/bb.h **** {
 2084              		.loc 7 100 23 view .LVU651
 2085              	.LBB277:
 102:include/ubtbr/bb.h ****         return rev8_map[data];
 2086              		.loc 7 102 2 view .LVU652
 2087              		.loc 7 103 9 view .LVU653
 2088              		.loc 7 103 9 is_stmt 0 view .LVU654
 2089              	.LBE277:
 2090              	.LBE292:
  84:src/btphy/rx_task.c **** 	rx_task.rx_offset = size;
 2091              		.loc 1 84 25 discriminator 1 view .LVU655
 2092 00f8 5B44     		add	r3, r3, fp
 2093              	.LVL168:
 2094              	.LBB293:
 2095              	.LBB278:
 2096              		.loc 7 103 24 view .LVU656
 2097 00fa 93F83D40 		ldrb	r4, [r3, #61]	@ zero_extendqisi2
 2098              	.LBE278:
 2099              	.LBE293:
  84:src/btphy/rx_task.c **** 	rx_task.rx_offset = size;
 2100              		.loc 1 84 25 discriminator 1 view .LVU657
 2101 00fe 145D     		ldrb	r4, [r2, r4]	@ zero_extendqisi2
 2102 0100 83F83D40 		strb	r4, [r3, #61]
  83:src/btphy/rx_task.c **** 		rx_task.rx_dma_buf[i] = reverse8(rx_task.rx_dma_buf[i]);
 2103              		.loc 1 83 34 is_stmt 1 discriminator 3 view .LVU658
 2104 0104 0B1D     		adds	r3, r1, #4
 2105              	.LVL169:
  83:src/btphy/rx_task.c **** 		rx_task.rx_dma_buf[i] = reverse8(rx_task.rx_dma_buf[i]);
 2106              		.loc 1 83 27 discriminator 1 view .LVU659
 2107 0106 9842     		cmp	r0, r3
ARM GAS  /tmp/cclJtHuD.s 			page 59


 2108 0108 17D9     		bls	.L98
  84:src/btphy/rx_task.c **** 	rx_task.rx_offset = size;
 2109              		.loc 1 84 3 view .LVU660
 2110              	.LVL170:
 2111              	.LBB294:
 100:include/ubtbr/bb.h **** {
 2112              		.loc 7 100 23 view .LVU661
 2113              	.LBB279:
 102:include/ubtbr/bb.h ****         return rev8_map[data];
 2114              		.loc 7 102 2 view .LVU662
 2115              		.loc 7 103 9 view .LVU663
 2116              		.loc 7 103 9 is_stmt 0 view .LVU664
 2117              	.LBE279:
 2118              	.LBE294:
  84:src/btphy/rx_task.c **** 	rx_task.rx_offset = size;
 2119              		.loc 1 84 25 discriminator 1 view .LVU665
 2120 010a 5B44     		add	r3, r3, fp
 2121              	.LVL171:
 2122              	.LBB295:
 2123              	.LBB280:
 2124              		.loc 7 103 24 view .LVU666
 2125 010c 93F83D40 		ldrb	r4, [r3, #61]	@ zero_extendqisi2
 2126              	.LBE280:
 2127              	.LBE295:
  84:src/btphy/rx_task.c **** 	rx_task.rx_offset = size;
 2128              		.loc 1 84 25 discriminator 1 view .LVU667
 2129 0110 145D     		ldrb	r4, [r2, r4]	@ zero_extendqisi2
 2130 0112 83F83D40 		strb	r4, [r3, #61]
  83:src/btphy/rx_task.c **** 		rx_task.rx_dma_buf[i] = reverse8(rx_task.rx_dma_buf[i]);
 2131              		.loc 1 83 34 is_stmt 1 discriminator 3 view .LVU668
 2132 0116 4B1D     		adds	r3, r1, #5
 2133              	.LVL172:
  83:src/btphy/rx_task.c **** 		rx_task.rx_dma_buf[i] = reverse8(rx_task.rx_dma_buf[i]);
 2134              		.loc 1 83 27 discriminator 1 view .LVU669
 2135 0118 9842     		cmp	r0, r3
 2136 011a 0ED9     		bls	.L98
  84:src/btphy/rx_task.c **** 	rx_task.rx_offset = size;
 2137              		.loc 1 84 3 view .LVU670
 2138              	.LVL173:
 2139              	.LBB296:
 100:include/ubtbr/bb.h **** {
 2140              		.loc 7 100 23 view .LVU671
 2141              	.LBB281:
 102:include/ubtbr/bb.h ****         return rev8_map[data];
 2142              		.loc 7 102 2 view .LVU672
 2143              		.loc 7 103 9 view .LVU673
 2144              		.loc 7 103 9 is_stmt 0 view .LVU674
 2145              	.LBE281:
 2146              	.LBE296:
  84:src/btphy/rx_task.c **** 	rx_task.rx_offset = size;
 2147              		.loc 1 84 25 discriminator 1 view .LVU675
 2148 011c 5B44     		add	r3, r3, fp
 2149              	.LVL174:
 2150              	.LBB297:
 2151              	.LBB282:
 2152              		.loc 7 103 24 view .LVU676
 2153 011e 93F83D40 		ldrb	r4, [r3, #61]	@ zero_extendqisi2
ARM GAS  /tmp/cclJtHuD.s 			page 60


 2154              	.LBE282:
 2155              	.LBE297:
  83:src/btphy/rx_task.c **** 		rx_task.rx_dma_buf[i] = reverse8(rx_task.rx_dma_buf[i]);
 2156              		.loc 1 83 34 discriminator 3 view .LVU677
 2157 0122 0631     		adds	r1, r1, #6
 2158              	.LVL175:
  84:src/btphy/rx_task.c **** 	rx_task.rx_offset = size;
 2159              		.loc 1 84 25 discriminator 1 view .LVU678
 2160 0124 145D     		ldrb	r4, [r2, r4]	@ zero_extendqisi2
  83:src/btphy/rx_task.c **** 		rx_task.rx_dma_buf[i] = reverse8(rx_task.rx_dma_buf[i]);
 2161              		.loc 1 83 27 discriminator 1 view .LVU679
 2162 0126 8842     		cmp	r0, r1
  84:src/btphy/rx_task.c **** 	rx_task.rx_offset = size;
 2163              		.loc 1 84 25 discriminator 1 view .LVU680
 2164 0128 83F83D40 		strb	r4, [r3, #61]
  83:src/btphy/rx_task.c **** 		rx_task.rx_dma_buf[i] = reverse8(rx_task.rx_dma_buf[i]);
 2165              		.loc 1 83 34 is_stmt 1 discriminator 3 view .LVU681
 2166              	.LVL176:
  83:src/btphy/rx_task.c **** 		rx_task.rx_dma_buf[i] = reverse8(rx_task.rx_dma_buf[i]);
 2167              		.loc 1 83 27 discriminator 1 view .LVU682
 2168 012c 05D9     		bls	.L98
  84:src/btphy/rx_task.c **** 	rx_task.rx_offset = size;
 2169              		.loc 1 84 3 view .LVU683
 2170              	.LVL177:
 2171              	.LBB298:
 100:include/ubtbr/bb.h **** {
 2172              		.loc 7 100 23 view .LVU684
 2173              	.LBB283:
 102:include/ubtbr/bb.h ****         return rev8_map[data];
 2174              		.loc 7 102 2 view .LVU685
 2175              		.loc 7 103 9 view .LVU686
 2176              		.loc 7 103 9 is_stmt 0 view .LVU687
 2177              	.LBE283:
 2178              	.LBE298:
  84:src/btphy/rx_task.c **** 	rx_task.rx_offset = size;
 2179              		.loc 1 84 25 discriminator 1 view .LVU688
 2180 012e 5944     		add	r1, r1, fp
 2181              	.LVL178:
 2182              	.LBB299:
 2183              	.LBB284:
 2184              		.loc 7 103 24 view .LVU689
 2185 0130 91F83D30 		ldrb	r3, [r1, #61]	@ zero_extendqisi2
 2186              	.LBE284:
 2187              	.LBE299:
  84:src/btphy/rx_task.c **** 	rx_task.rx_offset = size;
 2188              		.loc 1 84 25 discriminator 1 view .LVU690
 2189 0134 D35C     		ldrb	r3, [r2, r3]	@ zero_extendqisi2
 2190 0136 81F83D30 		strb	r3, [r1, #61]
  83:src/btphy/rx_task.c **** 		rx_task.rx_dma_buf[i] = reverse8(rx_task.rx_dma_buf[i]);
 2191              		.loc 1 83 34 is_stmt 1 discriminator 3 view .LVU691
  83:src/btphy/rx_task.c **** 		rx_task.rx_dma_buf[i] = reverse8(rx_task.rx_dma_buf[i]);
 2192              		.loc 1 83 27 discriminator 1 view .LVU692
 2193              	.LVL179:
 2194              	.L98:
  85:src/btphy/rx_task.c **** 
 2195              		.loc 1 85 2 view .LVU693
  88:src/btphy/rx_task.c **** 		return size-4;
ARM GAS  /tmp/cclJtHuD.s 			page 61


 2196              		.loc 1 88 5 is_stmt 0 view .LVU694
 2197 013a 0428     		cmp	r0, #4
 2198 013c 0446     		mov	r4, r0
 2199 013e 38BF     		it	cc
 2200 0140 0424     		movcc	r4, #4
 2201              	.LBE300:
 2202              	.LBE303:
 291:src/btphy/rx_task.c **** 
 292:src/btphy/rx_task.c **** 	/* Check if we can rx end of packet in this slot*/
 293:src/btphy/rx_task.c **** 	bytes_left = rx_task.codec.air_bytes - size;
 2203              		.loc 1 293 28 view .LVU695
 2204 0142 DBF82C30 		ldr	r3, [fp, #44]
 2205              	.LBB304:
 2206              	.LBB301:
  88:src/btphy/rx_task.c **** 		return size-4;
 2207              		.loc 1 88 5 view .LVU696
 2208 0146 043C     		subs	r4, r4, #4
 2209              	.LBE301:
 2210              	.LBE304:
 2211              		.loc 1 293 13 view .LVU697
 2212 0148 1A1B     		subs	r2, r3, r4
 294:src/btphy/rx_task.c **** 	last |= bytes_left < MAX_WAIT_BYTES;
 295:src/btphy/rx_task.c **** 
 296:src/btphy/rx_task.c **** 	/* last slot: wait for rx end */
 297:src/btphy/rx_task.c **** 	if (last)
 2213              		.loc 1 297 5 view .LVU698
 2214 014a 0F2A     		cmp	r2, #15
 2215              	.LBB305:
 2216              	.LBB302:
  85:src/btphy/rx_task.c **** 
 2217              		.loc 1 85 20 view .LVU699
 2218 014c CBF85002 		str	r0, [fp, #592]
  88:src/btphy/rx_task.c **** 		return size-4;
 2219              		.loc 1 88 2 is_stmt 1 view .LVU700
 2220              	.LVL180:
  88:src/btphy/rx_task.c **** 		return size-4;
 2221              		.loc 1 88 2 is_stmt 0 view .LVU701
 2222              	.LBE302:
 2223              	.LBE305:
 293:src/btphy/rx_task.c **** 	last |= bytes_left < MAX_WAIT_BYTES;
 2224              		.loc 1 293 2 is_stmt 1 view .LVU702
 294:src/btphy/rx_task.c **** 
 2225              		.loc 1 294 2 view .LVU703
 2226              		.loc 1 297 2 view .LVU704
 2227              		.loc 1 297 5 is_stmt 0 view .LVU705
 2228 0150 1DD9     		bls	.L93
 2229 0152 E7B1     		cbz	r7, .L93
 2230              	.LVL181:
 2231              	.L94:
 2232              		.loc 1 297 5 view .LVU706
 2233 0154 08F10805 		add	r5, r8, #8
 2234 0158 08F10C08 		add	r8, r8, #12
 2235              	.L109:
 298:src/btphy/rx_task.c **** 	{
 299:src/btphy/rx_task.c **** 		while(CLKN_OFFSET < WAIT_RX_MAX && size < rx_task.codec.air_bytes)
 300:src/btphy/rx_task.c **** 		{
 301:src/btphy/rx_task.c **** 			size=rx_buf_update();
ARM GAS  /tmp/cclJtHuD.s 			page 62


 302:src/btphy/rx_task.c **** 		}
 303:src/btphy/rx_task.c **** 	}
 304:src/btphy/rx_task.c **** 
 305:src/btphy/rx_task.c **** 	/* Decode what we can */
 306:src/btphy/rx_task.c **** 	while((rc=bbcodec_decode_chunk(&rx_task.codec, pkt->bt_data, &pkt->bb_hdr, rx_task.rx_dma_buf+4, s
 307:src/btphy/rx_task.c **** 	{
 308:src/btphy/rx_task.c **** 		//cputc('D');
 309:src/btphy/rx_task.c **** 	}
 2236              		.loc 1 309 2 is_stmt 1 view .LVU707
 306:src/btphy/rx_task.c **** 	{
 2237              		.loc 1 306 105 discriminator 2 view .LVU708
 306:src/btphy/rx_task.c **** 	{
 2238              		.loc 1 306 12 is_stmt 0 discriminator 2 view .LVU709
 2239 015c 6F4B     		ldr	r3, .L125+8
 2240 015e 2A46     		mov	r2, r5
 2241 0160 4146     		mov	r1, r8
 2242 0162 A3F13100 		sub	r0, r3, #49
 2243 0166 0094     		str	r4, [sp]
 2244 0168 FFF7FEFF 		bl	bbcodec_decode_chunk
 2245              	.LVL182:
 306:src/btphy/rx_task.c **** 	{
 2246              		.loc 1 306 105 discriminator 2 view .LVU710
 2247 016c 0028     		cmp	r0, #0
 2248 016e F5D0     		beq	.L109
 310:src/btphy/rx_task.c **** 	if (rc == BBCODEC_DONE)
 2249              		.loc 1 310 2 is_stmt 1 view .LVU711
 2250              		.loc 1 310 5 is_stmt 0 view .LVU712
 2251 0170 0128     		cmp	r0, #1
 2252 0172 00F0C780 		beq	.L123
 2253              	.LBB306:
 2254              	.LBI306:
 280:src/btphy/rx_task.c **** {
 2255              		.loc 1 280 12 is_stmt 1 view .LVU713
 2256              	.LVL183:
 2257              	.LBB307:
 311:src/btphy/rx_task.c **** 	{
 312:src/btphy/rx_task.c **** 		rx_finalize();
 313:src/btphy/rx_task.c **** 	}
 314:src/btphy/rx_task.c **** 	else
 315:src/btphy/rx_task.c **** 	{
 316:src/btphy/rx_task.c **** 		/* Schedule one more decode */
 317:src/btphy/rx_task.c **** 		tdma_schedule(1, rx_decode, 0, 0, 0, 0);
 2258              		.loc 1 317 3 view .LVU714
 2259 0176 0023     		movs	r3, #0
 2260 0178 6949     		ldr	r1, .L125+12
 2261 017a 1A46     		mov	r2, r3
 2262 017c CDE90033 		strd	r3, r3, [sp]
 2263 0180 0120     		movs	r0, #1
 2264              	.LVL184:
 2265              		.loc 1 317 3 is_stmt 0 view .LVU715
 2266 0182 FFF7FEFF 		bl	tdma_schedule
 2267              	.LVL185:
 2268              		.loc 1 317 3 view .LVU716
 2269              	.LBE307:
 2270              	.LBE306:
 318:src/btphy/rx_task.c **** 	}
 319:src/btphy/rx_task.c **** 	return 0;
ARM GAS  /tmp/cclJtHuD.s 			page 63


 2271              		.loc 1 319 2 is_stmt 1 view .LVU717
 320:src/btphy/rx_task.c **** }
 2272              		.loc 1 320 1 is_stmt 0 view .LVU718
 2273 0186 0020     		movs	r0, #0
 2274 0188 09B0     		add	sp, sp, #36
 2275              		.cfi_remember_state
 2276              		.cfi_def_cfa_offset 36
 2277              		@ sp needed
 2278 018a BDE8F08F 		pop	{r4, r5, r6, r7, r8, r9, r10, fp, pc}
 2279              	.LVL186:
 2280              	.L93:
 2281              		.cfi_restore_state
 299:src/btphy/rx_task.c **** 		{
 2282              		.loc 1 299 35 is_stmt 1 view .LVU719
 299:src/btphy/rx_task.c **** 		{
 2283              		.loc 1 299 9 is_stmt 0 view .LVU720
 2284 018e 4FF04022 		mov	r2, #1073758208
 2285              	.LVL187:
 299:src/btphy/rx_task.c **** 		{
 2286              		.loc 1 299 35 view .LVU721
 2287 0192 40F2DB51 		movw	r1, #1499
 299:src/btphy/rx_task.c **** 		{
 2288              		.loc 1 299 9 view .LVU722
 2289 0196 9268     		ldr	r2, [r2, #8]
 299:src/btphy/rx_task.c **** 		{
 2290              		.loc 1 299 35 view .LVU723
 2291 0198 8A42     		cmp	r2, r1
 2292 019a DBD8     		bhi	.L94
 299:src/btphy/rx_task.c **** 		{
 2293              		.loc 1 299 35 discriminator 1 view .LVU724
 2294 019c 9C42     		cmp	r4, r3
 2295 019e DFF878A1 		ldr	r10, .L125+4
 2296 01a2 CDF81C80 		str	r8, [sp, #28]
 299:src/btphy/rx_task.c **** 		{
 2297              		.loc 1 299 35 discriminator 1 view .LVU725
 2298 01a6 80F0A880 		bcs	.L121
 2299              	.LVL188:
 2300              	.L108:
 301:src/btphy/rx_task.c **** 		}
 2301              		.loc 1 301 4 is_stmt 1 view .LVU726
 2302              	.LBB308:
 2303              	.LBI308:
  78:src/btphy/rx_task.c **** {
 2304              		.loc 1 78 17 view .LVU727
 2305              	.LBB309:
  80:src/btphy/rx_task.c **** 
 2306              		.loc 1 80 2 view .LVU728
  80:src/btphy/rx_task.c **** 
 2307              		.loc 1 80 21 is_stmt 0 view .LVU729
 2308 01aa FFF7FEFF 		bl	dma_get_rx_offset
 2309              	.LVL189:
  83:src/btphy/rx_task.c **** 		rx_task.rx_dma_buf[i] = reverse8(rx_task.rx_dma_buf[i]);
 2310              		.loc 1 83 2 is_stmt 1 view .LVU730
  83:src/btphy/rx_task.c **** 		rx_task.rx_dma_buf[i] = reverse8(rx_task.rx_dma_buf[i]);
 2311              		.loc 1 83 7 is_stmt 0 view .LVU731
 2312 01ae DBF85022 		ldr	r2, [fp, #592]
 2313              	.LVL190:
ARM GAS  /tmp/cclJtHuD.s 			page 64


  83:src/btphy/rx_task.c **** 		rx_task.rx_dma_buf[i] = reverse8(rx_task.rx_dma_buf[i]);
 2314              		.loc 1 83 27 is_stmt 1 discriminator 1 view .LVU732
 2315 01b2 9042     		cmp	r0, r2
 2316 01b4 40F28E80 		bls	.L106
 2317 01b8 851A     		subs	r5, r0, r2
 2318 01ba 6B1E     		subs	r3, r5, #1
 2319 01bc 062B     		cmp	r3, #6
 2320 01be 40F29F80 		bls	.L124
 2321 01c2 25F00706 		bic	r6, r5, #7
 2322 01c6 02F13D03 		add	r3, r2, #61
 2323 01ca CDE90252 		strd	r5, r2, [sp, #8]
 2324 01ce CDE9046A 		strd	r6, r10, [sp, #16]
 2325 01d2 5B44     		add	r3, r3, fp
 2326 01d4 06EB0309 		add	r9, r6, r3
 2327 01d8 0690     		str	r0, [sp, #24]
 2328              	.LVL191:
 2329              	.L104:
  84:src/btphy/rx_task.c **** 	rx_task.rx_offset = size;
 2330              		.loc 1 84 3 view .LVU733
 2331              	.LBB310:
 2332              	.LBI310:
 100:include/ubtbr/bb.h **** {
 2333              		.loc 7 100 23 view .LVU734
 2334              	.LBB311:
 102:include/ubtbr/bb.h ****         return rev8_map[data];
 2335              		.loc 7 102 2 view .LVU735
 2336              		.loc 7 103 9 view .LVU736
 2337              		.loc 7 103 24 is_stmt 0 view .LVU737
 2338 01da 0022     		movs	r2, #0
 2339 01dc 1978     		ldrb	r1, [r3]	@ zero_extendqisi2
 2340 01de 0833     		adds	r3, r3, #8
 2341 01e0 1AF80180 		ldrb	r8, [r10, r1]	@ zero_extendqisi2
 2342 01e4 13F8041C 		ldrb	r1, [r3, #-4]	@ zero_extendqisi2
 2343 01e8 1AF80160 		ldrb	r6, [r10, r1]	@ zero_extendqisi2
 2344 01ec 13F8071C 		ldrb	r1, [r3, #-7]	@ zero_extendqisi2
 2345 01f0 1AF801E0 		ldrb	lr, [r10, r1]	@ zero_extendqisi2
 2346 01f4 13F8031C 		ldrb	r1, [r3, #-3]	@ zero_extendqisi2
 2347 01f8 1AF80150 		ldrb	r5, [r10, r1]	@ zero_extendqisi2
 2348 01fc 13F8061C 		ldrb	r1, [r3, #-6]	@ zero_extendqisi2
 2349 0200 1AF801C0 		ldrb	ip, [r10, r1]	@ zero_extendqisi2
 2350 0204 13F8021C 		ldrb	r1, [r3, #-2]	@ zero_extendqisi2
 2351 0208 1AF80140 		ldrb	r4, [r10, r1]	@ zero_extendqisi2
 2352 020c 13F8051C 		ldrb	r1, [r3, #-5]	@ zero_extendqisi2
 2353 0210 1AF80170 		ldrb	r7, [r10, r1]	@ zero_extendqisi2
 2354 0214 13F8011C 		ldrb	r1, [r3, #-1]	@ zero_extendqisi2
 2355 0218 4B45     		cmp	r3, r9
 2356 021a 1AF80100 		ldrb	r0, [r10, r1]	@ zero_extendqisi2
 2357 021e 1146     		mov	r1, r2
 2358 0220 68F30702 		bfi	r2, r8, #0, #8
 2359 0224 66F30701 		bfi	r1, r6, #0, #8
 2360 0228 6EF30F22 		bfi	r2, lr, #8, #8
 2361 022c 65F30F21 		bfi	r1, r5, #8, #8
 2362 0230 6CF31742 		bfi	r2, ip, #16, #8
 2363 0234 64F31741 		bfi	r1, r4, #16, #8
 2364 0238 67F31F62 		bfi	r2, r7, #24, #8
 2365 023c 60F31F61 		bfi	r1, r0, #24, #8
 2366              	.LBE311:
ARM GAS  /tmp/cclJtHuD.s 			page 65


 2367              	.LBE310:
  84:src/btphy/rx_task.c **** 	rx_task.rx_offset = size;
 2368              		.loc 1 84 25 discriminator 1 view .LVU738
 2369 0240 43F8082C 		str	r2, [r3, #-8]	@ unaligned
 2370 0244 43F8041C 		str	r1, [r3, #-4]	@ unaligned
  83:src/btphy/rx_task.c **** 		rx_task.rx_dma_buf[i] = reverse8(rx_task.rx_dma_buf[i]);
 2371              		.loc 1 83 34 is_stmt 1 discriminator 3 view .LVU739
  83:src/btphy/rx_task.c **** 		rx_task.rx_dma_buf[i] = reverse8(rx_task.rx_dma_buf[i]);
 2372              		.loc 1 83 27 discriminator 1 view .LVU740
 2373 0248 C7D1     		bne	.L104
 2374 024a DDE90252 		ldrd	r5, r2, [sp, #8]
 2375 024e DDE90464 		ldrd	r6, r4, [sp, #16]
 2376 0252 B542     		cmp	r5, r6
 2377 0254 0698     		ldr	r0, [sp, #24]
 2378 0256 3DD0     		beq	.L106
 2379 0258 3244     		add	r2, r2, r6
 2380              	.LVL192:
 2381              	.L103:
  84:src/btphy/rx_task.c **** 	rx_task.rx_offset = size;
 2382              		.loc 1 84 3 view .LVU741
 2383              	.LBB326:
 100:include/ubtbr/bb.h **** {
 2384              		.loc 7 100 23 view .LVU742
 2385              	.LBB312:
 102:include/ubtbr/bb.h ****         return rev8_map[data];
 2386              		.loc 7 102 2 view .LVU743
 2387              		.loc 7 103 9 view .LVU744
 2388              		.loc 7 103 9 is_stmt 0 view .LVU745
 2389              	.LBE312:
 2390              	.LBE326:
  84:src/btphy/rx_task.c **** 	rx_task.rx_offset = size;
 2391              		.loc 1 84 25 discriminator 1 view .LVU746
 2392 025a 0BEB0201 		add	r1, fp, r2
 2393              	.LBB327:
 2394              	.LBB313:
 2395              		.loc 7 103 24 view .LVU747
 2396 025e 91F83D50 		ldrb	r5, [r1, #61]	@ zero_extendqisi2
 2397              	.LBE313:
 2398              	.LBE327:
  83:src/btphy/rx_task.c **** 		rx_task.rx_dma_buf[i] = reverse8(rx_task.rx_dma_buf[i]);
 2399              		.loc 1 83 34 discriminator 3 view .LVU748
 2400 0262 531C     		adds	r3, r2, #1
  84:src/btphy/rx_task.c **** 	rx_task.rx_offset = size;
 2401              		.loc 1 84 25 discriminator 1 view .LVU749
 2402 0264 655D     		ldrb	r5, [r4, r5]	@ zero_extendqisi2
  83:src/btphy/rx_task.c **** 		rx_task.rx_dma_buf[i] = reverse8(rx_task.rx_dma_buf[i]);
 2403              		.loc 1 83 27 discriminator 1 view .LVU750
 2404 0266 9842     		cmp	r0, r3
  84:src/btphy/rx_task.c **** 	rx_task.rx_offset = size;
 2405              		.loc 1 84 25 discriminator 1 view .LVU751
 2406 0268 81F83D50 		strb	r5, [r1, #61]
  83:src/btphy/rx_task.c **** 		rx_task.rx_dma_buf[i] = reverse8(rx_task.rx_dma_buf[i]);
 2407              		.loc 1 83 34 is_stmt 1 discriminator 3 view .LVU752
 2408              	.LVL193:
  83:src/btphy/rx_task.c **** 		rx_task.rx_dma_buf[i] = reverse8(rx_task.rx_dma_buf[i]);
 2409              		.loc 1 83 27 discriminator 1 view .LVU753
 2410 026c 32D9     		bls	.L106
ARM GAS  /tmp/cclJtHuD.s 			page 66


  84:src/btphy/rx_task.c **** 	rx_task.rx_offset = size;
 2411              		.loc 1 84 3 view .LVU754
 2412              	.LVL194:
 2413              	.LBB328:
 100:include/ubtbr/bb.h **** {
 2414              		.loc 7 100 23 view .LVU755
 2415              	.LBB314:
 102:include/ubtbr/bb.h ****         return rev8_map[data];
 2416              		.loc 7 102 2 view .LVU756
 2417              		.loc 7 103 9 view .LVU757
 2418              		.loc 7 103 9 is_stmt 0 view .LVU758
 2419              	.LBE314:
 2420              	.LBE328:
  84:src/btphy/rx_task.c **** 	rx_task.rx_offset = size;
 2421              		.loc 1 84 25 discriminator 1 view .LVU759
 2422 026e 5B44     		add	r3, r3, fp
 2423              	.LVL195:
 2424              	.LBB329:
 2425              	.LBB315:
 2426              		.loc 7 103 24 view .LVU760
 2427 0270 93F83D50 		ldrb	r5, [r3, #61]	@ zero_extendqisi2
 2428              	.LBE315:
 2429              	.LBE329:
  83:src/btphy/rx_task.c **** 		rx_task.rx_dma_buf[i] = reverse8(rx_task.rx_dma_buf[i]);
 2430              		.loc 1 83 34 discriminator 3 view .LVU761
 2431 0274 911C     		adds	r1, r2, #2
  84:src/btphy/rx_task.c **** 	rx_task.rx_offset = size;
 2432              		.loc 1 84 25 discriminator 1 view .LVU762
 2433 0276 655D     		ldrb	r5, [r4, r5]	@ zero_extendqisi2
  83:src/btphy/rx_task.c **** 		rx_task.rx_dma_buf[i] = reverse8(rx_task.rx_dma_buf[i]);
 2434              		.loc 1 83 27 discriminator 1 view .LVU763
 2435 0278 8842     		cmp	r0, r1
  84:src/btphy/rx_task.c **** 	rx_task.rx_offset = size;
 2436              		.loc 1 84 25 discriminator 1 view .LVU764
 2437 027a 83F83D50 		strb	r5, [r3, #61]
  83:src/btphy/rx_task.c **** 		rx_task.rx_dma_buf[i] = reverse8(rx_task.rx_dma_buf[i]);
 2438              		.loc 1 83 34 is_stmt 1 discriminator 3 view .LVU765
 2439              	.LVL196:
  83:src/btphy/rx_task.c **** 		rx_task.rx_dma_buf[i] = reverse8(rx_task.rx_dma_buf[i]);
 2440              		.loc 1 83 27 discriminator 1 view .LVU766
 2441 027e 29D9     		bls	.L106
  84:src/btphy/rx_task.c **** 	rx_task.rx_offset = size;
 2442              		.loc 1 84 3 view .LVU767
 2443              	.LVL197:
 2444              	.LBB330:
 100:include/ubtbr/bb.h **** {
 2445              		.loc 7 100 23 view .LVU768
 2446              	.LBB316:
 102:include/ubtbr/bb.h ****         return rev8_map[data];
 2447              		.loc 7 102 2 view .LVU769
 2448              		.loc 7 103 9 view .LVU770
 2449              		.loc 7 103 9 is_stmt 0 view .LVU771
 2450              	.LBE316:
 2451              	.LBE330:
  84:src/btphy/rx_task.c **** 	rx_task.rx_offset = size;
 2452              		.loc 1 84 25 discriminator 1 view .LVU772
 2453 0280 5944     		add	r1, r1, fp
ARM GAS  /tmp/cclJtHuD.s 			page 67


 2454              	.LVL198:
 2455              	.LBB331:
 2456              	.LBB317:
 2457              		.loc 7 103 24 view .LVU773
 2458 0282 91F83D30 		ldrb	r3, [r1, #61]	@ zero_extendqisi2
 2459              	.LBE317:
 2460              	.LBE331:
  84:src/btphy/rx_task.c **** 	rx_task.rx_offset = size;
 2461              		.loc 1 84 25 discriminator 1 view .LVU774
 2462 0286 E35C     		ldrb	r3, [r4, r3]	@ zero_extendqisi2
 2463 0288 81F83D30 		strb	r3, [r1, #61]
  83:src/btphy/rx_task.c **** 		rx_task.rx_dma_buf[i] = reverse8(rx_task.rx_dma_buf[i]);
 2464              		.loc 1 83 34 is_stmt 1 discriminator 3 view .LVU775
 2465 028c D31C     		adds	r3, r2, #3
 2466              	.LVL199:
  83:src/btphy/rx_task.c **** 		rx_task.rx_dma_buf[i] = reverse8(rx_task.rx_dma_buf[i]);
 2467              		.loc 1 83 27 discriminator 1 view .LVU776
 2468 028e 9842     		cmp	r0, r3
 2469 0290 20D9     		bls	.L106
  84:src/btphy/rx_task.c **** 	rx_task.rx_offset = size;
 2470              		.loc 1 84 3 view .LVU777
 2471              	.LVL200:
 2472              	.LBB332:
 100:include/ubtbr/bb.h **** {
 2473              		.loc 7 100 23 view .LVU778
 2474              	.LBB318:
 102:include/ubtbr/bb.h ****         return rev8_map[data];
 2475              		.loc 7 102 2 view .LVU779
 2476              		.loc 7 103 9 view .LVU780
 2477              		.loc 7 103 9 is_stmt 0 view .LVU781
 2478              	.LBE318:
 2479              	.LBE332:
  84:src/btphy/rx_task.c **** 	rx_task.rx_offset = size;
 2480              		.loc 1 84 25 discriminator 1 view .LVU782
 2481 0292 5B44     		add	r3, r3, fp
 2482              	.LVL201:
 2483              	.LBB333:
 2484              	.LBB319:
 2485              		.loc 7 103 24 view .LVU783
 2486 0294 93F83D10 		ldrb	r1, [r3, #61]	@ zero_extendqisi2
 2487              	.LBE319:
 2488              	.LBE333:
  84:src/btphy/rx_task.c **** 	rx_task.rx_offset = size;
 2489              		.loc 1 84 25 discriminator 1 view .LVU784
 2490 0298 615C     		ldrb	r1, [r4, r1]	@ zero_extendqisi2
 2491 029a 83F83D10 		strb	r1, [r3, #61]
  83:src/btphy/rx_task.c **** 		rx_task.rx_dma_buf[i] = reverse8(rx_task.rx_dma_buf[i]);
 2492              		.loc 1 83 34 is_stmt 1 discriminator 3 view .LVU785
 2493 029e 131D     		adds	r3, r2, #4
 2494              	.LVL202:
  83:src/btphy/rx_task.c **** 		rx_task.rx_dma_buf[i] = reverse8(rx_task.rx_dma_buf[i]);
 2495              		.loc 1 83 27 discriminator 1 view .LVU786
 2496 02a0 9842     		cmp	r0, r3
 2497 02a2 17D9     		bls	.L106
  84:src/btphy/rx_task.c **** 	rx_task.rx_offset = size;
 2498              		.loc 1 84 3 view .LVU787
 2499              	.LVL203:
ARM GAS  /tmp/cclJtHuD.s 			page 68


 2500              	.LBB334:
 100:include/ubtbr/bb.h **** {
 2501              		.loc 7 100 23 view .LVU788
 2502              	.LBB320:
 102:include/ubtbr/bb.h ****         return rev8_map[data];
 2503              		.loc 7 102 2 view .LVU789
 2504              		.loc 7 103 9 view .LVU790
 2505              		.loc 7 103 9 is_stmt 0 view .LVU791
 2506              	.LBE320:
 2507              	.LBE334:
  84:src/btphy/rx_task.c **** 	rx_task.rx_offset = size;
 2508              		.loc 1 84 25 discriminator 1 view .LVU792
 2509 02a4 5B44     		add	r3, r3, fp
 2510              	.LVL204:
 2511              	.LBB335:
 2512              	.LBB321:
 2513              		.loc 7 103 24 view .LVU793
 2514 02a6 93F83D10 		ldrb	r1, [r3, #61]	@ zero_extendqisi2
 2515              	.LBE321:
 2516              	.LBE335:
  84:src/btphy/rx_task.c **** 	rx_task.rx_offset = size;
 2517              		.loc 1 84 25 discriminator 1 view .LVU794
 2518 02aa 615C     		ldrb	r1, [r4, r1]	@ zero_extendqisi2
 2519 02ac 83F83D10 		strb	r1, [r3, #61]
  83:src/btphy/rx_task.c **** 		rx_task.rx_dma_buf[i] = reverse8(rx_task.rx_dma_buf[i]);
 2520              		.loc 1 83 34 is_stmt 1 discriminator 3 view .LVU795
 2521 02b0 531D     		adds	r3, r2, #5
 2522              	.LVL205:
  83:src/btphy/rx_task.c **** 		rx_task.rx_dma_buf[i] = reverse8(rx_task.rx_dma_buf[i]);
 2523              		.loc 1 83 27 discriminator 1 view .LVU796
 2524 02b2 9842     		cmp	r0, r3
 2525 02b4 0ED9     		bls	.L106
  84:src/btphy/rx_task.c **** 	rx_task.rx_offset = size;
 2526              		.loc 1 84 3 view .LVU797
 2527              	.LVL206:
 2528              	.LBB336:
 100:include/ubtbr/bb.h **** {
 2529              		.loc 7 100 23 view .LVU798
 2530              	.LBB322:
 102:include/ubtbr/bb.h ****         return rev8_map[data];
 2531              		.loc 7 102 2 view .LVU799
 2532              		.loc 7 103 9 view .LVU800
 2533              		.loc 7 103 9 is_stmt 0 view .LVU801
 2534              	.LBE322:
 2535              	.LBE336:
  84:src/btphy/rx_task.c **** 	rx_task.rx_offset = size;
 2536              		.loc 1 84 25 discriminator 1 view .LVU802
 2537 02b6 5B44     		add	r3, r3, fp
 2538              	.LVL207:
 2539              	.LBB337:
 2540              	.LBB323:
 2541              		.loc 7 103 24 view .LVU803
 2542 02b8 93F83D10 		ldrb	r1, [r3, #61]	@ zero_extendqisi2
 2543              	.LBE323:
 2544              	.LBE337:
  83:src/btphy/rx_task.c **** 		rx_task.rx_dma_buf[i] = reverse8(rx_task.rx_dma_buf[i]);
 2545              		.loc 1 83 34 discriminator 3 view .LVU804
ARM GAS  /tmp/cclJtHuD.s 			page 69


 2546 02bc 0632     		adds	r2, r2, #6
 2547              	.LVL208:
  84:src/btphy/rx_task.c **** 	rx_task.rx_offset = size;
 2548              		.loc 1 84 25 discriminator 1 view .LVU805
 2549 02be 615C     		ldrb	r1, [r4, r1]	@ zero_extendqisi2
  83:src/btphy/rx_task.c **** 		rx_task.rx_dma_buf[i] = reverse8(rx_task.rx_dma_buf[i]);
 2550              		.loc 1 83 27 discriminator 1 view .LVU806
 2551 02c0 9042     		cmp	r0, r2
  84:src/btphy/rx_task.c **** 	rx_task.rx_offset = size;
 2552              		.loc 1 84 25 discriminator 1 view .LVU807
 2553 02c2 83F83D10 		strb	r1, [r3, #61]
  83:src/btphy/rx_task.c **** 		rx_task.rx_dma_buf[i] = reverse8(rx_task.rx_dma_buf[i]);
 2554              		.loc 1 83 34 is_stmt 1 discriminator 3 view .LVU808
 2555              	.LVL209:
  83:src/btphy/rx_task.c **** 		rx_task.rx_dma_buf[i] = reverse8(rx_task.rx_dma_buf[i]);
 2556              		.loc 1 83 27 discriminator 1 view .LVU809
 2557 02c6 05D9     		bls	.L106
  84:src/btphy/rx_task.c **** 	rx_task.rx_offset = size;
 2558              		.loc 1 84 3 view .LVU810
 2559              	.LVL210:
 2560              	.LBB338:
 100:include/ubtbr/bb.h **** {
 2561              		.loc 7 100 23 view .LVU811
 2562              	.LBB324:
 102:include/ubtbr/bb.h ****         return rev8_map[data];
 2563              		.loc 7 102 2 view .LVU812
 2564              		.loc 7 103 9 view .LVU813
 2565              		.loc 7 103 9 is_stmt 0 view .LVU814
 2566              	.LBE324:
 2567              	.LBE338:
  84:src/btphy/rx_task.c **** 	rx_task.rx_offset = size;
 2568              		.loc 1 84 25 discriminator 1 view .LVU815
 2569 02c8 5A44     		add	r2, r2, fp
 2570              	.LVL211:
 2571              	.LBB339:
 2572              	.LBB325:
 2573              		.loc 7 103 24 view .LVU816
 2574 02ca 92F83D30 		ldrb	r3, [r2, #61]	@ zero_extendqisi2
 2575              	.LBE325:
 2576              	.LBE339:
  84:src/btphy/rx_task.c **** 	rx_task.rx_offset = size;
 2577              		.loc 1 84 25 discriminator 1 view .LVU817
 2578 02ce E35C     		ldrb	r3, [r4, r3]	@ zero_extendqisi2
 2579 02d0 82F83D30 		strb	r3, [r2, #61]
  83:src/btphy/rx_task.c **** 		rx_task.rx_dma_buf[i] = reverse8(rx_task.rx_dma_buf[i]);
 2580              		.loc 1 83 34 is_stmt 1 discriminator 3 view .LVU818
  83:src/btphy/rx_task.c **** 		rx_task.rx_dma_buf[i] = reverse8(rx_task.rx_dma_buf[i]);
 2581              		.loc 1 83 27 discriminator 1 view .LVU819
 2582              	.LVL212:
 2583              	.L106:
  85:src/btphy/rx_task.c **** 
 2584              		.loc 1 85 2 view .LVU820
 2585              	.LBE309:
 2586              	.LBE308:
 299:src/btphy/rx_task.c **** 		{
 2587              		.loc 1 299 9 is_stmt 0 view .LVU821
 2588 02d4 4FF04023 		mov	r3, #1073758208
ARM GAS  /tmp/cclJtHuD.s 			page 70


 2589              	.LBB344:
 2590              	.LBB340:
  88:src/btphy/rx_task.c **** 		return size-4;
 2591              		.loc 1 88 5 view .LVU822
 2592 02d8 0428     		cmp	r0, #4
 2593              	.LBE340:
 2594              	.LBE344:
 299:src/btphy/rx_task.c **** 		{
 2595              		.loc 1 299 35 view .LVU823
 2596 02da 40F2DB52 		movw	r2, #1499
 2597              	.LBB345:
 2598              	.LBB341:
  88:src/btphy/rx_task.c **** 		return size-4;
 2599              		.loc 1 88 5 view .LVU824
 2600 02de 0446     		mov	r4, r0
 2601 02e0 38BF     		it	cc
 2602 02e2 0424     		movcc	r4, #4
 2603              	.LBE341:
 2604              	.LBE345:
 299:src/btphy/rx_task.c **** 		{
 2605              		.loc 1 299 9 view .LVU825
 2606 02e4 9B68     		ldr	r3, [r3, #8]
 2607              	.LBB346:
 2608              	.LBB342:
  88:src/btphy/rx_task.c **** 		return size-4;
 2609              		.loc 1 88 5 view .LVU826
 2610 02e6 043C     		subs	r4, r4, #4
 2611              	.LBE342:
 2612              	.LBE346:
 299:src/btphy/rx_task.c **** 		{
 2613              		.loc 1 299 35 view .LVU827
 2614 02e8 9342     		cmp	r3, r2
 2615              	.LBB347:
 2616              	.LBB343:
  85:src/btphy/rx_task.c **** 
 2617              		.loc 1 85 20 view .LVU828
 2618 02ea CBF85002 		str	r0, [fp, #592]
  88:src/btphy/rx_task.c **** 		return size-4;
 2619              		.loc 1 88 2 is_stmt 1 view .LVU829
 2620              	.LVL213:
  88:src/btphy/rx_task.c **** 		return size-4;
 2621              		.loc 1 88 2 is_stmt 0 view .LVU830
 2622              	.LBE343:
 2623              	.LBE347:
 299:src/btphy/rx_task.c **** 		{
 2624              		.loc 1 299 35 is_stmt 1 view .LVU831
 2625 02ee 04D8     		bhi	.L121
 299:src/btphy/rx_task.c **** 		{
 2626              		.loc 1 299 58 is_stmt 0 discriminator 1 view .LVU832
 2627 02f0 DBF82C30 		ldr	r3, [fp, #44]
 299:src/btphy/rx_task.c **** 		{
 2628              		.loc 1 299 35 discriminator 1 view .LVU833
 2629 02f4 9C42     		cmp	r4, r3
 2630 02f6 FFF458AF 		bcc	.L108
 2631              	.L121:
 299:src/btphy/rx_task.c **** 		{
 2632              		.loc 1 299 35 discriminator 1 view .LVU834
ARM GAS  /tmp/cclJtHuD.s 			page 71


 2633 02fa DDF81C80 		ldr	r8, [sp, #28]
 2634 02fe 29E7     		b	.L94
 2635              	.LVL214:
 2636              	.L124:
 299:src/btphy/rx_task.c **** 		{
 2637              		.loc 1 299 35 discriminator 1 view .LVU835
 2638 0300 054C     		ldr	r4, .L125+4
 2639              	.LVL215:
 299:src/btphy/rx_task.c **** 		{
 2640              		.loc 1 299 35 discriminator 1 view .LVU836
 2641 0302 AAE7     		b	.L103
 2642              	.LVL216:
 2643              	.L123:
 312:src/btphy/rx_task.c **** 	}
 2644              		.loc 1 312 3 is_stmt 1 view .LVU837
 2645 0304 FFF7FEFF 		bl	rx_finalize
 2646              	.LVL217:
 319:src/btphy/rx_task.c **** }
 2647              		.loc 1 319 2 view .LVU838
 2648              		.loc 1 320 1 is_stmt 0 view .LVU839
 2649 0308 0020     		movs	r0, #0
 2650 030a 09B0     		add	sp, sp, #36
 2651              		.cfi_remember_state
 2652              		.cfi_def_cfa_offset 36
 2653              		@ sp needed
 2654 030c BDE8F08F 		pop	{r4, r5, r6, r7, r8, r9, r10, fp, pc}
 2655              	.LVL218:
 2656              	.L122:
 2657              		.cfi_restore_state
 2658              		.loc 1 320 1 view .LVU840
 2659 0310 014A     		ldr	r2, .L125+4
 2660 0312 D5E6     		b	.L95
 2661              	.L126:
 2662              		.align	2
 2663              	.L125:
 2664 0314 00000000 		.word	.LANCHOR0
 2665 0318 00000000 		.word	rev8_map
 2666 031c 41000000 		.word	.LANCHOR0+65
 2667 0320 00000000 		.word	rx_decode
 2668              		.cfi_endproc
 2669              	.LFE45:
 2671              		.section	.text.rx_task_reset,"ax",%progbits
 2672              		.align	1
 2673              		.p2align 2,,3
 2674              		.global	rx_task_reset
 2675              		.syntax unified
 2676              		.thumb
 2677              		.thumb_func
 2679              	rx_task_reset:
 2680              	.LFB46:
 321:src/btphy/rx_task.c **** 
 322:src/btphy/rx_task.c **** const struct tdma_sched_item rx_sched_set[] = {				// clk1_0		
 323:src/btphy/rx_task.c **** 	SCHED_ITEM(rx_prepare,	0, 0, 0), 	SCHED_END_FRAME(), 	// 1
 324:src/btphy/rx_task.c **** 	SCHED_ITEM(rx_execute,  -3, 0, 0), 	SCHED_END_FRAME(),	// 2
 325:src/btphy/rx_task.c **** 	SCHED_END_SET()
 326:src/btphy/rx_task.c **** };
 327:src/btphy/rx_task.c **** 
ARM GAS  /tmp/cclJtHuD.s 			page 72


 328:src/btphy/rx_task.c **** void rx_task_reset(void)
 329:src/btphy/rx_task.c **** {
 2681              		.loc 1 329 1 is_stmt 1 view -0
 2682              		.cfi_startproc
 2683              		@ args = 0, pretend = 0, frame = 0
 2684              		@ frame_needed = 0, uses_anonymous_args = 0
 2685 0000 08B5     		push	{r3, lr}
 2686              		.cfi_def_cfa_offset 8
 2687              		.cfi_offset 3, -8
 2688              		.cfi_offset 14, -4
 330:src/btphy/rx_task.c **** 	if (rx_task.rx_msg)
 2689              		.loc 1 330 2 view .LVU842
 2690              		.loc 1 330 13 is_stmt 0 view .LVU843
 2691 0002 054B     		ldr	r3, .L132
 2692 0004 9868     		ldr	r0, [r3, #8]
 2693              		.loc 1 330 5 view .LVU844
 2694 0006 30B1     		cbz	r0, .L127
 331:src/btphy/rx_task.c **** 	{
 332:src/btphy/rx_task.c **** 		msg_free(rx_task.rx_msg);
 2695              		.loc 1 332 3 is_stmt 1 view .LVU845
 2696              	.LVL219:
 2697              	.LBB348:
 2698              	.LBI348:
  26:include/ubtbr/msg.h **** {
 2699              		.loc 4 26 20 view .LVU846
 2700              	.LBB349:
  28:include/ubtbr/msg.h **** }
 2701              		.loc 4 28 2 view .LVU847
 2702 0008 FFF7FEFF 		bl	mem_pool_free
 2703              	.LVL220:
  28:include/ubtbr/msg.h **** }
 2704              		.loc 4 28 2 is_stmt 0 view .LVU848
 2705              	.LBE349:
 2706              	.LBE348:
 333:src/btphy/rx_task.c **** 		rx_task.rx_pkt = NULL;
 2707              		.loc 1 333 3 is_stmt 1 view .LVU849
 334:src/btphy/rx_task.c **** 		rx_task.rx_msg = NULL;
 2708              		.loc 1 334 3 view .LVU850
 2709              		.loc 1 334 18 is_stmt 0 view .LVU851
 2710 000c 0020     		movs	r0, #0
 2711 000e 0021     		movs	r1, #0
 2712 0010 014B     		ldr	r3, .L132
 2713 0012 C3E90201 		strd	r0, [r3, #8]
 2714              	.L127:
 335:src/btphy/rx_task.c **** 	}
 336:src/btphy/rx_task.c **** }
 2715              		.loc 1 336 1 view .LVU852
 2716 0016 08BD     		pop	{r3, pc}
 2717              	.L133:
 2718              		.align	2
 2719              	.L132:
 2720 0018 00000000 		.word	.LANCHOR0
 2721              		.cfi_endproc
 2722              	.LFE46:
 2724              		.section	.rodata.str1.4
 2725              		.align	2
 2726              	.LC4:
ARM GAS  /tmp/cclJtHuD.s 			page 73


 2727 005c 4449457C 		.ascii	"DIE|rx_schedule: rx_msg!=0\012\000"
 2727      72785F73 
 2727      63686564 
 2727      756C653A 
 2727      2072785F 
 2728              		.section	.text.rx_task_schedule,"ax",%progbits
 2729              		.align	1
 2730              		.p2align 2,,3
 2731              		.global	rx_task_schedule
 2732              		.syntax unified
 2733              		.thumb
 2734              		.thumb_func
 2736              	rx_task_schedule:
 2737              	.LVL221:
 2738              	.LFB47:
 337:src/btphy/rx_task.c **** 
 338:src/btphy/rx_task.c **** void rx_task_schedule(unsigned delay, rx_task_cb_t cb, void*cbarg, unsigned flags)
 339:src/btphy/rx_task.c **** {
 2739              		.loc 1 339 1 is_stmt 1 view -0
 2740              		.cfi_startproc
 2741              		@ args = 0, pretend = 0, frame = 0
 2742              		@ frame_needed = 0, uses_anonymous_args = 0
 2743              		.loc 1 339 1 is_stmt 0 view .LVU854
 2744 0000 08B5     		push	{r3, lr}
 2745              		.cfi_def_cfa_offset 8
 2746              		.cfi_offset 3, -8
 2747              		.cfi_offset 14, -4
 340:src/btphy/rx_task.c **** 	btctl_rx_pkt_t *pkt;
 2748              		.loc 1 340 2 is_stmt 1 view .LVU855
 341:src/btphy/rx_task.c **** 
 342:src/btphy/rx_task.c **** 	/* Sanity check */
 343:src/btphy/rx_task.c **** 	if (rx_task.rx_msg)
 2749              		.loc 1 343 2 view .LVU856
 2750              		.loc 1 343 13 is_stmt 0 view .LVU857
 2751 0002 DFF834C0 		ldr	ip, .L137
 339:src/btphy/rx_task.c **** 	btctl_rx_pkt_t *pkt;
 2752              		.loc 1 339 1 view .LVU858
 2753 0006 9646     		mov	lr, r2
 2754              		.loc 1 343 5 view .LVU859
 2755 0008 DCF80820 		ldr	r2, [ip, #8]
 2756              	.LVL222:
 2757              		.loc 1 343 5 view .LVU860
 2758 000c 8AB9     		cbnz	r2, .L136
 344:src/btphy/rx_task.c **** 		DIE("rx_schedule: rx_msg!=0");
 345:src/btphy/rx_task.c **** 
 346:src/btphy/rx_task.c **** 	/* user rx callback */
 347:src/btphy/rx_task.c **** 	rx_task.pkt_cb = cb;
 2759              		.loc 1 347 2 is_stmt 1 view .LVU861
 2760              		.loc 1 347 17 is_stmt 0 view .LVU862
 2761 000e CCF80010 		str	r1, [ip]
 348:src/btphy/rx_task.c **** 	rx_task.cb_arg = cbarg;
 2762              		.loc 1 348 2 is_stmt 1 view .LVU863
 349:src/btphy/rx_task.c **** 	/* Does the packet have a payload ? (else it's an ID) */
 350:src/btphy/rx_task.c **** 	rx_task.do_rx_payload = flags & (1<<RX_F_PAYLOAD);
 2763              		.loc 1 350 32 is_stmt 0 view .LVU864
 2764 0012 03F00101 		and	r1, r3, #1
 2765              	.LVL223:
ARM GAS  /tmp/cclJtHuD.s 			page 74


 351:src/btphy/rx_task.c **** 	/* Receive raw bursts for monitor state */
 352:src/btphy/rx_task.c **** 	rx_task.rx_raw = flags & (1<<RX_F_RAW);
 2766              		.loc 1 352 25 view .LVU865
 2767 0016 03F00203 		and	r3, r3, #2
 2768              	.LVL224:
 350:src/btphy/rx_task.c **** 	/* Receive raw bursts for monitor state */
 2769              		.loc 1 350 24 view .LVU866
 2770 001a 8CF83C10 		strb	r1, [ip, #60]
 2771              		.loc 1 352 17 view .LVU867
 2772 001e 8CF85632 		strb	r3, [ip, #598]
 348:src/btphy/rx_task.c **** 	/* Does the packet have a payload ? (else it's an ID) */
 2773              		.loc 1 348 17 view .LVU868
 2774 0022 CCF804E0 		str	lr, [ip, #4]
 350:src/btphy/rx_task.c **** 	/* Receive raw bursts for monitor state */
 2775              		.loc 1 350 2 is_stmt 1 view .LVU869
 2776              		.loc 1 352 2 view .LVU870
 353:src/btphy/rx_task.c **** 
 354:src/btphy/rx_task.c **** 	tdma_schedule_set(delay, rx_sched_set, 0);
 2777              		.loc 1 354 2 view .LVU871
 2778 0026 0549     		ldr	r1, .L137+4
 2779 0028 C0B2     		uxtb	r0, r0
 2780              	.LVL225:
 355:src/btphy/rx_task.c **** }
 2781              		.loc 1 355 1 is_stmt 0 view .LVU872
 2782 002a BDE80840 		pop	{r3, lr}
 2783              		.cfi_remember_state
 2784              		.cfi_restore 14
 2785              		.cfi_restore 3
 2786              		.cfi_def_cfa_offset 0
 2787              	.LVL226:
 354:src/btphy/rx_task.c **** }
 2788              		.loc 1 354 2 view .LVU873
 2789 002e FFF7FEBF 		b	tdma_schedule_set
 2790              	.LVL227:
 2791              	.L136:
 2792              		.cfi_restore_state
 344:src/btphy/rx_task.c **** 
 2793              		.loc 1 344 3 is_stmt 1 view .LVU874
 2794 0032 0348     		ldr	r0, .L137+8
 2795              	.LVL228:
 344:src/btphy/rx_task.c **** 
 2796              		.loc 1 344 3 is_stmt 0 view .LVU875
 2797 0034 FFF7FEFF 		bl	die
 2798              	.LVL229:
 2799              	.L138:
 344:src/btphy/rx_task.c **** 
 2800              		.loc 1 344 3 view .LVU876
 2801              		.align	2
 2802              	.L137:
 2803 0038 00000000 		.word	.LANCHOR0
 2804 003c 00000000 		.word	.LANCHOR1
 2805 0040 5C000000 		.word	.LC4
 2806              		.cfi_endproc
 2807              	.LFE47:
 2809              		.global	rx_sched_set
 2810              		.section	.rodata
 2811              		.align	2
ARM GAS  /tmp/cclJtHuD.s 			page 75


 2812              		.set	.LANCHOR1,. + 0
 2815              	rx_sched_set:
 2816 0000 00000000 		.word	rx_prepare
 2817 0004 00       		.byte	0
 2818 0005 00       		.byte	0
 2819 0006 0000     		.space	2
 2820 0008 0000     		.short	0
 2821 000a 0000     		.short	0
 2822 000c 00000000 		.word	0
 2823 0010 00       		.byte	0
 2824 0011 00       		.byte	0
 2825 0012 00000000 		.space	6
 2825      0000
 2826 0018 00000000 		.word	rx_execute
 2827 001c 00       		.byte	0
 2828 001d 00       		.byte	0
 2829 001e 0000     		.space	2
 2830 0020 FDFF     		.short	-3
 2831 0022 0000     		.short	0
 2832 0024 00000000 		.word	0
 2833 0028 00       		.byte	0
 2834 0029 00       		.byte	0
 2835 002a 00000000 		.space	6
 2835      0000
 2836 0030 00000000 		.word	tdma_end_set
 2837 0034 00       		.byte	0
 2838 0035 00       		.byte	0
 2839 0036 00000000 		.space	6
 2839      0000
 2840              		.bss
 2841              		.align	3
 2842              		.set	.LANCHOR0,. + 0
 2845              	rx_task:
 2846 0000 00000000 		.space	600
 2846      00000000 
 2846      00000000 
 2846      00000000 
 2846      00000000 
 2847              		.text
 2848              	.Letext0:
 2849              		.file 9 "/usr/arm-none-eabi/include/machine/_default_types.h"
 2850              		.file 10 "/usr/arm-none-eabi/include/sys/_stdint.h"
 2851              		.file 11 "../../host/libubertooth/src/ubertooth_interface.h"
 2852              		.file 12 "include/ubtbr/tdma_sched.h"
 2853              		.file 13 "include/ubtbr/rx_task.h"
 2854              		.file 14 "include/ubtbr/mem_pool.h"
 2855              		.file 15 "../common/ubertooth.h"
 2856              		.file 16 "include/ubtbr/ubertooth_dma.h"
 2857              		.file 17 "include/ubtbr/debug.h"
ARM GAS  /tmp/cclJtHuD.s 			page 76


DEFINED SYMBOLS
                            *ABS*:00000000 rx_task.c
     /tmp/cclJtHuD.s:19     .text.rx_prepare:00000000 $t
     /tmp/cclJtHuD.s:25     .text.rx_prepare:00000000 rx_prepare
     /tmp/cclJtHuD.s:449    .text.rx_prepare:000000f8 $d
     /tmp/cclJtHuD.s:461    .rodata.str1.4:00000000 $d
     /tmp/cclJtHuD.s:468    .text.rx_finalize:00000000 $t
     /tmp/cclJtHuD.s:474    .text.rx_finalize:00000000 rx_finalize
     /tmp/cclJtHuD.s:951    .text.rx_finalize:000001d4 $d
     /tmp/cclJtHuD.s:968    .text.rx_execute:00000000 $t
     /tmp/cclJtHuD.s:974    .text.rx_execute:00000000 rx_execute
     /tmp/cclJtHuD.s:1056   .text.rx_execute:00000048 $d
     /tmp/cclJtHuD.s:1063   .text.rx_execute:00000050 $t
     /tmp/cclJtHuD.s:1856   .text.rx_execute:00000384 $d
     /tmp/cclJtHuD.s:1873   .text.rx_decode:00000000 rx_decode
     /tmp/cclJtHuD.s:1867   .text.rx_decode:00000000 $t
     /tmp/cclJtHuD.s:2664   .text.rx_decode:00000314 $d
     /tmp/cclJtHuD.s:2672   .text.rx_task_reset:00000000 $t
     /tmp/cclJtHuD.s:2679   .text.rx_task_reset:00000000 rx_task_reset
     /tmp/cclJtHuD.s:2720   .text.rx_task_reset:00000018 $d
     /tmp/cclJtHuD.s:2729   .text.rx_task_schedule:00000000 $t
     /tmp/cclJtHuD.s:2736   .text.rx_task_schedule:00000000 rx_task_schedule
     /tmp/cclJtHuD.s:2803   .text.rx_task_schedule:00000038 $d
     /tmp/cclJtHuD.s:2815   .rodata:00000000 rx_sched_set
     /tmp/cclJtHuD.s:2811   .rodata:00000000 $d
     /tmp/cclJtHuD.s:2841   .bss:00000000 $d
     /tmp/cclJtHuD.s:2845   .bss:00000000 rx_task

UNDEFINED SYMBOLS
hop_channel
btphy_rf_tune_chan
cc2400_strobe
cc2400_set
mem_pool_alloc
btphy_whiten_seed
dma_init_rx_single
dio_ssp_start_rx
btphy
rf_state
rev8_map
hop_state
dio_ssp_stop
dma_get_rx_offset
bbcodec_decode_finalize
die
cc2400_get
bbcodec_decode_header
bbcodec_decode_chunk
cprintf
tdma_schedule
mem_pool_free
tdma_schedule_set
tdma_end_set
