ARM GAS  /tmp/ccVZ27zp.s 			page 1


   1              		.cpu cortex-m3
   2              		.arch armv7-m
   3              		.fpu softvfp
   4              		.eabi_attribute 20, 1
   5              		.eabi_attribute 21, 1
   6              		.eabi_attribute 23, 3
   7              		.eabi_attribute 24, 1
   8              		.eabi_attribute 25, 1
   9              		.eabi_attribute 26, 1
  10              		.eabi_attribute 30, 2
  11              		.eabi_attribute 34, 1
  12              		.eabi_attribute 18, 4
  13              		.file	"tdma_sched.c"
  14              		.text
  15              	.Ltext0:
  16              		.cfi_sections	.debug_frame
  17              		.file 1 "src/btphy/tdma_sched.c"
  18              		.section	.text.tdma_end_set,"ax",%progbits
  19              		.align	1
  20              		.p2align 2,,3
  21              		.global	tdma_end_set
  22              		.syntax unified
  23              		.thumb
  24              		.thumb_func
  26              	tdma_end_set:
  27              	.LVL0:
  28              	.LFB1:
   1:src/btphy/tdma_sched.c **** /* TDMA Scheduler Implementation */
   2:src/btphy/tdma_sched.c **** 
   3:src/btphy/tdma_sched.c **** /* (C) 2010 by Harald Welte <laforge@gnumonks.org>
   4:src/btphy/tdma_sched.c ****  *
   5:src/btphy/tdma_sched.c ****  * All Rights Reserved
   6:src/btphy/tdma_sched.c ****  *
   7:src/btphy/tdma_sched.c ****  * This program is free software; you can redistribute it and/or modify
   8:src/btphy/tdma_sched.c ****  * it under the terms of the GNU General Public License as published by
   9:src/btphy/tdma_sched.c ****  * the Free Software Foundation; either version 2 of the License, or
  10:src/btphy/tdma_sched.c ****  * (at your option) any later version.
  11:src/btphy/tdma_sched.c ****  *
  12:src/btphy/tdma_sched.c ****  * This program is distributed in the hope that it will be useful,
  13:src/btphy/tdma_sched.c ****  * but WITHOUT ANY WARRANTY; without even the implied warranty of
  14:src/btphy/tdma_sched.c ****  * MERCHANTABILITY or FITNESS FOR A PARTICULAR PURPOSE.  See the
  15:src/btphy/tdma_sched.c ****  * GNU General Public License for more details.
  16:src/btphy/tdma_sched.c ****  *
  17:src/btphy/tdma_sched.c ****  * You should have received a copy of the GNU General Public License along
  18:src/btphy/tdma_sched.c ****  * with this program; if not, write to the Free Software Foundation, Inc.,
  19:src/btphy/tdma_sched.c ****  * 51 Franklin Street, Fifth Floor, Boston, MA 02110-1301 USA.
  20:src/btphy/tdma_sched.c ****  *
  21:src/btphy/tdma_sched.c ****  */
  22:src/btphy/tdma_sched.c **** 
  23:src/btphy/tdma_sched.c **** #include <stdint.h>
  24:src/btphy/tdma_sched.c **** //#include <stdio.h>
  25:src/btphy/tdma_sched.c **** #include <string.h>
  26:src/btphy/tdma_sched.c **** 
  27:src/btphy/tdma_sched.c **** #include <ubtbr/cfg.h>
  28:src/btphy/tdma_sched.c **** #include <ubtbr/defines.h>
  29:src/btphy/tdma_sched.c **** #include <ubtbr/debug.h>
  30:src/btphy/tdma_sched.c **** 
ARM GAS  /tmp/ccVZ27zp.s 			page 2


  31:src/btphy/tdma_sched.c **** #include <ubtbr/tdma_sched.h>
  32:src/btphy/tdma_sched.c **** 
  33:src/btphy/tdma_sched.c **** static struct tdma_scheduler tdma_sched;
  34:src/btphy/tdma_sched.c **** 
  35:src/btphy/tdma_sched.c **** /* dummy function to mark end of set */
  36:src/btphy/tdma_sched.c **** int tdma_end_set(__unused uint8_t p1, __unused uint8_t p2,
  37:src/btphy/tdma_sched.c **** 		 __unused uint16_t p3)
  38:src/btphy/tdma_sched.c **** {
  29              		.loc 1 38 1 view -0
  30              		.cfi_startproc
  31              		@ args = 0, pretend = 0, frame = 0
  32              		@ frame_needed = 0, uses_anonymous_args = 0
  33              		@ link register save eliminated.
  34              		.loc 1 38 1 is_stmt 0 view .LVU1
  39:src/btphy/tdma_sched.c **** 	return 0;
  35              		.loc 1 39 2 is_stmt 1 view .LVU2
  40:src/btphy/tdma_sched.c **** }
  36              		.loc 1 40 1 is_stmt 0 view .LVU3
  37 0000 0020     		movs	r0, #0
  38              	.LVL1:
  39              		.loc 1 40 1 view .LVU4
  40 0002 7047     		bx	lr
  41              		.cfi_endproc
  42              	.LFE1:
  44              		.section	.rodata.str1.4,"aMS",%progbits,1
  45              		.align	2
  46              	.LC0:
  47 0000 74646D61 		.ascii	"tdma_schedule bucket overflow\012\000"
  47      5F736368 
  47      6564756C 
  47      65206275 
  47      636B6574 
  48              		.section	.text.tdma_schedule,"ax",%progbits
  49              		.align	1
  50              		.p2align 2,,3
  51              		.global	tdma_schedule
  52              		.syntax unified
  53              		.thumb
  54              		.thumb_func
  56              	tdma_schedule:
  57              	.LVL2:
  58              	.LFB3:
  41:src/btphy/tdma_sched.c **** 
  42:src/btphy/tdma_sched.c **** static uint8_t wrap_bucket(uint8_t offset)
  43:src/btphy/tdma_sched.c **** {
  44:src/btphy/tdma_sched.c **** 	uint16_t bucket;
  45:src/btphy/tdma_sched.c **** 
  46:src/btphy/tdma_sched.c **** 	bucket = (tdma_sched.cur_bucket + offset)
  47:src/btphy/tdma_sched.c **** 					% ARRAY_SIZE(tdma_sched.bucket);
  48:src/btphy/tdma_sched.c **** 
  49:src/btphy/tdma_sched.c **** 	return bucket;
  50:src/btphy/tdma_sched.c **** }
  51:src/btphy/tdma_sched.c **** 
  52:src/btphy/tdma_sched.c **** /* Schedule an item at 'frame_offset' TDMA frames in the future */
  53:src/btphy/tdma_sched.c **** int tdma_schedule(uint8_t frame_offset, tdma_sched_cb *cb,
  54:src/btphy/tdma_sched.c ****                   uint8_t p1, uint8_t p2, uint16_t p3, int16_t prio)
  55:src/btphy/tdma_sched.c **** {
ARM GAS  /tmp/ccVZ27zp.s 			page 3


  59              		.loc 1 55 1 is_stmt 1 view -0
  60              		.cfi_startproc
  61              		@ args = 8, pretend = 0, frame = 0
  62              		@ frame_needed = 0, uses_anonymous_args = 0
  63              		.loc 1 55 1 is_stmt 0 view .LVU6
  64 0000 2DE9F041 		push	{r4, r5, r6, r7, r8, lr}
  65              		.cfi_def_cfa_offset 24
  66              		.cfi_offset 4, -24
  67              		.cfi_offset 5, -20
  68              		.cfi_offset 6, -16
  69              		.cfi_offset 7, -12
  70              		.cfi_offset 8, -8
  71              		.cfi_offset 14, -4
  56:src/btphy/tdma_sched.c **** 	struct tdma_scheduler *sched = &tdma_sched;
  72              		.loc 1 56 2 is_stmt 1 view .LVU7
  73              	.LVL3:
  57:src/btphy/tdma_sched.c **** 	uint8_t bucket_nr = wrap_bucket(frame_offset);
  74              		.loc 1 57 2 view .LVU8
  75              	.LBB14:
  76              	.LBI14:
  42:src/btphy/tdma_sched.c **** {
  77              		.loc 1 42 16 view .LVU9
  78              	.LBB15:
  44:src/btphy/tdma_sched.c **** 
  79              		.loc 1 44 2 view .LVU10
  46:src/btphy/tdma_sched.c **** 					% ARRAY_SIZE(tdma_sched.bucket);
  80              		.loc 1 46 2 view .LVU11
  49:src/btphy/tdma_sched.c **** }
  81              		.loc 1 49 2 view .LVU12
  49:src/btphy/tdma_sched.c **** }
  82              		.loc 1 49 2 is_stmt 0 view .LVU13
  83              	.LBE15:
  84              	.LBE14:
  58:src/btphy/tdma_sched.c **** 	struct tdma_sched_bucket *bucket = &sched->bucket[bucket_nr];
  85              		.loc 1 58 2 is_stmt 1 view .LVU14
  55:src/btphy/tdma_sched.c **** 	struct tdma_scheduler *sched = &tdma_sched;
  86              		.loc 1 55 1 is_stmt 0 view .LVU15
  87 0004 9846     		mov	r8, r3
  59:src/btphy/tdma_sched.c **** 	struct tdma_sched_item *sched_item;
  60:src/btphy/tdma_sched.c **** 
  61:src/btphy/tdma_sched.c **** 	if (bucket->num_items >= ARRAY_SIZE(bucket->item)) {
  88              		.loc 1 61 12 view .LVU16
  89 0006 3423     		movs	r3, #52
  90              	.LVL4:
  91              	.LBB19:
  92              	.LBB16:
  46:src/btphy/tdma_sched.c **** 					% ARRAY_SIZE(tdma_sched.bucket);
  93              		.loc 1 46 22 view .LVU17
  94 0008 DFF85CE0 		ldr	lr, .L7
  95              	.LBE16:
  96              	.LBE19:
  55:src/btphy/tdma_sched.c **** 	struct tdma_scheduler *sched = &tdma_sched;
  97              		.loc 1 55 1 view .LVU18
  98 000c 1746     		mov	r7, r2
  99              	.LBB20:
 100              	.LBB17:
  47:src/btphy/tdma_sched.c **** 
ARM GAS  /tmp/ccVZ27zp.s 			page 4


 101              		.loc 1 47 6 view .LVU19
 102 000e 9EF84023 		ldrb	r2, [lr, #832]	@ zero_extendqisi2
 103              	.LVL5:
  47:src/btphy/tdma_sched.c **** 
 104              		.loc 1 47 6 view .LVU20
 105              	.LBE17:
 106              	.LBE20:
  55:src/btphy/tdma_sched.c **** 	struct tdma_scheduler *sched = &tdma_sched;
 107              		.loc 1 55 1 view .LVU21
 108 0012 BDF81840 		ldrh	r4, [sp, #24]
 109              	.LBB21:
 110              	.LBB18:
  47:src/btphy/tdma_sched.c **** 
 111              		.loc 1 47 6 view .LVU22
 112 0016 00EB020C 		add	ip, r0, r2
 113              	.LBE18:
 114              	.LBE21:
  58:src/btphy/tdma_sched.c **** 	struct tdma_sched_item *sched_item;
 115              		.loc 1 58 51 view .LVU23
 116 001a 0CF00F0C 		and	ip, ip, #15
 117              	.LVL6:
  59:src/btphy/tdma_sched.c **** 
 118              		.loc 1 59 2 is_stmt 1 view .LVU24
 119              		.loc 1 61 2 view .LVU25
 120              		.loc 1 61 12 is_stmt 0 view .LVU26
 121 001e 03FB0CFC 		mul	ip, r3, ip
 122              	.LVL7:
 123              		.loc 1 61 12 view .LVU27
 124 0022 0EEB0C02 		add	r2, lr, ip
 125              	.LVL8:
 126              		.loc 1 61 12 view .LVU28
 127 0026 92F83030 		ldrb	r3, [r2, #48]	@ zero_extendqisi2
  55:src/btphy/tdma_sched.c **** 	struct tdma_scheduler *sched = &tdma_sched;
 128              		.loc 1 55 1 view .LVU29
 129 002a BDF91C60 		ldrsh	r6, [sp, #28]
 130              		.loc 1 61 5 view .LVU30
 131 002e 032B     		cmp	r3, #3
 132 0030 14D8     		bhi	.L6
  62:src/btphy/tdma_sched.c **** 		cprintf("tdma_schedule bucket overflow\n");
  63:src/btphy/tdma_sched.c **** 		return -1;
  64:src/btphy/tdma_sched.c **** 	}
  65:src/btphy/tdma_sched.c **** 
  66:src/btphy/tdma_sched.c **** 	sched_item = &bucket->item[bucket->num_items++];
 133              		.loc 1 66 2 is_stmt 1 view .LVU31
  67:src/btphy/tdma_sched.c **** 
  68:src/btphy/tdma_sched.c **** 	sched_item->cb = cb;
  69:src/btphy/tdma_sched.c **** 	sched_item->p1 = p1;
  70:src/btphy/tdma_sched.c **** 	sched_item->p2 = p2;
  71:src/btphy/tdma_sched.c **** 	sched_item->p3 = p3;
  72:src/btphy/tdma_sched.c **** 	sched_item->prio = prio;
  73:src/btphy/tdma_sched.c **** 
  74:src/btphy/tdma_sched.c **** 	return 0;
 134              		.loc 1 74 9 is_stmt 0 view .LVU32
 135 0032 0020     		movs	r0, #0
 136              	.LVL9:
  68:src/btphy/tdma_sched.c **** 	sched_item->p1 = p1;
 137              		.loc 1 68 17 view .LVU33
ARM GAS  /tmp/ccVZ27zp.s 			page 5


 138 0034 03EB4305 		add	r5, r3, r3, lsl #1
 139 0038 0CEB850C 		add	ip, ip, r5, lsl #2
 140 003c 4EF80C10 		str	r1, [lr, ip]
  66:src/btphy/tdma_sched.c **** 
 141              		.loc 1 66 46 view .LVU34
 142 0040 0133     		adds	r3, r3, #1
  68:src/btphy/tdma_sched.c **** 	sched_item->p1 = p1;
 143              		.loc 1 68 17 view .LVU35
 144 0042 E644     		add	lr, lr, ip
  69:src/btphy/tdma_sched.c **** 	sched_item->p2 = p2;
 145              		.loc 1 69 17 view .LVU36
 146 0044 8EF80470 		strb	r7, [lr, #4]
  70:src/btphy/tdma_sched.c **** 	sched_item->p3 = p3;
 147              		.loc 1 70 17 view .LVU37
 148 0048 8EF80580 		strb	r8, [lr, #5]
  71:src/btphy/tdma_sched.c **** 	sched_item->prio = prio;
 149              		.loc 1 71 17 view .LVU38
 150 004c AEF80640 		strh	r4, [lr, #6]	@ movhi
  66:src/btphy/tdma_sched.c **** 
 151              		.loc 1 66 46 view .LVU39
 152 0050 82F83030 		strb	r3, [r2, #48]
 153              	.LVL10:
  68:src/btphy/tdma_sched.c **** 	sched_item->p1 = p1;
 154              		.loc 1 68 2 is_stmt 1 view .LVU40
  69:src/btphy/tdma_sched.c **** 	sched_item->p2 = p2;
 155              		.loc 1 69 2 view .LVU41
  70:src/btphy/tdma_sched.c **** 	sched_item->p3 = p3;
 156              		.loc 1 70 2 view .LVU42
  71:src/btphy/tdma_sched.c **** 	sched_item->prio = prio;
 157              		.loc 1 71 2 view .LVU43
  72:src/btphy/tdma_sched.c **** 
 158              		.loc 1 72 2 view .LVU44
  72:src/btphy/tdma_sched.c **** 
 159              		.loc 1 72 19 is_stmt 0 view .LVU45
 160 0054 AEF80860 		strh	r6, [lr, #8]	@ movhi
 161              		.loc 1 74 2 is_stmt 1 view .LVU46
 162              	.LVL11:
 163              	.L3:
  75:src/btphy/tdma_sched.c **** }
 164              		.loc 1 75 1 is_stmt 0 view .LVU47
 165 0058 BDE8F081 		pop	{r4, r5, r6, r7, r8, pc}
 166              	.LVL12:
 167              	.L6:
  62:src/btphy/tdma_sched.c **** 		return -1;
 168              		.loc 1 62 3 is_stmt 1 view .LVU48
 169 005c 0348     		ldr	r0, .L7+4
 170              	.LVL13:
  62:src/btphy/tdma_sched.c **** 		return -1;
 171              		.loc 1 62 3 is_stmt 0 view .LVU49
 172 005e FFF7FEFF 		bl	cprintf
 173              	.LVL14:
  63:src/btphy/tdma_sched.c **** 	}
 174              		.loc 1 63 3 is_stmt 1 view .LVU50
  63:src/btphy/tdma_sched.c **** 	}
 175              		.loc 1 63 10 is_stmt 0 view .LVU51
 176 0062 4FF0FF30 		mov	r0, #-1
 177 0066 F7E7     		b	.L3
ARM GAS  /tmp/ccVZ27zp.s 			page 6


 178              	.L8:
 179              		.align	2
 180              	.L7:
 181 0068 00000000 		.word	.LANCHOR0
 182 006c 00000000 		.word	.LC0
 183              		.cfi_endproc
 184              	.LFE3:
 186              		.section	.text.tdma_schedule_set,"ax",%progbits
 187              		.align	1
 188              		.p2align 2,,3
 189              		.global	tdma_schedule_set
 190              		.syntax unified
 191              		.thumb
 192              		.thumb_func
 194              	tdma_schedule_set:
 195              	.LVL15:
 196              	.LFB4:
  76:src/btphy/tdma_sched.c **** 
  77:src/btphy/tdma_sched.c **** /* Schedule a set of items starting from 'frame_offset' TDMA frames in the future */
  78:src/btphy/tdma_sched.c **** int tdma_schedule_set(uint8_t frame_offset, const struct tdma_sched_item *item_set, uint16_t p3)
  79:src/btphy/tdma_sched.c **** {
 197              		.loc 1 79 1 is_stmt 1 view -0
 198              		.cfi_startproc
 199              		@ args = 0, pretend = 0, frame = 8
 200              		@ frame_needed = 0, uses_anonymous_args = 0
 201              		.loc 1 79 1 is_stmt 0 view .LVU53
 202 0000 2DE9F04F 		push	{r4, r5, r6, r7, r8, r9, r10, fp, lr}
 203              		.cfi_def_cfa_offset 36
 204              		.cfi_offset 4, -36
 205              		.cfi_offset 5, -32
 206              		.cfi_offset 6, -28
 207              		.cfi_offset 7, -24
 208              		.cfi_offset 8, -20
 209              		.cfi_offset 9, -16
 210              		.cfi_offset 10, -12
 211              		.cfi_offset 11, -8
 212              		.cfi_offset 14, -4
 213 0004 83B0     		sub	sp, sp, #12
 214              		.cfi_def_cfa_offset 48
  80:src/btphy/tdma_sched.c **** 	struct tdma_scheduler *sched = &tdma_sched;
 215              		.loc 1 80 2 is_stmt 1 view .LVU54
 216              	.LVL16:
  81:src/btphy/tdma_sched.c **** 	uint8_t bucket_nr = wrap_bucket(frame_offset);
 217              		.loc 1 81 2 view .LVU55
 218              	.LBB22:
  82:src/btphy/tdma_sched.c **** 	int i, j;
  83:src/btphy/tdma_sched.c **** 
  84:src/btphy/tdma_sched.c **** 	for (i = 0, j = 0; 1; i++) {
  85:src/btphy/tdma_sched.c **** 		const struct tdma_sched_item *sched_item = &item_set[i];
  86:src/btphy/tdma_sched.c **** 		struct tdma_sched_bucket *bucket = &sched->bucket[bucket_nr];
  87:src/btphy/tdma_sched.c **** 
  88:src/btphy/tdma_sched.c **** 		if (sched_item->cb == &tdma_end_set) {
 219              		.loc 1 88 6 is_stmt 0 view .LVU56
 220 0006 DFF89C80 		ldr	r8, .L19
 221              		.loc 1 88 17 view .LVU57
 222 000a 0B68     		ldr	r3, [r1]
 223              	.LBE22:
ARM GAS  /tmp/ccVZ27zp.s 			page 7


  79:src/btphy/tdma_sched.c **** 	struct tdma_scheduler *sched = &tdma_sched;
 224              		.loc 1 79 1 view .LVU58
 225 000c 9246     		mov	r10, r2
 226              	.LBB31:
 227              		.loc 1 88 6 view .LVU59
 228 000e 4345     		cmp	r3, r8
 229              	.LBE31:
  79:src/btphy/tdma_sched.c **** 	struct tdma_scheduler *sched = &tdma_sched;
 230              		.loc 1 79 1 view .LVU60
 231 0010 0246     		mov	r2, r0
 232              	.LVL17:
 233              	.LBB32:
 234              	.LBI32:
  42:src/btphy/tdma_sched.c **** {
 235              		.loc 1 42 16 is_stmt 1 view .LVU61
 236              	.LBB33:
  44:src/btphy/tdma_sched.c **** 
 237              		.loc 1 44 2 view .LVU62
  46:src/btphy/tdma_sched.c **** 					% ARRAY_SIZE(tdma_sched.bucket);
 238              		.loc 1 46 2 view .LVU63
  49:src/btphy/tdma_sched.c **** }
 239              		.loc 1 49 2 view .LVU64
  49:src/btphy/tdma_sched.c **** }
 240              		.loc 1 49 2 is_stmt 0 view .LVU65
 241              	.LBE33:
 242              	.LBE32:
  82:src/btphy/tdma_sched.c **** 
 243              		.loc 1 82 2 is_stmt 1 view .LVU66
  84:src/btphy/tdma_sched.c **** 		const struct tdma_sched_item *sched_item = &item_set[i];
 244              		.loc 1 84 2 view .LVU67
 245              	.LBB35:
  85:src/btphy/tdma_sched.c **** 		struct tdma_sched_bucket *bucket = &sched->bucket[bucket_nr];
 246              		.loc 1 85 3 view .LVU68
  86:src/btphy/tdma_sched.c **** 
 247              		.loc 1 86 3 view .LVU69
 248              		.loc 1 88 3 view .LVU70
 249              		.loc 1 88 6 is_stmt 0 view .LVU71
 250 0012 44D0     		beq	.L15
 251              	.LBE35:
  84:src/btphy/tdma_sched.c **** 		const struct tdma_sched_item *sched_item = &item_set[i];
 252              		.loc 1 84 16 view .LVU72
 253 0014 0020     		movs	r0, #0
 254 0016 8B46     		mov	fp, r1
 255              	.LBB36:
  89:src/btphy/tdma_sched.c **** 			/* end of scheduler set, return */
  90:src/btphy/tdma_sched.c **** 			break;
  91:src/btphy/tdma_sched.c **** 		}
  92:src/btphy/tdma_sched.c **** 
  93:src/btphy/tdma_sched.c **** 		if (sched_item->cb == NULL) {
  94:src/btphy/tdma_sched.c **** 			/* advance to next bucket (== TDMA frame) */
  95:src/btphy/tdma_sched.c **** 			bucket_nr = wrap_bucket(++frame_offset);
  96:src/btphy/tdma_sched.c **** 			j++;
  97:src/btphy/tdma_sched.c **** 			continue;
  98:src/btphy/tdma_sched.c **** 		}
  99:src/btphy/tdma_sched.c **** 		/* check for bucket overflow */
 100:src/btphy/tdma_sched.c **** 		if (bucket->num_items >= ARRAY_SIZE(bucket->item)) {
 256              		.loc 1 100 13 view .LVU73
ARM GAS  /tmp/ccVZ27zp.s 			page 8


 257 0018 4FF03409 		mov	r9, #52
 258              	.LBE36:
 259              	.LBB37:
 260              	.LBB34:
  46:src/btphy/tdma_sched.c **** 					% ARRAY_SIZE(tdma_sched.bucket);
 261              		.loc 1 46 22 view .LVU74
 262 001c 224E     		ldr	r6, .L19+4
 263 001e CDE90002 		strd	r0, r2, [sp]
  47:src/btphy/tdma_sched.c **** 
 264              		.loc 1 47 6 view .LVU75
 265 0022 96F84073 		ldrb	r7, [r6, #832]	@ zero_extendqisi2
 266 0026 1744     		add	r7, r7, r2
 267 0028 07F00F07 		and	r7, r7, #15
 268              	.LVL18:
 269              	.L14:
  47:src/btphy/tdma_sched.c **** 
 270              		.loc 1 47 6 view .LVU76
 271              	.LBE34:
 272              	.LBE37:
 273              	.LBB38:
  93:src/btphy/tdma_sched.c **** 			/* advance to next bucket (== TDMA frame) */
 274              		.loc 1 93 3 is_stmt 1 view .LVU77
 275              		.loc 1 100 3 view .LVU78
 101:src/btphy/tdma_sched.c **** 			cprintf("tdma_schedule bucket overflow\n");
 102:src/btphy/tdma_sched.c **** 			return -1;
 103:src/btphy/tdma_sched.c **** 		}
 104:src/btphy/tdma_sched.c **** 		/* copy the item from the set into the current bucket item position */
 105:src/btphy/tdma_sched.c **** 		memcpy(&bucket->item[bucket->num_items], sched_item, sizeof(*sched_item));
 276              		.loc 1 105 3 view .LVU79
  93:src/btphy/tdma_sched.c **** 			/* advance to next bucket (== TDMA frame) */
 277              		.loc 1 93 6 is_stmt 0 view .LVU80
 278 002c 1BB3     		cbz	r3, .L17
 100:src/btphy/tdma_sched.c **** 			cprintf("tdma_schedule bucket overflow\n");
 279              		.loc 1 100 13 view .LVU81
 280 002e 09FB07F4 		mul	r4, r9, r7
 281 0032 3519     		adds	r5, r6, r4
 282 0034 95F83020 		ldrb	r2, [r5, #48]	@ zero_extendqisi2
 283              		.loc 1 105 10 view .LVU82
 284 0038 02EB4200 		add	r0, r2, r2, lsl #1
 285 003c 04EB8000 		add	r0, r4, r0, lsl #2
 100:src/btphy/tdma_sched.c **** 			cprintf("tdma_schedule bucket overflow\n");
 286              		.loc 1 100 6 view .LVU83
 287 0040 032A     		cmp	r2, #3
 288              		.loc 1 105 3 view .LVU84
 289 0042 3044     		add	r0, r0, r6
 100:src/btphy/tdma_sched.c **** 			cprintf("tdma_schedule bucket overflow\n");
 290              		.loc 1 100 6 view .LVU85
 291 0044 23D8     		bhi	.L18
 292              		.loc 1 105 3 view .LVU86
 293 0046 0C22     		movs	r2, #12
 294 0048 5946     		mov	r1, fp
 295 004a FFF7FEFF 		bl	memcpy
 296              	.LVL19:
 106:src/btphy/tdma_sched.c **** 		bucket->item[bucket->num_items].p3 = p3;
 297              		.loc 1 106 3 is_stmt 1 view .LVU87
 298              		.loc 1 106 22 is_stmt 0 view .LVU88
 299 004e 95F83020 		ldrb	r2, [r5, #48]	@ zero_extendqisi2
ARM GAS  /tmp/ccVZ27zp.s 			page 9


 300              		.loc 1 106 38 view .LVU89
 301 0052 02EB4200 		add	r0, r2, r2, lsl #1
 302 0056 04EB8004 		add	r4, r4, r0, lsl #2
 303 005a 3444     		add	r4, r4, r6
 107:src/btphy/tdma_sched.c **** 		bucket->num_items++;
 304              		.loc 1 107 20 view .LVU90
 305 005c 0132     		adds	r2, r2, #1
 306 005e 85F83020 		strb	r2, [r5, #48]
 106:src/btphy/tdma_sched.c **** 		bucket->item[bucket->num_items].p3 = p3;
 307              		.loc 1 106 38 view .LVU91
 308 0062 A4F806A0 		strh	r10, [r4, #6]	@ movhi
 309              		.loc 1 107 3 is_stmt 1 view .LVU92
 310              	.LVL20:
 311              	.L12:
 312              		.loc 1 107 3 is_stmt 0 view .LVU93
 313              	.LBE38:
  84:src/btphy/tdma_sched.c **** 		const struct tdma_sched_item *sched_item = &item_set[i];
 314              		.loc 1 84 25 is_stmt 1 view .LVU94
  84:src/btphy/tdma_sched.c **** 		const struct tdma_sched_item *sched_item = &item_set[i];
 315              		.loc 1 84 2 view .LVU95
 316              	.LBB39:
  85:src/btphy/tdma_sched.c **** 		struct tdma_sched_bucket *bucket = &sched->bucket[bucket_nr];
 317              		.loc 1 85 3 view .LVU96
  86:src/btphy/tdma_sched.c **** 
 318              		.loc 1 86 3 view .LVU97
  88:src/btphy/tdma_sched.c **** 			/* end of scheduler set, return */
 319              		.loc 1 88 3 view .LVU98
  88:src/btphy/tdma_sched.c **** 			/* end of scheduler set, return */
 320              		.loc 1 88 17 is_stmt 0 view .LVU99
 321 0066 5BF80C3F 		ldr	r3, [fp, #12]!
 322              	.LVL21:
  88:src/btphy/tdma_sched.c **** 			/* end of scheduler set, return */
 323              		.loc 1 88 6 view .LVU100
 324 006a 4345     		cmp	r3, r8
 325 006c DED1     		bne	.L14
  88:src/btphy/tdma_sched.c **** 			/* end of scheduler set, return */
 326              		.loc 1 88 6 view .LVU101
 327 006e 0098     		ldr	r0, [sp]
 328              	.LVL22:
 329              	.L9:
  88:src/btphy/tdma_sched.c **** 			/* end of scheduler set, return */
 330              		.loc 1 88 6 view .LVU102
 331              	.LBE39:
 108:src/btphy/tdma_sched.c **** 	}
 109:src/btphy/tdma_sched.c **** 
 110:src/btphy/tdma_sched.c **** 	return j;
 111:src/btphy/tdma_sched.c **** }
 332              		.loc 1 111 1 view .LVU103
 333 0070 03B0     		add	sp, sp, #12
 334              		.cfi_remember_state
 335              		.cfi_def_cfa_offset 36
 336              		@ sp needed
 337 0072 BDE8F08F 		pop	{r4, r5, r6, r7, r8, r9, r10, fp, pc}
 338              	.LVL23:
 339              	.L17:
 340              		.cfi_restore_state
 341              	.LBB40:
ARM GAS  /tmp/ccVZ27zp.s 			page 10


  95:src/btphy/tdma_sched.c **** 			j++;
 342              		.loc 1 95 4 is_stmt 1 view .LVU104
  95:src/btphy/tdma_sched.c **** 			j++;
 343              		.loc 1 95 14 is_stmt 0 view .LVU105
 344 0076 019B     		ldr	r3, [sp, #4]
 345              	.LBB23:
 346              	.LBB24:
  47:src/btphy/tdma_sched.c **** 
 347              		.loc 1 47 6 view .LVU106
 348 0078 96F84073 		ldrb	r7, [r6, #832]	@ zero_extendqisi2
 349              	.LVL24:
  47:src/btphy/tdma_sched.c **** 
 350              		.loc 1 47 6 view .LVU107
 351              	.LBE24:
 352              	.LBE23:
  95:src/btphy/tdma_sched.c **** 			j++;
 353              		.loc 1 95 14 view .LVU108
 354 007c 0133     		adds	r3, r3, #1
 355              	.LBB28:
 356              	.LBB25:
  47:src/btphy/tdma_sched.c **** 
 357              		.loc 1 47 6 view .LVU109
 358 007e 1F44     		add	r7, r7, r3
 359              	.LBE25:
 360              	.LBE28:
  95:src/btphy/tdma_sched.c **** 			j++;
 361              		.loc 1 95 14 view .LVU110
 362 0080 0193     		str	r3, [sp, #4]
 363              	.LVL25:
 364              	.LBB29:
 365              	.LBI23:
  42:src/btphy/tdma_sched.c **** {
 366              		.loc 1 42 16 is_stmt 1 view .LVU111
 367              	.LBB26:
  44:src/btphy/tdma_sched.c **** 
 368              		.loc 1 44 2 view .LVU112
  46:src/btphy/tdma_sched.c **** 					% ARRAY_SIZE(tdma_sched.bucket);
 369              		.loc 1 46 2 view .LVU113
 370              	.LBE26:
 371              	.LBE29:
  96:src/btphy/tdma_sched.c **** 			continue;
 372              		.loc 1 96 5 is_stmt 0 view .LVU114
 373 0082 009B     		ldr	r3, [sp]
 374              	.LVL26:
  96:src/btphy/tdma_sched.c **** 			continue;
 375              		.loc 1 96 5 view .LVU115
 376 0084 07F00F07 		and	r7, r7, #15
 377              	.LVL27:
 378              	.LBB30:
 379              	.LBB27:
  49:src/btphy/tdma_sched.c **** }
 380              		.loc 1 49 2 is_stmt 1 view .LVU116
  49:src/btphy/tdma_sched.c **** }
 381              		.loc 1 49 2 is_stmt 0 view .LVU117
 382              	.LBE27:
 383              	.LBE30:
  96:src/btphy/tdma_sched.c **** 			continue;
ARM GAS  /tmp/ccVZ27zp.s 			page 11


 384              		.loc 1 96 4 is_stmt 1 view .LVU118
  96:src/btphy/tdma_sched.c **** 			continue;
 385              		.loc 1 96 5 is_stmt 0 view .LVU119
 386 0088 0133     		adds	r3, r3, #1
 387 008a 0093     		str	r3, [sp]
 388              	.LVL28:
  97:src/btphy/tdma_sched.c **** 		}
 389              		.loc 1 97 4 is_stmt 1 view .LVU120
 390 008c EBE7     		b	.L12
 391              	.LVL29:
 392              	.L18:
 101:src/btphy/tdma_sched.c **** 			return -1;
 393              		.loc 1 101 4 view .LVU121
 394 008e 0748     		ldr	r0, .L19+8
 395 0090 FFF7FEFF 		bl	cprintf
 396              	.LVL30:
 102:src/btphy/tdma_sched.c **** 		}
 397              		.loc 1 102 4 view .LVU122
 102:src/btphy/tdma_sched.c **** 		}
 398              		.loc 1 102 11 is_stmt 0 view .LVU123
 399 0094 4FF0FF30 		mov	r0, #-1
 400              	.LBE40:
 401              		.loc 1 111 1 view .LVU124
 402 0098 03B0     		add	sp, sp, #12
 403              		.cfi_remember_state
 404              		.cfi_def_cfa_offset 36
 405              	.LVL31:
 406              		.loc 1 111 1 view .LVU125
 407              		@ sp needed
 408 009a BDE8F08F 		pop	{r4, r5, r6, r7, r8, r9, r10, fp, pc}
 409              	.LVL32:
 410              	.L15:
 411              		.cfi_restore_state
 110:src/btphy/tdma_sched.c **** }
 412              		.loc 1 110 9 view .LVU126
 413 009e 0020     		movs	r0, #0
 414 00a0 E6E7     		b	.L9
 415              	.L20:
 416 00a2 00BF     		.align	2
 417              	.L19:
 418 00a4 00000000 		.word	tdma_end_set
 419 00a8 00000000 		.word	.LANCHOR0
 420 00ac 00000000 		.word	.LC0
 421              		.cfi_endproc
 422              	.LFE4:
 424              		.section	.text.tdma_sched_advance,"ax",%progbits
 425              		.align	1
 426              		.p2align 2,,3
 427              		.global	tdma_sched_advance
 428              		.syntax unified
 429              		.thumb
 430              		.thumb_func
 432              	tdma_sched_advance:
 433              	.LFB5:
 112:src/btphy/tdma_sched.c **** 
 113:src/btphy/tdma_sched.c **** /* Advance TDMA scheduler to the next bucket */
 114:src/btphy/tdma_sched.c **** void tdma_sched_advance(void)
ARM GAS  /tmp/ccVZ27zp.s 			page 12


 115:src/btphy/tdma_sched.c **** {
 434              		.loc 1 115 1 is_stmt 1 view -0
 435              		.cfi_startproc
 436              		@ args = 0, pretend = 0, frame = 0
 437              		@ frame_needed = 0, uses_anonymous_args = 0
 438              		@ link register save eliminated.
 116:src/btphy/tdma_sched.c **** 	struct tdma_scheduler *sched = &tdma_sched;
 439              		.loc 1 116 2 view .LVU128
 440              	.LVL33:
 117:src/btphy/tdma_sched.c **** 	uint8_t next_bucket;
 441              		.loc 1 117 2 view .LVU129
 118:src/btphy/tdma_sched.c **** 
 119:src/btphy/tdma_sched.c **** 	/* advance to the next bucket */
 120:src/btphy/tdma_sched.c **** 	next_bucket = wrap_bucket(1);
 442              		.loc 1 120 2 view .LVU130
 443              	.LBB41:
 444              	.LBI41:
  42:src/btphy/tdma_sched.c **** {
 445              		.loc 1 42 16 view .LVU131
 446              	.LBB42:
  44:src/btphy/tdma_sched.c **** 
 447              		.loc 1 44 2 view .LVU132
  46:src/btphy/tdma_sched.c **** 					% ARRAY_SIZE(tdma_sched.bucket);
 448              		.loc 1 46 2 view .LVU133
  49:src/btphy/tdma_sched.c **** }
 449              		.loc 1 49 2 view .LVU134
  49:src/btphy/tdma_sched.c **** }
 450              		.loc 1 49 2 is_stmt 0 view .LVU135
 451              	.LBE42:
 452              	.LBE41:
 121:src/btphy/tdma_sched.c **** 	sched->cur_bucket = next_bucket;
 453              		.loc 1 121 2 is_stmt 1 view .LVU136
 454              		.loc 1 121 20 is_stmt 0 view .LVU137
 455 0000 044A     		ldr	r2, .L22
 456              	.LBB44:
 457              	.LBB43:
  47:src/btphy/tdma_sched.c **** 
 458              		.loc 1 47 6 view .LVU138
 459 0002 92F84033 		ldrb	r3, [r2, #832]	@ zero_extendqisi2
 460 0006 0133     		adds	r3, r3, #1
 461              	.LBE43:
 462              	.LBE44:
 463              		.loc 1 121 20 view .LVU139
 464 0008 03F00F03 		and	r3, r3, #15
 465 000c 82F84033 		strb	r3, [r2, #832]
 466              	.LVL34:
 122:src/btphy/tdma_sched.c **** }
 467              		.loc 1 122 1 view .LVU140
 468 0010 7047     		bx	lr
 469              	.L23:
 470 0012 00BF     		.align	2
 471              	.L22:
 472 0014 00000000 		.word	.LANCHOR0
 473              		.cfi_endproc
 474              	.LFE5:
 476              		.section	.text.tdma_sched_flag_scan,"ax",%progbits
 477              		.align	1
ARM GAS  /tmp/ccVZ27zp.s 			page 13


 478              		.p2align 2,,3
 479              		.global	tdma_sched_flag_scan
 480              		.syntax unified
 481              		.thumb
 482              		.thumb_func
 484              	tdma_sched_flag_scan:
 485              	.LFB6:
 123:src/btphy/tdma_sched.c **** 
 124:src/btphy/tdma_sched.c **** /* Scan current frame scheduled items for flags */
 125:src/btphy/tdma_sched.c **** uint16_t tdma_sched_flag_scan(void)
 126:src/btphy/tdma_sched.c **** {
 486              		.loc 1 126 1 is_stmt 1 view -0
 487              		.cfi_startproc
 488              		@ args = 0, pretend = 0, frame = 0
 489              		@ frame_needed = 0, uses_anonymous_args = 0
 490              		@ link register save eliminated.
 127:src/btphy/tdma_sched.c **** 	struct tdma_scheduler *sched = &tdma_sched;
 491              		.loc 1 127 2 view .LVU142
 492              	.LVL35:
 128:src/btphy/tdma_sched.c **** 	struct tdma_sched_bucket *bucket;
 493              		.loc 1 128 2 view .LVU143
 129:src/btphy/tdma_sched.c **** 	int i;
 494              		.loc 1 129 2 view .LVU144
 130:src/btphy/tdma_sched.c **** 	uint16_t flags = 0;
 495              		.loc 1 130 2 view .LVU145
 131:src/btphy/tdma_sched.c **** 
 132:src/btphy/tdma_sched.c **** 	/* determine current bucket */
 133:src/btphy/tdma_sched.c **** 	bucket = &sched->bucket[sched->cur_bucket];
 496              		.loc 1 133 2 view .LVU146
 134:src/btphy/tdma_sched.c **** 
 135:src/btphy/tdma_sched.c **** 	/* iterate over items in this bucket and call callback function */
 136:src/btphy/tdma_sched.c **** 	for (i=0; i<bucket->num_items; i++) {
 497              		.loc 1 136 20 is_stmt 0 discriminator 1 view .LVU147
 498 0000 3421     		movs	r1, #52
 133:src/btphy/tdma_sched.c **** 
 499              		.loc 1 133 31 view .LVU148
 500 0002 0D4B     		ldr	r3, .L37
 501 0004 93F84023 		ldrb	r2, [r3, #832]	@ zero_extendqisi2
 502              	.LVL36:
 503              		.loc 1 136 2 is_stmt 1 view .LVU149
 504              		.loc 1 136 13 discriminator 1 view .LVU150
 505              		.loc 1 136 20 is_stmt 0 discriminator 1 view .LVU151
 506 0008 01FB0233 		mla	r3, r1, r2, r3
 507 000c 93F83020 		ldrb	r2, [r3, #48]	@ zero_extendqisi2
 508              	.LVL37:
 509              		.loc 1 136 13 discriminator 1 view .LVU152
 510 0010 7AB1     		cbz	r2, .L27
 511              	.LBB45:
 137:src/btphy/tdma_sched.c **** 		struct tdma_sched_item *item = &bucket->item[i];
 512              		.loc 1 137 3 is_stmt 1 view .LVU153
 513              	.LVL38:
 138:src/btphy/tdma_sched.c **** 		flags |= item->flags;
 514              		.loc 1 138 3 view .LVU154
 515              	.LBE45:
 136:src/btphy/tdma_sched.c **** 		struct tdma_sched_item *item = &bucket->item[i];
 516              		.loc 1 136 13 is_stmt 0 discriminator 1 view .LVU155
 517 0012 012A     		cmp	r2, #1
ARM GAS  /tmp/ccVZ27zp.s 			page 14


 518              	.LBB46:
 519              		.loc 1 138 16 view .LVU156
 520 0014 5889     		ldrh	r0, [r3, #10]
 521              	.LBE46:
 136:src/btphy/tdma_sched.c **** 		struct tdma_sched_item *item = &bucket->item[i];
 522              		.loc 1 136 34 is_stmt 1 discriminator 3 view .LVU157
 523              	.LVL39:
 136:src/btphy/tdma_sched.c **** 		struct tdma_sched_item *item = &bucket->item[i];
 524              		.loc 1 136 13 discriminator 1 view .LVU158
 525 0016 0DD0     		beq	.L25
 526              	.LBB47:
 137:src/btphy/tdma_sched.c **** 		struct tdma_sched_item *item = &bucket->item[i];
 527              		.loc 1 137 3 view .LVU159
 528              	.LVL40:
 529              		.loc 1 138 3 view .LVU160
 530              		.loc 1 138 9 is_stmt 0 view .LVU161
 531 0018 D98A     		ldrh	r1, [r3, #22]
 532              	.LBE47:
 136:src/btphy/tdma_sched.c **** 		struct tdma_sched_item *item = &bucket->item[i];
 533              		.loc 1 136 13 discriminator 1 view .LVU162
 534 001a 022A     		cmp	r2, #2
 535              	.LBB48:
 536              		.loc 1 138 9 view .LVU163
 537 001c 40EA0100 		orr	r0, r0, r1
 538              	.LVL41:
 539              		.loc 1 138 9 view .LVU164
 540              	.LBE48:
 136:src/btphy/tdma_sched.c **** 		struct tdma_sched_item *item = &bucket->item[i];
 541              		.loc 1 136 34 is_stmt 1 discriminator 3 view .LVU165
 136:src/btphy/tdma_sched.c **** 		struct tdma_sched_item *item = &bucket->item[i];
 542              		.loc 1 136 13 discriminator 1 view .LVU166
 543 0020 08D0     		beq	.L25
 544              	.LBB49:
 137:src/btphy/tdma_sched.c **** 		struct tdma_sched_item *item = &bucket->item[i];
 545              		.loc 1 137 3 view .LVU167
 546              	.LVL42:
 547              		.loc 1 138 3 view .LVU168
 548              		.loc 1 138 9 is_stmt 0 view .LVU169
 549 0022 598C     		ldrh	r1, [r3, #34]
 550              	.LBE49:
 136:src/btphy/tdma_sched.c **** 		struct tdma_sched_item *item = &bucket->item[i];
 551              		.loc 1 136 13 discriminator 1 view .LVU170
 552 0024 032A     		cmp	r2, #3
 553              	.LBB50:
 554              		.loc 1 138 9 view .LVU171
 555 0026 40EA0100 		orr	r0, r0, r1
 556              	.LVL43:
 557              		.loc 1 138 9 view .LVU172
 558              	.LBE50:
 136:src/btphy/tdma_sched.c **** 		struct tdma_sched_item *item = &bucket->item[i];
 559              		.loc 1 136 34 is_stmt 1 discriminator 3 view .LVU173
 136:src/btphy/tdma_sched.c **** 		struct tdma_sched_item *item = &bucket->item[i];
 560              		.loc 1 136 13 discriminator 1 view .LVU174
 561 002a 03D0     		beq	.L25
 562              	.LBB51:
 137:src/btphy/tdma_sched.c **** 		struct tdma_sched_item *item = &bucket->item[i];
 563              		.loc 1 137 3 view .LVU175
ARM GAS  /tmp/ccVZ27zp.s 			page 15


 564              	.LVL44:
 565              		.loc 1 138 3 view .LVU176
 566              		.loc 1 138 9 is_stmt 0 view .LVU177
 567 002c DB8D     		ldrh	r3, [r3, #46]
 568 002e 1843     		orrs	r0, r0, r3
 569              	.LVL45:
 570              		.loc 1 138 9 view .LVU178
 571              	.LBE51:
 136:src/btphy/tdma_sched.c **** 		struct tdma_sched_item *item = &bucket->item[i];
 572              		.loc 1 136 34 is_stmt 1 discriminator 3 view .LVU179
 136:src/btphy/tdma_sched.c **** 		struct tdma_sched_item *item = &bucket->item[i];
 573              		.loc 1 136 13 discriminator 1 view .LVU180
 574 0030 7047     		bx	lr
 575              	.LVL46:
 576              	.L27:
 130:src/btphy/tdma_sched.c **** 
 577              		.loc 1 130 11 is_stmt 0 view .LVU181
 578 0032 1046     		mov	r0, r2
 579              	.LVL47:
 580              	.L25:
 139:src/btphy/tdma_sched.c **** 	}
 140:src/btphy/tdma_sched.c **** 
 141:src/btphy/tdma_sched.c **** 	return flags;
 581              		.loc 1 141 2 is_stmt 1 view .LVU182
 142:src/btphy/tdma_sched.c **** }
 582              		.loc 1 142 1 is_stmt 0 view .LVU183
 583 0034 7047     		bx	lr
 584              	.L38:
 585 0036 00BF     		.align	2
 586              	.L37:
 587 0038 00000000 		.word	.LANCHOR0
 588              		.cfi_endproc
 589              	.LFE6:
 591              		.section	.text.tdma_sched_execute,"ax",%progbits
 592              		.align	1
 593              		.p2align 2,,3
 594              		.global	tdma_sched_execute
 595              		.syntax unified
 596              		.thumb
 597              		.thumb_func
 599              	tdma_sched_execute:
 600              	.LFB8:
 143:src/btphy/tdma_sched.c **** 
 144:src/btphy/tdma_sched.c **** /* Sort a bucket entries by priority */
 145:src/btphy/tdma_sched.c **** static void _tdma_sched_bucket_sort(struct tdma_sched_bucket *bucket, int *seq)
 146:src/btphy/tdma_sched.c **** {
 147:src/btphy/tdma_sched.c **** 	int i, j, k;
 148:src/btphy/tdma_sched.c **** 	struct tdma_sched_item *item_i, *item_j;
 149:src/btphy/tdma_sched.c **** 
 150:src/btphy/tdma_sched.c **** 	/* initial sequence */
 151:src/btphy/tdma_sched.c **** 		/* we need all the items because some call back may schedule
 152:src/btphy/tdma_sched.c **** 		 * new call backs 'on the fly' */
 153:src/btphy/tdma_sched.c **** 	for (i=0; i<TDMASCHED_NUM_CB; i++)
 154:src/btphy/tdma_sched.c **** 		seq[i] = i;
 155:src/btphy/tdma_sched.c **** 
 156:src/btphy/tdma_sched.c **** 	/* iterate over items in this bucket and sort them */
 157:src/btphy/tdma_sched.c **** 	for (i=0; i<bucket->num_items; i++)
ARM GAS  /tmp/ccVZ27zp.s 			page 16


 158:src/btphy/tdma_sched.c **** 	{
 159:src/btphy/tdma_sched.c **** 		item_i = &bucket->item[seq[i]];
 160:src/btphy/tdma_sched.c **** 
 161:src/btphy/tdma_sched.c **** 		for (j=i+1; j<bucket->num_items; j++)
 162:src/btphy/tdma_sched.c **** 		{
 163:src/btphy/tdma_sched.c **** 			item_j = &bucket->item[seq[j]];
 164:src/btphy/tdma_sched.c **** 
 165:src/btphy/tdma_sched.c **** 			if (item_i->prio > item_j->prio)
 166:src/btphy/tdma_sched.c **** 			{
 167:src/btphy/tdma_sched.c **** 				item_i = item_j;
 168:src/btphy/tdma_sched.c **** 				k      = seq[i];
 169:src/btphy/tdma_sched.c **** 				seq[i] = seq[j];
 170:src/btphy/tdma_sched.c **** 				seq[j] = k;
 171:src/btphy/tdma_sched.c **** 			}
 172:src/btphy/tdma_sched.c **** 		}
 173:src/btphy/tdma_sched.c **** 	}
 174:src/btphy/tdma_sched.c **** }
 175:src/btphy/tdma_sched.c **** 
 176:src/btphy/tdma_sched.c **** /* Execute pre-scheduled events for current frame */
 177:src/btphy/tdma_sched.c **** int tdma_sched_execute(void)
 178:src/btphy/tdma_sched.c **** {
 601              		.loc 1 178 1 is_stmt 1 view -0
 602              		.cfi_startproc
 603              		@ args = 0, pretend = 0, frame = 24
 604              		@ frame_needed = 0, uses_anonymous_args = 0
 605 0000 2DE9F04F 		push	{r4, r5, r6, r7, r8, r9, r10, fp, lr}
 606              		.cfi_def_cfa_offset 36
 607              		.cfi_offset 4, -36
 608              		.cfi_offset 5, -32
 609              		.cfi_offset 6, -28
 610              		.cfi_offset 7, -24
 611              		.cfi_offset 8, -20
 612              		.cfi_offset 9, -16
 613              		.cfi_offset 10, -12
 614              		.cfi_offset 11, -8
 615              		.cfi_offset 14, -4
 616 0004 87B0     		sub	sp, sp, #28
 617              		.cfi_def_cfa_offset 64
 179:src/btphy/tdma_sched.c **** 	struct tdma_scheduler *sched = &tdma_sched;
 618              		.loc 1 179 2 view .LVU185
 619              	.LVL48:
 180:src/btphy/tdma_sched.c **** 	struct tdma_sched_bucket *bucket;
 620              		.loc 1 180 2 view .LVU186
 181:src/btphy/tdma_sched.c **** 	int i, num_events = 0;
 621              		.loc 1 181 2 view .LVU187
 182:src/btphy/tdma_sched.c **** 	int seq[TDMASCHED_NUM_CB];
 622              		.loc 1 182 2 view .LVU188
 183:src/btphy/tdma_sched.c **** 
 184:src/btphy/tdma_sched.c **** 	/* determine current bucket */
 185:src/btphy/tdma_sched.c **** 	bucket = &sched->bucket[sched->cur_bucket];
 623              		.loc 1 185 2 view .LVU189
 624              	.LBB55:
 625              	.LBB56:
 157:src/btphy/tdma_sched.c **** 	{
 626              		.loc 1 157 20 is_stmt 0 discriminator 1 view .LVU190
 627 0006 4FF0340C 		mov	ip, #52
 154:src/btphy/tdma_sched.c **** 
ARM GAS  /tmp/ccVZ27zp.s 			page 17


 628              		.loc 1 154 10 view .LVU191
 629 000a 0323     		movs	r3, #3
 630 000c 0222     		movs	r2, #2
 631 000e 0020     		movs	r0, #0
 632 0010 0121     		movs	r1, #1
 633              	.LBE56:
 634              	.LBE55:
 635              		.loc 1 185 31 view .LVU192
 636 0012 374D     		ldr	r5, .L60
 637              	.LBB60:
 638              	.LBB57:
 154:src/btphy/tdma_sched.c **** 
 639              		.loc 1 154 10 view .LVU193
 640 0014 CDE90423 		strd	r2, [sp, #16]
 641              	.LBE57:
 642              	.LBE60:
 643              		.loc 1 185 31 view .LVU194
 644 0018 95F84093 		ldrb	r9, [r5, #832]	@ zero_extendqisi2
 645              	.LVL49:
 186:src/btphy/tdma_sched.c **** 
 187:src/btphy/tdma_sched.c **** 	/* get sequence in priority order */
 188:src/btphy/tdma_sched.c **** 	_tdma_sched_bucket_sort(bucket, seq);
 646              		.loc 1 188 2 is_stmt 1 view .LVU195
 647              	.LBB61:
 648              	.LBI55:
 145:src/btphy/tdma_sched.c **** {
 649              		.loc 1 145 13 view .LVU196
 650              	.LBB58:
 147:src/btphy/tdma_sched.c **** 	struct tdma_sched_item *item_i, *item_j;
 651              		.loc 1 147 2 view .LVU197
 148:src/btphy/tdma_sched.c **** 
 652              		.loc 1 148 2 view .LVU198
 153:src/btphy/tdma_sched.c **** 		seq[i] = i;
 653              		.loc 1 153 2 view .LVU199
 153:src/btphy/tdma_sched.c **** 		seq[i] = i;
 654              		.loc 1 153 33 discriminator 3 view .LVU200
 153:src/btphy/tdma_sched.c **** 		seq[i] = i;
 655              		.loc 1 153 13 discriminator 1 view .LVU201
 154:src/btphy/tdma_sched.c **** 
 656              		.loc 1 154 3 view .LVU202
 153:src/btphy/tdma_sched.c **** 		seq[i] = i;
 657              		.loc 1 153 33 discriminator 3 view .LVU203
 153:src/btphy/tdma_sched.c **** 		seq[i] = i;
 658              		.loc 1 153 13 discriminator 1 view .LVU204
 157:src/btphy/tdma_sched.c **** 	{
 659              		.loc 1 157 13 discriminator 1 view .LVU205
 154:src/btphy/tdma_sched.c **** 
 660              		.loc 1 154 10 is_stmt 0 view .LVU206
 661 001c CDE90201 		strd	r0, [sp, #8]
 157:src/btphy/tdma_sched.c **** 	{
 662              		.loc 1 157 20 discriminator 1 view .LVU207
 663 0020 0CFB09FC 		mul	ip, ip, r9
 664 0024 05EB0C03 		add	r3, r5, ip
 665 0028 93F83040 		ldrb	r4, [r3, #48]	@ zero_extendqisi2
 666 002c 2746     		mov	r7, r4
 157:src/btphy/tdma_sched.c **** 	{
 667              		.loc 1 157 13 discriminator 1 view .LVU208
ARM GAS  /tmp/ccVZ27zp.s 			page 18


 668 002e 002C     		cmp	r4, #0
 669 0030 51D0     		beq	.L40
 670 0032 02AE     		add	r6, sp, #8
 671              	.LVL50:
 157:src/btphy/tdma_sched.c **** 	{
 672              		.loc 1 157 13 discriminator 1 view .LVU209
 673 0034 3746     		mov	r7, r6
 157:src/btphy/tdma_sched.c **** 	{
 674              		.loc 1 157 8 view .LVU210
 675 0036 0023     		movs	r3, #0
 676 0038 06EB8408 		add	r8, r6, r4, lsl #2
 677 003c CDF80490 		str	r9, [sp, #4]
 678              	.LVL51:
 679              	.L43:
 159:src/btphy/tdma_sched.c **** 
 680              		.loc 1 159 3 is_stmt 1 view .LVU211
 161:src/btphy/tdma_sched.c **** 		{
 681              		.loc 1 161 3 view .LVU212
 161:src/btphy/tdma_sched.c **** 		{
 682              		.loc 1 161 9 is_stmt 0 view .LVU213
 683 0040 0133     		adds	r3, r3, #1
 684              	.LVL52:
 161:src/btphy/tdma_sched.c **** 		{
 685              		.loc 1 161 16 is_stmt 1 discriminator 1 view .LVU214
 686 0042 A342     		cmp	r3, r4
 687 0044 26DA     		bge	.L57
 688              	.LVL53:
 689              	.L41:
 159:src/btphy/tdma_sched.c **** 
 690              		.loc 1 159 10 is_stmt 0 view .LVU215
 691 0046 3846     		mov	r0, r7
 692 0048 50F804EB 		ldr	lr, [r0], #4
 693 004c BB46     		mov	fp, r7
 694 004e 0146     		mov	r1, r0
 695 0050 0EEB4E0E 		add	lr, lr, lr, lsl #1
 696 0054 0CEB8E0E 		add	lr, ip, lr, lsl #2
 697 0058 AE44     		add	lr, lr, r5
 698              	.LVL54:
 699              	.L45:
 163:src/btphy/tdma_sched.c **** 
 700              		.loc 1 163 4 is_stmt 1 view .LVU216
 161:src/btphy/tdma_sched.c **** 		{
 701              		.loc 1 161 37 discriminator 2 view .LVU217
 163:src/btphy/tdma_sched.c **** 
 702              		.loc 1 163 30 is_stmt 0 view .LVU218
 703 005a 51F8047B 		ldr	r7, [r1], #4
 704              	.LVL55:
 165:src/btphy/tdma_sched.c **** 			{
 705              		.loc 1 165 4 is_stmt 1 view .LVU219
 165:src/btphy/tdma_sched.c **** 			{
 706              		.loc 1 165 7 is_stmt 0 view .LVU220
 707 005e BEF908A0 		ldrsh	r10, [lr, #8]
 165:src/btphy/tdma_sched.c **** 			{
 708              		.loc 1 165 29 view .LVU221
 709 0062 07EB4702 		add	r2, r7, r7, lsl #1
 710 0066 0CEB8209 		add	r9, ip, r2, lsl #2
 711 006a A944     		add	r9, r9, r5
ARM GAS  /tmp/ccVZ27zp.s 			page 19


 165:src/btphy/tdma_sched.c **** 			{
 712              		.loc 1 165 7 view .LVU222
 713 006c B9F90890 		ldrsh	r9, [r9, #8]
 163:src/btphy/tdma_sched.c **** 
 714              		.loc 1 163 11 view .LVU223
 715 0070 0CEB8202 		add	r2, ip, r2, lsl #2
 165:src/btphy/tdma_sched.c **** 			{
 716              		.loc 1 165 7 view .LVU224
 717 0074 CA45     		cmp	r10, r9
 718 0076 07DD     		ble	.L44
 168:src/btphy/tdma_sched.c **** 				seq[i] = seq[j];
 719              		.loc 1 168 12 view .LVU225
 720 0078 DBF80090 		ldr	r9, [fp]
 163:src/btphy/tdma_sched.c **** 
 721              		.loc 1 163 11 view .LVU226
 722 007c 05EB020E 		add	lr, r5, r2
 723              	.LVL56:
 167:src/btphy/tdma_sched.c **** 				k      = seq[i];
 724              		.loc 1 167 5 is_stmt 1 view .LVU227
 168:src/btphy/tdma_sched.c **** 				seq[i] = seq[j];
 725              		.loc 1 168 5 view .LVU228
 169:src/btphy/tdma_sched.c **** 				seq[j] = k;
 726              		.loc 1 169 5 view .LVU229
 169:src/btphy/tdma_sched.c **** 				seq[j] = k;
 727              		.loc 1 169 12 is_stmt 0 view .LVU230
 728 0080 CBF80070 		str	r7, [fp]
 170:src/btphy/tdma_sched.c **** 			}
 729              		.loc 1 170 5 is_stmt 1 view .LVU231
 170:src/btphy/tdma_sched.c **** 			}
 730              		.loc 1 170 12 is_stmt 0 view .LVU232
 731 0084 41F8049C 		str	r9, [r1, #-4]
 732              	.LVL57:
 733              	.L44:
 161:src/btphy/tdma_sched.c **** 		{
 734              		.loc 1 161 16 is_stmt 1 discriminator 1 view .LVU233
 735 0088 4145     		cmp	r1, r8
 736 008a E6D1     		bne	.L45
 737              	.LVL58:
 157:src/btphy/tdma_sched.c **** 	{
 738              		.loc 1 157 13 discriminator 1 view .LVU234
 161:src/btphy/tdma_sched.c **** 		{
 739              		.loc 1 161 9 is_stmt 0 view .LVU235
 740 008c 0133     		adds	r3, r3, #1
 741              	.LVL59:
 161:src/btphy/tdma_sched.c **** 		{
 742              		.loc 1 161 16 discriminator 1 view .LVU236
 743 008e A342     		cmp	r3, r4
 157:src/btphy/tdma_sched.c **** 	{
 744              		.loc 1 157 13 discriminator 1 view .LVU237
 745 0090 0746     		mov	r7, r0
 746              	.LVL60:
 159:src/btphy/tdma_sched.c **** 
 747              		.loc 1 159 3 is_stmt 1 view .LVU238
 161:src/btphy/tdma_sched.c **** 		{
 748              		.loc 1 161 3 view .LVU239
 161:src/btphy/tdma_sched.c **** 		{
 749              		.loc 1 161 16 discriminator 1 view .LVU240
ARM GAS  /tmp/ccVZ27zp.s 			page 20


 750 0092 D8DB     		blt	.L41
 751              	.LVL61:
 752              	.L57:
 157:src/btphy/tdma_sched.c **** 	{
 753              		.loc 1 157 13 discriminator 1 view .LVU241
 754 0094 29D1     		bne	.L58
 157:src/btphy/tdma_sched.c **** 	{
 755              		.loc 1 157 13 is_stmt 0 discriminator 1 view .LVU242
 756              	.LBE58:
 757              	.LBE61:
 758              	.LBB62:
 189:src/btphy/tdma_sched.c **** 
 190:src/btphy/tdma_sched.c **** 	/* iterate over items in this bucket and call callback function */
 191:src/btphy/tdma_sched.c **** #ifdef USE_TDMA_DEBUG
 192:src/btphy/tdma_sched.c **** 	//if (bucket->num_items) 	cprintf (">");
 193:src/btphy/tdma_sched.c **** #endif
 194:src/btphy/tdma_sched.c **** 	for (i = 0; i < bucket->num_items; i++) {
 195:src/btphy/tdma_sched.c **** 		struct tdma_sched_item *item = &bucket->item[seq[i]];
 196:src/btphy/tdma_sched.c **** 		int rc;
 197:src/btphy/tdma_sched.c **** 
 198:src/btphy/tdma_sched.c **** 		num_events++;
 199:src/btphy/tdma_sched.c **** 
 200:src/btphy/tdma_sched.c **** 		rc = item->cb(item->p1, item->p2, item->p3);
 759              		.loc 1 200 8 view .LVU243
 760 0096 4FF0340A 		mov	r10, #52
 761              	.LBE62:
 194:src/btphy/tdma_sched.c **** 		struct tdma_sched_item *item = &bucket->item[seq[i]];
 762              		.loc 1 194 9 view .LVU244
 763 009a DDF80490 		ldr	r9, [sp, #4]
 764 009e 0027     		movs	r7, #0
 765              	.LBB63:
 766              		.loc 1 200 8 view .LVU245
 767 00a0 0AFB09FA 		mul	r10, r10, r9
 768              	.LBE63:
 194:src/btphy/tdma_sched.c **** 		struct tdma_sched_item *item = &bucket->item[seq[i]];
 769              		.loc 1 194 24 discriminator 1 view .LVU246
 770 00a4 05EB0A08 		add	r8, r5, r10
 771 00a8 01E0     		b	.L42
 772              	.LVL62:
 773              	.L59:
 194:src/btphy/tdma_sched.c **** 		struct tdma_sched_item *item = &bucket->item[seq[i]];
 774              		.loc 1 194 24 discriminator 1 view .LVU247
 775 00aa 98F83040 		ldrb	r4, [r8, #48]	@ zero_extendqisi2
 776              	.LVL63:
 777              	.L42:
 778              	.LBB64:
 195:src/btphy/tdma_sched.c **** 		int rc;
 779              		.loc 1 195 3 is_stmt 1 view .LVU248
 195:src/btphy/tdma_sched.c **** 		int rc;
 780              		.loc 1 195 3 is_stmt 0 view .LVU249
 781              	.LBE64:
 194:src/btphy/tdma_sched.c **** 		struct tdma_sched_item *item = &bucket->item[seq[i]];
 782              		.loc 1 194 16 is_stmt 1 discriminator 1 view .LVU250
 783 00ae BC42     		cmp	r4, r7
 784 00b0 11DD     		ble	.L40
 785              	.LBB65:
 195:src/btphy/tdma_sched.c **** 		int rc;
ARM GAS  /tmp/ccVZ27zp.s 			page 21


 786              		.loc 1 195 51 is_stmt 0 view .LVU251
 787 00b2 56F82730 		ldr	r3, [r6, r7, lsl #2]
 196:src/btphy/tdma_sched.c **** 
 788              		.loc 1 196 3 is_stmt 1 view .LVU252
 198:src/btphy/tdma_sched.c **** 
 789              		.loc 1 198 3 view .LVU253
 790              	.LVL64:
 791              		.loc 1 200 3 view .LVU254
 198:src/btphy/tdma_sched.c **** 
 792              		.loc 1 198 13 is_stmt 0 view .LVU255
 793 00b6 0137     		adds	r7, r7, #1
 794              	.LVL65:
 795              		.loc 1 200 8 view .LVU256
 796 00b8 03EB4303 		add	r3, r3, r3, lsl #1
 797 00bc 0AEB8303 		add	r3, r10, r3, lsl #2
 798 00c0 E818     		adds	r0, r5, r3
 799 00c2 C288     		ldrh	r2, [r0, #6]
 800 00c4 4179     		ldrb	r1, [r0, #5]	@ zero_extendqisi2
 801 00c6 EB58     		ldr	r3, [r5, r3]
 802 00c8 0079     		ldrb	r0, [r0, #4]	@ zero_extendqisi2
 803 00ca 9847     		blx	r3
 804              	.LVL66:
 201:src/btphy/tdma_sched.c **** 		if (rc < 0) {
 805              		.loc 1 201 3 is_stmt 1 view .LVU257
 806              		.loc 1 201 6 is_stmt 0 view .LVU258
 807 00cc 0028     		cmp	r0, #0
 808              		.loc 1 201 6 view .LVU259
 809 00ce ECDA     		bge	.L59
 810              	.LBE65:
 202:src/btphy/tdma_sched.c **** 			//cprintf("Error %d during processing of item %u of bucket %u\n",
 203:src/btphy/tdma_sched.c **** 			//	rc, i, sched->cur_bucket);
 204:src/btphy/tdma_sched.c **** 			return rc;
 205:src/btphy/tdma_sched.c **** 		}
 206:src/btphy/tdma_sched.c **** 		/* if the cb() we just called has scheduled more items for the
 207:src/btphy/tdma_sched.c **** 		 * current TDMA, bucket->num_items will have increased and we
 208:src/btphy/tdma_sched.c **** 		 * will simply continue to execute them as intended. Priorities
 209:src/btphy/tdma_sched.c **** 		 * won't work though ! */
 210:src/btphy/tdma_sched.c **** 	}
 211:src/btphy/tdma_sched.c **** 
 212:src/btphy/tdma_sched.c **** 	/* clear/reset the bucket */
 213:src/btphy/tdma_sched.c **** 	bucket->num_items = 0;
 214:src/btphy/tdma_sched.c **** 
 215:src/btphy/tdma_sched.c **** 	/* return number of items that we called */
 216:src/btphy/tdma_sched.c **** 	return num_events;
 217:src/btphy/tdma_sched.c **** }
 811              		.loc 1 217 1 view .LVU260
 812 00d0 07B0     		add	sp, sp, #28
 813              		.cfi_remember_state
 814              		.cfi_def_cfa_offset 36
 815              		@ sp needed
 816 00d2 BDE8F08F 		pop	{r4, r5, r6, r7, r8, r9, r10, fp, pc}
 817              	.LVL67:
 818              	.L40:
 819              		.cfi_restore_state
 213:src/btphy/tdma_sched.c **** 
 820              		.loc 1 213 2 is_stmt 1 view .LVU261
 213:src/btphy/tdma_sched.c **** 
ARM GAS  /tmp/ccVZ27zp.s 			page 22


 821              		.loc 1 213 20 is_stmt 0 view .LVU262
 822 00d6 3422     		movs	r2, #52
 823 00d8 0023     		movs	r3, #0
 216:src/btphy/tdma_sched.c **** }
 824              		.loc 1 216 9 view .LVU263
 825 00da 3846     		mov	r0, r7
 213:src/btphy/tdma_sched.c **** 
 826              		.loc 1 213 20 view .LVU264
 827 00dc 02FB0955 		mla	r5, r2, r9, r5
 828 00e0 85F83030 		strb	r3, [r5, #48]
 216:src/btphy/tdma_sched.c **** }
 829              		.loc 1 216 2 is_stmt 1 view .LVU265
 830              		.loc 1 217 1 is_stmt 0 view .LVU266
 831 00e4 07B0     		add	sp, sp, #28
 832              		.cfi_remember_state
 833              		.cfi_def_cfa_offset 36
 834              		@ sp needed
 835 00e6 BDE8F08F 		pop	{r4, r5, r6, r7, r8, r9, r10, fp, pc}
 836              	.LVL68:
 837              	.L58:
 838              		.cfi_restore_state
 839              	.LBB66:
 840              	.LBB59:
 157:src/btphy/tdma_sched.c **** 	{
 841              		.loc 1 157 13 discriminator 1 view .LVU267
 842 00ea 0437     		adds	r7, r7, #4
 843 00ec A8E7     		b	.L43
 844              	.L61:
 845 00ee 00BF     		.align	2
 846              	.L60:
 847 00f0 00000000 		.word	.LANCHOR0
 848              	.LBE59:
 849              	.LBE66:
 850              		.cfi_endproc
 851              	.LFE8:
 853              		.section	.text.tdma_sched_reset,"ax",%progbits
 854              		.align	1
 855              		.p2align 2,,3
 856              		.global	tdma_sched_reset
 857              		.syntax unified
 858              		.thumb
 859              		.thumb_func
 861              	tdma_sched_reset:
 862              	.LFB9:
 218:src/btphy/tdma_sched.c **** 
 219:src/btphy/tdma_sched.c **** void tdma_sched_reset(void)
 220:src/btphy/tdma_sched.c **** {
 863              		.loc 1 220 1 is_stmt 1 view -0
 864              		.cfi_startproc
 865              		@ args = 0, pretend = 0, frame = 0
 866              		@ frame_needed = 0, uses_anonymous_args = 0
 867              		@ link register save eliminated.
 221:src/btphy/tdma_sched.c **** 	struct tdma_scheduler *sched = &tdma_sched;
 868              		.loc 1 221 2 view .LVU269
 869              	.LVL69:
 222:src/btphy/tdma_sched.c **** 	unsigned int bucket_nr;
 870              		.loc 1 222 2 view .LVU270
ARM GAS  /tmp/ccVZ27zp.s 			page 23


 223:src/btphy/tdma_sched.c **** 
 224:src/btphy/tdma_sched.c **** 	for (bucket_nr = 0; bucket_nr < ARRAY_SIZE(sched->bucket); bucket_nr++) {
 871              		.loc 1 224 2 view .LVU271
 872              		.loc 1 224 32 discriminator 1 view .LVU272
 873              	.LBB67:
 225:src/btphy/tdma_sched.c **** 		struct tdma_sched_bucket *bucket = &sched->bucket[bucket_nr];
 226:src/btphy/tdma_sched.c **** 		/* current bucket will be reset by iteration code above! */
 227:src/btphy/tdma_sched.c **** 		if (bucket_nr != sched->cur_bucket)
 874              		.loc 1 227 25 is_stmt 0 view .LVU273
 875 0000 6B4B     		ldr	r3, .L91
 876 0002 93F84013 		ldrb	r1, [r3, #832]	@ zero_extendqisi2
 225:src/btphy/tdma_sched.c **** 		struct tdma_sched_bucket *bucket = &sched->bucket[bucket_nr];
 877              		.loc 1 225 3 is_stmt 1 view .LVU274
 878              	.LVL70:
 879              		.loc 1 227 3 view .LVU275
 880              		.loc 1 227 6 is_stmt 0 view .LVU276
 881 0006 0029     		cmp	r1, #0
 882 0008 44D0     		beq	.L63
 228:src/btphy/tdma_sched.c **** 			bucket->num_items = 0;
 883              		.loc 1 228 4 is_stmt 1 view .LVU277
 884              		.loc 1 228 22 is_stmt 0 view .LVU278
 885 000a 0022     		movs	r2, #0
 227:src/btphy/tdma_sched.c **** 			bucket->num_items = 0;
 886              		.loc 1 227 6 view .LVU279
 887 000c 0129     		cmp	r1, #1
 888              		.loc 1 228 22 view .LVU280
 889 000e 83F83020 		strb	r2, [r3, #48]
 890              	.LBE67:
 224:src/btphy/tdma_sched.c **** 		struct tdma_sched_bucket *bucket = &sched->bucket[bucket_nr];
 891              		.loc 1 224 70 is_stmt 1 discriminator 2 view .LVU281
 224:src/btphy/tdma_sched.c **** 		struct tdma_sched_bucket *bucket = &sched->bucket[bucket_nr];
 892              		.loc 1 224 32 discriminator 1 view .LVU282
 893              	.LVL71:
 894              	.LBB68:
 225:src/btphy/tdma_sched.c **** 		/* current bucket will be reset by iteration code above! */
 895              		.loc 1 225 3 view .LVU283
 227:src/btphy/tdma_sched.c **** 			bucket->num_items = 0;
 896              		.loc 1 227 3 view .LVU284
 227:src/btphy/tdma_sched.c **** 			bucket->num_items = 0;
 897              		.loc 1 227 6 is_stmt 0 view .LVU285
 898 0012 1ED1     		bne	.L64
 899              	.LBE68:
 224:src/btphy/tdma_sched.c **** 		struct tdma_sched_bucket *bucket = &sched->bucket[bucket_nr];
 900              		.loc 1 224 70 is_stmt 1 discriminator 2 view .LVU286
 224:src/btphy/tdma_sched.c **** 		struct tdma_sched_bucket *bucket = &sched->bucket[bucket_nr];
 901              		.loc 1 224 32 discriminator 1 view .LVU287
 902              	.LVL72:
 903              	.LBB69:
 225:src/btphy/tdma_sched.c **** 		/* current bucket will be reset by iteration code above! */
 904              		.loc 1 225 3 view .LVU288
 227:src/btphy/tdma_sched.c **** 			bucket->num_items = 0;
 905              		.loc 1 227 3 view .LVU289
 906              		.loc 1 228 4 view .LVU290
 907              		.loc 1 228 22 is_stmt 0 view .LVU291
 908 0014 83F89820 		strb	r2, [r3, #152]
 909              	.LBE69:
 224:src/btphy/tdma_sched.c **** 		struct tdma_sched_bucket *bucket = &sched->bucket[bucket_nr];
ARM GAS  /tmp/ccVZ27zp.s 			page 24


 910              		.loc 1 224 70 is_stmt 1 discriminator 2 view .LVU292
 224:src/btphy/tdma_sched.c **** 		struct tdma_sched_bucket *bucket = &sched->bucket[bucket_nr];
 911              		.loc 1 224 32 discriminator 1 view .LVU293
 912              	.LVL73:
 913              	.LBB70:
 225:src/btphy/tdma_sched.c **** 		/* current bucket will be reset by iteration code above! */
 914              		.loc 1 225 3 view .LVU294
 227:src/btphy/tdma_sched.c **** 			bucket->num_items = 0;
 915              		.loc 1 227 3 view .LVU295
 916              		.loc 1 228 4 view .LVU296
 917              		.loc 1 228 22 is_stmt 0 view .LVU297
 918 0018 83F8CC20 		strb	r2, [r3, #204]
 919              	.LBE70:
 224:src/btphy/tdma_sched.c **** 		struct tdma_sched_bucket *bucket = &sched->bucket[bucket_nr];
 920              		.loc 1 224 70 is_stmt 1 discriminator 2 view .LVU298
 224:src/btphy/tdma_sched.c **** 		struct tdma_sched_bucket *bucket = &sched->bucket[bucket_nr];
 921              		.loc 1 224 32 discriminator 1 view .LVU299
 922              	.LVL74:
 923              	.LBB71:
 225:src/btphy/tdma_sched.c **** 		/* current bucket will be reset by iteration code above! */
 924              		.loc 1 225 3 view .LVU300
 227:src/btphy/tdma_sched.c **** 			bucket->num_items = 0;
 925              		.loc 1 227 3 view .LVU301
 926              		.loc 1 228 4 view .LVU302
 927              		.loc 1 228 22 is_stmt 0 view .LVU303
 928 001c 83F80021 		strb	r2, [r3, #256]
 929              	.LBE71:
 224:src/btphy/tdma_sched.c **** 		struct tdma_sched_bucket *bucket = &sched->bucket[bucket_nr];
 930              		.loc 1 224 70 is_stmt 1 discriminator 2 view .LVU304
 224:src/btphy/tdma_sched.c **** 		struct tdma_sched_bucket *bucket = &sched->bucket[bucket_nr];
 931              		.loc 1 224 32 discriminator 1 view .LVU305
 932              	.LVL75:
 933              	.LBB72:
 225:src/btphy/tdma_sched.c **** 		/* current bucket will be reset by iteration code above! */
 934              		.loc 1 225 3 view .LVU306
 227:src/btphy/tdma_sched.c **** 			bucket->num_items = 0;
 935              		.loc 1 227 3 view .LVU307
 936              		.loc 1 228 4 view .LVU308
 937              		.loc 1 228 22 is_stmt 0 view .LVU309
 938 0020 83F83421 		strb	r2, [r3, #308]
 939              	.LBE72:
 224:src/btphy/tdma_sched.c **** 		struct tdma_sched_bucket *bucket = &sched->bucket[bucket_nr];
 940              		.loc 1 224 70 is_stmt 1 discriminator 2 view .LVU310
 224:src/btphy/tdma_sched.c **** 		struct tdma_sched_bucket *bucket = &sched->bucket[bucket_nr];
 941              		.loc 1 224 32 discriminator 1 view .LVU311
 942              	.LVL76:
 943              	.LBB73:
 225:src/btphy/tdma_sched.c **** 		/* current bucket will be reset by iteration code above! */
 944              		.loc 1 225 3 view .LVU312
 227:src/btphy/tdma_sched.c **** 			bucket->num_items = 0;
 945              		.loc 1 227 3 view .LVU313
 946              		.loc 1 228 4 view .LVU314
 947              		.loc 1 228 22 is_stmt 0 view .LVU315
 948 0024 83F86821 		strb	r2, [r3, #360]
 949              	.LBE73:
 224:src/btphy/tdma_sched.c **** 		struct tdma_sched_bucket *bucket = &sched->bucket[bucket_nr];
 950              		.loc 1 224 70 is_stmt 1 discriminator 2 view .LVU316
ARM GAS  /tmp/ccVZ27zp.s 			page 25


 224:src/btphy/tdma_sched.c **** 		struct tdma_sched_bucket *bucket = &sched->bucket[bucket_nr];
 951              		.loc 1 224 32 discriminator 1 view .LVU317
 952              	.LVL77:
 953              	.LBB74:
 225:src/btphy/tdma_sched.c **** 		/* current bucket will be reset by iteration code above! */
 954              		.loc 1 225 3 view .LVU318
 227:src/btphy/tdma_sched.c **** 			bucket->num_items = 0;
 955              		.loc 1 227 3 view .LVU319
 956              		.loc 1 228 4 view .LVU320
 957              		.loc 1 228 22 is_stmt 0 view .LVU321
 958 0028 83F89C21 		strb	r2, [r3, #412]
 959              	.LBE74:
 224:src/btphy/tdma_sched.c **** 		struct tdma_sched_bucket *bucket = &sched->bucket[bucket_nr];
 960              		.loc 1 224 70 is_stmt 1 discriminator 2 view .LVU322
 224:src/btphy/tdma_sched.c **** 		struct tdma_sched_bucket *bucket = &sched->bucket[bucket_nr];
 961              		.loc 1 224 32 discriminator 1 view .LVU323
 962              	.LVL78:
 963              	.LBB75:
 225:src/btphy/tdma_sched.c **** 		/* current bucket will be reset by iteration code above! */
 964              		.loc 1 225 3 view .LVU324
 227:src/btphy/tdma_sched.c **** 			bucket->num_items = 0;
 965              		.loc 1 227 3 view .LVU325
 966              	.L65:
 967              		.loc 1 228 4 view .LVU326
 968              		.loc 1 228 22 is_stmt 0 view .LVU327
 969 002c 0022     		movs	r2, #0
 227:src/btphy/tdma_sched.c **** 			bucket->num_items = 0;
 970              		.loc 1 227 6 view .LVU328
 971 002e 0929     		cmp	r1, #9
 972              		.loc 1 228 22 view .LVU329
 973 0030 83F8D021 		strb	r2, [r3, #464]
 974              	.LBE75:
 224:src/btphy/tdma_sched.c **** 		struct tdma_sched_bucket *bucket = &sched->bucket[bucket_nr];
 975              		.loc 1 224 70 is_stmt 1 discriminator 2 view .LVU330
 224:src/btphy/tdma_sched.c **** 		struct tdma_sched_bucket *bucket = &sched->bucket[bucket_nr];
 976              		.loc 1 224 32 discriminator 1 view .LVU331
 977              	.LVL79:
 978              	.LBB76:
 225:src/btphy/tdma_sched.c **** 		/* current bucket will be reset by iteration code above! */
 979              		.loc 1 225 3 view .LVU332
 227:src/btphy/tdma_sched.c **** 			bucket->num_items = 0;
 980              		.loc 1 227 3 view .LVU333
 227:src/btphy/tdma_sched.c **** 			bucket->num_items = 0;
 981              		.loc 1 227 6 is_stmt 0 view .LVU334
 982 0034 1DD1     		bne	.L67
 983              	.LBE76:
 224:src/btphy/tdma_sched.c **** 		struct tdma_sched_bucket *bucket = &sched->bucket[bucket_nr];
 984              		.loc 1 224 70 is_stmt 1 discriminator 2 view .LVU335
 224:src/btphy/tdma_sched.c **** 		struct tdma_sched_bucket *bucket = &sched->bucket[bucket_nr];
 985              		.loc 1 224 32 discriminator 1 view .LVU336
 986              	.LBB77:
 225:src/btphy/tdma_sched.c **** 		/* current bucket will be reset by iteration code above! */
 987              		.loc 1 225 3 view .LVU337
 227:src/btphy/tdma_sched.c **** 			bucket->num_items = 0;
 988              		.loc 1 227 3 view .LVU338
 989              	.LVL80:
 990              		.loc 1 228 4 view .LVU339
ARM GAS  /tmp/ccVZ27zp.s 			page 26


 991              		.loc 1 228 22 is_stmt 0 view .LVU340
 992 0036 83F83822 		strb	r2, [r3, #568]
 993              	.LBE77:
 224:src/btphy/tdma_sched.c **** 		struct tdma_sched_bucket *bucket = &sched->bucket[bucket_nr];
 994              		.loc 1 224 70 is_stmt 1 discriminator 2 view .LVU341
 224:src/btphy/tdma_sched.c **** 		struct tdma_sched_bucket *bucket = &sched->bucket[bucket_nr];
 995              		.loc 1 224 32 discriminator 1 view .LVU342
 996              	.LVL81:
 997              	.LBB78:
 225:src/btphy/tdma_sched.c **** 		/* current bucket will be reset by iteration code above! */
 998              		.loc 1 225 3 view .LVU343
 227:src/btphy/tdma_sched.c **** 			bucket->num_items = 0;
 999              		.loc 1 227 3 view .LVU344
 1000              		.loc 1 228 4 view .LVU345
 1001              		.loc 1 228 22 is_stmt 0 view .LVU346
 1002 003a 83F86C22 		strb	r2, [r3, #620]
 1003              	.LBE78:
 224:src/btphy/tdma_sched.c **** 		struct tdma_sched_bucket *bucket = &sched->bucket[bucket_nr];
 1004              		.loc 1 224 70 is_stmt 1 discriminator 2 view .LVU347
 224:src/btphy/tdma_sched.c **** 		struct tdma_sched_bucket *bucket = &sched->bucket[bucket_nr];
 1005              		.loc 1 224 32 discriminator 1 view .LVU348
 1006              	.LVL82:
 1007              	.LBB79:
 225:src/btphy/tdma_sched.c **** 		/* current bucket will be reset by iteration code above! */
 1008              		.loc 1 225 3 view .LVU349
 227:src/btphy/tdma_sched.c **** 			bucket->num_items = 0;
 1009              		.loc 1 227 3 view .LVU350
 1010              		.loc 1 228 4 view .LVU351
 1011              		.loc 1 228 22 is_stmt 0 view .LVU352
 1012 003e 83F8A022 		strb	r2, [r3, #672]
 1013              	.LBE79:
 224:src/btphy/tdma_sched.c **** 		struct tdma_sched_bucket *bucket = &sched->bucket[bucket_nr];
 1014              		.loc 1 224 70 is_stmt 1 discriminator 2 view .LVU353
 224:src/btphy/tdma_sched.c **** 		struct tdma_sched_bucket *bucket = &sched->bucket[bucket_nr];
 1015              		.loc 1 224 32 discriminator 1 view .LVU354
 1016              	.LVL83:
 1017              	.LBB80:
 225:src/btphy/tdma_sched.c **** 		/* current bucket will be reset by iteration code above! */
 1018              		.loc 1 225 3 view .LVU355
 227:src/btphy/tdma_sched.c **** 			bucket->num_items = 0;
 1019              		.loc 1 227 3 view .LVU356
 1020              		.loc 1 228 4 view .LVU357
 1021              		.loc 1 228 22 is_stmt 0 view .LVU358
 1022 0042 83F8D422 		strb	r2, [r3, #724]
 1023              	.LBE80:
 224:src/btphy/tdma_sched.c **** 		struct tdma_sched_bucket *bucket = &sched->bucket[bucket_nr];
 1024              		.loc 1 224 70 is_stmt 1 discriminator 2 view .LVU359
 224:src/btphy/tdma_sched.c **** 		struct tdma_sched_bucket *bucket = &sched->bucket[bucket_nr];
 1025              		.loc 1 224 32 discriminator 1 view .LVU360
 1026              	.LVL84:
 1027              	.LBB81:
 225:src/btphy/tdma_sched.c **** 		/* current bucket will be reset by iteration code above! */
 1028              		.loc 1 225 3 view .LVU361
 227:src/btphy/tdma_sched.c **** 			bucket->num_items = 0;
 1029              		.loc 1 227 3 view .LVU362
 1030              		.loc 1 228 4 view .LVU363
 1031              		.loc 1 228 22 is_stmt 0 view .LVU364
ARM GAS  /tmp/ccVZ27zp.s 			page 27


 1032 0046 83F80823 		strb	r2, [r3, #776]
 1033              	.LBE81:
 224:src/btphy/tdma_sched.c **** 		struct tdma_sched_bucket *bucket = &sched->bucket[bucket_nr];
 1034              		.loc 1 224 70 is_stmt 1 discriminator 2 view .LVU365
 224:src/btphy/tdma_sched.c **** 		struct tdma_sched_bucket *bucket = &sched->bucket[bucket_nr];
 1035              		.loc 1 224 32 discriminator 1 view .LVU366
 1036              	.LVL85:
 1037              	.LBB82:
 225:src/btphy/tdma_sched.c **** 		/* current bucket will be reset by iteration code above! */
 1038              		.loc 1 225 3 view .LVU367
 227:src/btphy/tdma_sched.c **** 			bucket->num_items = 0;
 1039              		.loc 1 227 3 view .LVU368
 1040              	.L78:
 1041              		.loc 1 228 4 view .LVU369
 1042              		.loc 1 228 22 is_stmt 0 view .LVU370
 1043 004a 0022     		movs	r2, #0
 1044 004c 83F83C23 		strb	r2, [r3, #828]
 1045              	.LBE82:
 224:src/btphy/tdma_sched.c **** 		struct tdma_sched_bucket *bucket = &sched->bucket[bucket_nr];
 1046              		.loc 1 224 70 is_stmt 1 discriminator 2 view .LVU371
 1047              	.LVL86:
 224:src/btphy/tdma_sched.c **** 		struct tdma_sched_bucket *bucket = &sched->bucket[bucket_nr];
 1048              		.loc 1 224 32 discriminator 1 view .LVU372
 229:src/btphy/tdma_sched.c **** 	}
 230:src/btphy/tdma_sched.c **** 
 231:src/btphy/tdma_sched.c **** 	/* Don't reset cur_bucket, as it would upset the bucket iteration code
 232:src/btphy/tdma_sched.c **** 	 * in tdma_sched_execute() */
 233:src/btphy/tdma_sched.c **** }
 1049              		.loc 1 233 1 is_stmt 0 view .LVU373
 1050 0050 7047     		bx	lr
 1051              	.LVL87:
 1052              	.L64:
 1053              	.LBB83:
 228:src/btphy/tdma_sched.c **** 	}
 1054              		.loc 1 228 4 is_stmt 1 view .LVU374
 227:src/btphy/tdma_sched.c **** 			bucket->num_items = 0;
 1055              		.loc 1 227 6 is_stmt 0 view .LVU375
 1056 0052 0229     		cmp	r1, #2
 228:src/btphy/tdma_sched.c **** 	}
 1057              		.loc 1 228 22 view .LVU376
 1058 0054 83F86420 		strb	r2, [r3, #100]
 1059              	.LBE83:
 224:src/btphy/tdma_sched.c **** 		struct tdma_sched_bucket *bucket = &sched->bucket[bucket_nr];
 1060              		.loc 1 224 70 is_stmt 1 discriminator 2 view .LVU377
 224:src/btphy/tdma_sched.c **** 		struct tdma_sched_bucket *bucket = &sched->bucket[bucket_nr];
 1061              		.loc 1 224 32 discriminator 1 view .LVU378
 1062              	.LVL88:
 1063              	.LBB84:
 225:src/btphy/tdma_sched.c **** 		/* current bucket will be reset by iteration code above! */
 1064              		.loc 1 225 3 view .LVU379
 227:src/btphy/tdma_sched.c **** 			bucket->num_items = 0;
 1065              		.loc 1 227 3 view .LVU380
 227:src/btphy/tdma_sched.c **** 			bucket->num_items = 0;
 1066              		.loc 1 227 6 is_stmt 0 view .LVU381
 1067 0058 5AD1     		bne	.L66
 1068              	.LBE84:
 224:src/btphy/tdma_sched.c **** 		struct tdma_sched_bucket *bucket = &sched->bucket[bucket_nr];
ARM GAS  /tmp/ccVZ27zp.s 			page 28


 1069              		.loc 1 224 70 is_stmt 1 discriminator 2 view .LVU382
 224:src/btphy/tdma_sched.c **** 		struct tdma_sched_bucket *bucket = &sched->bucket[bucket_nr];
 1070              		.loc 1 224 32 discriminator 1 view .LVU383
 1071              	.LBB85:
 225:src/btphy/tdma_sched.c **** 		/* current bucket will be reset by iteration code above! */
 1072              		.loc 1 225 3 view .LVU384
 227:src/btphy/tdma_sched.c **** 			bucket->num_items = 0;
 1073              		.loc 1 227 3 view .LVU385
 1074              	.LVL89:
 228:src/btphy/tdma_sched.c **** 	}
 1075              		.loc 1 228 4 view .LVU386
 228:src/btphy/tdma_sched.c **** 	}
 1076              		.loc 1 228 22 is_stmt 0 view .LVU387
 1077 005a 83F8CC20 		strb	r2, [r3, #204]
 1078              	.LBE85:
 224:src/btphy/tdma_sched.c **** 		struct tdma_sched_bucket *bucket = &sched->bucket[bucket_nr];
 1079              		.loc 1 224 70 is_stmt 1 discriminator 2 view .LVU388
 224:src/btphy/tdma_sched.c **** 		struct tdma_sched_bucket *bucket = &sched->bucket[bucket_nr];
 1080              		.loc 1 224 32 discriminator 1 view .LVU389
 1081              	.LVL90:
 1082              	.LBB86:
 225:src/btphy/tdma_sched.c **** 		/* current bucket will be reset by iteration code above! */
 1083              		.loc 1 225 3 view .LVU390
 227:src/btphy/tdma_sched.c **** 			bucket->num_items = 0;
 1084              		.loc 1 227 3 view .LVU391
 228:src/btphy/tdma_sched.c **** 	}
 1085              		.loc 1 228 4 view .LVU392
 228:src/btphy/tdma_sched.c **** 	}
 1086              		.loc 1 228 22 is_stmt 0 view .LVU393
 1087 005e 83F80021 		strb	r2, [r3, #256]
 1088              	.LBE86:
 224:src/btphy/tdma_sched.c **** 		struct tdma_sched_bucket *bucket = &sched->bucket[bucket_nr];
 1089              		.loc 1 224 70 is_stmt 1 discriminator 2 view .LVU394
 224:src/btphy/tdma_sched.c **** 		struct tdma_sched_bucket *bucket = &sched->bucket[bucket_nr];
 1090              		.loc 1 224 32 discriminator 1 view .LVU395
 1091              	.LVL91:
 1092              	.LBB87:
 225:src/btphy/tdma_sched.c **** 		/* current bucket will be reset by iteration code above! */
 1093              		.loc 1 225 3 view .LVU396
 227:src/btphy/tdma_sched.c **** 			bucket->num_items = 0;
 1094              		.loc 1 227 3 view .LVU397
 228:src/btphy/tdma_sched.c **** 	}
 1095              		.loc 1 228 4 view .LVU398
 228:src/btphy/tdma_sched.c **** 	}
 1096              		.loc 1 228 22 is_stmt 0 view .LVU399
 1097 0062 83F83421 		strb	r2, [r3, #308]
 1098              	.LBE87:
 224:src/btphy/tdma_sched.c **** 		struct tdma_sched_bucket *bucket = &sched->bucket[bucket_nr];
 1099              		.loc 1 224 70 is_stmt 1 discriminator 2 view .LVU400
 224:src/btphy/tdma_sched.c **** 		struct tdma_sched_bucket *bucket = &sched->bucket[bucket_nr];
 1100              		.loc 1 224 32 discriminator 1 view .LVU401
 1101              	.LVL92:
 1102              	.LBB88:
 225:src/btphy/tdma_sched.c **** 		/* current bucket will be reset by iteration code above! */
 1103              		.loc 1 225 3 view .LVU402
 227:src/btphy/tdma_sched.c **** 			bucket->num_items = 0;
 1104              		.loc 1 227 3 view .LVU403
ARM GAS  /tmp/ccVZ27zp.s 			page 29


 228:src/btphy/tdma_sched.c **** 	}
 1105              		.loc 1 228 4 view .LVU404
 228:src/btphy/tdma_sched.c **** 	}
 1106              		.loc 1 228 22 is_stmt 0 view .LVU405
 1107 0066 83F86821 		strb	r2, [r3, #360]
 1108              	.LBE88:
 224:src/btphy/tdma_sched.c **** 		struct tdma_sched_bucket *bucket = &sched->bucket[bucket_nr];
 1109              		.loc 1 224 70 is_stmt 1 discriminator 2 view .LVU406
 224:src/btphy/tdma_sched.c **** 		struct tdma_sched_bucket *bucket = &sched->bucket[bucket_nr];
 1110              		.loc 1 224 32 discriminator 1 view .LVU407
 1111              	.LVL93:
 1112              	.LBB89:
 225:src/btphy/tdma_sched.c **** 		/* current bucket will be reset by iteration code above! */
 1113              		.loc 1 225 3 view .LVU408
 227:src/btphy/tdma_sched.c **** 			bucket->num_items = 0;
 1114              		.loc 1 227 3 view .LVU409
 228:src/btphy/tdma_sched.c **** 	}
 1115              		.loc 1 228 4 view .LVU410
 228:src/btphy/tdma_sched.c **** 	}
 1116              		.loc 1 228 22 is_stmt 0 view .LVU411
 1117 006a 83F89C21 		strb	r2, [r3, #412]
 1118              	.LBE89:
 224:src/btphy/tdma_sched.c **** 		struct tdma_sched_bucket *bucket = &sched->bucket[bucket_nr];
 1119              		.loc 1 224 70 is_stmt 1 discriminator 2 view .LVU412
 224:src/btphy/tdma_sched.c **** 		struct tdma_sched_bucket *bucket = &sched->bucket[bucket_nr];
 1120              		.loc 1 224 32 discriminator 1 view .LVU413
 1121              	.LVL94:
 1122              	.LBB90:
 225:src/btphy/tdma_sched.c **** 		/* current bucket will be reset by iteration code above! */
 1123              		.loc 1 225 3 view .LVU414
 227:src/btphy/tdma_sched.c **** 			bucket->num_items = 0;
 1124              		.loc 1 227 3 view .LVU415
 228:src/btphy/tdma_sched.c **** 	}
 1125              		.loc 1 228 4 view .LVU416
 228:src/btphy/tdma_sched.c **** 	}
 1126              		.loc 1 228 22 is_stmt 0 view .LVU417
 1127 006e 83F8D021 		strb	r2, [r3, #464]
 1128              	.LBE90:
 224:src/btphy/tdma_sched.c **** 		struct tdma_sched_bucket *bucket = &sched->bucket[bucket_nr];
 1129              		.loc 1 224 70 is_stmt 1 discriminator 2 view .LVU418
 224:src/btphy/tdma_sched.c **** 		struct tdma_sched_bucket *bucket = &sched->bucket[bucket_nr];
 1130              		.loc 1 224 32 discriminator 1 view .LVU419
 1131              	.LVL95:
 1132              	.LBB91:
 225:src/btphy/tdma_sched.c **** 		/* current bucket will be reset by iteration code above! */
 1133              		.loc 1 225 3 view .LVU420
 227:src/btphy/tdma_sched.c **** 			bucket->num_items = 0;
 1134              		.loc 1 227 3 view .LVU421
 1135              	.L67:
 228:src/btphy/tdma_sched.c **** 	}
 1136              		.loc 1 228 4 view .LVU422
 228:src/btphy/tdma_sched.c **** 	}
 1137              		.loc 1 228 22 is_stmt 0 view .LVU423
 1138 0072 0022     		movs	r2, #0
 227:src/btphy/tdma_sched.c **** 			bucket->num_items = 0;
 1139              		.loc 1 227 6 view .LVU424
 1140 0074 0A29     		cmp	r1, #10
ARM GAS  /tmp/ccVZ27zp.s 			page 30


 228:src/btphy/tdma_sched.c **** 	}
 1141              		.loc 1 228 22 view .LVU425
 1142 0076 83F80422 		strb	r2, [r3, #516]
 1143              	.LBE91:
 224:src/btphy/tdma_sched.c **** 		struct tdma_sched_bucket *bucket = &sched->bucket[bucket_nr];
 1144              		.loc 1 224 70 is_stmt 1 discriminator 2 view .LVU426
 224:src/btphy/tdma_sched.c **** 		struct tdma_sched_bucket *bucket = &sched->bucket[bucket_nr];
 1145              		.loc 1 224 32 discriminator 1 view .LVU427
 1146              	.LVL96:
 1147              	.LBB92:
 225:src/btphy/tdma_sched.c **** 		/* current bucket will be reset by iteration code above! */
 1148              		.loc 1 225 3 view .LVU428
 227:src/btphy/tdma_sched.c **** 			bucket->num_items = 0;
 1149              		.loc 1 227 3 view .LVU429
 227:src/btphy/tdma_sched.c **** 			bucket->num_items = 0;
 1150              		.loc 1 227 6 is_stmt 0 view .LVU430
 1151 007a 59D1     		bne	.L69
 1152              	.LBE92:
 224:src/btphy/tdma_sched.c **** 		struct tdma_sched_bucket *bucket = &sched->bucket[bucket_nr];
 1153              		.loc 1 224 70 is_stmt 1 discriminator 2 view .LVU431
 224:src/btphy/tdma_sched.c **** 		struct tdma_sched_bucket *bucket = &sched->bucket[bucket_nr];
 1154              		.loc 1 224 32 discriminator 1 view .LVU432
 1155              	.LBB93:
 225:src/btphy/tdma_sched.c **** 		/* current bucket will be reset by iteration code above! */
 1156              		.loc 1 225 3 view .LVU433
 227:src/btphy/tdma_sched.c **** 			bucket->num_items = 0;
 1157              		.loc 1 227 3 view .LVU434
 1158              	.LVL97:
 228:src/btphy/tdma_sched.c **** 	}
 1159              		.loc 1 228 4 view .LVU435
 228:src/btphy/tdma_sched.c **** 	}
 1160              		.loc 1 228 22 is_stmt 0 view .LVU436
 1161 007c 83F86C22 		strb	r2, [r3, #620]
 1162              	.LBE93:
 224:src/btphy/tdma_sched.c **** 		struct tdma_sched_bucket *bucket = &sched->bucket[bucket_nr];
 1163              		.loc 1 224 70 is_stmt 1 discriminator 2 view .LVU437
 224:src/btphy/tdma_sched.c **** 		struct tdma_sched_bucket *bucket = &sched->bucket[bucket_nr];
 1164              		.loc 1 224 32 discriminator 1 view .LVU438
 1165              	.LVL98:
 1166              	.LBB94:
 225:src/btphy/tdma_sched.c **** 		/* current bucket will be reset by iteration code above! */
 1167              		.loc 1 225 3 view .LVU439
 227:src/btphy/tdma_sched.c **** 			bucket->num_items = 0;
 1168              		.loc 1 227 3 view .LVU440
 228:src/btphy/tdma_sched.c **** 	}
 1169              		.loc 1 228 4 view .LVU441
 228:src/btphy/tdma_sched.c **** 	}
 1170              		.loc 1 228 22 is_stmt 0 view .LVU442
 1171 0080 83F8A022 		strb	r2, [r3, #672]
 1172              	.LBE94:
 224:src/btphy/tdma_sched.c **** 		struct tdma_sched_bucket *bucket = &sched->bucket[bucket_nr];
 1173              		.loc 1 224 70 is_stmt 1 discriminator 2 view .LVU443
 224:src/btphy/tdma_sched.c **** 		struct tdma_sched_bucket *bucket = &sched->bucket[bucket_nr];
 1174              		.loc 1 224 32 discriminator 1 view .LVU444
 1175              	.LVL99:
 1176              	.LBB95:
 225:src/btphy/tdma_sched.c **** 		/* current bucket will be reset by iteration code above! */
ARM GAS  /tmp/ccVZ27zp.s 			page 31


 1177              		.loc 1 225 3 view .LVU445
 227:src/btphy/tdma_sched.c **** 			bucket->num_items = 0;
 1178              		.loc 1 227 3 view .LVU446
 228:src/btphy/tdma_sched.c **** 	}
 1179              		.loc 1 228 4 view .LVU447
 228:src/btphy/tdma_sched.c **** 	}
 1180              		.loc 1 228 22 is_stmt 0 view .LVU448
 1181 0084 83F8D422 		strb	r2, [r3, #724]
 1182              	.LBE95:
 224:src/btphy/tdma_sched.c **** 		struct tdma_sched_bucket *bucket = &sched->bucket[bucket_nr];
 1183              		.loc 1 224 70 is_stmt 1 discriminator 2 view .LVU449
 224:src/btphy/tdma_sched.c **** 		struct tdma_sched_bucket *bucket = &sched->bucket[bucket_nr];
 1184              		.loc 1 224 32 discriminator 1 view .LVU450
 1185              	.LVL100:
 1186              	.LBB96:
 225:src/btphy/tdma_sched.c **** 		/* current bucket will be reset by iteration code above! */
 1187              		.loc 1 225 3 view .LVU451
 227:src/btphy/tdma_sched.c **** 			bucket->num_items = 0;
 1188              		.loc 1 227 3 view .LVU452
 1189              	.L77:
 228:src/btphy/tdma_sched.c **** 	}
 1190              		.loc 1 228 4 view .LVU453
 228:src/btphy/tdma_sched.c **** 	}
 1191              		.loc 1 228 22 is_stmt 0 view .LVU454
 1192 0088 0022     		movs	r2, #0
 227:src/btphy/tdma_sched.c **** 			bucket->num_items = 0;
 1193              		.loc 1 227 6 view .LVU455
 1194 008a 0F29     		cmp	r1, #15
 228:src/btphy/tdma_sched.c **** 	}
 1195              		.loc 1 228 22 view .LVU456
 1196 008c 83F80823 		strb	r2, [r3, #776]
 1197              	.LBE96:
 224:src/btphy/tdma_sched.c **** 		struct tdma_sched_bucket *bucket = &sched->bucket[bucket_nr];
 1198              		.loc 1 224 70 is_stmt 1 discriminator 2 view .LVU457
 224:src/btphy/tdma_sched.c **** 		struct tdma_sched_bucket *bucket = &sched->bucket[bucket_nr];
 1199              		.loc 1 224 32 discriminator 1 view .LVU458
 1200              	.LVL101:
 1201              	.LBB97:
 225:src/btphy/tdma_sched.c **** 		/* current bucket will be reset by iteration code above! */
 1202              		.loc 1 225 3 view .LVU459
 227:src/btphy/tdma_sched.c **** 			bucket->num_items = 0;
 1203              		.loc 1 227 3 view .LVU460
 227:src/btphy/tdma_sched.c **** 			bucket->num_items = 0;
 1204              		.loc 1 227 6 is_stmt 0 view .LVU461
 1205 0090 DBD1     		bne	.L78
 1206              	.LBE97:
 1207              		.loc 1 233 1 view .LVU462
 1208 0092 7047     		bx	lr
 1209              	.LVL102:
 1210              	.L63:
 224:src/btphy/tdma_sched.c **** 		struct tdma_sched_bucket *bucket = &sched->bucket[bucket_nr];
 1211              		.loc 1 224 70 is_stmt 1 discriminator 2 view .LVU463
 224:src/btphy/tdma_sched.c **** 		struct tdma_sched_bucket *bucket = &sched->bucket[bucket_nr];
 1212              		.loc 1 224 32 discriminator 1 view .LVU464
 1213              	.LBB98:
 225:src/btphy/tdma_sched.c **** 		/* current bucket will be reset by iteration code above! */
 1214              		.loc 1 225 3 view .LVU465
ARM GAS  /tmp/ccVZ27zp.s 			page 32


 227:src/btphy/tdma_sched.c **** 			bucket->num_items = 0;
 1215              		.loc 1 227 3 view .LVU466
 228:src/btphy/tdma_sched.c **** 	}
 1216              		.loc 1 228 4 view .LVU467
 228:src/btphy/tdma_sched.c **** 	}
 1217              		.loc 1 228 22 is_stmt 0 view .LVU468
 1218 0094 83F86410 		strb	r1, [r3, #100]
 1219              	.LBE98:
 224:src/btphy/tdma_sched.c **** 		struct tdma_sched_bucket *bucket = &sched->bucket[bucket_nr];
 1220              		.loc 1 224 70 is_stmt 1 discriminator 2 view .LVU469
 224:src/btphy/tdma_sched.c **** 		struct tdma_sched_bucket *bucket = &sched->bucket[bucket_nr];
 1221              		.loc 1 224 32 discriminator 1 view .LVU470
 1222              	.LBB99:
 225:src/btphy/tdma_sched.c **** 		/* current bucket will be reset by iteration code above! */
 1223              		.loc 1 225 3 view .LVU471
 227:src/btphy/tdma_sched.c **** 			bucket->num_items = 0;
 1224              		.loc 1 227 3 view .LVU472
 1225              	.LVL103:
 228:src/btphy/tdma_sched.c **** 	}
 1226              		.loc 1 228 4 view .LVU473
 228:src/btphy/tdma_sched.c **** 	}
 1227              		.loc 1 228 22 is_stmt 0 view .LVU474
 1228 0098 83F89810 		strb	r1, [r3, #152]
 1229              	.LBE99:
 224:src/btphy/tdma_sched.c **** 		struct tdma_sched_bucket *bucket = &sched->bucket[bucket_nr];
 1230              		.loc 1 224 70 is_stmt 1 discriminator 2 view .LVU475
 224:src/btphy/tdma_sched.c **** 		struct tdma_sched_bucket *bucket = &sched->bucket[bucket_nr];
 1231              		.loc 1 224 32 discriminator 1 view .LVU476
 1232              	.LVL104:
 1233              	.LBB100:
 225:src/btphy/tdma_sched.c **** 		/* current bucket will be reset by iteration code above! */
 1234              		.loc 1 225 3 view .LVU477
 227:src/btphy/tdma_sched.c **** 			bucket->num_items = 0;
 1235              		.loc 1 227 3 view .LVU478
 1236              	.L68:
 228:src/btphy/tdma_sched.c **** 	}
 1237              		.loc 1 228 4 view .LVU479
 228:src/btphy/tdma_sched.c **** 	}
 1238              		.loc 1 228 22 is_stmt 0 view .LVU480
 1239 009c 0022     		movs	r2, #0
 227:src/btphy/tdma_sched.c **** 			bucket->num_items = 0;
 1240              		.loc 1 227 6 view .LVU481
 1241 009e 0429     		cmp	r1, #4
 228:src/btphy/tdma_sched.c **** 	}
 1242              		.loc 1 228 22 view .LVU482
 1243 00a0 83F8CC20 		strb	r2, [r3, #204]
 1244              	.LBE100:
 224:src/btphy/tdma_sched.c **** 		struct tdma_sched_bucket *bucket = &sched->bucket[bucket_nr];
 1245              		.loc 1 224 70 is_stmt 1 discriminator 2 view .LVU483
 224:src/btphy/tdma_sched.c **** 		struct tdma_sched_bucket *bucket = &sched->bucket[bucket_nr];
 1246              		.loc 1 224 32 discriminator 1 view .LVU484
 1247              	.LVL105:
 1248              	.LBB101:
 225:src/btphy/tdma_sched.c **** 		/* current bucket will be reset by iteration code above! */
 1249              		.loc 1 225 3 view .LVU485
 227:src/btphy/tdma_sched.c **** 			bucket->num_items = 0;
 1250              		.loc 1 227 3 view .LVU486
ARM GAS  /tmp/ccVZ27zp.s 			page 33


 227:src/btphy/tdma_sched.c **** 			bucket->num_items = 0;
 1251              		.loc 1 227 6 is_stmt 0 view .LVU487
 1252 00a4 19D1     		bne	.L70
 1253              	.LBE101:
 224:src/btphy/tdma_sched.c **** 		struct tdma_sched_bucket *bucket = &sched->bucket[bucket_nr];
 1254              		.loc 1 224 70 is_stmt 1 discriminator 2 view .LVU488
 224:src/btphy/tdma_sched.c **** 		struct tdma_sched_bucket *bucket = &sched->bucket[bucket_nr];
 1255              		.loc 1 224 32 discriminator 1 view .LVU489
 1256              	.LBB102:
 225:src/btphy/tdma_sched.c **** 		/* current bucket will be reset by iteration code above! */
 1257              		.loc 1 225 3 view .LVU490
 227:src/btphy/tdma_sched.c **** 			bucket->num_items = 0;
 1258              		.loc 1 227 3 view .LVU491
 1259              	.LVL106:
 228:src/btphy/tdma_sched.c **** 	}
 1260              		.loc 1 228 4 view .LVU492
 228:src/btphy/tdma_sched.c **** 	}
 1261              		.loc 1 228 22 is_stmt 0 view .LVU493
 1262 00a6 83F83421 		strb	r2, [r3, #308]
 1263              	.LBE102:
 224:src/btphy/tdma_sched.c **** 		struct tdma_sched_bucket *bucket = &sched->bucket[bucket_nr];
 1264              		.loc 1 224 70 is_stmt 1 discriminator 2 view .LVU494
 224:src/btphy/tdma_sched.c **** 		struct tdma_sched_bucket *bucket = &sched->bucket[bucket_nr];
 1265              		.loc 1 224 32 discriminator 1 view .LVU495
 1266              	.LVL107:
 1267              	.LBB103:
 225:src/btphy/tdma_sched.c **** 		/* current bucket will be reset by iteration code above! */
 1268              		.loc 1 225 3 view .LVU496
 227:src/btphy/tdma_sched.c **** 			bucket->num_items = 0;
 1269              		.loc 1 227 3 view .LVU497
 228:src/btphy/tdma_sched.c **** 	}
 1270              		.loc 1 228 4 view .LVU498
 228:src/btphy/tdma_sched.c **** 	}
 1271              		.loc 1 228 22 is_stmt 0 view .LVU499
 1272 00aa 83F86821 		strb	r2, [r3, #360]
 1273              	.LBE103:
 224:src/btphy/tdma_sched.c **** 		struct tdma_sched_bucket *bucket = &sched->bucket[bucket_nr];
 1274              		.loc 1 224 70 is_stmt 1 discriminator 2 view .LVU500
 224:src/btphy/tdma_sched.c **** 		struct tdma_sched_bucket *bucket = &sched->bucket[bucket_nr];
 1275              		.loc 1 224 32 discriminator 1 view .LVU501
 1276              	.LVL108:
 1277              	.LBB104:
 225:src/btphy/tdma_sched.c **** 		/* current bucket will be reset by iteration code above! */
 1278              		.loc 1 225 3 view .LVU502
 227:src/btphy/tdma_sched.c **** 			bucket->num_items = 0;
 1279              		.loc 1 227 3 view .LVU503
 228:src/btphy/tdma_sched.c **** 	}
 1280              		.loc 1 228 4 view .LVU504
 228:src/btphy/tdma_sched.c **** 	}
 1281              		.loc 1 228 22 is_stmt 0 view .LVU505
 1282 00ae 83F89C21 		strb	r2, [r3, #412]
 1283              	.LBE104:
 224:src/btphy/tdma_sched.c **** 		struct tdma_sched_bucket *bucket = &sched->bucket[bucket_nr];
 1284              		.loc 1 224 70 is_stmt 1 discriminator 2 view .LVU506
 224:src/btphy/tdma_sched.c **** 		struct tdma_sched_bucket *bucket = &sched->bucket[bucket_nr];
 1285              		.loc 1 224 32 discriminator 1 view .LVU507
 1286              	.LVL109:
ARM GAS  /tmp/ccVZ27zp.s 			page 34


 1287              	.LBB105:
 225:src/btphy/tdma_sched.c **** 		/* current bucket will be reset by iteration code above! */
 1288              		.loc 1 225 3 view .LVU508
 227:src/btphy/tdma_sched.c **** 			bucket->num_items = 0;
 1289              		.loc 1 227 3 view .LVU509
 228:src/btphy/tdma_sched.c **** 	}
 1290              		.loc 1 228 4 view .LVU510
 228:src/btphy/tdma_sched.c **** 	}
 1291              		.loc 1 228 22 is_stmt 0 view .LVU511
 1292 00b2 83F8D021 		strb	r2, [r3, #464]
 1293              	.LBE105:
 224:src/btphy/tdma_sched.c **** 		struct tdma_sched_bucket *bucket = &sched->bucket[bucket_nr];
 1294              		.loc 1 224 70 is_stmt 1 discriminator 2 view .LVU512
 224:src/btphy/tdma_sched.c **** 		struct tdma_sched_bucket *bucket = &sched->bucket[bucket_nr];
 1295              		.loc 1 224 32 discriminator 1 view .LVU513
 1296              	.LVL110:
 1297              	.LBB106:
 225:src/btphy/tdma_sched.c **** 		/* current bucket will be reset by iteration code above! */
 1298              		.loc 1 225 3 view .LVU514
 227:src/btphy/tdma_sched.c **** 			bucket->num_items = 0;
 1299              		.loc 1 227 3 view .LVU515
 228:src/btphy/tdma_sched.c **** 	}
 1300              		.loc 1 228 4 view .LVU516
 228:src/btphy/tdma_sched.c **** 	}
 1301              		.loc 1 228 22 is_stmt 0 view .LVU517
 1302 00b6 83F80422 		strb	r2, [r3, #516]
 1303              	.LBE106:
 224:src/btphy/tdma_sched.c **** 		struct tdma_sched_bucket *bucket = &sched->bucket[bucket_nr];
 1304              		.loc 1 224 70 is_stmt 1 discriminator 2 view .LVU518
 224:src/btphy/tdma_sched.c **** 		struct tdma_sched_bucket *bucket = &sched->bucket[bucket_nr];
 1305              		.loc 1 224 32 discriminator 1 view .LVU519
 1306              	.LVL111:
 1307              	.LBB107:
 225:src/btphy/tdma_sched.c **** 		/* current bucket will be reset by iteration code above! */
 1308              		.loc 1 225 3 view .LVU520
 227:src/btphy/tdma_sched.c **** 			bucket->num_items = 0;
 1309              		.loc 1 227 3 view .LVU521
 228:src/btphy/tdma_sched.c **** 	}
 1310              		.loc 1 228 4 view .LVU522
 228:src/btphy/tdma_sched.c **** 	}
 1311              		.loc 1 228 22 is_stmt 0 view .LVU523
 1312 00ba 83F83822 		strb	r2, [r3, #568]
 1313              	.LBE107:
 224:src/btphy/tdma_sched.c **** 		struct tdma_sched_bucket *bucket = &sched->bucket[bucket_nr];
 1314              		.loc 1 224 70 is_stmt 1 discriminator 2 view .LVU524
 224:src/btphy/tdma_sched.c **** 		struct tdma_sched_bucket *bucket = &sched->bucket[bucket_nr];
 1315              		.loc 1 224 32 discriminator 1 view .LVU525
 1316              	.LVL112:
 1317              	.LBB108:
 225:src/btphy/tdma_sched.c **** 		/* current bucket will be reset by iteration code above! */
 1318              		.loc 1 225 3 view .LVU526
 227:src/btphy/tdma_sched.c **** 			bucket->num_items = 0;
 1319              		.loc 1 227 3 view .LVU527
 1320              	.L71:
 228:src/btphy/tdma_sched.c **** 	}
 1321              		.loc 1 228 4 view .LVU528
 228:src/btphy/tdma_sched.c **** 	}
ARM GAS  /tmp/ccVZ27zp.s 			page 35


 1322              		.loc 1 228 22 is_stmt 0 view .LVU529
 1323 00be 0022     		movs	r2, #0
 227:src/btphy/tdma_sched.c **** 			bucket->num_items = 0;
 1324              		.loc 1 227 6 view .LVU530
 1325 00c0 0C29     		cmp	r1, #12
 228:src/btphy/tdma_sched.c **** 	}
 1326              		.loc 1 228 22 view .LVU531
 1327 00c2 83F86C22 		strb	r2, [r3, #620]
 1328              	.LBE108:
 224:src/btphy/tdma_sched.c **** 		struct tdma_sched_bucket *bucket = &sched->bucket[bucket_nr];
 1329              		.loc 1 224 70 is_stmt 1 discriminator 2 view .LVU532
 224:src/btphy/tdma_sched.c **** 		struct tdma_sched_bucket *bucket = &sched->bucket[bucket_nr];
 1330              		.loc 1 224 32 discriminator 1 view .LVU533
 1331              	.LVL113:
 1332              	.LBB109:
 225:src/btphy/tdma_sched.c **** 		/* current bucket will be reset by iteration code above! */
 1333              		.loc 1 225 3 view .LVU534
 227:src/btphy/tdma_sched.c **** 			bucket->num_items = 0;
 1334              		.loc 1 227 3 view .LVU535
 227:src/btphy/tdma_sched.c **** 			bucket->num_items = 0;
 1335              		.loc 1 227 6 is_stmt 0 view .LVU536
 1336 00c6 18D1     		bne	.L73
 1337              	.LVL114:
 228:src/btphy/tdma_sched.c **** 	}
 1338              		.loc 1 228 22 view .LVU537
 1339 00c8 0022     		movs	r2, #0
 1340 00ca 83F8D422 		strb	r2, [r3, #724]
 1341              	.L90:
 228:src/btphy/tdma_sched.c **** 	}
 1342              		.loc 1 228 4 is_stmt 1 view .LVU538
 228:src/btphy/tdma_sched.c **** 	}
 1343              		.loc 1 228 22 is_stmt 0 view .LVU539
 1344 00ce 83F80823 		strb	r2, [r3, #776]
 1345              	.LBE109:
 224:src/btphy/tdma_sched.c **** 		struct tdma_sched_bucket *bucket = &sched->bucket[bucket_nr];
 1346              		.loc 1 224 70 is_stmt 1 discriminator 2 view .LVU540
 224:src/btphy/tdma_sched.c **** 		struct tdma_sched_bucket *bucket = &sched->bucket[bucket_nr];
 1347              		.loc 1 224 32 discriminator 1 view .LVU541
 1348              	.LVL115:
 1349              	.LBB110:
 225:src/btphy/tdma_sched.c **** 		/* current bucket will be reset by iteration code above! */
 1350              		.loc 1 225 3 view .LVU542
 227:src/btphy/tdma_sched.c **** 			bucket->num_items = 0;
 1351              		.loc 1 227 3 view .LVU543
 228:src/btphy/tdma_sched.c **** 	}
 1352              		.loc 1 228 4 view .LVU544
 228:src/btphy/tdma_sched.c **** 	}
 1353              		.loc 1 228 22 is_stmt 0 view .LVU545
 1354 00d2 0022     		movs	r2, #0
 1355 00d4 83F83C23 		strb	r2, [r3, #828]
 1356              	.LBE110:
 224:src/btphy/tdma_sched.c **** 		struct tdma_sched_bucket *bucket = &sched->bucket[bucket_nr];
 1357              		.loc 1 224 70 is_stmt 1 discriminator 2 view .LVU546
 1358              	.LVL116:
 224:src/btphy/tdma_sched.c **** 		struct tdma_sched_bucket *bucket = &sched->bucket[bucket_nr];
 1359              		.loc 1 224 32 discriminator 1 view .LVU547
 1360              		.loc 1 233 1 is_stmt 0 view .LVU548
ARM GAS  /tmp/ccVZ27zp.s 			page 36


 1361 00d8 7047     		bx	lr
 1362              	.LVL117:
 1363              	.L70:
 1364              	.LBB111:
 228:src/btphy/tdma_sched.c **** 	}
 1365              		.loc 1 228 4 is_stmt 1 view .LVU549
 227:src/btphy/tdma_sched.c **** 			bucket->num_items = 0;
 1366              		.loc 1 227 6 is_stmt 0 view .LVU550
 1367 00da 0529     		cmp	r1, #5
 228:src/btphy/tdma_sched.c **** 	}
 1368              		.loc 1 228 22 view .LVU551
 1369 00dc 83F80021 		strb	r2, [r3, #256]
 1370              	.LBE111:
 224:src/btphy/tdma_sched.c **** 		struct tdma_sched_bucket *bucket = &sched->bucket[bucket_nr];
 1371              		.loc 1 224 70 is_stmt 1 discriminator 2 view .LVU552
 224:src/btphy/tdma_sched.c **** 		struct tdma_sched_bucket *bucket = &sched->bucket[bucket_nr];
 1372              		.loc 1 224 32 discriminator 1 view .LVU553
 1373              	.LVL118:
 1374              	.LBB112:
 225:src/btphy/tdma_sched.c **** 		/* current bucket will be reset by iteration code above! */
 1375              		.loc 1 225 3 view .LVU554
 227:src/btphy/tdma_sched.c **** 			bucket->num_items = 0;
 1376              		.loc 1 227 3 view .LVU555
 227:src/btphy/tdma_sched.c **** 			bucket->num_items = 0;
 1377              		.loc 1 227 6 is_stmt 0 view .LVU556
 1378 00e0 31D1     		bne	.L72
 1379              	.LBE112:
 224:src/btphy/tdma_sched.c **** 		struct tdma_sched_bucket *bucket = &sched->bucket[bucket_nr];
 1380              		.loc 1 224 70 is_stmt 1 discriminator 2 view .LVU557
 224:src/btphy/tdma_sched.c **** 		struct tdma_sched_bucket *bucket = &sched->bucket[bucket_nr];
 1381              		.loc 1 224 32 discriminator 1 view .LVU558
 1382              	.LBB113:
 225:src/btphy/tdma_sched.c **** 		/* current bucket will be reset by iteration code above! */
 1383              		.loc 1 225 3 view .LVU559
 227:src/btphy/tdma_sched.c **** 			bucket->num_items = 0;
 1384              		.loc 1 227 3 view .LVU560
 1385              	.LVL119:
 228:src/btphy/tdma_sched.c **** 	}
 1386              		.loc 1 228 4 view .LVU561
 228:src/btphy/tdma_sched.c **** 	}
 1387              		.loc 1 228 22 is_stmt 0 view .LVU562
 1388 00e2 83F86821 		strb	r2, [r3, #360]
 1389              	.LBE113:
 224:src/btphy/tdma_sched.c **** 		struct tdma_sched_bucket *bucket = &sched->bucket[bucket_nr];
 1390              		.loc 1 224 70 is_stmt 1 discriminator 2 view .LVU563
 224:src/btphy/tdma_sched.c **** 		struct tdma_sched_bucket *bucket = &sched->bucket[bucket_nr];
 1391              		.loc 1 224 32 discriminator 1 view .LVU564
 1392              	.LVL120:
 1393              	.LBB114:
 225:src/btphy/tdma_sched.c **** 		/* current bucket will be reset by iteration code above! */
 1394              		.loc 1 225 3 view .LVU565
 227:src/btphy/tdma_sched.c **** 			bucket->num_items = 0;
 1395              		.loc 1 227 3 view .LVU566
 228:src/btphy/tdma_sched.c **** 	}
 1396              		.loc 1 228 4 view .LVU567
 228:src/btphy/tdma_sched.c **** 	}
 1397              		.loc 1 228 22 is_stmt 0 view .LVU568
ARM GAS  /tmp/ccVZ27zp.s 			page 37


 1398 00e6 83F89C21 		strb	r2, [r3, #412]
 1399              	.LBE114:
 224:src/btphy/tdma_sched.c **** 		struct tdma_sched_bucket *bucket = &sched->bucket[bucket_nr];
 1400              		.loc 1 224 70 is_stmt 1 discriminator 2 view .LVU569
 224:src/btphy/tdma_sched.c **** 		struct tdma_sched_bucket *bucket = &sched->bucket[bucket_nr];
 1401              		.loc 1 224 32 discriminator 1 view .LVU570
 1402              	.LVL121:
 1403              	.LBB115:
 225:src/btphy/tdma_sched.c **** 		/* current bucket will be reset by iteration code above! */
 1404              		.loc 1 225 3 view .LVU571
 227:src/btphy/tdma_sched.c **** 			bucket->num_items = 0;
 1405              		.loc 1 227 3 view .LVU572
 228:src/btphy/tdma_sched.c **** 	}
 1406              		.loc 1 228 4 view .LVU573
 228:src/btphy/tdma_sched.c **** 	}
 1407              		.loc 1 228 22 is_stmt 0 view .LVU574
 1408 00ea 83F8D021 		strb	r2, [r3, #464]
 1409              	.LBE115:
 224:src/btphy/tdma_sched.c **** 		struct tdma_sched_bucket *bucket = &sched->bucket[bucket_nr];
 1410              		.loc 1 224 70 is_stmt 1 discriminator 2 view .LVU575
 224:src/btphy/tdma_sched.c **** 		struct tdma_sched_bucket *bucket = &sched->bucket[bucket_nr];
 1411              		.loc 1 224 32 discriminator 1 view .LVU576
 1412              	.LVL122:
 1413              	.LBB116:
 225:src/btphy/tdma_sched.c **** 		/* current bucket will be reset by iteration code above! */
 1414              		.loc 1 225 3 view .LVU577
 227:src/btphy/tdma_sched.c **** 			bucket->num_items = 0;
 1415              		.loc 1 227 3 view .LVU578
 228:src/btphy/tdma_sched.c **** 	}
 1416              		.loc 1 228 4 view .LVU579
 228:src/btphy/tdma_sched.c **** 	}
 1417              		.loc 1 228 22 is_stmt 0 view .LVU580
 1418 00ee 83F80422 		strb	r2, [r3, #516]
 1419              	.LBE116:
 224:src/btphy/tdma_sched.c **** 		struct tdma_sched_bucket *bucket = &sched->bucket[bucket_nr];
 1420              		.loc 1 224 70 is_stmt 1 discriminator 2 view .LVU581
 224:src/btphy/tdma_sched.c **** 		struct tdma_sched_bucket *bucket = &sched->bucket[bucket_nr];
 1421              		.loc 1 224 32 discriminator 1 view .LVU582
 1422              	.LVL123:
 1423              	.LBB117:
 225:src/btphy/tdma_sched.c **** 		/* current bucket will be reset by iteration code above! */
 1424              		.loc 1 225 3 view .LVU583
 227:src/btphy/tdma_sched.c **** 			bucket->num_items = 0;
 1425              		.loc 1 227 3 view .LVU584
 228:src/btphy/tdma_sched.c **** 	}
 1426              		.loc 1 228 4 view .LVU585
 228:src/btphy/tdma_sched.c **** 	}
 1427              		.loc 1 228 22 is_stmt 0 view .LVU586
 1428 00f2 83F83822 		strb	r2, [r3, #568]
 1429              	.LBE117:
 224:src/btphy/tdma_sched.c **** 		struct tdma_sched_bucket *bucket = &sched->bucket[bucket_nr];
 1430              		.loc 1 224 70 is_stmt 1 discriminator 2 view .LVU587
 224:src/btphy/tdma_sched.c **** 		struct tdma_sched_bucket *bucket = &sched->bucket[bucket_nr];
 1431              		.loc 1 224 32 discriminator 1 view .LVU588
 1432              	.LVL124:
 1433              	.LBB118:
 225:src/btphy/tdma_sched.c **** 		/* current bucket will be reset by iteration code above! */
ARM GAS  /tmp/ccVZ27zp.s 			page 38


 1434              		.loc 1 225 3 view .LVU589
 227:src/btphy/tdma_sched.c **** 			bucket->num_items = 0;
 1435              		.loc 1 227 3 view .LVU590
 228:src/btphy/tdma_sched.c **** 	}
 1436              		.loc 1 228 4 view .LVU591
 228:src/btphy/tdma_sched.c **** 	}
 1437              		.loc 1 228 22 is_stmt 0 view .LVU592
 1438 00f6 83F86C22 		strb	r2, [r3, #620]
 1439              	.LBE118:
 224:src/btphy/tdma_sched.c **** 		struct tdma_sched_bucket *bucket = &sched->bucket[bucket_nr];
 1440              		.loc 1 224 70 is_stmt 1 discriminator 2 view .LVU593
 224:src/btphy/tdma_sched.c **** 		struct tdma_sched_bucket *bucket = &sched->bucket[bucket_nr];
 1441              		.loc 1 224 32 discriminator 1 view .LVU594
 1442              	.LVL125:
 1443              	.LBB119:
 225:src/btphy/tdma_sched.c **** 		/* current bucket will be reset by iteration code above! */
 1444              		.loc 1 225 3 view .LVU595
 227:src/btphy/tdma_sched.c **** 			bucket->num_items = 0;
 1445              		.loc 1 227 3 view .LVU596
 1446              	.L73:
 228:src/btphy/tdma_sched.c **** 	}
 1447              		.loc 1 228 4 view .LVU597
 228:src/btphy/tdma_sched.c **** 	}
 1448              		.loc 1 228 22 is_stmt 0 view .LVU598
 1449 00fa 0022     		movs	r2, #0
 227:src/btphy/tdma_sched.c **** 			bucket->num_items = 0;
 1450              		.loc 1 227 6 view .LVU599
 1451 00fc 0D29     		cmp	r1, #13
 228:src/btphy/tdma_sched.c **** 	}
 1452              		.loc 1 228 22 view .LVU600
 1453 00fe 83F8A022 		strb	r2, [r3, #672]
 1454              	.LBE119:
 224:src/btphy/tdma_sched.c **** 		struct tdma_sched_bucket *bucket = &sched->bucket[bucket_nr];
 1455              		.loc 1 224 70 is_stmt 1 discriminator 2 view .LVU601
 224:src/btphy/tdma_sched.c **** 		struct tdma_sched_bucket *bucket = &sched->bucket[bucket_nr];
 1456              		.loc 1 224 32 discriminator 1 view .LVU602
 1457              	.LVL126:
 1458              	.LBB120:
 225:src/btphy/tdma_sched.c **** 		/* current bucket will be reset by iteration code above! */
 1459              		.loc 1 225 3 view .LVU603
 227:src/btphy/tdma_sched.c **** 			bucket->num_items = 0;
 1460              		.loc 1 227 3 view .LVU604
 227:src/btphy/tdma_sched.c **** 			bucket->num_items = 0;
 1461              		.loc 1 227 6 is_stmt 0 view .LVU605
 1462 0102 E4D0     		beq	.L90
 228:src/btphy/tdma_sched.c **** 	}
 1463              		.loc 1 228 4 is_stmt 1 view .LVU606
 228:src/btphy/tdma_sched.c **** 	}
 1464              		.loc 1 228 22 is_stmt 0 view .LVU607
 1465 0104 0022     		movs	r2, #0
 227:src/btphy/tdma_sched.c **** 			bucket->num_items = 0;
 1466              		.loc 1 227 6 view .LVU608
 1467 0106 0E29     		cmp	r1, #14
 228:src/btphy/tdma_sched.c **** 	}
 1468              		.loc 1 228 22 view .LVU609
 1469 0108 83F8D422 		strb	r2, [r3, #724]
 1470              	.LBE120:
ARM GAS  /tmp/ccVZ27zp.s 			page 39


 224:src/btphy/tdma_sched.c **** 		struct tdma_sched_bucket *bucket = &sched->bucket[bucket_nr];
 1471              		.loc 1 224 70 is_stmt 1 discriminator 2 view .LVU610
 224:src/btphy/tdma_sched.c **** 		struct tdma_sched_bucket *bucket = &sched->bucket[bucket_nr];
 1472              		.loc 1 224 32 discriminator 1 view .LVU611
 1473              	.LVL127:
 1474              	.LBB121:
 225:src/btphy/tdma_sched.c **** 		/* current bucket will be reset by iteration code above! */
 1475              		.loc 1 225 3 view .LVU612
 227:src/btphy/tdma_sched.c **** 			bucket->num_items = 0;
 1476              		.loc 1 227 3 view .LVU613
 227:src/btphy/tdma_sched.c **** 			bucket->num_items = 0;
 1477              		.loc 1 227 6 is_stmt 0 view .LVU614
 1478 010c 9DD0     		beq	.L78
 1479 010e BBE7     		b	.L77
 1480              	.LVL128:
 1481              	.L66:
 228:src/btphy/tdma_sched.c **** 	}
 1482              		.loc 1 228 4 is_stmt 1 view .LVU615
 227:src/btphy/tdma_sched.c **** 			bucket->num_items = 0;
 1483              		.loc 1 227 6 is_stmt 0 view .LVU616
 1484 0110 0329     		cmp	r1, #3
 228:src/btphy/tdma_sched.c **** 	}
 1485              		.loc 1 228 22 view .LVU617
 1486 0112 83F89820 		strb	r2, [r3, #152]
 1487              	.LBE121:
 224:src/btphy/tdma_sched.c **** 		struct tdma_sched_bucket *bucket = &sched->bucket[bucket_nr];
 1488              		.loc 1 224 70 is_stmt 1 discriminator 2 view .LVU618
 224:src/btphy/tdma_sched.c **** 		struct tdma_sched_bucket *bucket = &sched->bucket[bucket_nr];
 1489              		.loc 1 224 32 discriminator 1 view .LVU619
 1490              	.LVL129:
 1491              	.LBB122:
 225:src/btphy/tdma_sched.c **** 		/* current bucket will be reset by iteration code above! */
 1492              		.loc 1 225 3 view .LVU620
 227:src/btphy/tdma_sched.c **** 			bucket->num_items = 0;
 1493              		.loc 1 227 3 view .LVU621
 227:src/btphy/tdma_sched.c **** 			bucket->num_items = 0;
 1494              		.loc 1 227 6 is_stmt 0 view .LVU622
 1495 0116 C1D1     		bne	.L68
 1496              	.LBE122:
 224:src/btphy/tdma_sched.c **** 		struct tdma_sched_bucket *bucket = &sched->bucket[bucket_nr];
 1497              		.loc 1 224 70 is_stmt 1 discriminator 2 view .LVU623
 224:src/btphy/tdma_sched.c **** 		struct tdma_sched_bucket *bucket = &sched->bucket[bucket_nr];
 1498              		.loc 1 224 32 discriminator 1 view .LVU624
 1499              	.LBB123:
 225:src/btphy/tdma_sched.c **** 		/* current bucket will be reset by iteration code above! */
 1500              		.loc 1 225 3 view .LVU625
 227:src/btphy/tdma_sched.c **** 			bucket->num_items = 0;
 1501              		.loc 1 227 3 view .LVU626
 1502              	.LVL130:
 228:src/btphy/tdma_sched.c **** 	}
 1503              		.loc 1 228 4 view .LVU627
 228:src/btphy/tdma_sched.c **** 	}
 1504              		.loc 1 228 22 is_stmt 0 view .LVU628
 1505 0118 83F80021 		strb	r2, [r3, #256]
 1506              	.LBE123:
 224:src/btphy/tdma_sched.c **** 		struct tdma_sched_bucket *bucket = &sched->bucket[bucket_nr];
 1507              		.loc 1 224 70 is_stmt 1 discriminator 2 view .LVU629
ARM GAS  /tmp/ccVZ27zp.s 			page 40


 224:src/btphy/tdma_sched.c **** 		struct tdma_sched_bucket *bucket = &sched->bucket[bucket_nr];
 1508              		.loc 1 224 32 discriminator 1 view .LVU630
 1509              	.LVL131:
 1510              	.LBB124:
 225:src/btphy/tdma_sched.c **** 		/* current bucket will be reset by iteration code above! */
 1511              		.loc 1 225 3 view .LVU631
 227:src/btphy/tdma_sched.c **** 			bucket->num_items = 0;
 1512              		.loc 1 227 3 view .LVU632
 228:src/btphy/tdma_sched.c **** 	}
 1513              		.loc 1 228 4 view .LVU633
 228:src/btphy/tdma_sched.c **** 	}
 1514              		.loc 1 228 22 is_stmt 0 view .LVU634
 1515 011c 83F83421 		strb	r2, [r3, #308]
 1516              	.LBE124:
 224:src/btphy/tdma_sched.c **** 		struct tdma_sched_bucket *bucket = &sched->bucket[bucket_nr];
 1517              		.loc 1 224 70 is_stmt 1 discriminator 2 view .LVU635
 224:src/btphy/tdma_sched.c **** 		struct tdma_sched_bucket *bucket = &sched->bucket[bucket_nr];
 1518              		.loc 1 224 32 discriminator 1 view .LVU636
 1519              	.LVL132:
 1520              	.LBB125:
 225:src/btphy/tdma_sched.c **** 		/* current bucket will be reset by iteration code above! */
 1521              		.loc 1 225 3 view .LVU637
 227:src/btphy/tdma_sched.c **** 			bucket->num_items = 0;
 1522              		.loc 1 227 3 view .LVU638
 228:src/btphy/tdma_sched.c **** 	}
 1523              		.loc 1 228 4 view .LVU639
 228:src/btphy/tdma_sched.c **** 	}
 1524              		.loc 1 228 22 is_stmt 0 view .LVU640
 1525 0120 83F86821 		strb	r2, [r3, #360]
 1526              	.LBE125:
 224:src/btphy/tdma_sched.c **** 		struct tdma_sched_bucket *bucket = &sched->bucket[bucket_nr];
 1527              		.loc 1 224 70 is_stmt 1 discriminator 2 view .LVU641
 224:src/btphy/tdma_sched.c **** 		struct tdma_sched_bucket *bucket = &sched->bucket[bucket_nr];
 1528              		.loc 1 224 32 discriminator 1 view .LVU642
 1529              	.LVL133:
 1530              	.LBB126:
 225:src/btphy/tdma_sched.c **** 		/* current bucket will be reset by iteration code above! */
 1531              		.loc 1 225 3 view .LVU643
 227:src/btphy/tdma_sched.c **** 			bucket->num_items = 0;
 1532              		.loc 1 227 3 view .LVU644
 228:src/btphy/tdma_sched.c **** 	}
 1533              		.loc 1 228 4 view .LVU645
 228:src/btphy/tdma_sched.c **** 	}
 1534              		.loc 1 228 22 is_stmt 0 view .LVU646
 1535 0124 83F89C21 		strb	r2, [r3, #412]
 1536              	.LBE126:
 224:src/btphy/tdma_sched.c **** 		struct tdma_sched_bucket *bucket = &sched->bucket[bucket_nr];
 1537              		.loc 1 224 70 is_stmt 1 discriminator 2 view .LVU647
 224:src/btphy/tdma_sched.c **** 		struct tdma_sched_bucket *bucket = &sched->bucket[bucket_nr];
 1538              		.loc 1 224 32 discriminator 1 view .LVU648
 1539              	.LVL134:
 1540              	.LBB127:
 225:src/btphy/tdma_sched.c **** 		/* current bucket will be reset by iteration code above! */
 1541              		.loc 1 225 3 view .LVU649
 227:src/btphy/tdma_sched.c **** 			bucket->num_items = 0;
 1542              		.loc 1 227 3 view .LVU650
 228:src/btphy/tdma_sched.c **** 	}
ARM GAS  /tmp/ccVZ27zp.s 			page 41


 1543              		.loc 1 228 4 view .LVU651
 228:src/btphy/tdma_sched.c **** 	}
 1544              		.loc 1 228 22 is_stmt 0 view .LVU652
 1545 0128 83F8D021 		strb	r2, [r3, #464]
 1546              	.LBE127:
 224:src/btphy/tdma_sched.c **** 		struct tdma_sched_bucket *bucket = &sched->bucket[bucket_nr];
 1547              		.loc 1 224 70 is_stmt 1 discriminator 2 view .LVU653
 224:src/btphy/tdma_sched.c **** 		struct tdma_sched_bucket *bucket = &sched->bucket[bucket_nr];
 1548              		.loc 1 224 32 discriminator 1 view .LVU654
 1549              	.LVL135:
 1550              	.LBB128:
 225:src/btphy/tdma_sched.c **** 		/* current bucket will be reset by iteration code above! */
 1551              		.loc 1 225 3 view .LVU655
 227:src/btphy/tdma_sched.c **** 			bucket->num_items = 0;
 1552              		.loc 1 227 3 view .LVU656
 228:src/btphy/tdma_sched.c **** 	}
 1553              		.loc 1 228 4 view .LVU657
 228:src/btphy/tdma_sched.c **** 	}
 1554              		.loc 1 228 22 is_stmt 0 view .LVU658
 1555 012c 83F80422 		strb	r2, [r3, #516]
 1556              	.LBE128:
 224:src/btphy/tdma_sched.c **** 		struct tdma_sched_bucket *bucket = &sched->bucket[bucket_nr];
 1557              		.loc 1 224 70 is_stmt 1 discriminator 2 view .LVU659
 224:src/btphy/tdma_sched.c **** 		struct tdma_sched_bucket *bucket = &sched->bucket[bucket_nr];
 1558              		.loc 1 224 32 discriminator 1 view .LVU660
 1559              	.LVL136:
 1560              	.LBB129:
 225:src/btphy/tdma_sched.c **** 		/* current bucket will be reset by iteration code above! */
 1561              		.loc 1 225 3 view .LVU661
 227:src/btphy/tdma_sched.c **** 			bucket->num_items = 0;
 1562              		.loc 1 227 3 view .LVU662
 1563              	.L69:
 228:src/btphy/tdma_sched.c **** 	}
 1564              		.loc 1 228 4 view .LVU663
 228:src/btphy/tdma_sched.c **** 	}
 1565              		.loc 1 228 22 is_stmt 0 view .LVU664
 1566 0130 0022     		movs	r2, #0
 227:src/btphy/tdma_sched.c **** 			bucket->num_items = 0;
 1567              		.loc 1 227 6 view .LVU665
 1568 0132 0B29     		cmp	r1, #11
 228:src/btphy/tdma_sched.c **** 	}
 1569              		.loc 1 228 22 view .LVU666
 1570 0134 83F83822 		strb	r2, [r3, #568]
 1571              	.LBE129:
 224:src/btphy/tdma_sched.c **** 		struct tdma_sched_bucket *bucket = &sched->bucket[bucket_nr];
 1572              		.loc 1 224 70 is_stmt 1 discriminator 2 view .LVU667
 224:src/btphy/tdma_sched.c **** 		struct tdma_sched_bucket *bucket = &sched->bucket[bucket_nr];
 1573              		.loc 1 224 32 discriminator 1 view .LVU668
 1574              	.LVL137:
 1575              	.LBB130:
 225:src/btphy/tdma_sched.c **** 		/* current bucket will be reset by iteration code above! */
 1576              		.loc 1 225 3 view .LVU669
 227:src/btphy/tdma_sched.c **** 			bucket->num_items = 0;
 1577              		.loc 1 227 3 view .LVU670
 227:src/btphy/tdma_sched.c **** 			bucket->num_items = 0;
 1578              		.loc 1 227 6 is_stmt 0 view .LVU671
 1579 0138 C1D1     		bne	.L71
ARM GAS  /tmp/ccVZ27zp.s 			page 42


 1580              	.LBE130:
 224:src/btphy/tdma_sched.c **** 		struct tdma_sched_bucket *bucket = &sched->bucket[bucket_nr];
 1581              		.loc 1 224 70 is_stmt 1 discriminator 2 view .LVU672
 224:src/btphy/tdma_sched.c **** 		struct tdma_sched_bucket *bucket = &sched->bucket[bucket_nr];
 1582              		.loc 1 224 32 discriminator 1 view .LVU673
 1583              	.LBB131:
 225:src/btphy/tdma_sched.c **** 		/* current bucket will be reset by iteration code above! */
 1584              		.loc 1 225 3 view .LVU674
 227:src/btphy/tdma_sched.c **** 			bucket->num_items = 0;
 1585              		.loc 1 227 3 view .LVU675
 1586              	.LVL138:
 228:src/btphy/tdma_sched.c **** 	}
 1587              		.loc 1 228 4 view .LVU676
 228:src/btphy/tdma_sched.c **** 	}
 1588              		.loc 1 228 22 is_stmt 0 view .LVU677
 1589 013a 83F8A022 		strb	r2, [r3, #672]
 228:src/btphy/tdma_sched.c **** 	}
 1590              		.loc 1 228 4 is_stmt 1 view .LVU678
 1591              	.LBE131:
 224:src/btphy/tdma_sched.c **** 		struct tdma_sched_bucket *bucket = &sched->bucket[bucket_nr];
 1592              		.loc 1 224 70 discriminator 2 view .LVU679
 224:src/btphy/tdma_sched.c **** 		struct tdma_sched_bucket *bucket = &sched->bucket[bucket_nr];
 1593              		.loc 1 224 32 discriminator 1 view .LVU680
 1594              	.LVL139:
 1595              	.LBB132:
 225:src/btphy/tdma_sched.c **** 		/* current bucket will be reset by iteration code above! */
 1596              		.loc 1 225 3 view .LVU681
 227:src/btphy/tdma_sched.c **** 			bucket->num_items = 0;
 1597              		.loc 1 227 3 view .LVU682
 228:src/btphy/tdma_sched.c **** 	}
 1598              		.loc 1 228 22 is_stmt 0 view .LVU683
 1599 013e 0022     		movs	r2, #0
 1600 0140 83F8D422 		strb	r2, [r3, #724]
 1601 0144 C3E7     		b	.L90
 1602              	.LVL140:
 1603              	.L72:
 228:src/btphy/tdma_sched.c **** 	}
 1604              		.loc 1 228 4 is_stmt 1 view .LVU684
 227:src/btphy/tdma_sched.c **** 			bucket->num_items = 0;
 1605              		.loc 1 227 6 is_stmt 0 view .LVU685
 1606 0146 0629     		cmp	r1, #6
 228:src/btphy/tdma_sched.c **** 	}
 1607              		.loc 1 228 22 view .LVU686
 1608 0148 83F83421 		strb	r2, [r3, #308]
 1609              	.LBE132:
 224:src/btphy/tdma_sched.c **** 		struct tdma_sched_bucket *bucket = &sched->bucket[bucket_nr];
 1610              		.loc 1 224 70 is_stmt 1 discriminator 2 view .LVU687
 224:src/btphy/tdma_sched.c **** 		struct tdma_sched_bucket *bucket = &sched->bucket[bucket_nr];
 1611              		.loc 1 224 32 discriminator 1 view .LVU688
 1612              	.LVL141:
 1613              	.LBB133:
 225:src/btphy/tdma_sched.c **** 		/* current bucket will be reset by iteration code above! */
 1614              		.loc 1 225 3 view .LVU689
 227:src/btphy/tdma_sched.c **** 			bucket->num_items = 0;
 1615              		.loc 1 227 3 view .LVU690
 227:src/btphy/tdma_sched.c **** 			bucket->num_items = 0;
 1616              		.loc 1 227 6 is_stmt 0 view .LVU691
ARM GAS  /tmp/ccVZ27zp.s 			page 43


 1617 014c 12D1     		bne	.L74
 1618              	.LBE133:
 224:src/btphy/tdma_sched.c **** 		struct tdma_sched_bucket *bucket = &sched->bucket[bucket_nr];
 1619              		.loc 1 224 70 is_stmt 1 discriminator 2 view .LVU692
 224:src/btphy/tdma_sched.c **** 		struct tdma_sched_bucket *bucket = &sched->bucket[bucket_nr];
 1620              		.loc 1 224 32 discriminator 1 view .LVU693
 1621              	.LBB134:
 225:src/btphy/tdma_sched.c **** 		/* current bucket will be reset by iteration code above! */
 1622              		.loc 1 225 3 view .LVU694
 227:src/btphy/tdma_sched.c **** 			bucket->num_items = 0;
 1623              		.loc 1 227 3 view .LVU695
 1624              	.LVL142:
 228:src/btphy/tdma_sched.c **** 	}
 1625              		.loc 1 228 4 view .LVU696
 228:src/btphy/tdma_sched.c **** 	}
 1626              		.loc 1 228 22 is_stmt 0 view .LVU697
 1627 014e 83F89C21 		strb	r2, [r3, #412]
 1628              	.LBE134:
 224:src/btphy/tdma_sched.c **** 		struct tdma_sched_bucket *bucket = &sched->bucket[bucket_nr];
 1629              		.loc 1 224 70 is_stmt 1 discriminator 2 view .LVU698
 224:src/btphy/tdma_sched.c **** 		struct tdma_sched_bucket *bucket = &sched->bucket[bucket_nr];
 1630              		.loc 1 224 32 discriminator 1 view .LVU699
 1631              	.LVL143:
 1632              	.LBB135:
 225:src/btphy/tdma_sched.c **** 		/* current bucket will be reset by iteration code above! */
 1633              		.loc 1 225 3 view .LVU700
 227:src/btphy/tdma_sched.c **** 			bucket->num_items = 0;
 1634              		.loc 1 227 3 view .LVU701
 228:src/btphy/tdma_sched.c **** 	}
 1635              		.loc 1 228 4 view .LVU702
 228:src/btphy/tdma_sched.c **** 	}
 1636              		.loc 1 228 22 is_stmt 0 view .LVU703
 1637 0152 83F8D021 		strb	r2, [r3, #464]
 1638              	.LBE135:
 224:src/btphy/tdma_sched.c **** 		struct tdma_sched_bucket *bucket = &sched->bucket[bucket_nr];
 1639              		.loc 1 224 70 is_stmt 1 discriminator 2 view .LVU704
 224:src/btphy/tdma_sched.c **** 		struct tdma_sched_bucket *bucket = &sched->bucket[bucket_nr];
 1640              		.loc 1 224 32 discriminator 1 view .LVU705
 1641              	.LVL144:
 1642              	.LBB136:
 225:src/btphy/tdma_sched.c **** 		/* current bucket will be reset by iteration code above! */
 1643              		.loc 1 225 3 view .LVU706
 227:src/btphy/tdma_sched.c **** 			bucket->num_items = 0;
 1644              		.loc 1 227 3 view .LVU707
 228:src/btphy/tdma_sched.c **** 	}
 1645              		.loc 1 228 4 view .LVU708
 228:src/btphy/tdma_sched.c **** 	}
 1646              		.loc 1 228 22 is_stmt 0 view .LVU709
 1647 0156 83F80422 		strb	r2, [r3, #516]
 1648              	.LBE136:
 224:src/btphy/tdma_sched.c **** 		struct tdma_sched_bucket *bucket = &sched->bucket[bucket_nr];
 1649              		.loc 1 224 70 is_stmt 1 discriminator 2 view .LVU710
 224:src/btphy/tdma_sched.c **** 		struct tdma_sched_bucket *bucket = &sched->bucket[bucket_nr];
 1650              		.loc 1 224 32 discriminator 1 view .LVU711
 1651              	.LVL145:
 1652              	.LBB137:
 225:src/btphy/tdma_sched.c **** 		/* current bucket will be reset by iteration code above! */
ARM GAS  /tmp/ccVZ27zp.s 			page 44


 1653              		.loc 1 225 3 view .LVU712
 227:src/btphy/tdma_sched.c **** 			bucket->num_items = 0;
 1654              		.loc 1 227 3 view .LVU713
 228:src/btphy/tdma_sched.c **** 	}
 1655              		.loc 1 228 4 view .LVU714
 228:src/btphy/tdma_sched.c **** 	}
 1656              		.loc 1 228 22 is_stmt 0 view .LVU715
 1657 015a 83F83822 		strb	r2, [r3, #568]
 1658              	.LBE137:
 224:src/btphy/tdma_sched.c **** 		struct tdma_sched_bucket *bucket = &sched->bucket[bucket_nr];
 1659              		.loc 1 224 70 is_stmt 1 discriminator 2 view .LVU716
 224:src/btphy/tdma_sched.c **** 		struct tdma_sched_bucket *bucket = &sched->bucket[bucket_nr];
 1660              		.loc 1 224 32 discriminator 1 view .LVU717
 1661              	.LVL146:
 1662              	.LBB138:
 225:src/btphy/tdma_sched.c **** 		/* current bucket will be reset by iteration code above! */
 1663              		.loc 1 225 3 view .LVU718
 227:src/btphy/tdma_sched.c **** 			bucket->num_items = 0;
 1664              		.loc 1 227 3 view .LVU719
 228:src/btphy/tdma_sched.c **** 	}
 1665              		.loc 1 228 4 view .LVU720
 228:src/btphy/tdma_sched.c **** 	}
 1666              		.loc 1 228 22 is_stmt 0 view .LVU721
 1667 015e 83F86C22 		strb	r2, [r3, #620]
 1668              	.LBE138:
 224:src/btphy/tdma_sched.c **** 		struct tdma_sched_bucket *bucket = &sched->bucket[bucket_nr];
 1669              		.loc 1 224 70 is_stmt 1 discriminator 2 view .LVU722
 224:src/btphy/tdma_sched.c **** 		struct tdma_sched_bucket *bucket = &sched->bucket[bucket_nr];
 1670              		.loc 1 224 32 discriminator 1 view .LVU723
 1671              	.LVL147:
 1672              	.LBB139:
 225:src/btphy/tdma_sched.c **** 		/* current bucket will be reset by iteration code above! */
 1673              		.loc 1 225 3 view .LVU724
 227:src/btphy/tdma_sched.c **** 			bucket->num_items = 0;
 1674              		.loc 1 227 3 view .LVU725
 228:src/btphy/tdma_sched.c **** 	}
 1675              		.loc 1 228 4 view .LVU726
 228:src/btphy/tdma_sched.c **** 	}
 1676              		.loc 1 228 22 is_stmt 0 view .LVU727
 1677 0162 83F8A022 		strb	r2, [r3, #672]
 1678              	.LBE139:
 224:src/btphy/tdma_sched.c **** 		struct tdma_sched_bucket *bucket = &sched->bucket[bucket_nr];
 1679              		.loc 1 224 70 is_stmt 1 discriminator 2 view .LVU728
 224:src/btphy/tdma_sched.c **** 		struct tdma_sched_bucket *bucket = &sched->bucket[bucket_nr];
 1680              		.loc 1 224 32 discriminator 1 view .LVU729
 1681              	.LVL148:
 1682              	.LBB140:
 225:src/btphy/tdma_sched.c **** 		/* current bucket will be reset by iteration code above! */
 1683              		.loc 1 225 3 view .LVU730
 227:src/btphy/tdma_sched.c **** 			bucket->num_items = 0;
 1684              		.loc 1 227 3 view .LVU731
 228:src/btphy/tdma_sched.c **** 	}
 1685              		.loc 1 228 4 view .LVU732
 228:src/btphy/tdma_sched.c **** 	}
 1686              		.loc 1 228 22 is_stmt 0 view .LVU733
 1687 0166 0022     		movs	r2, #0
 227:src/btphy/tdma_sched.c **** 			bucket->num_items = 0;
ARM GAS  /tmp/ccVZ27zp.s 			page 45


 1688              		.loc 1 227 6 view .LVU734
 1689 0168 0E29     		cmp	r1, #14
 228:src/btphy/tdma_sched.c **** 	}
 1690              		.loc 1 228 22 view .LVU735
 1691 016a 83F8D422 		strb	r2, [r3, #724]
 1692              	.LBE140:
 224:src/btphy/tdma_sched.c **** 		struct tdma_sched_bucket *bucket = &sched->bucket[bucket_nr];
 1693              		.loc 1 224 70 is_stmt 1 discriminator 2 view .LVU736
 224:src/btphy/tdma_sched.c **** 		struct tdma_sched_bucket *bucket = &sched->bucket[bucket_nr];
 1694              		.loc 1 224 32 discriminator 1 view .LVU737
 1695              	.LVL149:
 1696              	.LBB141:
 225:src/btphy/tdma_sched.c **** 		/* current bucket will be reset by iteration code above! */
 1697              		.loc 1 225 3 view .LVU738
 227:src/btphy/tdma_sched.c **** 			bucket->num_items = 0;
 1698              		.loc 1 227 3 view .LVU739
 227:src/btphy/tdma_sched.c **** 			bucket->num_items = 0;
 1699              		.loc 1 227 6 is_stmt 0 view .LVU740
 1700 016e 3FF46CAF 		beq	.L78
 1701 0172 89E7     		b	.L77
 1702              	.LVL150:
 1703              	.L74:
 228:src/btphy/tdma_sched.c **** 	}
 1704              		.loc 1 228 4 is_stmt 1 view .LVU741
 227:src/btphy/tdma_sched.c **** 			bucket->num_items = 0;
 1705              		.loc 1 227 6 is_stmt 0 view .LVU742
 1706 0174 0729     		cmp	r1, #7
 228:src/btphy/tdma_sched.c **** 	}
 1707              		.loc 1 228 22 view .LVU743
 1708 0176 83F86821 		strb	r2, [r3, #360]
 1709              	.LBE141:
 224:src/btphy/tdma_sched.c **** 		struct tdma_sched_bucket *bucket = &sched->bucket[bucket_nr];
 1710              		.loc 1 224 70 is_stmt 1 discriminator 2 view .LVU744
 224:src/btphy/tdma_sched.c **** 		struct tdma_sched_bucket *bucket = &sched->bucket[bucket_nr];
 1711              		.loc 1 224 32 discriminator 1 view .LVU745
 1712              	.LVL151:
 1713              	.LBB142:
 225:src/btphy/tdma_sched.c **** 		/* current bucket will be reset by iteration code above! */
 1714              		.loc 1 225 3 view .LVU746
 227:src/btphy/tdma_sched.c **** 			bucket->num_items = 0;
 1715              		.loc 1 227 3 view .LVU747
 227:src/btphy/tdma_sched.c **** 			bucket->num_items = 0;
 1716              		.loc 1 227 6 is_stmt 0 view .LVU748
 1717 017a 08D1     		bne	.L76
 1718              	.LBE142:
 224:src/btphy/tdma_sched.c **** 		struct tdma_sched_bucket *bucket = &sched->bucket[bucket_nr];
 1719              		.loc 1 224 70 is_stmt 1 discriminator 2 view .LVU749
 224:src/btphy/tdma_sched.c **** 		struct tdma_sched_bucket *bucket = &sched->bucket[bucket_nr];
 1720              		.loc 1 224 32 discriminator 1 view .LVU750
 1721              	.LBB143:
 225:src/btphy/tdma_sched.c **** 		/* current bucket will be reset by iteration code above! */
 1722              		.loc 1 225 3 view .LVU751
 227:src/btphy/tdma_sched.c **** 			bucket->num_items = 0;
 1723              		.loc 1 227 3 view .LVU752
 1724              	.LVL152:
 228:src/btphy/tdma_sched.c **** 	}
 1725              		.loc 1 228 4 view .LVU753
ARM GAS  /tmp/ccVZ27zp.s 			page 46


 228:src/btphy/tdma_sched.c **** 	}
 1726              		.loc 1 228 22 is_stmt 0 view .LVU754
 1727 017c 83F8D021 		strb	r2, [r3, #464]
 1728              	.LBE143:
 224:src/btphy/tdma_sched.c **** 		struct tdma_sched_bucket *bucket = &sched->bucket[bucket_nr];
 1729              		.loc 1 224 70 is_stmt 1 discriminator 2 view .LVU755
 224:src/btphy/tdma_sched.c **** 		struct tdma_sched_bucket *bucket = &sched->bucket[bucket_nr];
 1730              		.loc 1 224 32 discriminator 1 view .LVU756
 1731              	.LVL153:
 1732              	.LBB144:
 225:src/btphy/tdma_sched.c **** 		/* current bucket will be reset by iteration code above! */
 1733              		.loc 1 225 3 view .LVU757
 227:src/btphy/tdma_sched.c **** 			bucket->num_items = 0;
 1734              		.loc 1 227 3 view .LVU758
 228:src/btphy/tdma_sched.c **** 	}
 1735              		.loc 1 228 4 view .LVU759
 228:src/btphy/tdma_sched.c **** 	}
 1736              		.loc 1 228 22 is_stmt 0 view .LVU760
 1737 0180 83F80422 		strb	r2, [r3, #516]
 1738              	.LBE144:
 224:src/btphy/tdma_sched.c **** 		struct tdma_sched_bucket *bucket = &sched->bucket[bucket_nr];
 1739              		.loc 1 224 70 is_stmt 1 discriminator 2 view .LVU761
 224:src/btphy/tdma_sched.c **** 		struct tdma_sched_bucket *bucket = &sched->bucket[bucket_nr];
 1740              		.loc 1 224 32 discriminator 1 view .LVU762
 1741              	.LVL154:
 1742              	.LBB145:
 225:src/btphy/tdma_sched.c **** 		/* current bucket will be reset by iteration code above! */
 1743              		.loc 1 225 3 view .LVU763
 227:src/btphy/tdma_sched.c **** 			bucket->num_items = 0;
 1744              		.loc 1 227 3 view .LVU764
 228:src/btphy/tdma_sched.c **** 	}
 1745              		.loc 1 228 4 view .LVU765
 228:src/btphy/tdma_sched.c **** 	}
 1746              		.loc 1 228 22 is_stmt 0 view .LVU766
 1747 0184 83F83822 		strb	r2, [r3, #568]
 1748              	.LBE145:
 224:src/btphy/tdma_sched.c **** 		struct tdma_sched_bucket *bucket = &sched->bucket[bucket_nr];
 1749              		.loc 1 224 70 is_stmt 1 discriminator 2 view .LVU767
 224:src/btphy/tdma_sched.c **** 		struct tdma_sched_bucket *bucket = &sched->bucket[bucket_nr];
 1750              		.loc 1 224 32 discriminator 1 view .LVU768
 1751              	.LVL155:
 1752              	.LBB146:
 225:src/btphy/tdma_sched.c **** 		/* current bucket will be reset by iteration code above! */
 1753              		.loc 1 225 3 view .LVU769
 227:src/btphy/tdma_sched.c **** 			bucket->num_items = 0;
 1754              		.loc 1 227 3 view .LVU770
 228:src/btphy/tdma_sched.c **** 	}
 1755              		.loc 1 228 4 view .LVU771
 228:src/btphy/tdma_sched.c **** 	}
 1756              		.loc 1 228 22 is_stmt 0 view .LVU772
 1757 0188 83F86C22 		strb	r2, [r3, #620]
 1758              	.LBE146:
 224:src/btphy/tdma_sched.c **** 		struct tdma_sched_bucket *bucket = &sched->bucket[bucket_nr];
 1759              		.loc 1 224 70 is_stmt 1 discriminator 2 view .LVU773
 224:src/btphy/tdma_sched.c **** 		struct tdma_sched_bucket *bucket = &sched->bucket[bucket_nr];
 1760              		.loc 1 224 32 discriminator 1 view .LVU774
 1761              	.LVL156:
ARM GAS  /tmp/ccVZ27zp.s 			page 47


 1762              	.LBB147:
 225:src/btphy/tdma_sched.c **** 		/* current bucket will be reset by iteration code above! */
 1763              		.loc 1 225 3 view .LVU775
 227:src/btphy/tdma_sched.c **** 			bucket->num_items = 0;
 1764              		.loc 1 227 3 view .LVU776
 1765 018c B5E7     		b	.L73
 1766              	.LVL157:
 1767              	.L76:
 228:src/btphy/tdma_sched.c **** 	}
 1768              		.loc 1 228 4 view .LVU777
 227:src/btphy/tdma_sched.c **** 			bucket->num_items = 0;
 1769              		.loc 1 227 6 is_stmt 0 view .LVU778
 1770 018e 0829     		cmp	r1, #8
 228:src/btphy/tdma_sched.c **** 	}
 1771              		.loc 1 228 22 view .LVU779
 1772 0190 83F89C21 		strb	r2, [r3, #412]
 1773              	.LBE147:
 224:src/btphy/tdma_sched.c **** 		struct tdma_sched_bucket *bucket = &sched->bucket[bucket_nr];
 1774              		.loc 1 224 70 is_stmt 1 discriminator 2 view .LVU780
 224:src/btphy/tdma_sched.c **** 		struct tdma_sched_bucket *bucket = &sched->bucket[bucket_nr];
 1775              		.loc 1 224 32 discriminator 1 view .LVU781
 1776              	.LVL158:
 1777              	.LBB148:
 225:src/btphy/tdma_sched.c **** 		/* current bucket will be reset by iteration code above! */
 1778              		.loc 1 225 3 view .LVU782
 227:src/btphy/tdma_sched.c **** 			bucket->num_items = 0;
 1779              		.loc 1 227 3 view .LVU783
 227:src/btphy/tdma_sched.c **** 			bucket->num_items = 0;
 1780              		.loc 1 227 6 is_stmt 0 view .LVU784
 1781 0194 7FF44AAF 		bne	.L65
 1782              	.LBE148:
 224:src/btphy/tdma_sched.c **** 		struct tdma_sched_bucket *bucket = &sched->bucket[bucket_nr];
 1783              		.loc 1 224 70 is_stmt 1 discriminator 2 view .LVU785
 224:src/btphy/tdma_sched.c **** 		struct tdma_sched_bucket *bucket = &sched->bucket[bucket_nr];
 1784              		.loc 1 224 32 discriminator 1 view .LVU786
 1785              	.LBB149:
 225:src/btphy/tdma_sched.c **** 		/* current bucket will be reset by iteration code above! */
 1786              		.loc 1 225 3 view .LVU787
 227:src/btphy/tdma_sched.c **** 			bucket->num_items = 0;
 1787              		.loc 1 227 3 view .LVU788
 1788              	.LVL159:
 228:src/btphy/tdma_sched.c **** 	}
 1789              		.loc 1 228 4 view .LVU789
 228:src/btphy/tdma_sched.c **** 	}
 1790              		.loc 1 228 22 is_stmt 0 view .LVU790
 1791 0198 83F80422 		strb	r2, [r3, #516]
 1792              	.LBE149:
 224:src/btphy/tdma_sched.c **** 		struct tdma_sched_bucket *bucket = &sched->bucket[bucket_nr];
 1793              		.loc 1 224 70 is_stmt 1 discriminator 2 view .LVU791
 224:src/btphy/tdma_sched.c **** 		struct tdma_sched_bucket *bucket = &sched->bucket[bucket_nr];
 1794              		.loc 1 224 32 discriminator 1 view .LVU792
 1795              	.LVL160:
 1796              	.LBB150:
 225:src/btphy/tdma_sched.c **** 		/* current bucket will be reset by iteration code above! */
 1797              		.loc 1 225 3 view .LVU793
 227:src/btphy/tdma_sched.c **** 			bucket->num_items = 0;
 1798              		.loc 1 227 3 view .LVU794
ARM GAS  /tmp/ccVZ27zp.s 			page 48


 228:src/btphy/tdma_sched.c **** 	}
 1799              		.loc 1 228 4 view .LVU795
 228:src/btphy/tdma_sched.c **** 	}
 1800              		.loc 1 228 22 is_stmt 0 view .LVU796
 1801 019c 83F83822 		strb	r2, [r3, #568]
 1802              	.LBE150:
 224:src/btphy/tdma_sched.c **** 		struct tdma_sched_bucket *bucket = &sched->bucket[bucket_nr];
 1803              		.loc 1 224 70 is_stmt 1 discriminator 2 view .LVU797
 224:src/btphy/tdma_sched.c **** 		struct tdma_sched_bucket *bucket = &sched->bucket[bucket_nr];
 1804              		.loc 1 224 32 discriminator 1 view .LVU798
 1805              	.LVL161:
 1806              	.LBB151:
 225:src/btphy/tdma_sched.c **** 		/* current bucket will be reset by iteration code above! */
 1807              		.loc 1 225 3 view .LVU799
 227:src/btphy/tdma_sched.c **** 			bucket->num_items = 0;
 1808              		.loc 1 227 3 view .LVU800
 228:src/btphy/tdma_sched.c **** 	}
 1809              		.loc 1 228 4 view .LVU801
 228:src/btphy/tdma_sched.c **** 	}
 1810              		.loc 1 228 22 is_stmt 0 view .LVU802
 1811 01a0 83F86C22 		strb	r2, [r3, #620]
 1812              	.LBE151:
 224:src/btphy/tdma_sched.c **** 		struct tdma_sched_bucket *bucket = &sched->bucket[bucket_nr];
 1813              		.loc 1 224 70 is_stmt 1 discriminator 2 view .LVU803
 224:src/btphy/tdma_sched.c **** 		struct tdma_sched_bucket *bucket = &sched->bucket[bucket_nr];
 1814              		.loc 1 224 32 discriminator 1 view .LVU804
 1815              	.LVL162:
 1816              	.LBB152:
 225:src/btphy/tdma_sched.c **** 		/* current bucket will be reset by iteration code above! */
 1817              		.loc 1 225 3 view .LVU805
 227:src/btphy/tdma_sched.c **** 			bucket->num_items = 0;
 1818              		.loc 1 227 3 view .LVU806
 228:src/btphy/tdma_sched.c **** 	}
 1819              		.loc 1 228 4 view .LVU807
 228:src/btphy/tdma_sched.c **** 	}
 1820              		.loc 1 228 22 is_stmt 0 view .LVU808
 1821 01a4 83F8A022 		strb	r2, [r3, #672]
 1822              	.LBE152:
 224:src/btphy/tdma_sched.c **** 		struct tdma_sched_bucket *bucket = &sched->bucket[bucket_nr];
 1823              		.loc 1 224 70 is_stmt 1 discriminator 2 view .LVU809
 224:src/btphy/tdma_sched.c **** 		struct tdma_sched_bucket *bucket = &sched->bucket[bucket_nr];
 1824              		.loc 1 224 32 discriminator 1 view .LVU810
 1825              	.LVL163:
 1826              	.LBB153:
 225:src/btphy/tdma_sched.c **** 		/* current bucket will be reset by iteration code above! */
 1827              		.loc 1 225 3 view .LVU811
 227:src/btphy/tdma_sched.c **** 			bucket->num_items = 0;
 1828              		.loc 1 227 3 view .LVU812
 228:src/btphy/tdma_sched.c **** 	}
 1829              		.loc 1 228 4 view .LVU813
 228:src/btphy/tdma_sched.c **** 	}
 1830              		.loc 1 228 22 is_stmt 0 view .LVU814
 1831 01a8 83F8D422 		strb	r2, [r3, #724]
 1832              	.LBE153:
 224:src/btphy/tdma_sched.c **** 		struct tdma_sched_bucket *bucket = &sched->bucket[bucket_nr];
 1833              		.loc 1 224 70 is_stmt 1 discriminator 2 view .LVU815
 224:src/btphy/tdma_sched.c **** 		struct tdma_sched_bucket *bucket = &sched->bucket[bucket_nr];
ARM GAS  /tmp/ccVZ27zp.s 			page 49


 1834              		.loc 1 224 32 discriminator 1 view .LVU816
 1835              	.LVL164:
 1836              	.LBB154:
 225:src/btphy/tdma_sched.c **** 		/* current bucket will be reset by iteration code above! */
 1837              		.loc 1 225 3 view .LVU817
 227:src/btphy/tdma_sched.c **** 			bucket->num_items = 0;
 1838              		.loc 1 227 3 view .LVU818
 1839 01ac 6CE7     		b	.L77
 1840              	.L92:
 1841 01ae 00BF     		.align	2
 1842              	.L91:
 1843 01b0 00000000 		.word	.LANCHOR0
 1844              	.LBE154:
 1845              		.cfi_endproc
 1846              	.LFE9:
 1848              		.section	.rodata.str1.4
 1849 001f 00       		.align	2
 1850              	.LC1:
 1851 0020 0A282532 		.ascii	"\012(%2u)\000"
 1851      752900
 1852 0027 00       		.align	2
 1853              	.LC2:
 1854 0028 25753A00 		.ascii	"%u:\000"
 1855              		.section	.text.tdma_sched_dump,"ax",%progbits
 1856              		.align	1
 1857              		.p2align 2,,3
 1858              		.global	tdma_sched_dump
 1859              		.syntax unified
 1860              		.thumb
 1861              		.thumb_func
 1863              	tdma_sched_dump:
 1864              	.LFB10:
 234:src/btphy/tdma_sched.c **** 
 235:src/btphy/tdma_sched.c **** void tdma_sched_dump(void)
 236:src/btphy/tdma_sched.c **** {
 1865              		.loc 1 236 1 view -0
 1866              		.cfi_startproc
 1867              		@ args = 0, pretend = 0, frame = 0
 1868              		@ frame_needed = 0, uses_anonymous_args = 0
 1869 0000 70B5     		push	{r4, r5, r6, lr}
 1870              		.cfi_def_cfa_offset 16
 1871              		.cfi_offset 4, -16
 1872              		.cfi_offset 5, -12
 1873              		.cfi_offset 6, -8
 1874              		.cfi_offset 14, -4
 237:src/btphy/tdma_sched.c **** 	unsigned int i;
 1875              		.loc 1 237 2 view .LVU820
 238:src/btphy/tdma_sched.c **** 
 239:src/btphy/tdma_sched.c **** 	cprintf("\n(%2u)", tdma_sched.cur_bucket);
 1876              		.loc 1 239 2 view .LVU821
 1877              		.loc 1 239 31 is_stmt 0 view .LVU822
 1878 0002 0E4D     		ldr	r5, .L96
 1879              		.loc 1 239 2 view .LVU823
 1880 0004 0E48     		ldr	r0, .L96+4
 1881 0006 95F84013 		ldrb	r1, [r5, #832]	@ zero_extendqisi2
 1882 000a FFF7FEFF 		bl	cprintf
 1883              	.LVL165:
ARM GAS  /tmp/ccVZ27zp.s 			page 50


 240:src/btphy/tdma_sched.c **** 	for (i = 0; i < ARRAY_SIZE(tdma_sched.bucket); i++) {
 1884              		.loc 1 240 2 is_stmt 1 view .LVU824
 1885              		.loc 1 240 16 discriminator 1 view .LVU825
 1886              		.loc 1 240 9 is_stmt 0 view .LVU826
 1887 000e 0024     		movs	r4, #0
 1888              	.LBB155:
 241:src/btphy/tdma_sched.c **** 		int bucket_nr = wrap_bucket(i);
 242:src/btphy/tdma_sched.c **** 		struct tdma_sched_bucket *bucket = &tdma_sched.bucket[bucket_nr];
 243:src/btphy/tdma_sched.c **** 		cprintf("%u:", bucket->num_items);
 1889              		.loc 1 243 24 view .LVU827
 1890 0010 3426     		movs	r6, #52
 1891              	.LVL166:
 1892              	.L94:
 241:src/btphy/tdma_sched.c **** 		int bucket_nr = wrap_bucket(i);
 1893              		.loc 1 241 3 is_stmt 1 view .LVU828
 1894              	.LBB156:
 1895              	.LBI156:
  42:src/btphy/tdma_sched.c **** {
 1896              		.loc 1 42 16 view .LVU829
 1897              	.LBB157:
  44:src/btphy/tdma_sched.c **** 
 1898              		.loc 1 44 2 view .LVU830
  46:src/btphy/tdma_sched.c **** 					% ARRAY_SIZE(tdma_sched.bucket);
 1899              		.loc 1 46 2 view .LVU831
  49:src/btphy/tdma_sched.c **** }
 1900              		.loc 1 49 2 view .LVU832
  49:src/btphy/tdma_sched.c **** }
 1901              		.loc 1 49 2 is_stmt 0 view .LVU833
 1902              	.LBE157:
 1903              	.LBE156:
 242:src/btphy/tdma_sched.c **** 		cprintf("%u:", bucket->num_items);
 1904              		.loc 1 242 3 is_stmt 1 view .LVU834
 1905              		.loc 1 243 3 view .LVU835
 1906              	.LBB160:
 1907              	.LBB158:
  47:src/btphy/tdma_sched.c **** 
 1908              		.loc 1 47 6 is_stmt 0 view .LVU836
 1909 0012 95F84033 		ldrb	r3, [r5, #832]	@ zero_extendqisi2
 1910              	.LBE158:
 1911              	.LBE160:
 1912              		.loc 1 243 3 view .LVU837
 1913 0016 0B48     		ldr	r0, .L96+8
 1914              	.LBB161:
 1915              	.LBB159:
  47:src/btphy/tdma_sched.c **** 
 1916              		.loc 1 47 6 view .LVU838
 1917 0018 2344     		add	r3, r3, r4
 1918              	.LBE159:
 1919              	.LBE161:
 241:src/btphy/tdma_sched.c **** 		struct tdma_sched_bucket *bucket = &tdma_sched.bucket[bucket_nr];
 1920              		.loc 1 241 7 discriminator 1 view .LVU839
 1921 001a 03F00F03 		and	r3, r3, #15
 1922              		.loc 1 243 24 view .LVU840
 1923 001e 06FB0353 		mla	r3, r6, r3, r5
 1924              	.LBE155:
 240:src/btphy/tdma_sched.c **** 		int bucket_nr = wrap_bucket(i);
 1925              		.loc 1 240 50 discriminator 3 view .LVU841
ARM GAS  /tmp/ccVZ27zp.s 			page 51


 1926 0022 0134     		adds	r4, r4, #1
 1927              	.LVL167:
 1928              	.LBB162:
 1929              		.loc 1 243 3 view .LVU842
 1930 0024 93F83010 		ldrb	r1, [r3, #48]	@ zero_extendqisi2
 1931 0028 FFF7FEFF 		bl	cprintf
 1932              	.LVL168:
 1933              		.loc 1 243 3 view .LVU843
 1934              	.LBE162:
 240:src/btphy/tdma_sched.c **** 		int bucket_nr = wrap_bucket(i);
 1935              		.loc 1 240 50 is_stmt 1 discriminator 3 view .LVU844
 240:src/btphy/tdma_sched.c **** 		int bucket_nr = wrap_bucket(i);
 1936              		.loc 1 240 16 discriminator 1 view .LVU845
 1937 002c 102C     		cmp	r4, #16
 1938 002e F0D1     		bne	.L94
 244:src/btphy/tdma_sched.c **** 	}
 245:src/btphy/tdma_sched.c **** 	cputc('\n');
 1939              		.loc 1 245 2 view .LVU846
 1940 0030 0A20     		movs	r0, #10
 246:src/btphy/tdma_sched.c **** }
 1941              		.loc 1 246 1 is_stmt 0 view .LVU847
 1942 0032 BDE87040 		pop	{r4, r5, r6, lr}
 1943              		.cfi_restore 14
 1944              		.cfi_restore 6
 1945              		.cfi_restore 5
 1946              		.cfi_restore 4
 1947              		.cfi_def_cfa_offset 0
 1948              	.LVL169:
 245:src/btphy/tdma_sched.c **** }
 1949              		.loc 1 245 2 view .LVU848
 1950 0036 FFF7FEBF 		b	console_putc
 1951              	.LVL170:
 1952              	.L97:
 1953 003a 00BF     		.align	2
 1954              	.L96:
 1955 003c 00000000 		.word	.LANCHOR0
 1956 0040 20000000 		.word	.LC1
 1957 0044 28000000 		.word	.LC2
 1958              		.cfi_endproc
 1959              	.LFE10:
 1961              		.bss
 1962              		.align	2
 1963              		.set	.LANCHOR0,. + 0
 1966              	tdma_sched:
 1967 0000 00000000 		.space	836
 1967      00000000 
 1967      00000000 
 1967      00000000 
 1967      00000000 
 1968              		.text
 1969              	.Letext0:
 1970              		.file 2 "/usr/arm-none-eabi/include/machine/_default_types.h"
 1971              		.file 3 "/usr/arm-none-eabi/include/sys/_stdint.h"
 1972              		.file 4 "/usr/lib/gcc/arm-none-eabi/15/include/stddef.h"
 1973              		.file 5 "include/ubtbr/tdma_sched.h"
 1974              		.file 6 "include/ubtbr/console.h"
 1975              		.file 7 "include/ubtbr/debug.h"
ARM GAS  /tmp/ccVZ27zp.s 			page 52


 1976              		.file 8 "/usr/arm-none-eabi/include/string.h"
ARM GAS  /tmp/ccVZ27zp.s 			page 53


DEFINED SYMBOLS
                            *ABS*:00000000 tdma_sched.c
     /tmp/ccVZ27zp.s:19     .text.tdma_end_set:00000000 $t
     /tmp/ccVZ27zp.s:26     .text.tdma_end_set:00000000 tdma_end_set
     /tmp/ccVZ27zp.s:45     .rodata.str1.4:00000000 $d
     /tmp/ccVZ27zp.s:49     .text.tdma_schedule:00000000 $t
     /tmp/ccVZ27zp.s:56     .text.tdma_schedule:00000000 tdma_schedule
     /tmp/ccVZ27zp.s:181    .text.tdma_schedule:00000068 $d
     /tmp/ccVZ27zp.s:187    .text.tdma_schedule_set:00000000 $t
     /tmp/ccVZ27zp.s:194    .text.tdma_schedule_set:00000000 tdma_schedule_set
     /tmp/ccVZ27zp.s:418    .text.tdma_schedule_set:000000a4 $d
     /tmp/ccVZ27zp.s:425    .text.tdma_sched_advance:00000000 $t
     /tmp/ccVZ27zp.s:432    .text.tdma_sched_advance:00000000 tdma_sched_advance
     /tmp/ccVZ27zp.s:472    .text.tdma_sched_advance:00000014 $d
     /tmp/ccVZ27zp.s:477    .text.tdma_sched_flag_scan:00000000 $t
     /tmp/ccVZ27zp.s:484    .text.tdma_sched_flag_scan:00000000 tdma_sched_flag_scan
     /tmp/ccVZ27zp.s:587    .text.tdma_sched_flag_scan:00000038 $d
     /tmp/ccVZ27zp.s:592    .text.tdma_sched_execute:00000000 $t
     /tmp/ccVZ27zp.s:599    .text.tdma_sched_execute:00000000 tdma_sched_execute
     /tmp/ccVZ27zp.s:847    .text.tdma_sched_execute:000000f0 $d
     /tmp/ccVZ27zp.s:854    .text.tdma_sched_reset:00000000 $t
     /tmp/ccVZ27zp.s:861    .text.tdma_sched_reset:00000000 tdma_sched_reset
     /tmp/ccVZ27zp.s:1843   .text.tdma_sched_reset:000001b0 $d
     /tmp/ccVZ27zp.s:1856   .text.tdma_sched_dump:00000000 $t
     /tmp/ccVZ27zp.s:1863   .text.tdma_sched_dump:00000000 tdma_sched_dump
     /tmp/ccVZ27zp.s:1955   .text.tdma_sched_dump:0000003c $d
     /tmp/ccVZ27zp.s:1962   .bss:00000000 $d
     /tmp/ccVZ27zp.s:1966   .bss:00000000 tdma_sched

UNDEFINED SYMBOLS
cprintf
memcpy
console_putc
