
bluetooth_rxtx.elf:     file format elf32-littlearm

Sections:
Idx Name          Size      VMA       LMA       File off  Algn
  0 .text         00006d28  00004000  00004000  00004000  2**4
                  CONTENTS, ALLOC, LOAD, READONLY, CODE
  1 .ARM.exidx    00000008  0000ad28  0000ad28  0000ad28  2**2
                  CONTENTS, ALLOC, LOAD, READONLY, DATA
  2 .persistent   00000020  10000000  10000000  00020000  2**0
                  ALLOC
  3 .data         000006cc  10000020  0000ad30  00010020  2**2
                  CONTENTS, ALLOC, LOAD, DATA
  4 .tdata        00000008  100006f0  0000b3fc  000106f0  2**3
                  CONTENTS, ALLOC, LOAD, DATA, THREAD_LOCAL
  5 .bss          000030f1  100006f8  0000b404  000106f8  2**3
                  ALLOC
  6 .ARM.attributes 0000002f  00000000  00000000  000106f8  2**0
                  CONTENTS, READONLY
  7 .comment      00000026  00000000  00000000  00010727  2**0
                  CONTENTS, READONLY
  8 .debug_line   0000ab86  00000000  00000000  0001074d  2**0
                  CONTENTS, READONLY, DEBUGGING, OCTETS
  9 .debug_line_str 000000ea  00000000  00000000  0001b2d3  2**0
                  CONTENTS, READONLY, DEBUGGING, OCTETS
 10 .debug_info   0000f054  00000000  00000000  0001b3bd  2**0
                  CONTENTS, READONLY, DEBUGGING, OCTETS
 11 .debug_abbrev 000040f0  00000000  00000000  0002a411  2**0
                  CONTENTS, READONLY, DEBUGGING, OCTETS
 12 .debug_aranges 00000a80  00000000  00000000  0002e508  2**3
                  CONTENTS, READONLY, DEBUGGING, OCTETS
 13 .debug_str    00003800  00000000  00000000  0002ef88  2**0
                  CONTENTS, READONLY, DEBUGGING, OCTETS
 14 .debug_frame  000019bc  00000000  00000000  00032788  2**2
                  CONTENTS, READONLY, DEBUGGING, OCTETS
 15 .debug_loclists 00006e49  00000000  00000000  00034144  2**0
                  CONTENTS, READONLY, DEBUGGING, OCTETS
 16 .debug_rnglists 00000b6b  00000000  00000000  0003af8d  2**0
                  CONTENTS, READONLY, DEBUGGING, OCTETS

Disassembly of section .text:

00004000 <_NVIC_Handler_Functions>:
    4000:	e0 3f 00 10 0d 90 00 00 61 90 00 00 55 8d 00 00     .?......a...U...
    4010:	8d 8d 00 00 e1 8d 00 00 39 8e 00 00 00 00 00 00     ........9.......
    4020:	00 00 00 00 00 00 00 00 00 00 00 00 61 90 00 00     ............a...
    4030:	61 90 00 00 00 00 00 00 61 90 00 00 61 90 00 00     a.......a...a...
    4040:	61 90 00 00 b9 4e 00 00 1d 78 00 00 4d 8f 00 00     a....N...x..M...
    4050:	61 90 00 00 61 90 00 00 61 90 00 00 61 90 00 00     a...a...a...a...
    4060:	61 90 00 00 61 90 00 00 61 90 00 00 61 90 00 00     a...a...a...a...
    4070:	61 90 00 00 61 90 00 00 61 90 00 00 61 90 00 00     a...a...a...a...
    4080:	61 90 00 00 61 90 00 00 61 90 00 00 61 90 00 00     a...a...a...a...
    4090:	61 90 00 00 e9 4f 00 00 61 90 00 00 61 90 00 00     a....O..a...a...
    40a0:	09 90 00 00 61 90 00 00 e9 50 00 00 61 90 00 00     ....a....P..a...
    40b0:	61 90 00 00 61 90 00 00 61 90 00 00 61 90 00 00     a...a...a...a...
    40c0:	61 90 00 00 61 90 00 00 61 90 00 00                 a...a...a...

000040cc <__aeabi_memcpy>:
    40cc:	4684      	mov	ip, r0
    40ce:	ea41 0300 	orr.w	r3, r1, r0
    40d2:	f013 0303 	ands.w	r3, r3, #3
    40d6:	d149      	bne.n	416c <__aeabi_memcpy+0xa0>
    40d8:	3a40      	subs	r2, #64	@ 0x40
    40da:	d323      	bcc.n	4124 <__aeabi_memcpy+0x58>
    40dc:	680b      	ldr	r3, [r1, #0]
    40de:	6003      	str	r3, [r0, #0]
    40e0:	684b      	ldr	r3, [r1, #4]
    40e2:	6043      	str	r3, [r0, #4]
    40e4:	688b      	ldr	r3, [r1, #8]
    40e6:	6083      	str	r3, [r0, #8]
    40e8:	68cb      	ldr	r3, [r1, #12]
    40ea:	60c3      	str	r3, [r0, #12]
    40ec:	690b      	ldr	r3, [r1, #16]
    40ee:	6103      	str	r3, [r0, #16]
    40f0:	694b      	ldr	r3, [r1, #20]
    40f2:	6143      	str	r3, [r0, #20]
    40f4:	698b      	ldr	r3, [r1, #24]
    40f6:	6183      	str	r3, [r0, #24]
    40f8:	69cb      	ldr	r3, [r1, #28]
    40fa:	61c3      	str	r3, [r0, #28]
    40fc:	6a0b      	ldr	r3, [r1, #32]
    40fe:	6203      	str	r3, [r0, #32]
    4100:	6a4b      	ldr	r3, [r1, #36]	@ 0x24
    4102:	6243      	str	r3, [r0, #36]	@ 0x24
    4104:	6a8b      	ldr	r3, [r1, #40]	@ 0x28
    4106:	6283      	str	r3, [r0, #40]	@ 0x28
    4108:	6acb      	ldr	r3, [r1, #44]	@ 0x2c
    410a:	62c3      	str	r3, [r0, #44]	@ 0x2c
    410c:	6b0b      	ldr	r3, [r1, #48]	@ 0x30
    410e:	6303      	str	r3, [r0, #48]	@ 0x30
    4110:	6b4b      	ldr	r3, [r1, #52]	@ 0x34
    4112:	6343      	str	r3, [r0, #52]	@ 0x34
    4114:	6b8b      	ldr	r3, [r1, #56]	@ 0x38
    4116:	6383      	str	r3, [r0, #56]	@ 0x38
    4118:	6bcb      	ldr	r3, [r1, #60]	@ 0x3c
    411a:	63c3      	str	r3, [r0, #60]	@ 0x3c
    411c:	3040      	adds	r0, #64	@ 0x40
    411e:	3140      	adds	r1, #64	@ 0x40
    4120:	3a40      	subs	r2, #64	@ 0x40
    4122:	d2db      	bcs.n	40dc <__aeabi_memcpy+0x10>
    4124:	3230      	adds	r2, #48	@ 0x30
    4126:	d30b      	bcc.n	4140 <__aeabi_memcpy+0x74>
    4128:	680b      	ldr	r3, [r1, #0]
    412a:	6003      	str	r3, [r0, #0]
    412c:	684b      	ldr	r3, [r1, #4]
    412e:	6043      	str	r3, [r0, #4]
    4130:	688b      	ldr	r3, [r1, #8]
    4132:	6083      	str	r3, [r0, #8]
    4134:	68cb      	ldr	r3, [r1, #12]
    4136:	60c3      	str	r3, [r0, #12]
    4138:	3010      	adds	r0, #16
    413a:	3110      	adds	r1, #16
    413c:	3a10      	subs	r2, #16
    413e:	d2f3      	bcs.n	4128 <__aeabi_memcpy+0x5c>
    4140:	320c      	adds	r2, #12
    4142:	d305      	bcc.n	4150 <__aeabi_memcpy+0x84>
    4144:	f851 3b04 	ldr.w	r3, [r1], #4
    4148:	f840 3b04 	str.w	r3, [r0], #4
    414c:	3a04      	subs	r2, #4
    414e:	d2f9      	bcs.n	4144 <__aeabi_memcpy+0x78>
    4150:	3204      	adds	r2, #4
    4152:	d008      	beq.n	4166 <__aeabi_memcpy+0x9a>
    4154:	07d2      	lsls	r2, r2, #31
    4156:	bf1c      	itt	ne
    4158:	f811 3b01 	ldrbne.w	r3, [r1], #1
    415c:	f800 3b01 	strbne.w	r3, [r0], #1
    4160:	d301      	bcc.n	4166 <__aeabi_memcpy+0x9a>
    4162:	880b      	ldrh	r3, [r1, #0]
    4164:	8003      	strh	r3, [r0, #0]
    4166:	4660      	mov	r0, ip
    4168:	4770      	bx	lr
    416a:	bf00      	nop
    416c:	2a08      	cmp	r2, #8
    416e:	d313      	bcc.n	4198 <__aeabi_memcpy+0xcc>
    4170:	078b      	lsls	r3, r1, #30
    4172:	d0b1      	beq.n	40d8 <__aeabi_memcpy+0xc>
    4174:	f010 0303 	ands.w	r3, r0, #3
    4178:	d0ae      	beq.n	40d8 <__aeabi_memcpy+0xc>
    417a:	f1c3 0304 	rsb	r3, r3, #4
    417e:	1ad2      	subs	r2, r2, r3
    4180:	07db      	lsls	r3, r3, #31
    4182:	bf1c      	itt	ne
    4184:	f811 3b01 	ldrbne.w	r3, [r1], #1
    4188:	f800 3b01 	strbne.w	r3, [r0], #1
    418c:	d3a4      	bcc.n	40d8 <__aeabi_memcpy+0xc>
    418e:	f831 3b02 	ldrh.w	r3, [r1], #2
    4192:	f820 3b02 	strh.w	r3, [r0], #2
    4196:	e79f      	b.n	40d8 <__aeabi_memcpy+0xc>
    4198:	3a04      	subs	r2, #4
    419a:	d3d9      	bcc.n	4150 <__aeabi_memcpy+0x84>
    419c:	3a01      	subs	r2, #1
    419e:	f811 3b01 	ldrb.w	r3, [r1], #1
    41a2:	f800 3b01 	strb.w	r3, [r0], #1
    41a6:	d2f9      	bcs.n	419c <__aeabi_memcpy+0xd0>
    41a8:	780b      	ldrb	r3, [r1, #0]
    41aa:	7003      	strb	r3, [r0, #0]
    41ac:	784b      	ldrb	r3, [r1, #1]
    41ae:	7043      	strb	r3, [r0, #1]
    41b0:	788b      	ldrb	r3, [r1, #2]
    41b2:	7083      	strb	r3, [r0, #2]
    41b4:	4660      	mov	r0, ip
    41b6:	4770      	bx	lr

000041b8 <memset>:
    41b8:	b570      	push	{r4, r5, r6, lr}
    41ba:	4603      	mov	r3, r0
    41bc:	4604      	mov	r4, r0
    41be:	0780      	lsls	r0, r0, #30
    41c0:	468e      	mov	lr, r1
    41c2:	d007      	beq.n	41d4 <memset+0x1c>
    41c4:	2a00      	cmp	r2, #0
    41c6:	d03e      	beq.n	4246 <memset+0x8e>
    41c8:	f803 eb01 	strb.w	lr, [r3], #1
    41cc:	0799      	lsls	r1, r3, #30
    41ce:	f102 32ff 	add.w	r2, r2, #4294967295	@ 0xffffffff
    41d2:	d1f7      	bne.n	41c4 <memset+0xc>
    41d4:	2a03      	cmp	r2, #3
    41d6:	d92b      	bls.n	4230 <memset+0x78>
    41d8:	fa5f fc8e 	uxtb.w	ip, lr
    41dc:	eb0c 2c0c 	add.w	ip, ip, ip, lsl #8
    41e0:	2a0f      	cmp	r2, #15
    41e2:	eb0c 410c 	add.w	r1, ip, ip, lsl #16
    41e6:	d934      	bls.n	4252 <memset+0x9a>
    41e8:	469c      	mov	ip, r3
    41ea:	2000      	movs	r0, #0
    41ec:	0915      	lsrs	r5, r2, #4
    41ee:	3001      	adds	r0, #1
    41f0:	42a8      	cmp	r0, r5
    41f2:	e9cc 1100 	strd	r1, r1, [ip]
    41f6:	e9cc 1102 	strd	r1, r1, [ip, #8]
    41fa:	f10c 0c10 	add.w	ip, ip, #16
    41fe:	d3f6      	bcc.n	41ee <memset+0x36>
    4200:	1e68      	subs	r0, r5, #1
    4202:	3310      	adds	r3, #16
    4204:	f012 0f0c 	tst.w	r2, #12
    4208:	eb03 1300 	add.w	r3, r3, r0, lsl #4
    420c:	f002 000f 	and.w	r0, r2, #15
    4210:	d01b      	beq.n	424a <memset+0x92>
    4212:	1f02      	subs	r2, r0, #4
    4214:	2a03      	cmp	r2, #3
    4216:	6019      	str	r1, [r3, #0]
    4218:	d905      	bls.n	4226 <memset+0x6e>
    421a:	f1a0 0208 	sub.w	r2, r0, #8
    421e:	2a03      	cmp	r2, #3
    4220:	6059      	str	r1, [r3, #4]
    4222:	bf88      	it	hi
    4224:	6099      	strhi	r1, [r3, #8]
    4226:	f000 0203 	and.w	r2, r0, #3
    422a:	f020 0003 	bic.w	r0, r0, #3
    422e:	4403      	add	r3, r0
    4230:	b14a      	cbz	r2, 4246 <memset+0x8e>
    4232:	3a01      	subs	r2, #1
    4234:	f883 e000 	strb.w	lr, [r3]
    4238:	d005      	beq.n	4246 <memset+0x8e>
    423a:	2a01      	cmp	r2, #1
    423c:	f883 e001 	strb.w	lr, [r3, #1]
    4240:	bf18      	it	ne
    4242:	f883 e002 	strbne.w	lr, [r3, #2]
    4246:	4620      	mov	r0, r4
    4248:	bd70      	pop	{r4, r5, r6, pc}
    424a:	4602      	mov	r2, r0
    424c:	2a00      	cmp	r2, #0
    424e:	d1f0      	bne.n	4232 <memset+0x7a>
    4250:	e7f9      	b.n	4246 <memset+0x8e>
    4252:	4610      	mov	r0, r2
    4254:	e7dd      	b.n	4212 <memset+0x5a>
    4256:	bf00      	nop

00004258 <__libc_init_array>:
    4258:	b538      	push	{r3, r4, r5, lr}
    425a:	4c05      	ldr	r4, [pc, #20]	@ (4270 <__libc_init_array+0x18>)
    425c:	4d05      	ldr	r5, [pc, #20]	@ (4274 <__libc_init_array+0x1c>)
    425e:	42ac      	cmp	r4, r5
    4260:	d004      	beq.n	426c <__libc_init_array+0x14>
    4262:	f854 3b04 	ldr.w	r3, [r4], #4
    4266:	4798      	blx	r3
    4268:	42ac      	cmp	r4, r5
    426a:	d1fa      	bne.n	4262 <__libc_init_array+0xa>
    426c:	bd38      	pop	{r3, r4, r5, pc}
    426e:	bf00      	nop
    4270:	00000000 	.word	0x00000000
    4274:	00000000 	.word	0x00000000

00004278 <reverse8>:
	dio_ssp_stop();
	cs_trigger_disable();
}

static uint8_t reverse8(uint8_t data)
{
    4278:	b510      	push	{r4, lr}
	uint8_t reversed = 0;

	for(size_t i=0; i<8; i++)
    427a:	2300      	movs	r3, #0
{
    427c:	4604      	mov	r4, r0
	uint8_t reversed = 0;
    427e:	4618      	mov	r0, r3
	{
		reversed |= ((data >> i) & 0x01) << (7-i);
    4280:	fa44 f203 	asr.w	r2, r4, r3
    4284:	f1c3 0107 	rsb	r1, r3, #7
    4288:	f002 0201 	and.w	r2, r2, #1
    428c:	408a      	lsls	r2, r1
	for(size_t i=0; i<8; i++)
    428e:	3301      	adds	r3, #1
		reversed |= ((data >> i) & 0x01) << (7-i);
    4290:	4302      	orrs	r2, r0
	for(size_t i=0; i<8; i++)
    4292:	2b08      	cmp	r3, #8
		reversed |= ((data >> i) & 0x01) << (7-i);
    4294:	b2d0      	uxtb	r0, r2
	for(size_t i=0; i<8; i++)
    4296:	d1f3      	bne.n	4280 <reverse8+0x8>
	}

	return reversed;
}
    4298:	bd10      	pop	{r4, pc}
    429a:	0000      	movs	r0, r0

0000429c <le_set_access_address>:
	cc2400_set(IOCFG, gio_save);
}
#endif

/* set LE access address */
static void le_set_access_address(u32 aa) {
    429c:	b510      	push	{r4, lr}
	u32 aa_rev;

	le.access_address = aa;
    429e:	4c04      	ldr	r4, [pc, #16]	@ (42b0 <le_set_access_address+0x14>)
    42a0:	6020      	str	r0, [r4, #0]
	aa_rev = rbit(aa);
    42a2:	f004 feeb 	bl	907c <rbit>
	le.syncl = aa_rev & 0xffff;
    42a6:	80e0      	strh	r0, [r4, #6]
	le.synch = aa_rev >> 16;
    42a8:	0c00      	lsrs	r0, r0, #16
    42aa:	80a0      	strh	r0, [r4, #4]
}
    42ac:	bd10      	pop	{r4, pc}
    42ae:	bf00      	nop
    42b0:	10000020 	.word	0x10000020

000042b4 <cc2400_rx>:
{
    42b4:	b538      	push	{r3, r4, r5, lr}
	if((modulation == MOD_BT_BASIC_RATE) || (modulation == MOD_BT_LOW_ENERGY)) {
    42b6:	4b26      	ldr	r3, [pc, #152]	@ (4350 <cc2400_rx+0x9c>)
    42b8:	4d26      	ldr	r5, [pc, #152]	@ (4354 <cc2400_rx+0xa0>)
    42ba:	781a      	ldrb	r2, [r3, #0]
    42bc:	b112      	cbz	r2, 42c4 <cc2400_rx+0x10>
    42be:	781a      	ldrb	r2, [r3, #0]
    42c0:	2a01      	cmp	r2, #1
    42c2:	d126      	bne.n	4312 <cc2400_rx+0x5e>
		if (modulation == MOD_BT_BASIC_RATE) {
    42c4:	781a      	ldrb	r2, [r3, #0]
    42c6:	2a00      	cmp	r2, #0
    42c8:	d03f      	beq.n	434a <cc2400_rx+0x96>
		} else if (modulation == MOD_BT_LOW_ENERGY) {
    42ca:	781c      	ldrb	r4, [r3, #0]
    42cc:	1e61      	subs	r1, r4, #1
    42ce:	424c      	negs	r4, r1
    42d0:	414c      	adcs	r4, r1
    42d2:	01a4      	lsls	r4, r4, #6
		cc2400_set(MANAND,  0x7fff);
    42d4:	f647 71ff 	movw	r1, #32767	@ 0x7fff
    42d8:	200d      	movs	r0, #13
    42da:	f004 ffb2 	bl	9242 <cc2400_set>
		cc2400_set(LMTST,   0x2b22);
    42de:	f642 3122 	movw	r1, #11042	@ 0x2b22
    42e2:	2012      	movs	r0, #18
    42e4:	f004 ffad 	bl	9242 <cc2400_set>
		cc2400_set(MDMTST0, 0x134b); // without PRNG
    42e8:	f241 314b 	movw	r1, #4939	@ 0x134b
    42ec:	2014      	movs	r0, #20
    42ee:	f004 ffa8 	bl	9242 <cc2400_set>
		cc2400_set(GRMDM,   0x0101); // un-buffered mode, GFSK
    42f2:	f240 1101 	movw	r1, #257	@ 0x101
    42f6:	2020      	movs	r0, #32
    42f8:	f004 ffa3 	bl	9242 <cc2400_set>
		cc2400_set(FSDIV,   channel - 1); // 1 MHz IF
    42fc:	f8b5 104c 	ldrh.w	r1, [r5, #76]	@ 0x4c
    4300:	2002      	movs	r0, #2
    4302:	3901      	subs	r1, #1
    4304:	b289      	uxth	r1, r1
    4306:	f004 ff9c 	bl	9242 <cc2400_set>
		cc2400_set(MDMCTRL, mdmctrl);
    430a:	4621      	mov	r1, r4
    430c:	2003      	movs	r0, #3
    430e:	f004 ff98 	bl	9242 <cc2400_set>
	cs_threshold_calc_and_set(channel);
    4312:	f8b5 004c 	ldrh.w	r0, [r5, #76]	@ 0x4c
    4316:	b280      	uxth	r0, r0
    4318:	f002 fe88 	bl	702c <cs_threshold_calc_and_set>
	clkn_start();
    431c:	f002 fefc 	bl	7118 <clkn_start>
	while (!(cc2400_status() & XOSC16M_STABLE));
    4320:	f005 f81a 	bl	9358 <cc2400_status>
    4324:	0642      	lsls	r2, r0, #25
    4326:	d5fb      	bpl.n	4320 <cc2400_rx+0x6c>
	cc2400_strobe(SFSON);
    4328:	2061      	movs	r0, #97	@ 0x61
    432a:	f005 f81c 	bl	9366 <cc2400_strobe>
	while (!(cc2400_status() & FS_LOCK));
    432e:	f005 f813 	bl	9358 <cc2400_status>
    4332:	0743      	lsls	r3, r0, #29
    4334:	d5fb      	bpl.n	432e <cc2400_rx+0x7a>
	cc2400_strobe(SRX);
    4336:	2062      	movs	r0, #98	@ 0x62
    4338:	f005 f815 	bl	9366 <cc2400_strobe>
	PAEN_SET;
    433c:	2280      	movs	r2, #128	@ 0x80
    433e:	4b06      	ldr	r3, [pc, #24]	@ (4358 <cc2400_rx+0xa4>)
    4340:	659a      	str	r2, [r3, #88]	@ 0x58
	HGM_SET;
    4342:	f44f 7280 	mov.w	r2, #256	@ 0x100
    4346:	659a      	str	r2, [r3, #88]	@ 0x58
}
    4348:	bd38      	pop	{r3, r4, r5, pc}
			mdmctrl = 0x0029; // 160 kHz frequency deviation
    434a:	2429      	movs	r4, #41	@ 0x29
    434c:	e7c2      	b.n	42d4 <cc2400_rx+0x20>
    434e:	bf00      	nop
    4350:	100006fc 	.word	0x100006fc
    4354:	10000020 	.word	0x10000020
    4358:	2009c000 	.word	0x2009c000

0000435c <cc2400_rx_sync>:
{
    435c:	b570      	push	{r4, r5, r6, lr}
	if (modulation == MOD_BT_BASIC_RATE) {
    435e:	4b29      	ldr	r3, [pc, #164]	@ (4404 <cc2400_rx_sync+0xa8>)
{
    4360:	4604      	mov	r4, r0
	if (modulation == MOD_BT_BASIC_RATE) {
    4362:	781a      	ldrb	r2, [r3, #0]
    4364:	2a00      	cmp	r2, #0
    4366:	d048      	beq.n	43fa <cc2400_rx_sync+0x9e>
	} else if (modulation == MOD_BT_LOW_ENERGY) {
    4368:	781b      	ldrb	r3, [r3, #0]
    436a:	2b01      	cmp	r3, #1
    436c:	d144      	bne.n	43f8 <cc2400_rx_sync+0x9c>
		mdmctrl = 0x0040; // 250 kHz frequency deviation
    436e:	2540      	movs	r5, #64	@ 0x40
		grmdm = 0x0561; // un-buffered mode, packet w/ sync word detection
    4370:	f240 5661 	movw	r6, #1377	@ 0x561
	cc2400_set(MANAND,  0x7fff);
    4374:	f647 71ff 	movw	r1, #32767	@ 0x7fff
    4378:	200d      	movs	r0, #13
    437a:	f004 ff62 	bl	9242 <cc2400_set>
	cc2400_set(LMTST,   0x2b22);
    437e:	f642 3122 	movw	r1, #11042	@ 0x2b22
    4382:	2012      	movs	r0, #18
    4384:	f004 ff5d 	bl	9242 <cc2400_set>
	cc2400_set(MDMTST0, 0x124b);
    4388:	f241 214b 	movw	r1, #4683	@ 0x124b
    438c:	2014      	movs	r0, #20
    438e:	f004 ff58 	bl	9242 <cc2400_set>
	cc2400_set(GRMDM,   grmdm);
    4392:	4631      	mov	r1, r6
    4394:	2020      	movs	r0, #32
    4396:	f004 ff54 	bl	9242 <cc2400_set>
	cc2400_set(SYNCL,   sync & 0xffff);
    439a:	b2a1      	uxth	r1, r4
    439c:	202c      	movs	r0, #44	@ 0x2c
    439e:	f004 ff50 	bl	9242 <cc2400_set>
	cc2400_set(SYNCH,   (sync >> 16) & 0xffff);
    43a2:	0c21      	lsrs	r1, r4, #16
	cc2400_set(FSDIV,   channel - 1); // 1 MHz IF
    43a4:	4c18      	ldr	r4, [pc, #96]	@ (4408 <cc2400_rx_sync+0xac>)
	cc2400_set(SYNCH,   (sync >> 16) & 0xffff);
    43a6:	202d      	movs	r0, #45	@ 0x2d
    43a8:	f004 ff4b 	bl	9242 <cc2400_set>
	cc2400_set(FSDIV,   channel - 1); // 1 MHz IF
    43ac:	f8b4 104c 	ldrh.w	r1, [r4, #76]	@ 0x4c
    43b0:	2002      	movs	r0, #2
    43b2:	3901      	subs	r1, #1
    43b4:	b289      	uxth	r1, r1
    43b6:	f004 ff44 	bl	9242 <cc2400_set>
	cc2400_set(MDMCTRL, mdmctrl);
    43ba:	4629      	mov	r1, r5
    43bc:	2003      	movs	r0, #3
    43be:	f004 ff40 	bl	9242 <cc2400_set>
	cs_threshold_calc_and_set(channel);
    43c2:	f8b4 004c 	ldrh.w	r0, [r4, #76]	@ 0x4c
    43c6:	b280      	uxth	r0, r0
    43c8:	f002 fe30 	bl	702c <cs_threshold_calc_and_set>
	clkn_start();
    43cc:	f002 fea4 	bl	7118 <clkn_start>
	while (!(cc2400_status() & XOSC16M_STABLE));
    43d0:	f004 ffc2 	bl	9358 <cc2400_status>
    43d4:	0642      	lsls	r2, r0, #25
    43d6:	d5fb      	bpl.n	43d0 <cc2400_rx_sync+0x74>
	cc2400_strobe(SFSON);
    43d8:	2061      	movs	r0, #97	@ 0x61
    43da:	f004 ffc4 	bl	9366 <cc2400_strobe>
	while (!(cc2400_status() & FS_LOCK));
    43de:	f004 ffbb 	bl	9358 <cc2400_status>
    43e2:	0743      	lsls	r3, r0, #29
    43e4:	d5fb      	bpl.n	43de <cc2400_rx_sync+0x82>
	cc2400_strobe(SRX);
    43e6:	2062      	movs	r0, #98	@ 0x62
    43e8:	f004 ffbd 	bl	9366 <cc2400_strobe>
	PAEN_SET;
    43ec:	2280      	movs	r2, #128	@ 0x80
    43ee:	4b07      	ldr	r3, [pc, #28]	@ (440c <cc2400_rx_sync+0xb0>)
    43f0:	659a      	str	r2, [r3, #88]	@ 0x58
	HGM_SET;
    43f2:	f44f 7280 	mov.w	r2, #256	@ 0x100
    43f6:	659a      	str	r2, [r3, #88]	@ 0x58
}
    43f8:	bd70      	pop	{r4, r5, r6, pc}
		mdmctrl = 0x0029; // 160 kHz frequency deviation
    43fa:	2529      	movs	r5, #41	@ 0x29
		grmdm = 0x0461; // un-buffered mode, packet w/ sync word detection
    43fc:	f240 4661 	movw	r6, #1121	@ 0x461
    4400:	e7b8      	b.n	4374 <cc2400_rx_sync+0x18>
    4402:	bf00      	nop
    4404:	100006fc 	.word	0x100006fc
    4408:	10000020 	.word	0x10000020
    440c:	2009c000 	.word	0x2009c000

00004410 <cc2400_idle>:
{
    4410:	b510      	push	{r4, lr}
	cc2400_strobe(SRFOFF);
    4412:	2064      	movs	r0, #100	@ 0x64
    4414:	f004 ffa7 	bl	9366 <cc2400_strobe>
	while ((cc2400_status() & FS_LOCK)); // need to wait for unlock?
    4418:	f004 ff9e 	bl	9358 <cc2400_status>
    441c:	f010 0404 	ands.w	r4, r0, #4
    4420:	d1fa      	bne.n	4418 <cc2400_idle+0x8>
	PAEN_CLR;
    4422:	2280      	movs	r2, #128	@ 0x80
    4424:	4b1f      	ldr	r3, [pc, #124]	@ (44a4 <cc2400_idle+0x94>)
	RXLED_CLR;
    4426:	2110      	movs	r1, #16
	PAEN_CLR;
    4428:	65da      	str	r2, [r3, #92]	@ 0x5c
	HGM_CLR;
    442a:	f44f 7280 	mov.w	r2, #256	@ 0x100
    442e:	65da      	str	r2, [r3, #92]	@ 0x5c
	RXLED_CLR;
    4430:	63d9      	str	r1, [r3, #60]	@ 0x3c
	TXLED_CLR;
    4432:	63da      	str	r2, [r3, #60]	@ 0x3c
	USRLED_CLR;
    4434:	2202      	movs	r2, #2
    4436:	63da      	str	r2, [r3, #60]	@ 0x3c
	clkn_stop();
    4438:	f002 fe5c 	bl	70f4 <clkn_stop>
	dio_ssp_stop();
    443c:	f002 ff52 	bl	72e4 <dio_ssp_stop>
	cs_reset();
    4440:	f002 fe4c 	bl	70dc <cs_reset>
	rssi_reset();
    4444:	f002 fd84 	bl	6f50 <rssi_reset>
	channel = 2441;
    4448:	f640 1189 	movw	r1, #2441	@ 0x989
	hop_mode = HOP_NONE;
    444c:	4b16      	ldr	r3, [pc, #88]	@ (44a8 <cc2400_idle+0x98>)
	channel = 2441;
    444e:	4a17      	ldr	r2, [pc, #92]	@ (44ac <cc2400_idle+0x9c>)
	hop_mode = HOP_NONE;
    4450:	705c      	strb	r4, [r3, #1]
	do_hop = 0;
    4452:	709c      	strb	r4, [r3, #2]
	channel = 2441;
    4454:	f8a2 104c 	strh.w	r1, [r2, #76]	@ 0x4c
	hop_timeout = 158;
    4458:	219e      	movs	r1, #158	@ 0x9e
	hop_direct_channel = 0;
    445a:	809c      	strh	r4, [r3, #4]
	hop_timeout = 158;
    445c:	f8a2 104e 	strh.w	r1, [r2, #78]	@ 0x4e
	le_adv_channel = 2402;
    4460:	f640 1162 	movw	r1, #2402	@ 0x962
	requested_channel = 0;
    4464:	80dc      	strh	r4, [r3, #6]
	le_adv_channel = 2402;
    4466:	f8a2 1050 	strh.w	r1, [r2, #80]	@ 0x50
	idle_buf_clkn_high = 0;
    446a:	721c      	strb	r4, [r3, #8]
	idle_buf_clk100ns = 0;
    446c:	60dc      	str	r4, [r3, #12]
	idle_buf_channel = 0;
    446e:	821c      	strh	r4, [r3, #16]
	dma_discard = 0;
    4470:	749c      	strb	r4, [r3, #18]
	status = 0;
    4472:	74dc      	strb	r4, [r3, #19]
	mode = MODE_IDLE;
    4474:	751c      	strb	r4, [r3, #20]
	requested_mode = MODE_IDLE;
    4476:	755c      	strb	r4, [r3, #21]
	jam_mode = JAM_NONE;
    4478:	759c      	strb	r4, [r3, #22]
	ego_mode = EGO_FOLLOW;
    447a:	75dc      	strb	r4, [r3, #23]
	modulation = MOD_BT_BASIC_RATE;
    447c:	701c      	strb	r4, [r3, #0]
	low_freq = 2400;
    447e:	f44f 6316 	mov.w	r3, #2400	@ 0x960
    4482:	f8a2 3052 	strh.w	r3, [r2, #82]	@ 0x52
	high_freq = 2483;
    4486:	f640 13b3 	movw	r3, #2483	@ 0x9b3
    448a:	f8a2 3054 	strh.w	r3, [r2, #84]	@ 0x54
	rssi_threshold = -30;
    448e:	23e2      	movs	r3, #226	@ 0xe2
	target.address = 0;
    4490:	2000      	movs	r0, #0
    4492:	2100      	movs	r1, #0
	rssi_threshold = -30;
    4494:	f882 3056 	strb.w	r3, [r2, #86]	@ 0x56
	target.address = 0;
    4498:	4b05      	ldr	r3, [pc, #20]	@ (44b0 <cc2400_idle+0xa0>)
    449a:	e9c3 0100 	strd	r0, r1, [r3]
	target.syncword = 0;
    449e:	e9c3 0102 	strd	r0, r1, [r3, #8]
}
    44a2:	bd10      	pop	{r4, pc}
    44a4:	2009c000 	.word	0x2009c000
    44a8:	100006fc 	.word	0x100006fc
    44ac:	10000020 	.word	0x10000020
    44b0:	10000b98 	.word	0x10000b98

000044b4 <connection_follow_cb>:
}

/**
 * Called when we receive a packet in connection following mode.
 */
void connection_follow_cb(u8 *packet) {
    44b4:	b538      	push	{r3, r4, r5, lr}
	u8 header = packet[HEADER_IDX];
	u8 *data_len = &packet[DATA_LEN_IDX];
	u8 *data = &packet[DATA_START_IDX];
	// u8 *crc = &packet[DATA_START_IDX + *data_len];

	if (le.link_state == LINK_CONN_PENDING) {
    44b6:	4c4c      	ldr	r4, [pc, #304]	@ (45e8 <connection_follow_cb+0x134>)
void connection_follow_cb(u8 *packet) {
    44b8:	4605      	mov	r5, r0
	if (le.link_state == LINK_CONN_PENDING) {
    44ba:	7d22      	ldrb	r2, [r4, #20]
    44bc:	2a02      	cmp	r2, #2
    44be:	d110      	bne.n	44e2 <connection_follow_cb+0x2e>
		// We received a packet in the connection pending state, so now the device *should* be connected
		le.link_state = LINK_CONNECTED;
    44c0:	2303      	movs	r3, #3
    44c2:	7523      	strb	r3, [r4, #20]
		le.conn_epoch = clkn;
    44c4:	4b49      	ldr	r3, [pc, #292]	@ (45ec <connection_follow_cb+0x138>)
    44c6:	681b      	ldr	r3, [r3, #0]
    44c8:	61a3      	str	r3, [r4, #24]
		le.interval_timer = le.conn_interval - 1;
    44ca:	8be3      	ldrh	r3, [r4, #30]
    44cc:	3b01      	subs	r3, #1
    44ce:	83a3      	strh	r3, [r4, #28]
		le.conn_count = 0;
    44d0:	2300      	movs	r3, #0
    44d2:	8423      	strh	r3, [r4, #32]
		le.update_pending = 0;
    44d4:	62a3      	str	r3, [r4, #40]	@ 0x28

		// hue hue hue
		if (jam_mode != JAM_NONE)
    44d6:	4b46      	ldr	r3, [pc, #280]	@ (45f0 <connection_follow_cb+0x13c>)
    44d8:	7d9a      	ldrb	r2, [r3, #22]
    44da:	b10a      	cbz	r2, 44e0 <connection_follow_cb+0x2c>
			le_jam_count = JAM_COUNT_DEFAULT;
    44dc:	2228      	movs	r2, #40	@ 0x28
    44de:	619a      	str	r2, [r3, #24]

			// Hop to the initial channel immediately
			do_hop = 1;
		}
	}
}
    44e0:	bd38      	pop	{r3, r4, r5, pc}
	} else if (le.link_state == LINK_CONNECTED) {
    44e2:	2a03      	cmp	r2, #3
	u8 header = packet[HEADER_IDX];
    44e4:	7903      	ldrb	r3, [r0, #4]
	} else if (le.link_state == LINK_CONNECTED) {
    44e6:	d12f      	bne.n	4548 <connection_follow_cb+0x94>
		if (le.update_pending && le.conn_count == le.update_instant) {
    44e8:	6aa2      	ldr	r2, [r4, #40]	@ 0x28
		u8 llid =  header & 0x03;
    44ea:	f003 0303 	and.w	r3, r3, #3
		if (le.update_pending && le.conn_count == le.update_instant) {
    44ee:	b19a      	cbz	r2, 4518 <connection_follow_cb+0x64>
    44f0:	8c22      	ldrh	r2, [r4, #32]
    44f2:	8da1      	ldrh	r1, [r4, #44]	@ 0x2c
    44f4:	b292      	uxth	r2, r2
    44f6:	4291      	cmp	r1, r2
    44f8:	d10e      	bne.n	4518 <connection_follow_cb+0x64>
			le.conn_epoch = clkn;
    44fa:	4a3c      	ldr	r2, [pc, #240]	@ (45ec <connection_follow_cb+0x138>)
    44fc:	6812      	ldr	r2, [r2, #0]
    44fe:	61a2      	str	r2, [r4, #24]
			le.conn_interval = le.interval_update;
    4500:	8de2      	ldrh	r2, [r4, #46]	@ 0x2e
    4502:	83e2      	strh	r2, [r4, #30]
			le.interval_timer = le.interval_update - 1;
    4504:	3a01      	subs	r2, #1
    4506:	83a2      	strh	r2, [r4, #28]
			le.win_size = le.win_size_update;
    4508:	f894 2030 	ldrb.w	r2, [r4, #48]	@ 0x30
    450c:	f884 2022 	strb.w	r2, [r4, #34]	@ 0x22
			le.win_offset = le.win_offset_update;
    4510:	8e62      	ldrh	r2, [r4, #50]	@ 0x32
    4512:	84a2      	strh	r2, [r4, #36]	@ 0x24
			le.update_pending = 0;
    4514:	2200      	movs	r2, #0
    4516:	62a2      	str	r2, [r4, #40]	@ 0x28
		if (llid == 0x03 && data[0] == 0x00) {
    4518:	2b03      	cmp	r3, #3
    451a:	d1e1      	bne.n	44e0 <connection_follow_cb+0x2c>
    451c:	79ab      	ldrb	r3, [r5, #6]
    451e:	2b00      	cmp	r3, #0
    4520:	d1de      	bne.n	44e0 <connection_follow_cb+0x2c>
			le.win_size_update = packet[7];
    4522:	79eb      	ldrb	r3, [r5, #7]
			if (le.update_instant - le.conn_count < 32767)
    4524:	8c22      	ldrh	r2, [r4, #32]
			le.win_size_update = packet[7];
    4526:	f884 3030 	strb.w	r3, [r4, #48]	@ 0x30
			le.win_offset_update = packet[8] + ((u16)packet[9] << 8);
    452a:	892b      	ldrh	r3, [r5, #8]
			if (le.update_instant - le.conn_count < 32767)
    452c:	b292      	uxth	r2, r2
			le.win_offset_update = packet[8] + ((u16)packet[9] << 8);
    452e:	8663      	strh	r3, [r4, #50]	@ 0x32
			le.interval_update = packet[10] + ((u16)packet[11] << 8);
    4530:	896b      	ldrh	r3, [r5, #10]
    4532:	85e3      	strh	r3, [r4, #46]	@ 0x2e
			le.update_instant = packet[16] + ((u16)packet[17] << 8);
    4534:	8a2b      	ldrh	r3, [r5, #16]
    4536:	85a3      	strh	r3, [r4, #44]	@ 0x2c
			if (le.update_instant - le.conn_count < 32767)
    4538:	1a9b      	subs	r3, r3, r2
    453a:	f647 72fe 	movw	r2, #32766	@ 0x7ffe
    453e:	4293      	cmp	r3, r2
    4540:	dcce      	bgt.n	44e0 <connection_follow_cb+0x2c>
				le.update_pending = 1;
    4542:	2301      	movs	r3, #1
    4544:	62a3      	str	r3, [r4, #40]	@ 0x28
    4546:	e7cb      	b.n	44e0 <connection_follow_cb+0x2c>
	} else if (le.link_state == LINK_LISTENING) {
    4548:	2a01      	cmp	r2, #1
    454a:	d1c9      	bne.n	44e0 <connection_follow_cb+0x2c>
		if (pkt_type == 0x05) {
    454c:	f003 030f 	and.w	r3, r3, #15
    4550:	2b05      	cmp	r3, #5
    4552:	d1c5      	bne.n	44e0 <connection_follow_cb+0x2c>
			if (*data_len != 34)
    4554:	7943      	ldrb	r3, [r0, #5]
    4556:	2b22      	cmp	r3, #34	@ 0x22
    4558:	d1c2      	bne.n	44e0 <connection_follow_cb+0x2c>
			if (conn_interval < 6 || conn_interval > 3200)
    455a:	f640 427a 	movw	r2, #3194	@ 0xc7a
    455e:	8b83      	ldrh	r3, [r0, #28]
    4560:	3b06      	subs	r3, #6
    4562:	b29b      	uxth	r3, r3
    4564:	4293      	cmp	r3, r2
    4566:	d8bb      	bhi.n	44e0 <connection_follow_cb+0x2c>
			if (le.target_set &&
    4568:	6c63      	ldr	r3, [r4, #68]	@ 0x44
    456a:	bb5b      	cbnz	r3, 45c4 <connection_follow_cb+0x110>
			le.link_state = LINK_CONN_PENDING;
    456c:	2302      	movs	r3, #2
    456e:	7523      	strb	r3, [r4, #20]
			le.crc_verify = 0; // we will drop many packets if we attempt to filter by CRC
    4570:	2300      	movs	r3, #0
    4572:	6123      	str	r3, [r4, #16]
				aa |= packet[18+i] << (i*8);
    4574:	7d2a      	ldrb	r2, [r5, #20]
    4576:	7cab      	ldrb	r3, [r5, #18]
    4578:	7d68      	ldrb	r0, [r5, #21]
    457a:	ea43 4302 	orr.w	r3, r3, r2, lsl #16
    457e:	7cea      	ldrb	r2, [r5, #19]
    4580:	ea43 2302 	orr.w	r3, r3, r2, lsl #8
			le_set_access_address(aa);
    4584:	ea43 6000 	orr.w	r0, r3, r0, lsl #24
    4588:	f7ff fe88 	bl	429c <le_set_access_address>
						| (packet[CRC_INIT+1] << 8)
    458c:	7de8      	ldrb	r0, [r5, #23]
			le.crc_init = (packet[CRC_INIT+2] << 16)
    458e:	7e2b      	ldrb	r3, [r5, #24]
						| (packet[CRC_INIT+1] << 8)
    4590:	0200      	lsls	r0, r0, #8
    4592:	ea40 4003 	orr.w	r0, r0, r3, lsl #16
						|  packet[CRC_INIT+0];
    4596:	7dab      	ldrb	r3, [r5, #22]
    4598:	4318      	orrs	r0, r3
			le.crc_init = (packet[CRC_INIT+2] << 16)
    459a:	60a0      	str	r0, [r4, #8]
			le.crc_init_reversed = rbit(le.crc_init);
    459c:	f004 fd6e 	bl	907c <rbit>
			do_hop = 1;
    45a0:	2201      	movs	r2, #1
			le.win_size = packet[WIN_SIZE];
    45a2:	7e6b      	ldrb	r3, [r5, #25]
			le.crc_init_reversed = rbit(le.crc_init);
    45a4:	60e0      	str	r0, [r4, #12]
			le.win_size = packet[WIN_SIZE];
    45a6:	f884 3022 	strb.w	r3, [r4, #34]	@ 0x22
			le.win_offset = packet[WIN_OFFSET];
    45aa:	7eab      	ldrb	r3, [r5, #26]
    45ac:	84a3      	strh	r3, [r4, #36]	@ 0x24
			le.conn_interval = (packet[CONN_INTERVAL+1] << 8)
    45ae:	8bab      	ldrh	r3, [r5, #28]
    45b0:	83e3      	strh	r3, [r4, #30]
			le.channel_increment = packet[CHANNEL_INC] & 0x1f;
    45b2:	f895 3027 	ldrb.w	r3, [r5, #39]	@ 0x27
    45b6:	f003 031f 	and.w	r3, r3, #31
    45ba:	75a3      	strb	r3, [r4, #22]
			le.channel_idx = le.channel_increment;
    45bc:	7563      	strb	r3, [r4, #21]
			do_hop = 1;
    45be:	4b0c      	ldr	r3, [pc, #48]	@ (45f0 <connection_follow_cb+0x13c>)
    45c0:	709a      	strb	r2, [r3, #2]
    45c2:	e78d      	b.n	44e0 <connection_follow_cb+0x2c>
				memcmp(le.target, &packet[6], 6) &&  // Target address doesn't match Initiator.
    45c4:	2206      	movs	r2, #6
    45c6:	1881      	adds	r1, r0, r2
    45c8:	f104 0038 	add.w	r0, r4, #56	@ 0x38
    45cc:	f005 fda8 	bl	a120 <memcmp>
			if (le.target_set &&
    45d0:	2800      	cmp	r0, #0
    45d2:	d0cb      	beq.n	456c <connection_follow_cb+0xb8>
				memcmp(le.target, &packet[12], 6)) {  // Target address doesn't match Advertiser.
    45d4:	2206      	movs	r2, #6
    45d6:	f105 010c 	add.w	r1, r5, #12
    45da:	f104 0038 	add.w	r0, r4, #56	@ 0x38
    45de:	f005 fd9f 	bl	a120 <memcmp>
				memcmp(le.target, &packet[6], 6) &&  // Target address doesn't match Initiator.
    45e2:	2800      	cmp	r0, #0
    45e4:	d0c2      	beq.n	456c <connection_follow_cb+0xb8>
    45e6:	e77b      	b.n	44e0 <connection_follow_cb+0x2c>
    45e8:	10000020 	.word	0x10000020
    45ec:	10002e20 	.word	0x10002e20
    45f0:	100006fc 	.word	0x100006fc

000045f4 <vendor_request_handler>:
{
    45f4:	b5f8      	push	{r3, r4, r5, r6, r7, lr}
    45f6:	460e      	mov	r6, r1
    45f8:	4614      	mov	r4, r2
    45fa:	461d      	mov	r5, r3
	switch (request) {
    45fc:	2849      	cmp	r0, #73	@ 0x49
    45fe:	f200 8359 	bhi.w	4cb4 <vendor_request_handler+0x6c0>
    4602:	e8df f010 	tbh	[pc, r0, lsl #1]
    4606:	004d      	.short	0x004d
    4608:	0050004a 	.word	0x0050004a
    460c:	005b0054 	.word	0x005b0054
    4610:	00670062 	.word	0x00670062
    4614:	0070006b 	.word	0x0070006b
    4618:	007a0075 	.word	0x007a0075
    461c:	00dc00d2 	.word	0x00dc00d2
    4620:	00860117 	.word	0x00860117
    4624:	008b0081 	.word	0x008b0081
    4628:	00980090 	.word	0x00980090
    462c:	00a0009b 	.word	0x00a0009b
    4630:	00cb00c8 	.word	0x00cb00c8
    4634:	011100ce 	.word	0x011100ce
    4638:	03570114 	.word	0x03570114
    463c:	00a4011a 	.word	0x00a4011a
    4640:	00b800ab 	.word	0x00b800ab
    4644:	00bb00b5 	.word	0x00bb00b5
    4648:	01380145 	.word	0x01380145
    464c:	01650162 	.word	0x01650162
    4650:	016e016c 	.word	0x016e016c
    4654:	01f101bb 	.word	0x01f101bb
    4658:	0247020e 	.word	0x0247020e
    465c:	02620257 	.word	0x02620257
    4660:	02690060 	.word	0x02690060
    4664:	0273026d 	.word	0x0273026d
    4668:	0286027a 	.word	0x0286027a
    466c:	020301f5 	.word	0x020301f5
    4670:	02c7028f 	.word	0x02c7028f
    4674:	02dc0155 	.word	0x02dc0155
    4678:	02960357 	.word	0x02960357
    467c:	03480344 	.word	0x03480344
    4680:	01ed01db 	.word	0x01ed01db
    4684:	03570219 	.word	0x03570219
    4688:	02ab02a9 	.word	0x02ab02a9
    468c:	02bb0135 	.word	0x02bb0135
    4690:	0340021e 	.word	0x0340021e
    4694:	034d02d1 	.word	0x034d02d1
    4698:	0354      	.short	0x0354
		requested_mode = MODE_RX_SYMBOLS;
    469a:	2201      	movs	r2, #1
    469c:	4bad      	ldr	r3, [pc, #692]	@ (4954 <vendor_request_handler+0x360>)
    469e:	755a      	strb	r2, [r3, #21]
		*data_len = 0;
    46a0:	2300      	movs	r3, #0
		*data_len = 1;
    46a2:	602b      	str	r3, [r5, #0]
		break;
    46a4:	e00f      	b.n	46c6 <vendor_request_handler+0xd2>
		hop_mode = HOP_BLUETOOTH;
    46a6:	2202      	movs	r2, #2
    46a8:	4baa      	ldr	r3, [pc, #680]	@ (4954 <vendor_request_handler+0x360>)
    46aa:	705a      	strb	r2, [r3, #1]
		requested_mode = MODE_TX_SYMBOLS;
    46ac:	e7f7      	b.n	469e <vendor_request_handler+0xaa>
		data[0] = (USRLED) ? 1 : 0;
    46ae:	4baa      	ldr	r3, [pc, #680]	@ (4958 <vendor_request_handler+0x364>)
    46b0:	6b5b      	ldr	r3, [r3, #52]	@ 0x34
    46b2:	f3c3 0340 	ubfx	r3, r3, #1, #1
		data[0] = (HGM) ? 1 : 0;
    46b6:	7023      	strb	r3, [r4, #0]
		*data_len = 1;
    46b8:	2301      	movs	r3, #1
    46ba:	e7f2      	b.n	46a2 <vendor_request_handler+0xae>
		if (request_params[0])
    46bc:	2202      	movs	r2, #2
    46be:	8809      	ldrh	r1, [r1, #0]
    46c0:	4ba5      	ldr	r3, [pc, #660]	@ (4958 <vendor_request_handler+0x364>)
		if (request_params[0])
    46c2:	b1f9      	cbz	r1, 4704 <vendor_request_handler+0x110>
			CC1V8_SET;
    46c4:	639a      	str	r2, [r3, #56]	@ 0x38
	return 1;
    46c6:	2001      	movs	r0, #1
}
    46c8:	bdf8      	pop	{r3, r4, r5, r6, r7, pc}
		data[0] = (RXLED) ? 1 : 0;
    46ca:	4ba3      	ldr	r3, [pc, #652]	@ (4958 <vendor_request_handler+0x364>)
    46cc:	6b5b      	ldr	r3, [r3, #52]	@ 0x34
    46ce:	f3c3 1300 	ubfx	r3, r3, #4, #1
    46d2:	e7f0      	b.n	46b6 <vendor_request_handler+0xc2>
		if (request_params[0])
    46d4:	2210      	movs	r2, #16
    46d6:	8809      	ldrh	r1, [r1, #0]
    46d8:	4b9f      	ldr	r3, [pc, #636]	@ (4958 <vendor_request_handler+0x364>)
    46da:	e7f2      	b.n	46c2 <vendor_request_handler+0xce>
		data[0] = (TXLED) ? 1 : 0;
    46dc:	4b9e      	ldr	r3, [pc, #632]	@ (4958 <vendor_request_handler+0x364>)
    46de:	6b5b      	ldr	r3, [r3, #52]	@ 0x34
		data[0] = (HGM) ? 1 : 0;
    46e0:	f3c3 2300 	ubfx	r3, r3, #8, #1
    46e4:	e7e7      	b.n	46b6 <vendor_request_handler+0xc2>
		if (request_params[0])
    46e6:	f44f 7280 	mov.w	r2, #256	@ 0x100
    46ea:	8809      	ldrh	r1, [r1, #0]
    46ec:	4b9a      	ldr	r3, [pc, #616]	@ (4958 <vendor_request_handler+0x364>)
    46ee:	e7e8      	b.n	46c2 <vendor_request_handler+0xce>
		data[0] = (CC1V8) ? 1 : 0;
    46f0:	4b99      	ldr	r3, [pc, #612]	@ (4958 <vendor_request_handler+0x364>)
    46f2:	6b5b      	ldr	r3, [r3, #52]	@ 0x34
    46f4:	f3c3 2340 	ubfx	r3, r3, #9, #1
    46f8:	e7dd      	b.n	46b6 <vendor_request_handler+0xc2>
		if (request_params[0])
    46fa:	f44f 7200 	mov.w	r2, #512	@ 0x200
    46fe:	8809      	ldrh	r1, [r1, #0]
    4700:	4b95      	ldr	r3, [pc, #596]	@ (4958 <vendor_request_handler+0x364>)
    4702:	e7de      	b.n	46c2 <vendor_request_handler+0xce>
			CC1V8_CLR;
    4704:	63da      	str	r2, [r3, #60]	@ 0x3c
    4706:	e7de      	b.n	46c6 <vendor_request_handler+0xd2>
		get_part_num(data, data_len);
    4708:	4629      	mov	r1, r5
    470a:	4610      	mov	r0, r2
    470c:	f004 ff18 	bl	9540 <get_part_num>
		break;
    4710:	e7d9      	b.n	46c6 <vendor_request_handler+0xd2>
		get_device_serial(data, data_len);
    4712:	4629      	mov	r1, r5
    4714:	4610      	mov	r0, r2
    4716:	f004 ff2d 	bl	9574 <get_device_serial>
		break;
    471a:	e7d4      	b.n	46c6 <vendor_request_handler+0xd2>
		data[0] = (PAEN) ? 1 : 0;
    471c:	4b8e      	ldr	r3, [pc, #568]	@ (4958 <vendor_request_handler+0x364>)
    471e:	6d5b      	ldr	r3, [r3, #84]	@ 0x54
    4720:	f3c3 13c0 	ubfx	r3, r3, #7, #1
    4724:	e7c7      	b.n	46b6 <vendor_request_handler+0xc2>
		if (request_params[0])
    4726:	2280      	movs	r2, #128	@ 0x80
    4728:	8809      	ldrh	r1, [r1, #0]
    472a:	4b8b      	ldr	r3, [pc, #556]	@ (4958 <vendor_request_handler+0x364>)
		if (request_params[0])
    472c:	2900      	cmp	r1, #0
    472e:	f000 82ac 	beq.w	4c8a <vendor_request_handler+0x696>
			HGM_SET;
    4732:	659a      	str	r2, [r3, #88]	@ 0x58
    4734:	e7c7      	b.n	46c6 <vendor_request_handler+0xd2>
		data[0] = (HGM) ? 1 : 0;
    4736:	4b88      	ldr	r3, [pc, #544]	@ (4958 <vendor_request_handler+0x364>)
    4738:	6d5b      	ldr	r3, [r3, #84]	@ 0x54
    473a:	e7d1      	b.n	46e0 <vendor_request_handler+0xec>
		if (request_params[0])
    473c:	f44f 7280 	mov.w	r2, #256	@ 0x100
    4740:	8809      	ldrh	r1, [r1, #0]
    4742:	4b85      	ldr	r3, [pc, #532]	@ (4958 <vendor_request_handler+0x364>)
    4744:	e7f2      	b.n	472c <vendor_request_handler+0x138>
		requested_mode = MODE_TX_TEST;
    4746:	2203      	movs	r2, #3
    4748:	4b82      	ldr	r3, [pc, #520]	@ (4954 <vendor_request_handler+0x360>)
		requested_mode = MODE_XMAS;
    474a:	755a      	strb	r2, [r3, #21]
		break;
    474c:	e7bb      	b.n	46c6 <vendor_request_handler+0xd2>
		data[0] = cc2400_get(FREND) & 0x7;
    474e:	2005      	movs	r0, #5
    4750:	f004 fd6e 	bl	9230 <cc2400_get>
    4754:	f000 0007 	and.w	r0, r0, #7
    4758:	7020      	strb	r0, [r4, #0]
		*data_len = 1;
    475a:	e7ad      	b.n	46b8 <vendor_request_handler+0xc4>
		if( request_params[0] < 8 ) {
    475c:	8809      	ldrh	r1, [r1, #0]
    475e:	2907      	cmp	r1, #7
    4760:	f200 82a8 	bhi.w	4cb4 <vendor_request_handler+0x6c0>
			cc2400_set(FREND, 8 | request_params[0]);
    4764:	2005      	movs	r0, #5
    4766:	f041 0108 	orr.w	r1, r1, #8
		cc2400_set(request_params[0] & 0xff, request_params[1]);
    476a:	f004 fd6a 	bl	9242 <cc2400_set>
		break;
    476e:	e7aa      	b.n	46c6 <vendor_request_handler+0xd2>
		requested_mode = MODE_RANGE_TEST;
    4770:	2205      	movs	r2, #5
    4772:	4b78      	ldr	r3, [pc, #480]	@ (4954 <vendor_request_handler+0x360>)
    4774:	e7e9      	b.n	474a <vendor_request_handler+0x156>
		requested_mode = MODE_REPEATER;
    4776:	2206      	movs	r2, #6
    4778:	4b76      	ldr	r3, [pc, #472]	@ (4954 <vendor_request_handler+0x360>)
    477a:	e7e6      	b.n	474a <vendor_request_handler+0x156>
		data[0] = rr.valid;
    477c:	4b77      	ldr	r3, [pc, #476]	@ (495c <vendor_request_handler+0x368>)
    477e:	781a      	ldrb	r2, [r3, #0]
    4780:	7022      	strb	r2, [r4, #0]
		data[1] = rr.request_pa;
    4782:	785a      	ldrb	r2, [r3, #1]
    4784:	7062      	strb	r2, [r4, #1]
		data[2] = rr.request_num;
    4786:	789a      	ldrb	r2, [r3, #2]
    4788:	70a2      	strb	r2, [r4, #2]
		data[3] = rr.reply_pa;
    478a:	78da      	ldrb	r2, [r3, #3]
    478c:	70e2      	strb	r2, [r4, #3]
		data[4] = rr.reply_num;
    478e:	791b      	ldrb	r3, [r3, #4]
    4790:	7123      	strb	r3, [r4, #4]
		*data_len = 5;
    4792:	2305      	movs	r3, #5
    4794:	e785      	b.n	46a2 <vendor_request_handler+0xae>
		requested_mode = MODE_IDLE;
    4796:	2200      	movs	r2, #0
    4798:	4b6e      	ldr	r3, [pc, #440]	@ (4954 <vendor_request_handler+0x360>)
    479a:	e7d6      	b.n	474a <vendor_request_handler+0x156>
		data[0] = modulation;
    479c:	4b6d      	ldr	r3, [pc, #436]	@ (4954 <vendor_request_handler+0x360>)
		data[0] = cs_threshold_req;
    479e:	781b      	ldrb	r3, [r3, #0]
    47a0:	e789      	b.n	46b6 <vendor_request_handler+0xc2>
		modulation = request_params[0];
    47a2:	780a      	ldrb	r2, [r1, #0]
    47a4:	4b6b      	ldr	r3, [pc, #428]	@ (4954 <vendor_request_handler+0x360>)
		afh_enabled = 1;
    47a6:	701a      	strb	r2, [r3, #0]
		break;
    47a8:	e78d      	b.n	46c6 <vendor_request_handler+0xd2>
		data[0] = channel & 0xFF;
    47aa:	4b6d      	ldr	r3, [pc, #436]	@ (4960 <vendor_request_handler+0x36c>)
    47ac:	f8b3 204c 	ldrh.w	r2, [r3, #76]	@ 0x4c
    47b0:	7022      	strb	r2, [r4, #0]
		data[1] = (channel >> 8) & 0xFF;
    47b2:	f8b3 304c 	ldrh.w	r3, [r3, #76]	@ 0x4c
    47b6:	0a1b      	lsrs	r3, r3, #8
		data[1] = 0x37;
    47b8:	7063      	strb	r3, [r4, #1]
		*data_len = 2;
    47ba:	2302      	movs	r3, #2
    47bc:	e771      	b.n	46a2 <vendor_request_handler+0xae>
		requested_channel = request_params[0];
    47be:	880a      	ldrh	r2, [r1, #0]
		if (requested_channel > MAX_FREQ) {
    47c0:	f640 21ea 	movw	r1, #2794	@ 0xaea
		requested_channel = request_params[0];
    47c4:	4b63      	ldr	r3, [pc, #396]	@ (4954 <vendor_request_handler+0x360>)
    47c6:	80da      	strh	r2, [r3, #6]
		if (requested_channel > MAX_FREQ) {
    47c8:	88da      	ldrh	r2, [r3, #6]
    47ca:	b292      	uxth	r2, r2
    47cc:	428a      	cmp	r2, r1
    47ce:	d917      	bls.n	4800 <vendor_request_handler+0x20c>
			hop_mode = HOP_SWEEP;
    47d0:	2201      	movs	r2, #1
    47d2:	705a      	strb	r2, [r3, #1]
			requested_channel = 2402;
    47d4:	f640 1262 	movw	r2, #2402	@ 0x962
			requested_channel = MIN(requested_channel, MAX_FREQ);
    47d8:	80da      	strh	r2, [r3, #6]
		le_adv_channel = requested_channel;
    47da:	88d9      	ldrh	r1, [r3, #6]
    47dc:	4a60      	ldr	r2, [pc, #384]	@ (4960 <vendor_request_handler+0x36c>)
    47de:	f8a2 1050 	strh.w	r1, [r2, #80]	@ 0x50
		if (mode != MODE_BT_FOLLOW_LE) {
    47e2:	7d19      	ldrb	r1, [r3, #20]
    47e4:	2909      	cmp	r1, #9
    47e6:	f43f af6e 	beq.w	46c6 <vendor_request_handler+0xd2>
			channel = requested_channel;
    47ea:	88d9      	ldrh	r1, [r3, #6]
    47ec:	f8a2 104c 	strh.w	r1, [r2, #76]	@ 0x4c
			requested_channel = 0;
    47f0:	2100      	movs	r1, #0
    47f2:	80d9      	strh	r1, [r3, #6]
			cs_threshold_calc_and_set(channel);
    47f4:	f8b2 004c 	ldrh.w	r0, [r2, #76]	@ 0x4c
		cs_threshold_calc_and_set(channel);
    47f8:	b280      	uxth	r0, r0
    47fa:	f002 fc17 	bl	702c <cs_threshold_calc_and_set>
		break;
    47fe:	e762      	b.n	46c6 <vendor_request_handler+0xd2>
			hop_mode = HOP_NONE;
    4800:	2200      	movs	r2, #0
    4802:	705a      	strb	r2, [r3, #1]
			requested_channel = MAX(requested_channel, MIN_FREQ);
    4804:	f640 02dc 	movw	r2, #2268	@ 0x8dc
    4808:	88d9      	ldrh	r1, [r3, #6]
    480a:	b289      	uxth	r1, r1
    480c:	4291      	cmp	r1, r2
			requested_channel = MIN(requested_channel, MAX_FREQ);
    480e:	f640 21e9 	movw	r1, #2793	@ 0xae9
			requested_channel = MAX(requested_channel, MIN_FREQ);
    4812:	bf88      	it	hi
    4814:	88da      	ldrhhi	r2, [r3, #6]
    4816:	80da      	strh	r2, [r3, #6]
			requested_channel = MIN(requested_channel, MAX_FREQ);
    4818:	88da      	ldrh	r2, [r3, #6]
    481a:	b292      	uxth	r2, r2
    481c:	428a      	cmp	r2, r1
    481e:	bf8c      	ite	hi
    4820:	f640 22ea 	movwhi	r2, #2794	@ 0xaea
    4824:	88da      	ldrhls	r2, [r3, #6]
    4826:	e7d7      	b.n	47d8 <vendor_request_handler+0x1e4>
		set_isp();
    4828:	f004 fed6 	bl	95d8 <set_isp>
		*data_len = 0; /* should never return */
    482c:	e738      	b.n	46a0 <vendor_request_handler+0xac>
		bootloader_ctrl = DFU_MODE;
    482e:	4b4d      	ldr	r3, [pc, #308]	@ (4964 <vendor_request_handler+0x370>)
    4830:	4a4d      	ldr	r2, [pc, #308]	@ (4968 <vendor_request_handler+0x374>)
    4832:	601a      	str	r2, [r3, #0]
		requested_mode = MODE_RESET;
    4834:	220b      	movs	r2, #11
    4836:	4b47      	ldr	r3, [pc, #284]	@ (4954 <vendor_request_handler+0x360>)
    4838:	e787      	b.n	474a <vendor_request_handler+0x156>
		if (request_params[0] < 2049 || request_params[0] > 3072 ||
    483a:	f46f 6000 	mvn.w	r0, #2048	@ 0x800
    483e:	880a      	ldrh	r2, [r1, #0]
    4840:	1813      	adds	r3, r2, r0
    4842:	f5b3 6f80 	cmp.w	r3, #1024	@ 0x400
    4846:	f080 8235 	bcs.w	4cb4 <vendor_request_handler+0x6c0>
				request_params[1] < 2049 || request_params[1] > 3072 ||
    484a:	884b      	ldrh	r3, [r1, #2]
		if (request_params[0] < 2049 || request_params[0] > 3072 ||
    484c:	f46f 6100 	mvn.w	r1, #2048	@ 0x800
    4850:	1859      	adds	r1, r3, r1
    4852:	f5b1 6f80 	cmp.w	r1, #1024	@ 0x400
    4856:	f080 822d 	bcs.w	4cb4 <vendor_request_handler+0x6c0>
				request_params[1] < 2049 || request_params[1] > 3072 ||
    485a:	429a      	cmp	r2, r3
    485c:	f200 822a 	bhi.w	4cb4 <vendor_request_handler+0x6c0>
		low_freq = request_params[0];
    4860:	493f      	ldr	r1, [pc, #252]	@ (4960 <vendor_request_handler+0x36c>)
    4862:	f8a1 2052 	strh.w	r2, [r1, #82]	@ 0x52
		high_freq = request_params[1];
    4866:	f8a1 3054 	strh.w	r3, [r1, #84]	@ 0x54
		requested_mode = MODE_SPECAN;
    486a:	2204      	movs	r2, #4
    486c:	4b39      	ldr	r3, [pc, #228]	@ (4954 <vendor_request_handler+0x360>)
    486e:	e716      	b.n	469e <vendor_request_handler+0xaa>
		requested_mode = MODE_RX_GENERIC;
    4870:	220f      	movs	r2, #15
    4872:	4b38      	ldr	r3, [pc, #224]	@ (4954 <vendor_request_handler+0x360>)
    4874:	e713      	b.n	469e <vendor_request_handler+0xaa>
		if (request_params[0] > 256)
    4876:	880b      	ldrh	r3, [r1, #0]
    4878:	f5b3 7f80 	cmp.w	r3, #256	@ 0x100
    487c:	f200 821a 	bhi.w	4cb4 <vendor_request_handler+0x6c0>
		rssi_threshold = 54 - request_params[0];
    4880:	4a37      	ldr	r2, [pc, #220]	@ (4960 <vendor_request_handler+0x36c>)
    4882:	f1c3 0336 	rsb	r3, r3, #54	@ 0x36
    4886:	f882 3056 	strb.w	r3, [r2, #86]	@ 0x56
		requested_mode = MODE_LED_SPECAN;
    488a:	2207      	movs	r2, #7
    488c:	4b31      	ldr	r3, [pc, #196]	@ (4954 <vendor_request_handler+0x360>)
    488e:	e706      	b.n	469e <vendor_request_handler+0xaa>
		data[0] = 0x00;
    4890:	2300      	movs	r3, #0
		length = (u8)strlen(GIT_REVISION);
    4892:	4836      	ldr	r0, [pc, #216]	@ (496c <vendor_request_handler+0x378>)
		data[0] = 0x00;
    4894:	7013      	strb	r3, [r2, #0]
		data[1] = 0x00;
    4896:	7053      	strb	r3, [r2, #1]
		length = (u8)strlen(GIT_REVISION);
    4898:	f005 fbea 	bl	a070 <strlen>
    489c:	b2c6      	uxtb	r6, r0
		memcpy(&data[3], GIT_REVISION, length);
    489e:	4632      	mov	r2, r6
		length = (u8)strlen(GIT_REVISION);
    48a0:	70a0      	strb	r0, [r4, #2]
		memcpy(&data[3], GIT_REVISION, length);
    48a2:	4932      	ldr	r1, [pc, #200]	@ (496c <vendor_request_handler+0x378>)
    48a4:	1ce0      	adds	r0, r4, #3
    48a6:	f7ff fc11 	bl	40cc <__aeabi_memcpy>
		*data_len = 2 + 1 + length;
    48aa:	3603      	adds	r6, #3
		*data_len = 1 + length;
    48ac:	602e      	str	r6, [r5, #0]
		break;
    48ae:	e70a      	b.n	46c6 <vendor_request_handler+0xd2>
		length = (u8)strlen(compile_info);
    48b0:	482f      	ldr	r0, [pc, #188]	@ (4970 <vendor_request_handler+0x37c>)
    48b2:	f005 fbdd 	bl	a070 <strlen>
    48b6:	b2c6      	uxtb	r6, r0
    48b8:	f804 0b01 	strb.w	r0, [r4], #1
		memcpy(&data[1], compile_info, length);
    48bc:	4632      	mov	r2, r6
    48be:	4620      	mov	r0, r4
    48c0:	492b      	ldr	r1, [pc, #172]	@ (4970 <vendor_request_handler+0x37c>)
    48c2:	f7ff fc03 	bl	40cc <__aeabi_memcpy>
		*data_len = 1 + length;
    48c6:	3601      	adds	r6, #1
    48c8:	e7f0      	b.n	48ac <vendor_request_handler+0x2b8>
		data[0] = BOARD_ID;
    48ca:	2301      	movs	r3, #1
    48cc:	7013      	strb	r3, [r2, #0]
		*data_len = 1;
    48ce:	e6e8      	b.n	46a2 <vendor_request_handler+0xae>
		cs_threshold_req = (int8_t)request_params[0];
    48d0:	880a      	ldrh	r2, [r1, #0]
    48d2:	4b28      	ldr	r3, [pc, #160]	@ (4974 <vendor_request_handler+0x380>)
    48d4:	701a      	strb	r2, [r3, #0]
		cs_threshold_calc_and_set(channel);
    48d6:	4b22      	ldr	r3, [pc, #136]	@ (4960 <vendor_request_handler+0x36c>)
    48d8:	f8b3 004c 	ldrh.w	r0, [r3, #76]	@ 0x4c
    48dc:	e78c      	b.n	47f8 <vendor_request_handler+0x204>
		data[0] = cs_threshold_req;
    48de:	4b25      	ldr	r3, [pc, #148]	@ (4974 <vendor_request_handler+0x380>)
    48e0:	e75d      	b.n	479e <vendor_request_handler+0x1aa>
		target.syncword = 0;
    48e2:	2300      	movs	r3, #0
		target.address = 0;
    48e4:	2000      	movs	r0, #0
    48e6:	2100      	movs	r1, #0
		target.syncword = 0;
    48e8:	461e      	mov	r6, r3
    48ea:	461d      	mov	r5, r3
		target.address = 0;
    48ec:	4a22      	ldr	r2, [pc, #136]	@ (4978 <vendor_request_handler+0x384>)
    48ee:	f104 3cff 	add.w	ip, r4, #4294967295	@ 0xffffffff
    48f2:	e9c2 0100 	strd	r0, r1, [r2]
		target.syncword = 0;
    48f6:	e9c2 0102 	strd	r0, r1, [r2, #8]
			target.address |= (uint64_t)data[i] << 8*i;
    48fa:	f81c 0f01 	ldrb.w	r0, [ip, #1]!
    48fe:	f1a3 0120 	sub.w	r1, r3, #32
    4902:	f1c3 0720 	rsb	r7, r3, #32
    4906:	fa00 f101 	lsl.w	r1, r0, r1
    490a:	fa20 f707 	lsr.w	r7, r0, r7
    490e:	4339      	orrs	r1, r7
    4910:	4098      	lsls	r0, r3
		for(int i=0; i < 8; i++) {
    4912:	3308      	adds	r3, #8
			target.address |= (uint64_t)data[i] << 8*i;
    4914:	4306      	orrs	r6, r0
    4916:	430d      	orrs	r5, r1
		for(int i=0; i < 8; i++) {
    4918:	2b40      	cmp	r3, #64	@ 0x40
			target.address |= (uint64_t)data[i] << 8*i;
    491a:	e9c2 6500 	strd	r6, r5, [r2]
		for(int i=0; i < 8; i++) {
    491e:	d1ec      	bne.n	48fa <vendor_request_handler+0x306>
    4920:	2300      	movs	r3, #0
    4922:	461e      	mov	r6, r3
    4924:	461d      	mov	r5, r3
    4926:	3407      	adds	r4, #7
			target.syncword |= (uint64_t)data[i+8] << 8*i;
    4928:	f814 0f01 	ldrb.w	r0, [r4, #1]!
    492c:	f1a3 0120 	sub.w	r1, r3, #32
    4930:	f1c3 0720 	rsb	r7, r3, #32
    4934:	fa00 f101 	lsl.w	r1, r0, r1
    4938:	fa20 f707 	lsr.w	r7, r0, r7
    493c:	4339      	orrs	r1, r7
    493e:	4098      	lsls	r0, r3
		for(int i=0; i < 8; i++) {
    4940:	3308      	adds	r3, #8
			target.syncword |= (uint64_t)data[i+8] << 8*i;
    4942:	4306      	orrs	r6, r0
    4944:	430d      	orrs	r5, r1
		for(int i=0; i < 8; i++) {
    4946:	2b40      	cmp	r3, #64	@ 0x40
			target.syncword |= (uint64_t)data[i+8] << 8*i;
    4948:	e9c2 6502 	strd	r6, r5, [r2, #8]
		for(int i=0; i < 8; i++) {
    494c:	d1ec      	bne.n	4928 <vendor_request_handler+0x334>
		precalc();
    494e:	f001 fff3 	bl	6938 <precalc>
		break;
    4952:	e6b8      	b.n	46c6 <vendor_request_handler+0xd2>
    4954:	100006fc 	.word	0x100006fc
    4958:	2009c000 	.word	0x2009c000
    495c:	10003644 	.word	0x10003644
    4960:	10000020 	.word	0x10000020
    4964:	1000001c 	.word	0x1000001c
    4968:	4305bb21 	.word	0x4305bb21
    496c:	0000a1bc 	.word	0x0000a1bc
    4970:	0000a20c 	.word	0x0000a20c
    4974:	10002e1a 	.word	0x10002e1a
    4978:	10000b98 	.word	0x10000b98
		clkn_offset = 0;
    497c:	2200      	movs	r2, #0
    497e:	4b99      	ldr	r3, [pc, #612]	@ (4be4 <vendor_request_handler+0x5f0>)
    4980:	1ce0      	adds	r0, r4, #3
    4982:	601a      	str	r2, [r3, #0]
		for(int i=0; i < 4; i++) {
    4984:	1e62      	subs	r2, r4, #1
			clkn_offset <<= 8;
    4986:	6819      	ldr	r1, [r3, #0]
    4988:	0209      	lsls	r1, r1, #8
    498a:	6019      	str	r1, [r3, #0]
			clkn_offset |= data[i];
    498c:	f812 1f01 	ldrb.w	r1, [r2, #1]!
    4990:	681d      	ldr	r5, [r3, #0]
		for(int i=0; i < 4; i++) {
    4992:	4290      	cmp	r0, r2
			clkn_offset |= data[i];
    4994:	ea41 0105 	orr.w	r1, r1, r5
    4998:	6019      	str	r1, [r3, #0]
		for(int i=0; i < 4; i++) {
    499a:	d1f4      	bne.n	4986 <vendor_request_handler+0x392>
		hop_mode = HOP_BLUETOOTH;
    499c:	2202      	movs	r2, #2
    499e:	4b92      	ldr	r3, [pc, #584]	@ (4be8 <vendor_request_handler+0x5f4>)
		DIO_SSEL_SET;
    49a0:	f04f 5180 	mov.w	r1, #268435456	@ 0x10000000
		hop_mode = HOP_BLUETOOTH;
    49a4:	705a      	strb	r2, [r3, #1]
		dma_discard = 1;
    49a6:	2201      	movs	r2, #1
    49a8:	749a      	strb	r2, [r3, #18]
		DIO_SSEL_SET;
    49aa:	4a90      	ldr	r2, [pc, #576]	@ (4bec <vendor_request_handler+0x5f8>)
    49ac:	f8c2 1098 	str.w	r1, [r2, #152]	@ 0x98
		clk100ns_offset = (data[4] << 8) | (data[5] << 0);
    49b0:	88a2      	ldrh	r2, [r4, #4]
    49b2:	498f      	ldr	r1, [pc, #572]	@ (4bf0 <vendor_request_handler+0x5fc>)
    49b4:	ba52      	rev16	r2, r2
    49b6:	800a      	strh	r2, [r1, #0]
		requested_mode = MODE_BT_FOLLOW;
    49b8:	2208      	movs	r2, #8
    49ba:	e6c6      	b.n	474a <vendor_request_handler+0x156>
		hop_mode = HOP_AFH;
    49bc:	2205      	movs	r2, #5
    49be:	4b8a      	ldr	r3, [pc, #552]	@ (4be8 <vendor_request_handler+0x5f4>)
    49c0:	498c      	ldr	r1, [pc, #560]	@ (4bf4 <vendor_request_handler+0x600>)
    49c2:	705a      	strb	r2, [r3, #1]
		requested_mode = MODE_AFH;
    49c4:	220e      	movs	r2, #14
    49c6:	755a      	strb	r2, [r3, #21]
		for(int i=0; i < 10; i++) {
    49c8:	2300      	movs	r3, #0
			afh_map[i] = 0;
    49ca:	461a      	mov	r2, r3
		for(int i=0; i < 10; i++) {
    49cc:	3301      	adds	r3, #1
    49ce:	2b0a      	cmp	r3, #10
			afh_map[i] = 0;
    49d0:	f801 2b01 	strb.w	r2, [r1], #1
		for(int i=0; i < 10; i++) {
    49d4:	d1fa      	bne.n	49cc <vendor_request_handler+0x3d8>
		used_channels = 0;
    49d6:	4b88      	ldr	r3, [pc, #544]	@ (4bf8 <vendor_request_handler+0x604>)
    49d8:	701a      	strb	r2, [r3, #0]
		afh_enabled = 1;
    49da:	2201      	movs	r2, #1
    49dc:	4b87      	ldr	r3, [pc, #540]	@ (4bfc <vendor_request_handler+0x608>)
    49de:	e6e2      	b.n	47a6 <vendor_request_handler+0x1b2>
		do_hop = 1;
    49e0:	2201      	movs	r2, #1
    49e2:	4b81      	ldr	r3, [pc, #516]	@ (4be8 <vendor_request_handler+0x5f4>)
    49e4:	709a      	strb	r2, [r3, #2]
		break;
    49e6:	e66e      	b.n	46c6 <vendor_request_handler+0xd2>
		clock = data[0] | data[1] << 8 | data[2] << 16 | data[3] << 24;
    49e8:	6812      	ldr	r2, [r2, #0]
		clkn = clock;
    49ea:	4b85      	ldr	r3, [pc, #532]	@ (4c00 <vendor_request_handler+0x60c>)
    49ec:	601a      	str	r2, [r3, #0]
		cs_threshold_calc_and_set(channel);
    49ee:	e772      	b.n	48d6 <vendor_request_handler+0x2e2>
    49f0:	1e53      	subs	r3, r2, #1
    49f2:	4a80      	ldr	r2, [pc, #512]	@ (4bf4 <vendor_request_handler+0x600>)
    49f4:	3409      	adds	r4, #9
			afh_map[i] = data[i];
    49f6:	f813 1f01 	ldrb.w	r1, [r3, #1]!
		for(int i=0; i < 10; i++) {
    49fa:	42a3      	cmp	r3, r4
			afh_map[i] = data[i];
    49fc:	f802 1b01 	strb.w	r1, [r2], #1
		for(int i=0; i < 10; i++) {
    4a00:	d1f9      	bne.n	49f6 <vendor_request_handler+0x402>
		afh_enabled = 1;
    4a02:	2201      	movs	r2, #1
    4a04:	4b7d      	ldr	r3, [pc, #500]	@ (4bfc <vendor_request_handler+0x608>)
    4a06:	701a      	strb	r2, [r3, #0]
		*data_len = 10;
    4a08:	230a      	movs	r3, #10
    4a0a:	e64a      	b.n	46a2 <vendor_request_handler+0xae>
		for(int i=0; i < 10; i++) {
    4a0c:	2300      	movs	r3, #0
			afh_map[i] = 0;
    4a0e:	461a      	mov	r2, r3
    4a10:	4978      	ldr	r1, [pc, #480]	@ (4bf4 <vendor_request_handler+0x600>)
		for(int i=0; i < 10; i++) {
    4a12:	3301      	adds	r3, #1
    4a14:	2b0a      	cmp	r3, #10
			afh_map[i] = 0;
    4a16:	f801 2b01 	strb.w	r2, [r1], #1
		for(int i=0; i < 10; i++) {
    4a1a:	d1fa      	bne.n	4a12 <vendor_request_handler+0x41e>
		afh_enabled = 0;
    4a1c:	4977      	ldr	r1, [pc, #476]	@ (4bfc <vendor_request_handler+0x608>)
    4a1e:	700a      	strb	r2, [r1, #0]
		*data_len = 10;
    4a20:	e63f      	b.n	46a2 <vendor_request_handler+0xae>
		clock = clkn;
    4a22:	4b77      	ldr	r3, [pc, #476]	@ (4c00 <vendor_request_handler+0x60c>)
    4a24:	681b      	ldr	r3, [r3, #0]
			data[i] = (clock >> (8*i)) & 0xff;
    4a26:	7013      	strb	r3, [r2, #0]
    4a28:	0a1a      	lsrs	r2, r3, #8
    4a2a:	7062      	strb	r2, [r4, #1]
    4a2c:	0c1a      	lsrs	r2, r3, #16
    4a2e:	0e1b      	lsrs	r3, r3, #24
    4a30:	70a2      	strb	r2, [r4, #2]
    4a32:	70e3      	strb	r3, [r4, #3]
		*data_len = 4;
    4a34:	2304      	movs	r3, #4
    4a36:	e634      	b.n	46a2 <vendor_request_handler+0xae>
		clk100ns_offset = (data[0] << 8) | (data[1] << 0);
    4a38:	8813      	ldrh	r3, [r2, #0]
    4a3a:	4a6d      	ldr	r2, [pc, #436]	@ (4bf0 <vendor_request_handler+0x5fc>)
    4a3c:	ba5b      	rev16	r3, r3
    4a3e:	8013      	strh	r3, [r2, #0]
		break;
    4a40:	e641      	b.n	46c6 <vendor_request_handler+0xd2>
		clk_drift_ppm += (int16_t)(data[0] << 8) | (data[1] << 0);
    4a42:	4b70      	ldr	r3, [pc, #448]	@ (4c04 <vendor_request_handler+0x610>)
    4a44:	8812      	ldrh	r2, [r2, #0]
    4a46:	8819      	ldrh	r1, [r3, #0]
    4a48:	ba52      	rev16	r2, r2
    4a4a:	440a      	add	r2, r1
    4a4c:	801a      	strh	r2, [r3, #0]
		if (clk_drift_ppm < 0) {
    4a4e:	881a      	ldrh	r2, [r3, #0]
    4a50:	496d      	ldr	r1, [pc, #436]	@ (4c08 <vendor_request_handler+0x614>)
    4a52:	f412 4f00 	tst.w	r2, #32768	@ 0x8000
    4a56:	4a6d      	ldr	r2, [pc, #436]	@ (4c0c <vendor_request_handler+0x618>)
    4a58:	d00e      	beq.n	4a78 <vendor_request_handler+0x484>
			clk_drift_correction = 320 / (uint16_t)(-clk_drift_ppm);
    4a5a:	f44f 70a0 	mov.w	r0, #320	@ 0x140
    4a5e:	881b      	ldrh	r3, [r3, #0]
    4a60:	425b      	negs	r3, r3
    4a62:	b29b      	uxth	r3, r3
    4a64:	fbb0 f3f3 	udiv	r3, r0, r3
			clk_drift_correction = 320 / clk_drift_ppm;
    4a68:	8013      	strh	r3, [r2, #0]
			clkn_next_drift_fix = clkn_last_drift_fix + clk_drift_correction;
    4a6a:	8813      	ldrh	r3, [r2, #0]
    4a6c:	4a68      	ldr	r2, [pc, #416]	@ (4c10 <vendor_request_handler+0x61c>)
    4a6e:	b29b      	uxth	r3, r3
    4a70:	6812      	ldr	r2, [r2, #0]
    4a72:	4413      	add	r3, r2
			clkn_next_drift_fix = 0;
    4a74:	600b      	str	r3, [r1, #0]
    4a76:	e626      	b.n	46c6 <vendor_request_handler+0xd2>
		else if (clk_drift_ppm > 0) {
    4a78:	8818      	ldrh	r0, [r3, #0]
    4a7a:	b200      	sxth	r0, r0
    4a7c:	2800      	cmp	r0, #0
    4a7e:	dd06      	ble.n	4a8e <vendor_request_handler+0x49a>
			clk_drift_correction = 320 / clk_drift_ppm;
    4a80:	8818      	ldrh	r0, [r3, #0]
    4a82:	f44f 73a0 	mov.w	r3, #320	@ 0x140
    4a86:	b200      	sxth	r0, r0
    4a88:	fb93 f3f0 	sdiv	r3, r3, r0
    4a8c:	e7ec      	b.n	4a68 <vendor_request_handler+0x474>
			clk_drift_correction = 0;
    4a8e:	2300      	movs	r3, #0
    4a90:	8013      	strh	r3, [r2, #0]
    4a92:	e7ef      	b.n	4a74 <vendor_request_handler+0x480>
		*data_len = 0;
    4a94:	2200      	movs	r2, #0
		le.do_follow = request_params[0];
    4a96:	880b      	ldrh	r3, [r1, #0]
    4a98:	4c5e      	ldr	r4, [pc, #376]	@ (4c14 <vendor_request_handler+0x620>)
    4a9a:	6363      	str	r3, [r4, #52]	@ 0x34
		do_hop = 0;
    4a9c:	4b52      	ldr	r3, [pc, #328]	@ (4be8 <vendor_request_handler+0x5f4>)
		*data_len = 0;
    4a9e:	602a      	str	r2, [r5, #0]
		do_hop = 0;
    4aa0:	709a      	strb	r2, [r3, #2]
		hop_mode = HOP_BTLE;
    4aa2:	2203      	movs	r2, #3
    4aa4:	705a      	strb	r2, [r3, #1]
		requested_mode = MODE_BT_FOLLOW_LE;
    4aa6:	2209      	movs	r2, #9
    4aa8:	755a      	strb	r2, [r3, #21]
		usb_queue_init();
    4aaa:	f002 f9d1 	bl	6e50 <usb_queue_init>
		cs_threshold_calc_and_set(channel);
    4aae:	f8b4 004c 	ldrh.w	r0, [r4, #76]	@ 0x4c
    4ab2:	e6a1      	b.n	47f8 <vendor_request_handler+0x204>
	switch (request) {
    4ab4:	2300      	movs	r3, #0
			data[i] = (le.access_address >> (8*i)) & 0xff;
    4ab6:	4957      	ldr	r1, [pc, #348]	@ (4c14 <vendor_request_handler+0x620>)
    4ab8:	1e54      	subs	r4, r2, #1
    4aba:	680a      	ldr	r2, [r1, #0]
    4abc:	40da      	lsrs	r2, r3
		for(int i=0; i < 4; i++) {
    4abe:	3308      	adds	r3, #8
    4ac0:	2b20      	cmp	r3, #32
			data[i] = (le.access_address >> (8*i)) & 0xff;
    4ac2:	f804 2f01 	strb.w	r2, [r4, #1]!
		for(int i=0; i < 4; i++) {
    4ac6:	d1f8      	bne.n	4aba <vendor_request_handler+0x4c6>
    4ac8:	e7b4      	b.n	4a34 <vendor_request_handler+0x440>
		le_set_access_address(data[0] | data[1] << 8 | data[2] << 16 | data[3] << 24);
    4aca:	6810      	ldr	r0, [r2, #0]
    4acc:	f7ff fbe6 	bl	429c <le_set_access_address>
			le.target_set = 1;
    4ad0:	2201      	movs	r2, #1
    4ad2:	4b50      	ldr	r3, [pc, #320]	@ (4c14 <vendor_request_handler+0x620>)
    4ad4:	645a      	str	r2, [r3, #68]	@ 0x44
    4ad6:	e5f6      	b.n	46c6 <vendor_request_handler+0xd2>
		data[0] = 0x13;
    4ad8:	2313      	movs	r3, #19
    4ada:	7013      	strb	r3, [r2, #0]
		data[1] = 0x37;
    4adc:	2337      	movs	r3, #55	@ 0x37
    4ade:	e66b      	b.n	47b8 <vendor_request_handler+0x1c4>
		data[0] = le.crc_verify ? 1 : 0;
    4ae0:	4b4c      	ldr	r3, [pc, #304]	@ (4c14 <vendor_request_handler+0x620>)
    4ae2:	691b      	ldr	r3, [r3, #16]
    4ae4:	3b00      	subs	r3, #0
    4ae6:	bf18      	it	ne
    4ae8:	2301      	movne	r3, #1
    4aea:	e5e4      	b.n	46b6 <vendor_request_handler+0xc2>
		le.crc_verify = request_params[0] ? 1 : 0;
    4aec:	880b      	ldrh	r3, [r1, #0]
    4aee:	4a49      	ldr	r2, [pc, #292]	@ (4c14 <vendor_request_handler+0x620>)
    4af0:	3b00      	subs	r3, #0
    4af2:	bf18      	it	ne
    4af4:	2301      	movne	r3, #1
    4af6:	6113      	str	r3, [r2, #16]
		break;
    4af8:	e5e5      	b.n	46c6 <vendor_request_handler+0xd2>
		p = dequeue();
    4afa:	f002 f9d3 	bl	6ea4 <dequeue>
    4afe:	4601      	mov	r1, r0
		if (p != NULL) {
    4b00:	b128      	cbz	r0, 4b0e <vendor_request_handler+0x51a>
			memcpy(data, (void *)p, sizeof(usb_pkt_rx));
    4b02:	2240      	movs	r2, #64	@ 0x40
    4b04:	4620      	mov	r0, r4
    4b06:	f7ff fae1 	bl	40cc <__aeabi_memcpy>
			*data_len = sizeof(usb_pkt_rx);
    4b0a:	2340      	movs	r3, #64	@ 0x40
    4b0c:	e5c9      	b.n	46a2 <vendor_request_handler+0xae>
			data[0] = 0;
    4b0e:	7020      	strb	r0, [r4, #0]
			*data_len = 1;
    4b10:	e5d2      	b.n	46b8 <vendor_request_handler+0xc4>
		*data_len = 0;
    4b12:	2200      	movs	r2, #0
		hop_mode = HOP_NONE;
    4b14:	4b34      	ldr	r3, [pc, #208]	@ (4be8 <vendor_request_handler+0x5f4>)
		*data_len = 0;
    4b16:	602a      	str	r2, [r5, #0]
		hop_mode = HOP_NONE;
    4b18:	705a      	strb	r2, [r3, #1]
		requested_mode = MODE_BT_PROMISC_LE;
    4b1a:	220a      	movs	r2, #10
    4b1c:	755a      	strb	r2, [r3, #21]
		usb_queue_init();
    4b1e:	f002 f997 	bl	6e50 <usb_queue_init>
    4b22:	e6d8      	b.n	48d6 <vendor_request_handler+0x2e2>
		reg_val = cc2400_get(request_params[0]);
    4b24:	7808      	ldrb	r0, [r1, #0]
    4b26:	f004 fb83 	bl	9230 <cc2400_get>
		data[0] = (reg_val >> 8) & 0xff;
    4b2a:	0a03      	lsrs	r3, r0, #8
    4b2c:	7023      	strb	r3, [r4, #0]
		data[1] = reg_val & 0xff;
    4b2e:	7060      	strb	r0, [r4, #1]
    4b30:	e643      	b.n	47ba <vendor_request_handler+0x1c6>
		cc2400_set(request_params[0] & 0xff, request_params[1]);
    4b32:	8849      	ldrh	r1, [r1, #2]
    4b34:	7830      	ldrb	r0, [r6, #0]
    4b36:	e618      	b.n	476a <vendor_request_handler+0x176>
			reg_val = (data[(i*3)+1] << 8) | data[(i*3)+2];
    4b38:	eb03 0343 	add.w	r3, r3, r3, lsl #1
    4b3c:	18e2      	adds	r2, r4, r3
    4b3e:	7851      	ldrb	r1, [r2, #1]
    4b40:	7892      	ldrb	r2, [r2, #2]
			cc2400_set(data[i*3], reg_val);
    4b42:	5ce0      	ldrb	r0, [r4, r3]
    4b44:	ea42 2101 	orr.w	r1, r2, r1, lsl #8
    4b48:	f004 fb7b 	bl	9242 <cc2400_set>
    4b4c:	3501      	adds	r5, #1
		for(i=0; i<request_params[0]; i++) {
    4b4e:	8831      	ldrh	r1, [r6, #0]
    4b50:	b2eb      	uxtb	r3, r5
    4b52:	428b      	cmp	r3, r1
    4b54:	d3f0      	bcc.n	4b38 <vendor_request_handler+0x544>
    4b56:	e5b6      	b.n	46c6 <vendor_request_handler+0xd2>
	switch (request) {
    4b58:	2500      	movs	r5, #0
    4b5a:	e7f8      	b.n	4b4e <vendor_request_handler+0x55a>
    4b5c:	2600      	movs	r6, #0
    4b5e:	b2f7      	uxtb	r7, r6
			reg_val = cc2400_get(i);
    4b60:	4638      	mov	r0, r7
    4b62:	f004 fb65 	bl	9230 <cc2400_get>
		for(i=0; i<=MAX_READ_REG; i++) {
    4b66:	3601      	adds	r6, #1
			data[(i*3)+1] = (reg_val >> 8) & 0xff;
    4b68:	0a03      	lsrs	r3, r0, #8
		for(i=0; i<=MAX_READ_REG; i++) {
    4b6a:	2e2e      	cmp	r6, #46	@ 0x2e
			data[i*3] = i;
    4b6c:	7027      	strb	r7, [r4, #0]
			data[(i*3)+1] = (reg_val >> 8) & 0xff;
    4b6e:	7063      	strb	r3, [r4, #1]
			data[(i*3)+2] = reg_val & 0xff;
    4b70:	70a0      	strb	r0, [r4, #2]
		for(i=0; i<=MAX_READ_REG; i++) {
    4b72:	f104 0403 	add.w	r4, r4, #3
    4b76:	d1f2      	bne.n	4b5e <vendor_request_handler+0x56a>
		*data_len = MAX_READ_REG*3;
    4b78:	2387      	movs	r3, #135	@ 0x87
    4b7a:	e592      	b.n	46a2 <vendor_request_handler+0xae>
		i = 7 + data[6];
    4b7c:	7992      	ldrb	r2, [r2, #6]
		memcpy(&tx_pkt, data, i);
    4b7e:	4e1a      	ldr	r6, [pc, #104]	@ (4be8 <vendor_request_handler+0x5f4>)
		i = 7 + data[6];
    4b80:	3207      	adds	r2, #7
		memcpy(&tx_pkt, data, i);
    4b82:	4621      	mov	r1, r4
    4b84:	b2d2      	uxtb	r2, r2
    4b86:	f106 001c 	add.w	r0, r6, #28
    4b8a:	f7ff fa9f 	bl	40cc <__aeabi_memcpy>
		requested_mode = MODE_TX_GENERIC;
    4b8e:	2310      	movs	r3, #16
    4b90:	7573      	strb	r3, [r6, #21]
		*data_len = 0;
    4b92:	e585      	b.n	46a0 <vendor_request_handler+0xac>
		memcpy(slave_mac_address, data, 6);
    4b94:	4d14      	ldr	r5, [pc, #80]	@ (4be8 <vendor_request_handler+0x5f4>)
    4b96:	2206      	movs	r2, #6
    4b98:	4621      	mov	r1, r4
    4b9a:	f105 0056 	add.w	r0, r5, #86	@ 0x56
    4b9e:	f7ff fa95 	bl	40cc <__aeabi_memcpy>
		requested_mode = MODE_BT_SLAVE_LE;
    4ba2:	230c      	movs	r3, #12
    4ba4:	756b      	strb	r3, [r5, #21]
		break;
    4ba6:	e58e      	b.n	46c6 <vendor_request_handler+0xd2>
	unsigned data_in_len = request_params[2];
    4ba8:	888a      	ldrh	r2, [r1, #4]
		if (data_in_len > LE_ADV_MAX_LEN)
    4baa:	2aff      	cmp	r2, #255	@ 0xff
    4bac:	f200 8082 	bhi.w	4cb4 <vendor_request_handler+0x6c0>
		le_adv_len = data_in_len;
    4bb0:	4818      	ldr	r0, [pc, #96]	@ (4c14 <vendor_request_handler+0x620>)
		memcpy(le_adv_data, data, le_adv_len);
    4bb2:	4621      	mov	r1, r4
		le_adv_len = data_in_len;
    4bb4:	6582      	str	r2, [r0, #88]	@ 0x58
		memcpy(le_adv_data, data, le_adv_len);
    4bb6:	305c      	adds	r0, #92	@ 0x5c
    4bb8:	f7ff fa88 	bl	40cc <__aeabi_memcpy>
		break;
    4bbc:	e583      	b.n	46c6 <vendor_request_handler+0xd2>
		if (data[6] > 48) {
    4bbe:	7995      	ldrb	r5, [r2, #6]
    4bc0:	2d30      	cmp	r5, #48	@ 0x30
    4bc2:	d877      	bhi.n	4cb4 <vendor_request_handler+0x6c0>
		else if (data[6] == 0) {
    4bc4:	bb45      	cbnz	r5, 4c18 <vendor_request_handler+0x624>
			le.target_set = 0;
    4bc6:	4c13      	ldr	r4, [pc, #76]	@ (4c14 <vendor_request_handler+0x620>)
			memset(le.target, 0, 6);
    4bc8:	4629      	mov	r1, r5
    4bca:	2206      	movs	r2, #6
    4bcc:	f104 0038 	add.w	r0, r4, #56	@ 0x38
			le.target_set = 0;
    4bd0:	6465      	str	r5, [r4, #68]	@ 0x44
			memset(le.target, 0, 6);
    4bd2:	f7ff faf1 	bl	41b8 <memset>
			memset(le.target_mask, 0, 6);
    4bd6:	2206      	movs	r2, #6
    4bd8:	4629      	mov	r1, r5
    4bda:	f104 003e 	add.w	r0, r4, #62	@ 0x3e
    4bde:	f7ff faeb 	bl	41b8 <memset>
    4be2:	e570      	b.n	46c6 <vendor_request_handler+0xd2>
    4be4:	10002e28 	.word	0x10002e28
    4be8:	100006fc 	.word	0x100006fc
    4bec:	2009c000 	.word	0x2009c000
    4bf0:	10002e2c 	.word	0x10002e2c
    4bf4:	10000c06 	.word	0x10000c06
    4bf8:	10000c10 	.word	0x10000c10
    4bfc:	10000c05 	.word	0x10000c05
    4c00:	10002e20 	.word	0x10002e20
    4c04:	10002e2e 	.word	0x10002e2e
    4c08:	10002e38 	.word	0x10002e38
    4c0c:	10002e30 	.word	0x10002e30
    4c10:	10002e34 	.word	0x10002e34
    4c14:	10000020 	.word	0x10000020
    4c18:	4d27      	ldr	r5, [pc, #156]	@ (4cb8 <vendor_request_handler+0x6c4>)
    4c1a:	1d93      	adds	r3, r2, #6
		else if (data[6] == 0) {
    4c1c:	462a      	mov	r2, r5
				le.target[i] = data[5-i];
    4c1e:	f813 1d01 	ldrb.w	r1, [r3, #-1]!
			for (i = 0; i < 6; ++i)
    4c22:	42a3      	cmp	r3, r4
				le.target[i] = data[5-i];
    4c24:	f802 1f01 	strb.w	r1, [r2, #1]!
			for (i = 0; i < 6; ++i)
    4c28:	d1f9      	bne.n	4c1e <vendor_request_handler+0x62a>
			memset(le.target_mask, 0, 6);
    4c2a:	2100      	movs	r1, #0
    4c2c:	2206      	movs	r2, #6
    4c2e:	4823      	ldr	r0, [pc, #140]	@ (4cbc <vendor_request_handler+0x6c8>)
    4c30:	f7ff fac2 	bl	41b8 <memset>
				le.target_mask[i] = 0xff;
    4c34:	26ff      	movs	r6, #255	@ 0xff
			for (i = 5; data[6] > 8; --i, data[6] -= 8) {
    4c36:	2305      	movs	r3, #5
				le.target_mask[i] = 0xff;
    4c38:	4921      	ldr	r1, [pc, #132]	@ (4cc0 <vendor_request_handler+0x6cc>)
			for (i = 5; data[6] > 8; --i, data[6] -= 8) {
    4c3a:	79a0      	ldrb	r0, [r4, #6]
    4c3c:	2808      	cmp	r0, #8
    4c3e:	d819      	bhi.n	4c74 <vendor_request_handler+0x680>
			if (data[6] > 0) {
    4c40:	b160      	cbz	r0, 4c5c <vendor_request_handler+0x668>
			last = i;
    4c42:	2100      	movs	r1, #0
				uint8_t final_byte = 0;
    4c44:	460a      	mov	r2, r1
				for (i = 0; i < data[6]; ++i) {
    4c46:	3101      	adds	r1, #1
    4c48:	b2cc      	uxtb	r4, r1
					final_byte >>= 1;
    4c4a:	0852      	lsrs	r2, r2, #1
				for (i = 0; i < data[6]; ++i) {
    4c4c:	42a0      	cmp	r0, r4
					final_byte |= 0b10000000;
    4c4e:	f042 0280 	orr.w	r2, r2, #128	@ 0x80
				for (i = 0; i < data[6]; ++i) {
    4c52:	d8f8      	bhi.n	4c46 <vendor_request_handler+0x652>
				le.target_mask[last] = final_byte;
    4c54:	491a      	ldr	r1, [pc, #104]	@ (4cc0 <vendor_request_handler+0x6cc>)
    4c56:	440b      	add	r3, r1
    4c58:	f883 203e 	strb.w	r2, [r3, #62]	@ 0x3e
				uint8_t final_byte = 0;
    4c5c:	2305      	movs	r3, #5
				le.target[i] &= le.target_mask[i];
    4c5e:	f815 2f01 	ldrb.w	r2, [r5, #1]!
			for (i = 0; i < 5; ++i)
    4c62:	3b01      	subs	r3, #1
				le.target[i] &= le.target_mask[i];
    4c64:	79a9      	ldrb	r1, [r5, #6]
			for (i = 0; i < 5; ++i)
    4c66:	f013 03ff 	ands.w	r3, r3, #255	@ 0xff
				le.target[i] &= le.target_mask[i];
    4c6a:	ea02 0201 	and.w	r2, r2, r1
    4c6e:	702a      	strb	r2, [r5, #0]
			for (i = 0; i < 5; ++i)
    4c70:	d1f5      	bne.n	4c5e <vendor_request_handler+0x66a>
    4c72:	e72d      	b.n	4ad0 <vendor_request_handler+0x4dc>
				le.target_mask[i] = 0xff;
    4c74:	18ca      	adds	r2, r1, r3
    4c76:	f882 603e 	strb.w	r6, [r2, #62]	@ 0x3e
			for (i = 5; data[6] > 8; --i, data[6] -= 8) {
    4c7a:	79a2      	ldrb	r2, [r4, #6]
    4c7c:	3b01      	subs	r3, #1
    4c7e:	3a08      	subs	r2, #8
    4c80:	b2db      	uxtb	r3, r3
    4c82:	71a2      	strb	r2, [r4, #6]
    4c84:	e7d9      	b.n	4c3a <vendor_request_handler+0x646>
		cancel_follow = 1;
    4c86:	2201      	movs	r2, #1
    4c88:	4b0e      	ldr	r3, [pc, #56]	@ (4cc4 <vendor_request_handler+0x6d0>)
    4c8a:	65da      	str	r2, [r3, #92]	@ 0x5c
		break;
    4c8c:	e51b      	b.n	46c6 <vendor_request_handler+0xd2>
		jam_mode = request_params[0];
    4c8e:	780a      	ldrb	r2, [r1, #0]
    4c90:	4b0c      	ldr	r3, [pc, #48]	@ (4cc4 <vendor_request_handler+0x6d0>)
    4c92:	759a      	strb	r2, [r3, #22]
		break;
    4c94:	e517      	b.n	46c6 <vendor_request_handler+0xd2>
		ego_mode = request_params[0];
    4c96:	780a      	ldrb	r2, [r1, #0]
    4c98:	4b0a      	ldr	r3, [pc, #40]	@ (4cc4 <vendor_request_handler+0x6d0>)
    4c9a:	75da      	strb	r2, [r3, #23]
		requested_mode = MODE_EGO;
    4c9c:	220d      	movs	r2, #13
    4c9e:	e554      	b.n	474a <vendor_request_handler+0x156>
		return rfcat_subcommand(request_params[0], data, *data_len);
    4ca0:	4621      	mov	r1, r4
    4ca2:	682a      	ldr	r2, [r5, #0]
    4ca4:	8830      	ldrh	r0, [r6, #0]
}
    4ca6:	e8bd 40f8 	ldmia.w	sp!, {r3, r4, r5, r6, r7, lr}
		return rfcat_subcommand(request_params[0], data, *data_len);
    4caa:	f003 bd29 	b.w	8700 <rfcat_subcommand>
		requested_mode = MODE_XMAS;
    4cae:	2211      	movs	r2, #17
    4cb0:	4b04      	ldr	r3, [pc, #16]	@ (4cc4 <vendor_request_handler+0x6d0>)
    4cb2:	e54a      	b.n	474a <vendor_request_handler+0x156>
			return 0;
    4cb4:	2000      	movs	r0, #0
    4cb6:	e507      	b.n	46c8 <vendor_request_handler+0xd4>
    4cb8:	10000057 	.word	0x10000057
    4cbc:	1000005e 	.word	0x1000005e
    4cc0:	10000020 	.word	0x10000020
    4cc4:	100006fc 	.word	0x100006fc

00004cc8 <enqueue.isra.0>:
static int enqueue(uint8_t type, uint8_t* buf)
    4cc8:	b5f8      	push	{r3, r4, r5, r6, r7, lr}
    4cca:	4607      	mov	r7, r0
    4ccc:	460e      	mov	r6, r1
	usb_pkt_rx* f = usb_enqueue();
    4cce:	f002 f8cf 	bl	6e70 <usb_enqueue>
	if (f == NULL) {
    4cd2:	4d1d      	ldr	r5, [pc, #116]	@ (4d48 <enqueue.isra.0+0x80>)
	usb_pkt_rx* f = usb_enqueue();
    4cd4:	4604      	mov	r4, r0
	if (f == NULL) {
    4cd6:	b920      	cbnz	r0, 4ce2 <enqueue.isra.0+0x1a>
		status |= FIFO_OVERFLOW;
    4cd8:	7ceb      	ldrb	r3, [r5, #19]
    4cda:	f043 0304 	orr.w	r3, r3, #4
	status = 0;
    4cde:	74eb      	strb	r3, [r5, #19]
}
    4ce0:	bdf8      	pop	{r3, r4, r5, r6, r7, pc}
	if(type == SPECAN) {
    4ce2:	2f04      	cmp	r7, #4
	f->pkt_type = type;
    4ce4:	7007      	strb	r7, [r0, #0]
	if(type == SPECAN) {
    4ce6:	d118      	bne.n	4d1a <enqueue.isra.0+0x52>
		f->clkn_high = (clkn >> 20) & 0xff;
    4ce8:	4a18      	ldr	r2, [pc, #96]	@ (4d4c <enqueue.isra.0+0x84>)
		f->clk100ns = CLK100NS;
    4cea:	f640 4135 	movw	r1, #3125	@ 0xc35
		f->clkn_high = (clkn >> 20) & 0xff;
    4cee:	6813      	ldr	r3, [r2, #0]
    4cf0:	0d1b      	lsrs	r3, r3, #20
    4cf2:	70c3      	strb	r3, [r0, #3]
		f->clk100ns = CLK100NS;
    4cf4:	f04f 2340 	mov.w	r3, #1073758208	@ 0x40004000
    4cf8:	6812      	ldr	r2, [r2, #0]
    4cfa:	689b      	ldr	r3, [r3, #8]
    4cfc:	f3c2 0213 	ubfx	r2, r2, #0, #20
    4d00:	fb01 3302 	mla	r3, r1, r2, r3
    4d04:	6043      	str	r3, [r0, #4]
	memcpy(f->data, buf, DMA_SIZE);
    4d06:	2232      	movs	r2, #50	@ 0x32
    4d08:	4631      	mov	r1, r6
    4d0a:	f104 000e 	add.w	r0, r4, #14
    4d0e:	f7ff f9dd 	bl	40cc <__aeabi_memcpy>
	f->status = status;
    4d12:	7ceb      	ldrb	r3, [r5, #19]
    4d14:	7063      	strb	r3, [r4, #1]
	status = 0;
    4d16:	2300      	movs	r3, #0
    4d18:	e7e1      	b.n	4cde <enqueue.isra.0+0x16>
		f->clkn_high = idle_buf_clkn_high;
    4d1a:	7a2b      	ldrb	r3, [r5, #8]
    4d1c:	70c3      	strb	r3, [r0, #3]
		f->clk100ns = idle_buf_clk100ns;
    4d1e:	68eb      	ldr	r3, [r5, #12]
    4d20:	6043      	str	r3, [r0, #4]
		f->channel = (uint8_t)((idle_buf_channel - 2402) & 0xff);
    4d22:	8a2b      	ldrh	r3, [r5, #16]
    4d24:	3b62      	subs	r3, #98	@ 0x62
    4d26:	7083      	strb	r3, [r0, #2]
		f->rssi_min = rssi_min;
    4d28:	4b09      	ldr	r3, [pc, #36]	@ (4d50 <enqueue.isra.0+0x88>)
    4d2a:	781b      	ldrb	r3, [r3, #0]
    4d2c:	7243      	strb	r3, [r0, #9]
		f->rssi_max = rssi_max;
    4d2e:	4b09      	ldr	r3, [pc, #36]	@ (4d54 <enqueue.isra.0+0x8c>)
    4d30:	781b      	ldrb	r3, [r3, #0]
    4d32:	7203      	strb	r3, [r0, #8]
		f->rssi_avg = rssi_get_avg(idle_buf_channel);
    4d34:	8a28      	ldrh	r0, [r5, #16]
    4d36:	b280      	uxth	r0, r0
    4d38:	f002 f962 	bl	7000 <rssi_get_avg>
		f->rssi_count = rssi_count;
    4d3c:	4b06      	ldr	r3, [pc, #24]	@ (4d58 <enqueue.isra.0+0x90>)
		f->rssi_avg = rssi_get_avg(idle_buf_channel);
    4d3e:	72a0      	strb	r0, [r4, #10]
		f->rssi_count = rssi_count;
    4d40:	781b      	ldrb	r3, [r3, #0]
    4d42:	72e3      	strb	r3, [r4, #11]
    4d44:	e7df      	b.n	4d06 <enqueue.isra.0+0x3e>
    4d46:	bf00      	nop
    4d48:	100006fc 	.word	0x100006fc
    4d4c:	10002e20 	.word	0x10002e20
    4d50:	10002e19 	.word	0x10002e19
    4d54:	10002e18 	.word	0x10002e18
    4d58:	10002e12 	.word	0x10002e12

00004d5c <cb_follow_le>:
int cb_follow_le() {
    4d5c:	e92d 43f8 	stmdb	sp!, {r3, r4, r5, r6, r7, r8, r9, lr}
	int idx = whitening_index[btle_channel_index(channel)];
    4d60:	4e3a      	ldr	r6, [pc, #232]	@ (4e4c <cb_follow_le+0xf0>)
    4d62:	f8b6 004c 	ldrh.w	r0, [r6, #76]	@ 0x4c
    4d66:	b280      	uxth	r0, r0
    4d68:	f001 ff0e 	bl	6b88 <btle_channel_index>
	u32 access_address = 0;
    4d6c:	2200      	movs	r2, #0
    4d6e:	4938      	ldr	r1, [pc, #224]	@ (4e50 <cb_follow_le+0xf4>)
	for (i = 0; i < 31; ++i) {
    4d70:	4613      	mov	r3, r2
	int idx = whitening_index[btle_channel_index(channel)];
    4d72:	460d      	mov	r5, r1
		access_address |= (unpacked[i] << 31);
    4d74:	f815 4b01 	ldrb.w	r4, [r5], #1
	for (i = 0; i < 31; ++i) {
    4d78:	3301      	adds	r3, #1
		access_address |= (unpacked[i] << 31);
    4d7a:	07e4      	lsls	r4, r4, #31
	for (i = 0; i < 31; ++i) {
    4d7c:	2b1f      	cmp	r3, #31
		access_address |= (unpacked[i] << 31);
    4d7e:	ea44 0252 	orr.w	r2, r4, r2, lsr #1
	for (i = 0; i < 31; ++i) {
    4d82:	d1f7      	bne.n	4d74 <cb_follow_le+0x18>
		if (access_address == le.access_address) {
    4d84:	6835      	ldr	r5, [r6, #0]
		access_address |= (unpacked[i] << 31);
    4d86:	5ccc      	ldrb	r4, [r1, r3]
    4d88:	07e4      	lsls	r4, r4, #31
    4d8a:	ea44 0252 	orr.w	r2, r4, r2, lsr #1
		if (access_address == le.access_address) {
    4d8e:	4295      	cmp	r5, r2
    4d90:	d156      	bne.n	4e40 <cb_follow_le+0xe4>
    4d92:	3920      	subs	r1, #32
    4d94:	4419      	add	r1, r3
						idx = (idx + 1) % sizeof(whitening);
    4d96:	f04f 097f 	mov.w	r9, #127	@ 0x7f
			for (j = 0; j < 46; ++j) {
    4d9a:	2300      	movs	r3, #0
	int idx = whitening_index[btle_channel_index(channel)];
    4d9c:	f8df e0b4 	ldr.w	lr, [pc, #180]	@ 4e54 <cb_follow_le+0xf8>
				idle_rxbuf[j] = byte;
    4da0:	4d2d      	ldr	r5, [pc, #180]	@ (4e58 <cb_follow_le+0xfc>)
	int idx = whitening_index[btle_channel_index(channel)];
    4da2:	4470      	add	r0, lr
    4da4:	f890 203d 	ldrb.w	r2, [r0, #61]	@ 0x3d
				u8 byte = 0;
    4da8:	2700      	movs	r7, #0
	for (i = 0; i < 31; ++i) {
    4daa:	4688      	mov	r8, r1
				for (k = 0; k < 8; k++) {
    4dac:	463c      	mov	r4, r7
					if (j >= 4) { // unwhiten data bytes
    4dae:	2b03      	cmp	r3, #3
					int bit = unpacked[offset];
    4db0:	f818 0f01 	ldrb.w	r0, [r8, #1]!
					if (j >= 4) { // unwhiten data bytes
    4db4:	dd0c      	ble.n	4dd0 <cb_follow_le+0x74>
						bit ^= whitening[idx];
    4db6:	eb0e 0c02 	add.w	ip, lr, r2
    4dba:	f89c c065 	ldrb.w	ip, [ip, #101]	@ 0x65
						idx = (idx + 1) % sizeof(whitening);
    4dbe:	3201      	adds	r2, #1
    4dc0:	ea80 000c 	eor.w	r0, r0, ip
    4dc4:	fbb2 fcf9 	udiv	ip, r2, r9
    4dc8:	ebcc 1ccc 	rsb	ip, ip, ip, lsl #7
    4dcc:	eba2 020c 	sub.w	r2, r2, ip
					byte |= bit << k;
    4dd0:	40a0      	lsls	r0, r4
				for (k = 0; k < 8; k++) {
    4dd2:	3401      	adds	r4, #1
    4dd4:	2c08      	cmp	r4, #8
					byte |= bit << k;
    4dd6:	ea47 0700 	orr.w	r7, r7, r0
				for (k = 0; k < 8; k++) {
    4dda:	d1e8      	bne.n	4dae <cb_follow_le+0x52>
				idle_rxbuf[j] = byte;
    4ddc:	6828      	ldr	r0, [r5, #0]
			for (j = 0; j < 46; ++j) {
    4dde:	3108      	adds	r1, #8
				idle_rxbuf[j] = byte;
    4de0:	54c7      	strb	r7, [r0, r3]
			for (j = 0; j < 46; ++j) {
    4de2:	3301      	adds	r3, #1
    4de4:	2b2e      	cmp	r3, #46	@ 0x2e
    4de6:	d1df      	bne.n	4da8 <cb_follow_le+0x4c>
			if (le.crc_verify) {
    4de8:	6933      	ldr	r3, [r6, #16]
    4dea:	b973      	cbnz	r3, 4e0a <cb_follow_le+0xae>
			enqueue(LE_PACKET, (uint8_t*)idle_rxbuf);
    4dec:	2001      	movs	r0, #1
    4dee:	6829      	ldr	r1, [r5, #0]
    4df0:	f7ff ff6a 	bl	4cc8 <enqueue.isra.0>
			RXLED_SET;
    4df4:	2210      	movs	r2, #16
    4df6:	4b19      	ldr	r3, [pc, #100]	@ (4e5c <cb_follow_le+0x100>)
    4df8:	639a      	str	r2, [r3, #56]	@ 0x38
			packet_cb((uint8_t*)idle_rxbuf);
    4dfa:	4b19      	ldr	r3, [pc, #100]	@ (4e60 <cb_follow_le+0x104>)
    4dfc:	6828      	ldr	r0, [r5, #0]
    4dfe:	f8d3 3380 	ldr.w	r3, [r3, #896]	@ 0x380
    4e02:	4798      	blx	r3
}
    4e04:	2001      	movs	r0, #1
    4e06:	e8bd 83f8 	ldmia.w	sp!, {r3, r4, r5, r6, r7, r8, r9, pc}
				int len		 = (idle_rxbuf[5] & 0x3f) + 2;
    4e0a:	682b      	ldr	r3, [r5, #0]
				u32 calc_crc = btle_crcgen_lut(le.crc_init_reversed, (uint8_t*)idle_rxbuf + 4, len);
    4e0c:	68f0      	ldr	r0, [r6, #12]
				int len		 = (idle_rxbuf[5] & 0x3f) + 2;
    4e0e:	795c      	ldrb	r4, [r3, #5]
				u32 calc_crc = btle_crcgen_lut(le.crc_init_reversed, (uint8_t*)idle_rxbuf + 4, len);
    4e10:	6829      	ldr	r1, [r5, #0]
    4e12:	f004 043f 	and.w	r4, r4, #63	@ 0x3f
    4e16:	1ca2      	adds	r2, r4, #2
    4e18:	3104      	adds	r1, #4
    4e1a:	f001 ff3b 	bl	6c94 <btle_crcgen_lut>
				u32 wire_crc = (idle_rxbuf[4+len+2] << 16)
    4e1e:	682a      	ldr	r2, [r5, #0]
    4e20:	f104 0308 	add.w	r3, r4, #8
    4e24:	5cd1      	ldrb	r1, [r2, r3]
							 | (idle_rxbuf[4+len+1] << 8)
    4e26:	682a      	ldr	r2, [r5, #0]
    4e28:	1de3      	adds	r3, r4, #7
    4e2a:	5cd3      	ldrb	r3, [r2, r3]
							 |  idle_rxbuf[4+len+0];
    4e2c:	682a      	ldr	r2, [r5, #0]
    4e2e:	3406      	adds	r4, #6
    4e30:	5d12      	ldrb	r2, [r2, r4]
							 | (idle_rxbuf[4+len+1] << 8)
    4e32:	021b      	lsls	r3, r3, #8
    4e34:	ea43 4301 	orr.w	r3, r3, r1, lsl #16
							 |  idle_rxbuf[4+len+0];
    4e38:	4313      	orrs	r3, r2
				if (calc_crc != wire_crc) // skip packets with a bad CRC
    4e3a:	4298      	cmp	r0, r3
    4e3c:	d1e2      	bne.n	4e04 <cb_follow_le+0xa8>
    4e3e:	e7d5      	b.n	4dec <cb_follow_le+0x90>
	for (i = 31; i < DMA_SIZE * 8 + 32; i++) {
    4e40:	3301      	adds	r3, #1
    4e42:	f5b3 7fd8 	cmp.w	r3, #432	@ 0x1b0
    4e46:	d19e      	bne.n	4d86 <cb_follow_le+0x2a>
    4e48:	e7dc      	b.n	4e04 <cb_follow_le+0xa8>
    4e4a:	bf00      	nop
    4e4c:	10000020 	.word	0x10000020
    4e50:	1000075c 	.word	0x1000075c
    4e54:	0000a20c 	.word	0x0000a20c
    4e58:	10002ed0 	.word	0x10002ed0
    4e5c:	2009c000 	.word	0x2009c000
    4e60:	100006fc 	.word	0x100006fc

00004e64 <enqueue_with_ts>:
{
    4e64:	e92d 41f0 	stmdb	sp!, {r4, r5, r6, r7, r8, lr}
    4e68:	4606      	mov	r6, r0
    4e6a:	460f      	mov	r7, r1
    4e6c:	4690      	mov	r8, r2
	usb_pkt_rx* f = usb_enqueue();
    4e6e:	f001 ffff 	bl	6e70 <usb_enqueue>
	if (f == NULL) {
    4e72:	4d0f      	ldr	r5, [pc, #60]	@ (4eb0 <enqueue_with_ts+0x4c>)
	usb_pkt_rx* f = usb_enqueue();
    4e74:	4604      	mov	r4, r0
	if (f == NULL) {
    4e76:	b928      	cbnz	r0, 4e84 <enqueue_with_ts+0x20>
		status |= FIFO_OVERFLOW;
    4e78:	7ceb      	ldrb	r3, [r5, #19]
    4e7a:	f043 0304 	orr.w	r3, r3, #4
    4e7e:	74eb      	strb	r3, [r5, #19]
}
    4e80:	e8bd 81f0 	ldmia.w	sp!, {r4, r5, r6, r7, r8, pc}
	f->pkt_type = type;
    4e84:	7006      	strb	r6, [r0, #0]
	f->clkn_high = 0;
    4e86:	2600      	movs	r6, #0
	f->channel = (uint8_t)((channel - 2402) & 0xff);
    4e88:	4b0a      	ldr	r3, [pc, #40]	@ (4eb4 <enqueue_with_ts+0x50>)
	f->clkn_high = 0;
    4e8a:	70c6      	strb	r6, [r0, #3]
	f->channel = (uint8_t)((channel - 2402) & 0xff);
    4e8c:	f8b3 304c 	ldrh.w	r3, [r3, #76]	@ 0x4c
	f->clk100ns = ts;
    4e90:	f8c0 8004 	str.w	r8, [r0, #4]
	f->channel = (uint8_t)((channel - 2402) & 0xff);
    4e94:	3b62      	subs	r3, #98	@ 0x62
    4e96:	7083      	strb	r3, [r0, #2]
	f->rssi_avg = 0;
    4e98:	8146      	strh	r6, [r0, #10]
	memcpy(f->data, buf, DMA_SIZE);
    4e9a:	2232      	movs	r2, #50	@ 0x32
    4e9c:	4639      	mov	r1, r7
    4e9e:	300e      	adds	r0, #14
    4ea0:	f7ff f914 	bl	40cc <__aeabi_memcpy>
	f->status = status;
    4ea4:	7ceb      	ldrb	r3, [r5, #19]
	return 1;
    4ea6:	2001      	movs	r0, #1
	f->status = status;
    4ea8:	7063      	strb	r3, [r4, #1]
	status = 0;
    4eaa:	74ee      	strb	r6, [r5, #19]
	return 1;
    4eac:	e7e8      	b.n	4e80 <enqueue_with_ts+0x1c>
    4eae:	bf00      	nop
    4eb0:	100006fc 	.word	0x100006fc
    4eb4:	10000020 	.word	0x10000020

00004eb8 <TIMER0_IRQHandler>:
{
    4eb8:	b510      	push	{r4, lr}
	if (T0IR & TIR_MR0_Interrupt) {
    4eba:	f04f 2340 	mov.w	r3, #1073758208	@ 0x40004000
    4ebe:	681b      	ldr	r3, [r3, #0]
    4ec0:	07dc      	lsls	r4, r3, #31
    4ec2:	d566      	bpl.n	4f92 <TIMER0_IRQHandler+0xda>
		clkn += clkn_offset + 1;
    4ec4:	493d      	ldr	r1, [pc, #244]	@ (4fbc <TIMER0_IRQHandler+0x104>)
    4ec6:	4b3e      	ldr	r3, [pc, #248]	@ (4fc0 <TIMER0_IRQHandler+0x108>)
    4ec8:	680a      	ldr	r2, [r1, #0]
    4eca:	6818      	ldr	r0, [r3, #0]
    4ecc:	4402      	add	r2, r0
    4ece:	3201      	adds	r2, #1
    4ed0:	601a      	str	r2, [r3, #0]
		clkn_offset = 0;
    4ed2:	2200      	movs	r2, #0
    4ed4:	600a      	str	r2, [r1, #0]
		if (hop_mode == HOP_NONE || hop_mode == HOP_SWEEP) {
    4ed6:	4a3b      	ldr	r2, [pc, #236]	@ (4fc4 <TIMER0_IRQHandler+0x10c>)
		uint32_t le_clk = (clkn - le.conn_epoch) & 0x03;
    4ed8:	6818      	ldr	r0, [r3, #0]
		if (hop_mode == HOP_NONE || hop_mode == HOP_SWEEP) {
    4eda:	7851      	ldrb	r1, [r2, #1]
    4edc:	b111      	cbz	r1, 4ee4 <TIMER0_IRQHandler+0x2c>
    4ede:	7851      	ldrb	r1, [r2, #1]
    4ee0:	2901      	cmp	r1, #1
    4ee2:	d106      	bne.n	4ef2 <TIMER0_IRQHandler+0x3a>
			if ((clkn & 0x7f) == 0)
    4ee4:	6819      	ldr	r1, [r3, #0]
    4ee6:	f011 0f7f 	tst.w	r1, #127	@ 0x7f
			if ((clkn & 0x1) == 0)
    4eea:	d122      	bne.n	4f32 <TIMER0_IRQHandler+0x7a>
				do_hop = 1;
    4eec:	2101      	movs	r1, #1
    4eee:	7091      	strb	r1, [r2, #2]
    4ef0:	e01f      	b.n	4f32 <TIMER0_IRQHandler+0x7a>
		else if (hop_mode == HOP_BLUETOOTH) {
    4ef2:	7851      	ldrb	r1, [r2, #1]
    4ef4:	2902      	cmp	r1, #2
    4ef6:	d103      	bne.n	4f00 <TIMER0_IRQHandler+0x48>
			if ((clkn & 0x1) == 0)
    4ef8:	6819      	ldr	r1, [r3, #0]
    4efa:	f011 0f01 	tst.w	r1, #1
    4efe:	e7f4      	b.n	4eea <TIMER0_IRQHandler+0x32>
		else if (hop_mode == HOP_BTLE) {
    4f00:	7851      	ldrb	r1, [r2, #1]
    4f02:	2903      	cmp	r1, #3
    4f04:	d14b      	bne.n	4f9e <TIMER0_IRQHandler+0xe6>
			if (le.link_state == LINK_CONNECTED && le_clk == 0) {
    4f06:	4930      	ldr	r1, [pc, #192]	@ (4fc8 <TIMER0_IRQHandler+0x110>)
    4f08:	7d0c      	ldrb	r4, [r1, #20]
    4f0a:	2c03      	cmp	r4, #3
    4f0c:	d111      	bne.n	4f32 <TIMER0_IRQHandler+0x7a>
		uint32_t le_clk = (clkn - le.conn_epoch) & 0x03;
    4f0e:	698c      	ldr	r4, [r1, #24]
    4f10:	1b00      	subs	r0, r0, r4
			if (le.link_state == LINK_CONNECTED && le_clk == 0) {
    4f12:	0780      	lsls	r0, r0, #30
    4f14:	d10d      	bne.n	4f32 <TIMER0_IRQHandler+0x7a>
				--le.interval_timer;
    4f16:	8b88      	ldrh	r0, [r1, #28]
    4f18:	3801      	subs	r0, #1
    4f1a:	8388      	strh	r0, [r1, #28]
				if (le.interval_timer == 0) {
    4f1c:	8b88      	ldrh	r0, [r1, #28]
    4f1e:	b280      	uxth	r0, r0
    4f20:	2800      	cmp	r0, #0
    4f22:	d137      	bne.n	4f94 <TIMER0_IRQHandler+0xdc>
					do_hop = 1;
    4f24:	2001      	movs	r0, #1
    4f26:	7090      	strb	r0, [r2, #2]
					++le.conn_count;
    4f28:	8c0a      	ldrh	r2, [r1, #32]
    4f2a:	4402      	add	r2, r0
    4f2c:	840a      	strh	r2, [r1, #32]
					le.interval_timer = le.conn_interval;
    4f2e:	8bca      	ldrh	r2, [r1, #30]
    4f30:	838a      	strh	r2, [r1, #28]
		if(clkn_next_drift_fix != 0 && clk100ns_offset == 0) {
    4f32:	4826      	ldr	r0, [pc, #152]	@ (4fcc <TIMER0_IRQHandler+0x114>)
    4f34:	4a26      	ldr	r2, [pc, #152]	@ (4fd0 <TIMER0_IRQHandler+0x118>)
    4f36:	6801      	ldr	r1, [r0, #0]
    4f38:	b1b9      	cbz	r1, 4f6a <TIMER0_IRQHandler+0xb2>
    4f3a:	8811      	ldrh	r1, [r2, #0]
    4f3c:	b289      	uxth	r1, r1
    4f3e:	b9a1      	cbnz	r1, 4f6a <TIMER0_IRQHandler+0xb2>
			if(clkn >= clkn_next_drift_fix) {
    4f40:	681c      	ldr	r4, [r3, #0]
    4f42:	6801      	ldr	r1, [r0, #0]
    4f44:	428c      	cmp	r4, r1
    4f46:	d310      	bcc.n	4f6a <TIMER0_IRQHandler+0xb2>
				if(clk_drift_ppm >= 0) {
    4f48:	4922      	ldr	r1, [pc, #136]	@ (4fd4 <TIMER0_IRQHandler+0x11c>)
				clkn_last_drift_fix = clkn;
    4f4a:	4c23      	ldr	r4, [pc, #140]	@ (4fd8 <TIMER0_IRQHandler+0x120>)
				if(clk_drift_ppm >= 0) {
    4f4c:	8809      	ldrh	r1, [r1, #0]
    4f4e:	0409      	lsls	r1, r1, #16
					clk100ns_offset = 1;
    4f50:	bf54      	ite	pl
    4f52:	2101      	movpl	r1, #1
					clk100ns_offset = 6249;
    4f54:	f641 0169 	movwmi	r1, #6249	@ 0x1869
    4f58:	8011      	strh	r1, [r2, #0]
				clkn_last_drift_fix = clkn;
    4f5a:	6819      	ldr	r1, [r3, #0]
    4f5c:	6021      	str	r1, [r4, #0]
				clkn_next_drift_fix = clkn_last_drift_fix + clk_drift_correction;
    4f5e:	491f      	ldr	r1, [pc, #124]	@ (4fdc <TIMER0_IRQHandler+0x124>)
    4f60:	8809      	ldrh	r1, [r1, #0]
    4f62:	6824      	ldr	r4, [r4, #0]
    4f64:	b289      	uxth	r1, r1
    4f66:	4421      	add	r1, r4
    4f68:	6001      	str	r1, [r0, #0]
		if(clk100ns_offset > 3124)
    4f6a:	f640 4034 	movw	r0, #3124	@ 0xc34
    4f6e:	8811      	ldrh	r1, [r2, #0]
    4f70:	b289      	uxth	r1, r1
    4f72:	4281      	cmp	r1, r0
			clkn += 2;
    4f74:	bf82      	ittt	hi
    4f76:	6819      	ldrhi	r1, [r3, #0]
    4f78:	3102      	addhi	r1, #2
    4f7a:	6019      	strhi	r1, [r3, #0]
		T0MR0 = 3124 + clk100ns_offset;
    4f7c:	f04f 2140 	mov.w	r1, #1073758208	@ 0x40004000
    4f80:	8813      	ldrh	r3, [r2, #0]
    4f82:	b29b      	uxth	r3, r3
    4f84:	f603 4334 	addw	r3, r3, #3124	@ 0xc34
    4f88:	618b      	str	r3, [r1, #24]
		clk100ns_offset = 0;
    4f8a:	2300      	movs	r3, #0
    4f8c:	8013      	strh	r3, [r2, #0]
		T0IR = TIR_MR0_Interrupt;
    4f8e:	2301      	movs	r3, #1
    4f90:	600b      	str	r3, [r1, #0]
}
    4f92:	bd10      	pop	{r4, pc}
					TXLED_CLR; // hack!
    4f94:	f44f 7180 	mov.w	r1, #256	@ 0x100
    4f98:	4a11      	ldr	r2, [pc, #68]	@ (4fe0 <TIMER0_IRQHandler+0x128>)
    4f9a:	63d1      	str	r1, [r2, #60]	@ 0x3c
    4f9c:	e7c9      	b.n	4f32 <TIMER0_IRQHandler+0x7a>
		else if (hop_mode == HOP_AFH) {
    4f9e:	7851      	ldrb	r1, [r2, #1]
    4fa0:	2905      	cmp	r1, #5
    4fa2:	d1c6      	bne.n	4f32 <TIMER0_IRQHandler+0x7a>
			if( (last_hop + hop_timeout) == clkn ) {
    4fa4:	4908      	ldr	r1, [pc, #32]	@ (4fc8 <TIMER0_IRQHandler+0x110>)
    4fa6:	480f      	ldr	r0, [pc, #60]	@ (4fe4 <TIMER0_IRQHandler+0x12c>)
    4fa8:	f8b1 104e 	ldrh.w	r1, [r1, #78]	@ 0x4e
    4fac:	6804      	ldr	r4, [r0, #0]
    4fae:	b289      	uxth	r1, r1
    4fb0:	6818      	ldr	r0, [r3, #0]
    4fb2:	4421      	add	r1, r4
    4fb4:	4281      	cmp	r1, r0
    4fb6:	d1bc      	bne.n	4f32 <TIMER0_IRQHandler+0x7a>
    4fb8:	e798      	b.n	4eec <TIMER0_IRQHandler+0x34>
    4fba:	bf00      	nop
    4fbc:	10002e28 	.word	0x10002e28
    4fc0:	10002e20 	.word	0x10002e20
    4fc4:	100006fc 	.word	0x100006fc
    4fc8:	10000020 	.word	0x10000020
    4fcc:	10002e38 	.word	0x10002e38
    4fd0:	10002e2c 	.word	0x10002e2c
    4fd4:	10002e2e 	.word	0x10002e2e
    4fd8:	10002e34 	.word	0x10002e34
    4fdc:	10002e30 	.word	0x10002e30
    4fe0:	2009c000 	.word	0x2009c000
    4fe4:	10002e24 	.word	0x10002e24

00004fe8 <EINT3_IRQHandler>:
	IO2IntClr   = PIN_GIO6; // clear interrupt
    4fe8:	2204      	movs	r2, #4
    4fea:	4b09      	ldr	r3, [pc, #36]	@ (5010 <EINT3_IRQHandler+0x28>)
    4fec:	f8c3 20ac 	str.w	r2, [r3, #172]	@ 0xac
	DIO_SSEL_CLR;           // enable SPI
    4ff0:	f04f 5280 	mov.w	r2, #268435456	@ 0x10000000
    4ff4:	4b07      	ldr	r3, [pc, #28]	@ (5014 <EINT3_IRQHandler+0x2c>)
    4ff6:	f8c3 209c 	str.w	r2, [r3, #156]	@ 0x9c
	cs_trigger  = 1;        // signal trigger
    4ffa:	2201      	movs	r2, #1
    4ffc:	4b06      	ldr	r3, [pc, #24]	@ (5018 <EINT3_IRQHandler+0x30>)
    4ffe:	701a      	strb	r2, [r3, #0]
	if (hop_mode == HOP_BLUETOOTH)
    5000:	4b06      	ldr	r3, [pc, #24]	@ (501c <EINT3_IRQHandler+0x34>)
    5002:	785a      	ldrb	r2, [r3, #1]
    5004:	2a02      	cmp	r2, #2
		dma_discard = 0;
    5006:	bf04      	itt	eq
    5008:	2200      	moveq	r2, #0
    500a:	749a      	strbeq	r2, [r3, #18]
}
    500c:	4770      	bx	lr
    500e:	bf00      	nop
    5010:	40028000 	.word	0x40028000
    5014:	2009c000 	.word	0x2009c000
    5018:	10002e1d 	.word	0x10002e1d
    501c:	100006fc 	.word	0x100006fc

00005020 <legacy_DMA_IRQHandler>:
{
    5020:	b510      	push	{r4, lr}
	if ( mode == MODE_RX_SYMBOLS
    5022:	4b28      	ldr	r3, [pc, #160]	@ (50c4 <legacy_DMA_IRQHandler+0xa4>)
    5024:	7d1a      	ldrb	r2, [r3, #20]
    5026:	2a01      	cmp	r2, #1
    5028:	d011      	beq.n	504e <legacy_DMA_IRQHandler+0x2e>
	   || mode == MODE_BT_FOLLOW
    502a:	7d1a      	ldrb	r2, [r3, #20]
    502c:	2a08      	cmp	r2, #8
    502e:	d00e      	beq.n	504e <legacy_DMA_IRQHandler+0x2e>
	   || mode == MODE_SPECAN
    5030:	7d1a      	ldrb	r2, [r3, #20]
    5032:	2a04      	cmp	r2, #4
    5034:	d00b      	beq.n	504e <legacy_DMA_IRQHandler+0x2e>
	   || mode == MODE_BT_FOLLOW_LE
    5036:	7d1a      	ldrb	r2, [r3, #20]
    5038:	2a09      	cmp	r2, #9
    503a:	d008      	beq.n	504e <legacy_DMA_IRQHandler+0x2e>
	   || mode == MODE_BT_PROMISC_LE
    503c:	7d1a      	ldrb	r2, [r3, #20]
    503e:	2a0a      	cmp	r2, #10
    5040:	d005      	beq.n	504e <legacy_DMA_IRQHandler+0x2e>
	   || mode == MODE_BT_SLAVE_LE
    5042:	7d1a      	ldrb	r2, [r3, #20]
    5044:	2a0c      	cmp	r2, #12
    5046:	d002      	beq.n	504e <legacy_DMA_IRQHandler+0x2e>
	   || mode == MODE_RX_GENERIC)
    5048:	7d1a      	ldrb	r2, [r3, #20]
    504a:	2a0f      	cmp	r2, #15
    504c:	d138      	bne.n	50c0 <legacy_DMA_IRQHandler+0xa0>
		if (DMACIntStat & (1 << 0)) {
    504e:	4a1e      	ldr	r2, [pc, #120]	@ (50c8 <legacy_DMA_IRQHandler+0xa8>)
    5050:	6811      	ldr	r1, [r2, #0]
    5052:	07c8      	lsls	r0, r1, #31
    5054:	d534      	bpl.n	50c0 <legacy_DMA_IRQHandler+0xa0>
			if (DMACIntTCStat & (1 << 0)) {
    5056:	6851      	ldr	r1, [r2, #4]
    5058:	07c9      	lsls	r1, r1, #31
    505a:	d527      	bpl.n	50ac <legacy_DMA_IRQHandler+0x8c>
				DMACIntTCClear = (1 << 0);
    505c:	2101      	movs	r1, #1
    505e:	6091      	str	r1, [r2, #8]
				if (hop_mode == HOP_BLUETOOTH)
    5060:	785a      	ldrb	r2, [r3, #1]
				idle_buf_clk100ns  = CLK100NS;
    5062:	f640 4435 	movw	r4, #3125	@ 0xc35
				if (hop_mode == HOP_BLUETOOTH)
    5066:	2a02      	cmp	r2, #2
					DIO_SSEL_SET;
    5068:	bf04      	itt	eq
    506a:	f04f 5180 	moveq.w	r1, #268435456	@ 0x10000000
    506e:	4a17      	ldreq	r2, [pc, #92]	@ (50cc <legacy_DMA_IRQHandler+0xac>)
				idle_buf_clk100ns  = CLK100NS;
    5070:	4817      	ldr	r0, [pc, #92]	@ (50d0 <legacy_DMA_IRQHandler+0xb0>)
					DIO_SSEL_SET;
    5072:	bf08      	it	eq
    5074:	f8c2 1098 	streq.w	r1, [r2, #152]	@ 0x98
				idle_buf_clk100ns  = CLK100NS;
    5078:	f04f 2240 	mov.w	r2, #1073758208	@ 0x40004000
    507c:	6801      	ldr	r1, [r0, #0]
    507e:	6892      	ldr	r2, [r2, #8]
    5080:	f3c1 0113 	ubfx	r1, r1, #0, #20
    5084:	fb04 2201 	mla	r2, r4, r1, r2
    5088:	60da      	str	r2, [r3, #12]
				idle_buf_clkn_high = (clkn >> 20) & 0xff;
    508a:	6802      	ldr	r2, [r0, #0]
    508c:	0d12      	lsrs	r2, r2, #20
    508e:	721a      	strb	r2, [r3, #8]
				idle_buf_channel   = channel;
    5090:	4a10      	ldr	r2, [pc, #64]	@ (50d4 <legacy_DMA_IRQHandler+0xb4>)
    5092:	f8b2 204c 	ldrh.w	r2, [r2, #76]	@ 0x4c
    5096:	821a      	strh	r2, [r3, #16]
				volatile uint8_t* tmp = active_rxbuf;
    5098:	4a0f      	ldr	r2, [pc, #60]	@ (50d8 <legacy_DMA_IRQHandler+0xb8>)
				active_rxbuf = idle_rxbuf;
    509a:	4b10      	ldr	r3, [pc, #64]	@ (50dc <legacy_DMA_IRQHandler+0xbc>)
				volatile uint8_t* tmp = active_rxbuf;
    509c:	6811      	ldr	r1, [r2, #0]
				active_rxbuf = idle_rxbuf;
    509e:	6818      	ldr	r0, [r3, #0]
    50a0:	6010      	str	r0, [r2, #0]
				++rx_tc;
    50a2:	4a0f      	ldr	r2, [pc, #60]	@ (50e0 <legacy_DMA_IRQHandler+0xc0>)
				idle_rxbuf = tmp;
    50a4:	6019      	str	r1, [r3, #0]
				++rx_tc;
    50a6:	6813      	ldr	r3, [r2, #0]
    50a8:	3301      	adds	r3, #1
    50aa:	6013      	str	r3, [r2, #0]
			if (DMACIntErrStat & (1 << 0)) {
    50ac:	4b06      	ldr	r3, [pc, #24]	@ (50c8 <legacy_DMA_IRQHandler+0xa8>)
    50ae:	68da      	ldr	r2, [r3, #12]
    50b0:	07d2      	lsls	r2, r2, #31
    50b2:	d505      	bpl.n	50c0 <legacy_DMA_IRQHandler+0xa0>
				DMACIntErrClr = (1 << 0);
    50b4:	2201      	movs	r2, #1
    50b6:	611a      	str	r2, [r3, #16]
				++rx_err;
    50b8:	4a0a      	ldr	r2, [pc, #40]	@ (50e4 <legacy_DMA_IRQHandler+0xc4>)
    50ba:	6813      	ldr	r3, [r2, #0]
    50bc:	3301      	adds	r3, #1
    50be:	6013      	str	r3, [r2, #0]
}
    50c0:	bd10      	pop	{r4, pc}
    50c2:	bf00      	nop
    50c4:	100006fc 	.word	0x100006fc
    50c8:	50004000 	.word	0x50004000
    50cc:	2009c000 	.word	0x2009c000
    50d0:	10002e20 	.word	0x10002e20
    50d4:	10000020 	.word	0x10000020
    50d8:	10002ecc 	.word	0x10002ecc
    50dc:	10002ed0 	.word	0x10002ed0
    50e0:	10002ec4 	.word	0x10002ec4
    50e4:	10002ec8 	.word	0x10002ec8

000050e8 <DMA_IRQHandler>:
void DMA_IRQHandler(void) {
    50e8:	b508      	push	{r3, lr}
	if (mode == MODE_BT_FOLLOW_LE)
    50ea:	4b0f      	ldr	r3, [pc, #60]	@ (5128 <DMA_IRQHandler+0x40>)
    50ec:	7d1b      	ldrb	r3, [r3, #20]
    50ee:	2b09      	cmp	r3, #9
    50f0:	d116      	bne.n	5120 <DMA_IRQHandler+0x38>
		le_DMA_IRQHandler();
    50f2:	f002 faaf 	bl	7654 <le_DMA_IRQHandler>
	if (DMACIntStat & (1 << 7)) {
    50f6:	4b0d      	ldr	r3, [pc, #52]	@ (512c <DMA_IRQHandler+0x44>)
    50f8:	681a      	ldr	r2, [r3, #0]
    50fa:	0610      	lsls	r0, r2, #24
    50fc:	d513      	bpl.n	5126 <DMA_IRQHandler+0x3e>
		if (DMACIntTCStat & (1 << 7)) {
    50fe:	685a      	ldr	r2, [r3, #4]
    5100:	0611      	lsls	r1, r2, #24
    5102:	d504      	bpl.n	510e <DMA_IRQHandler+0x26>
			DMACIntTCClear = (1 << 7);
    5104:	2280      	movs	r2, #128	@ 0x80
			debug_dma_active = 0;
    5106:	2100      	movs	r1, #0
			DMACIntTCClear = (1 << 7);
    5108:	609a      	str	r2, [r3, #8]
			debug_dma_active = 0;
    510a:	4a09      	ldr	r2, [pc, #36]	@ (5130 <DMA_IRQHandler+0x48>)
    510c:	6011      	str	r1, [r2, #0]
		if (DMACIntErrStat & (1 << 7)) {
    510e:	68da      	ldr	r2, [r3, #12]
    5110:	0612      	lsls	r2, r2, #24
    5112:	d508      	bpl.n	5126 <DMA_IRQHandler+0x3e>
			DMACIntErrClr = (1 << 7);
    5114:	2280      	movs	r2, #128	@ 0x80
    5116:	611a      	str	r2, [r3, #16]
			USRLED_SET;
    5118:	2202      	movs	r2, #2
    511a:	4b06      	ldr	r3, [pc, #24]	@ (5134 <DMA_IRQHandler+0x4c>)
    511c:	639a      	str	r2, [r3, #56]	@ 0x38
			while (1) { }
    511e:	e7fe      	b.n	511e <DMA_IRQHandler+0x36>
		legacy_DMA_IRQHandler();
    5120:	f7ff ff7e 	bl	5020 <legacy_DMA_IRQHandler>
    5124:	e7e7      	b.n	50f6 <DMA_IRQHandler+0xe>
}
    5126:	bd08      	pop	{r3, pc}
    5128:	100006fc 	.word	0x100006fc
    512c:	50004000 	.word	0x50004000
    5130:	1000364c 	.word	0x1000364c
    5134:	2009c000 	.word	0x2009c000

00005138 <le_transmit>:
{
    5138:	e92d 4ff0 	stmdb	sp!, {r4, r5, r6, r7, r8, r9, sl, fp, lr}
    513c:	b0c1      	sub	sp, #260	@ 0x104
    513e:	460c      	mov	r4, r1
    5140:	4690      	mov	r8, r2
	uint32_t sync = rbit(aa);
    5142:	f003 ff9b 	bl	907c <rbit>
	int idx = whitening_index[btle_channel_index(channel)];
    5146:	4f5d      	ldr	r7, [pc, #372]	@ (52bc <le_transmit+0x184>)
	uint32_t sync = rbit(aa);
    5148:	4606      	mov	r6, r0
	int idx = whitening_index[btle_channel_index(channel)];
    514a:	f8b7 004c 	ldrh.w	r0, [r7, #76]	@ 0x4c
    514e:	f8df 9170 	ldr.w	r9, [pc, #368]	@ 52c0 <le_transmit+0x188>
    5152:	b280      	uxth	r0, r0
    5154:	f001 fd18 	bl	6b88 <btle_channel_index>
    5158:	4448      	add	r0, r9
    515a:	f890 303d 	ldrb.w	r3, [r0, #61]	@ 0x3d
	for (i = 0; i < len; ++i) {
    515e:	46ee      	mov	lr, sp
    5160:	2000      	movs	r0, #0
			idx = (idx + 1) % sizeof(whitening);
    5162:	f04f 0a7f 	mov.w	sl, #127	@ 0x7f
	for (i = 0; i < len; ++i) {
    5166:	4284      	cmp	r4, r0
    5168:	d870      	bhi.n	524c <le_transmit+0x114>
	cc2400_set(MANAND,  0x7fff);
    516a:	f647 71ff 	movw	r1, #32767	@ 0x7fff
    516e:	200d      	movs	r0, #13
    5170:	f004 f867 	bl	9242 <cc2400_set>
	cc2400_set(LMTST,   0x2b22);    // LNA and receive mixers test register
    5174:	f642 3122 	movw	r1, #11042	@ 0x2b22
    5178:	2012      	movs	r0, #18
    517a:	f004 f862 	bl	9242 <cc2400_set>
	cc2400_set(MDMTST0, 0x134b);    // no PRNG
    517e:	f241 314b 	movw	r1, #4939	@ 0x134b
    5182:	2014      	movs	r0, #20
    5184:	f004 f85d 	bl	9242 <cc2400_set>
	cc2400_set(GRMDM,   0x0ce1);
    5188:	f640 41e1 	movw	r1, #3297	@ 0xce1
    518c:	2020      	movs	r0, #32
    518e:	f004 f858 	bl	9242 <cc2400_set>
	cc2400_set(FSDIV,   channel);
    5192:	f8b7 104c 	ldrh.w	r1, [r7, #76]	@ 0x4c
    5196:	2002      	movs	r0, #2
    5198:	b289      	uxth	r1, r1
    519a:	f004 f852 	bl	9242 <cc2400_set>
	cc2400_set(FREND,   0b1011);    // amplifier level (-7 dBm, picked from hat)
    519e:	210b      	movs	r1, #11
    51a0:	2005      	movs	r0, #5
    51a2:	f004 f84e 	bl	9242 <cc2400_set>
	cc2400_set(MDMCTRL, 0x0040);    // 250 kHz frequency deviation
    51a6:	2140      	movs	r1, #64	@ 0x40
    51a8:	2003      	movs	r0, #3
    51aa:	f004 f84a 	bl	9242 <cc2400_set>
	cc2400_set(INT,     0x0010);    // FIFO_THRESHOLD: 16 bytes
    51ae:	2110      	movs	r1, #16
    51b0:	2023      	movs	r0, #35	@ 0x23
    51b2:	f004 f846 	bl	9242 <cc2400_set>
	cc2400_set(SYNCL,   sync & 0xffff);
    51b6:	202c      	movs	r0, #44	@ 0x2c
    51b8:	b2b1      	uxth	r1, r6
    51ba:	f004 f842 	bl	9242 <cc2400_set>
	cc2400_set(SYNCH,   (sync >> 16) & 0xffff);
    51be:	0c31      	lsrs	r1, r6, #16
    51c0:	202d      	movs	r0, #45	@ 0x2d
    51c2:	f004 f83e 	bl	9242 <cc2400_set>
	gio_save = cc2400_get(IOCFG);
    51c6:	2008      	movs	r0, #8
    51c8:	f004 f832 	bl	9230 <cc2400_get>
	cc2400_set(IOCFG, (GIO_FIFO_EMPTY << 9) | (gio_save & 0x1ff));
    51cc:	f3c0 0108 	ubfx	r1, r0, #0, #9
	gio_save = cc2400_get(IOCFG);
    51d0:	4607      	mov	r7, r0
	cc2400_set(IOCFG, (GIO_FIFO_EMPTY << 9) | (gio_save & 0x1ff));
    51d2:	f441 4198 	orr.w	r1, r1, #19456	@ 0x4c00
    51d6:	2008      	movs	r0, #8
    51d8:	f004 f833 	bl	9242 <cc2400_set>
	while (!(cc2400_status() & XOSC16M_STABLE));
    51dc:	f004 f8bc 	bl	9358 <cc2400_status>
    51e0:	0640      	lsls	r0, r0, #25
    51e2:	d5fb      	bpl.n	51dc <le_transmit+0xa4>
	cc2400_strobe(SFSON);
    51e4:	2061      	movs	r0, #97	@ 0x61
    51e6:	f004 f8be 	bl	9366 <cc2400_strobe>
	while (!(cc2400_status() & FS_LOCK));
    51ea:	f004 f8b5 	bl	9358 <cc2400_status>
    51ee:	0741      	lsls	r1, r0, #29
    51f0:	d5fb      	bpl.n	51ea <le_transmit+0xb2>
	TXLED_SET;
    51f2:	f44f 7280 	mov.w	r2, #256	@ 0x100
    51f6:	4b33      	ldr	r3, [pc, #204]	@ (52c4 <le_transmit+0x18c>)
    51f8:	639a      	str	r2, [r3, #56]	@ 0x38
	PAEN_SET;
    51fa:	2280      	movs	r2, #128	@ 0x80
    51fc:	659a      	str	r2, [r3, #88]	@ 0x58
	while ((cc2400_get(FSMSTATE) & 0x1f) != STATE_STROBE_FS_ON);
    51fe:	200e      	movs	r0, #14
    5200:	f004 f816 	bl	9230 <cc2400_get>
    5204:	f000 001f 	and.w	r0, r0, #31
    5208:	280f      	cmp	r0, #15
    520a:	d1f8      	bne.n	51fe <le_transmit+0xc6>
	i = 0;
    520c:	2600      	movs	r6, #0
	fifo_space = 32; // We start at 32, because the C2400 FIFO overall size is 32 bytes.
    520e:	2320      	movs	r3, #32
		while (!GIO6);
    5210:	f8df 90b0 	ldr.w	r9, [pc, #176]	@ 52c4 <le_transmit+0x18c>
	while (len != 0)
    5214:	bbcc      	cbnz	r4, 528a <le_transmit+0x152>
	while ((cc2400_get(FSMSTATE) & 0x1f) != STATE_STROBE_FS_ON);
    5216:	200e      	movs	r0, #14
    5218:	f004 f80a 	bl	9230 <cc2400_get>
    521c:	f000 001f 	and.w	r0, r0, #31
    5220:	280f      	cmp	r0, #15
    5222:	d1f8      	bne.n	5216 <le_transmit+0xde>
	TXLED_CLR;
    5224:	f44f 7380 	mov.w	r3, #256	@ 0x100
    5228:	4c26      	ldr	r4, [pc, #152]	@ (52c4 <le_transmit+0x18c>)
	cc2400_strobe(SRFOFF);
    522a:	2064      	movs	r0, #100	@ 0x64
	TXLED_CLR;
    522c:	63e3      	str	r3, [r4, #60]	@ 0x3c
	cc2400_strobe(SRFOFF);
    522e:	f004 f89a 	bl	9366 <cc2400_strobe>
	while ((cc2400_status() & FS_LOCK));
    5232:	f004 f891 	bl	9358 <cc2400_status>
    5236:	0743      	lsls	r3, r0, #29
    5238:	d4fb      	bmi.n	5232 <le_transmit+0xfa>
	PAEN_CLR;
    523a:	2380      	movs	r3, #128	@ 0x80
 	cc2400_set(IOCFG, gio_save);
    523c:	4639      	mov	r1, r7
    523e:	2008      	movs	r0, #8
	PAEN_CLR;
    5240:	65e3      	str	r3, [r4, #92]	@ 0x5c
 	cc2400_set(IOCFG, gio_save);
    5242:	f003 fffe 	bl	9242 <cc2400_set>
}
    5246:	b041      	add	sp, #260	@ 0x104
    5248:	e8bd 8ff0 	ldmia.w	sp!, {r4, r5, r6, r7, r8, r9, sl, fp, pc}
		byte = data[i];
    524c:	2507      	movs	r5, #7
    524e:	2200      	movs	r2, #0
    5250:	f818 c000 	ldrb.w	ip, [r8, r0]
			bit = (byte & 1) ^ whitening[idx];
    5254:	eb09 0b03 	add.w	fp, r9, r3
    5258:	f89b b065 	ldrb.w	fp, [fp, #101]	@ 0x65
    525c:	f00c 0101 	and.w	r1, ip, #1
    5260:	ea81 010b 	eor.w	r1, r1, fp
			idx = (idx + 1) % sizeof(whitening);
    5264:	f103 0b01 	add.w	fp, r3, #1
    5268:	fbbb f3fa 	udiv	r3, fp, sl
			txbuf[i] |= bit << (7 - j);
    526c:	40a9      	lsls	r1, r5
			idx = (idx + 1) % sizeof(whitening);
    526e:	ebc3 13c3 	rsb	r3, r3, r3, lsl #7
		for (j = 0; j < 8; ++j) {
    5272:	3d01      	subs	r5, #1
			idx = (idx + 1) % sizeof(whitening);
    5274:	ebab 0303 	sub.w	r3, fp, r3
			byte >>= 1;
    5278:	ea4f 0c5c 	mov.w	ip, ip, lsr #1
			txbuf[i] |= bit << (7 - j);
    527c:	ea42 0201 	orr.w	r2, r2, r1
		for (j = 0; j < 8; ++j) {
    5280:	d2e8      	bcs.n	5254 <le_transmit+0x11c>
    5282:	f80e 2b01 	strb.w	r2, [lr], #1
	for (i = 0; i < len; ++i) {
    5286:	3001      	adds	r0, #1
    5288:	e76d      	b.n	5166 <le_transmit+0x2e>
		while (!GIO6);
    528a:	f8d9 2054 	ldr.w	r2, [r9, #84]	@ 0x54
    528e:	0752      	lsls	r2, r2, #29
    5290:	d5fb      	bpl.n	528a <le_transmit+0x152>
		if (len >= fifo_space) {
    5292:	429c      	cmp	r4, r3
    5294:	46a0      	mov	r8, r4
    5296:	bf23      	ittte	cs
    5298:	4698      	movcs	r8, r3
			len -= fifo_space;
    529a:	1ae5      	subcs	r5, r4, r3
			tx_len = fifo_space;
    529c:	4644      	movcs	r4, r8
			len = 0;
    529e:	2500      	movcc	r5, #0
		cc2400_fifo_write(tx_len, txbuf + i);
    52a0:	4620      	mov	r0, r4
    52a2:	eb0d 0106 	add.w	r1, sp, r6
			len -= fifo_space;
    52a6:	bf28      	it	cs
    52a8:	b2ed      	uxtbcs	r5, r5
		cc2400_fifo_write(tx_len, txbuf + i);
    52aa:	f003 ffdd 	bl	9268 <cc2400_fifo_write>
		cc2400_strobe(STX);
    52ae:	2063      	movs	r0, #99	@ 0x63
    52b0:	f004 f859 	bl	9366 <cc2400_strobe>
		i += tx_len;
    52b4:	462c      	mov	r4, r5
		fifo_space = 16;
    52b6:	2310      	movs	r3, #16
		i += tx_len;
    52b8:	4446      	add	r6, r8
		fifo_space = 16;
    52ba:	e7ab      	b.n	5214 <le_transmit+0xdc>
    52bc:	10000020 	.word	0x10000020
    52c0:	0000a20c 	.word	0x0000a20c
    52c4:	2009c000 	.word	0x2009c000

000052c8 <le_jam>:
void le_jam(void) {
    52c8:	b508      	push	{r3, lr}
	cc2400_set(MANAND,  0x7fff);
    52ca:	f647 71ff 	movw	r1, #32767	@ 0x7fff
    52ce:	200d      	movs	r0, #13
    52d0:	f003 ffb7 	bl	9242 <cc2400_set>
	cc2400_set(LMTST,   0x2b22);    // LNA and receive mixers test register
    52d4:	f642 3122 	movw	r1, #11042	@ 0x2b22
    52d8:	2012      	movs	r0, #18
    52da:	f003 ffb2 	bl	9242 <cc2400_set>
	cc2400_set(MDMTST0, 0x234b);    // PRNG, 1 MHz offset
    52de:	f242 314b 	movw	r1, #9035	@ 0x234b
    52e2:	2014      	movs	r0, #20
    52e4:	f003 ffad 	bl	9242 <cc2400_set>
	cc2400_set(GRMDM,   0x0c01);
    52e8:	f640 4101 	movw	r1, #3073	@ 0xc01
    52ec:	2020      	movs	r0, #32
    52ee:	f003 ffa8 	bl	9242 <cc2400_set>
	cc2400_set(FREND,   0b1011);    // amplifier level (-7 dBm, picked from hat)
    52f2:	210b      	movs	r1, #11
    52f4:	2005      	movs	r0, #5
    52f6:	f003 ffa4 	bl	9242 <cc2400_set>
	cc2400_set(MDMCTRL, 0x0040);    // 250 kHz frequency deviation
    52fa:	2140      	movs	r1, #64	@ 0x40
    52fc:	2003      	movs	r0, #3
    52fe:	f003 ffa0 	bl	9242 <cc2400_set>
	while (!(cc2400_status() & XOSC16M_STABLE));
    5302:	f004 f829 	bl	9358 <cc2400_status>
    5306:	0642      	lsls	r2, r0, #25
    5308:	d5fb      	bpl.n	5302 <le_jam+0x3a>
	cc2400_strobe(SFSON);
    530a:	2061      	movs	r0, #97	@ 0x61
    530c:	f004 f82b 	bl	9366 <cc2400_strobe>
	while (!(cc2400_status() & FS_LOCK));
    5310:	f004 f822 	bl	9358 <cc2400_status>
    5314:	0743      	lsls	r3, r0, #29
    5316:	d5fb      	bpl.n	5310 <le_jam+0x48>
	TXLED_SET;
    5318:	f44f 7280 	mov.w	r2, #256	@ 0x100
    531c:	4b07      	ldr	r3, [pc, #28]	@ (533c <le_jam+0x74>)
    531e:	639a      	str	r2, [r3, #56]	@ 0x38
	PAEN_SET;
    5320:	2280      	movs	r2, #128	@ 0x80
    5322:	659a      	str	r2, [r3, #88]	@ 0x58
	while ((cc2400_get(FSMSTATE) & 0x1f) != STATE_STROBE_FS_ON);
    5324:	200e      	movs	r0, #14
    5326:	f003 ff83 	bl	9230 <cc2400_get>
    532a:	f000 001f 	and.w	r0, r0, #31
    532e:	280f      	cmp	r0, #15
    5330:	d1f8      	bne.n	5324 <le_jam+0x5c>
}
    5332:	e8bd 4008 	ldmia.w	sp!, {r3, lr}
	cc2400_strobe(STX);
    5336:	2063      	movs	r0, #99	@ 0x63
    5338:	f004 b815 	b.w	9366 <cc2400_strobe>
    533c:	2009c000 	.word	0x2009c000

00005340 <hop>:
{
    5340:	b5f8      	push	{r3, r4, r5, r6, r7, lr}
	do_hop = 0;
    5342:	2300      	movs	r3, #0
    5344:	4c5f      	ldr	r4, [pc, #380]	@ (54c4 <hop+0x184>)
	last_hop = clkn;
    5346:	4a60      	ldr	r2, [pc, #384]	@ (54c8 <hop+0x188>)
	do_hop = 0;
    5348:	70a3      	strb	r3, [r4, #2]
	last_hop = clkn;
    534a:	4b60      	ldr	r3, [pc, #384]	@ (54cc <hop+0x18c>)
    534c:	6819      	ldr	r1, [r3, #0]
    534e:	6011      	str	r1, [r2, #0]
	if (hop_mode == HOP_NONE) {
    5350:	7862      	ldrb	r2, [r4, #1]
    5352:	b952      	cbnz	r2, 536a <hop+0x2a>
		if (cc2400_get(FSDIV) == (channel - 1))
    5354:	2002      	movs	r0, #2
    5356:	f003 ff6b 	bl	9230 <cc2400_get>
    535a:	4b5d      	ldr	r3, [pc, #372]	@ (54d0 <hop+0x190>)
    535c:	f8b3 304c 	ldrh.w	r3, [r3, #76]	@ 0x4c
    5360:	b29b      	uxth	r3, r3
    5362:	3b01      	subs	r3, #1
    5364:	4298      	cmp	r0, r3
    5366:	d131      	bne.n	53cc <hop+0x8c>
}
    5368:	bdf8      	pop	{r3, r4, r5, r6, r7, pc}
	else if (hop_mode == HOP_SWEEP) {
    536a:	7862      	ldrb	r2, [r4, #1]
    536c:	2a01      	cmp	r2, #1
    536e:	d15d      	bne.n	542c <hop+0xec>
		} while ( used_channels != 0 && afh_enabled && !( afh_map[(channel-2402)/8] & 0x1<<((channel-2402)%8) ) );
    5370:	4b58      	ldr	r3, [pc, #352]	@ (54d4 <hop+0x194>)
			channel += 32;
    5372:	4a57      	ldr	r2, [pc, #348]	@ (54d0 <hop+0x190>)
		} while ( used_channels != 0 && afh_enabled && !( afh_map[(channel-2402)/8] & 0x1<<((channel-2402)%8) ) );
    5374:	781e      	ldrb	r6, [r3, #0]
    5376:	4b58      	ldr	r3, [pc, #352]	@ (54d8 <hop+0x198>)
    5378:	4d58      	ldr	r5, [pc, #352]	@ (54dc <hop+0x19c>)
    537a:	781f      	ldrb	r7, [r3, #0]
			channel += 32;
    537c:	f8b2 304c 	ldrh.w	r3, [r2, #76]	@ 0x4c
    5380:	3320      	adds	r3, #32
    5382:	f8a2 304c 	strh.w	r3, [r2, #76]	@ 0x4c
			if (channel > 2480)
    5386:	f8b2 304c 	ldrh.w	r3, [r2, #76]	@ 0x4c
    538a:	b29b      	uxth	r3, r3
    538c:	f5b3 6f1b 	cmp.w	r3, #2480	@ 0x9b0
				channel -= 79;
    5390:	bf82      	ittt	hi
    5392:	f8b2 304c 	ldrhhi.w	r3, [r2, #76]	@ 0x4c
    5396:	3b4f      	subhi	r3, #79	@ 0x4f
    5398:	f8a2 304c 	strhhi.w	r3, [r2, #76]	@ 0x4c
		} while ( used_channels != 0 && afh_enabled && !( afh_map[(channel-2402)/8] & 0x1<<((channel-2402)%8) ) );
    539c:	b1b6      	cbz	r6, 53cc <hop+0x8c>
    539e:	b1af      	cbz	r7, 53cc <hop+0x8c>
    53a0:	f8b2 004c 	ldrh.w	r0, [r2, #76]	@ 0x4c
    53a4:	f8b2 304c 	ldrh.w	r3, [r2, #76]	@ 0x4c
    53a8:	b280      	uxth	r0, r0
    53aa:	f6a0 1162 	subw	r1, r0, #2402	@ 0x962
    53ae:	2900      	cmp	r1, #0
    53b0:	bfb8      	it	lt
    53b2:	f6a0 115b 	subwlt	r1, r0, #2395	@ 0x95b
    53b6:	b29b      	uxth	r3, r3
    53b8:	10c9      	asrs	r1, r1, #3
    53ba:	5c69      	ldrb	r1, [r5, r1]
    53bc:	f6a3 1362 	subw	r3, r3, #2402	@ 0x962
    53c0:	f003 0307 	and.w	r3, r3, #7
    53c4:	fa41 f303 	asr.w	r3, r1, r3
    53c8:	07d8      	lsls	r0, r3, #31
    53ca:	d5d7      	bpl.n	537c <hop+0x3c>
	cc2400_strobe(SRFOFF);
    53cc:	2064      	movs	r0, #100	@ 0x64
    53ce:	f003 ffca 	bl	9366 <cc2400_strobe>
	while ((cc2400_status() & FS_LOCK)); // need to wait for unlock?
    53d2:	f003 ffc1 	bl	9358 <cc2400_status>
    53d6:	0742      	lsls	r2, r0, #29
    53d8:	d4fb      	bmi.n	53d2 <hop+0x92>
	if(mode == MODE_TX_SYMBOLS)
    53da:	4d3d      	ldr	r5, [pc, #244]	@ (54d0 <hop+0x190>)
    53dc:	7d23      	ldrb	r3, [r4, #20]
		cc2400_set(FSDIV, channel);
    53de:	f8b5 104c 	ldrh.w	r1, [r5, #76]	@ 0x4c
	if(mode == MODE_TX_SYMBOLS)
    53e2:	2b02      	cmp	r3, #2
		cc2400_set(FSDIV, channel - 1);
    53e4:	bf18      	it	ne
    53e6:	f101 31ff 	addne.w	r1, r1, #4294967295	@ 0xffffffff
	if(mode == MODE_TX_SYMBOLS)
    53ea:	b2d8      	uxtb	r0, r3
		cc2400_set(FSDIV, channel);
    53ec:	bf0e      	itee	eq
    53ee:	b289      	uxtheq	r1, r1
		cc2400_set(FSDIV, channel - 1);
    53f0:	2002      	movne	r0, #2
    53f2:	b289      	uxthne	r1, r1
    53f4:	f003 ff25 	bl	9242 <cc2400_set>
	if (hop_mode > 0) {
    53f8:	7863      	ldrb	r3, [r4, #1]
    53fa:	b123      	cbz	r3, 5406 <hop+0xc6>
		cs_threshold_calc_and_set(channel);
    53fc:	f8b5 004c 	ldrh.w	r0, [r5, #76]	@ 0x4c
    5400:	b280      	uxth	r0, r0
    5402:	f001 fe13 	bl	702c <cs_threshold_calc_and_set>
	cc2400_strobe(SFSON);
    5406:	2061      	movs	r0, #97	@ 0x61
    5408:	f003 ffad 	bl	9366 <cc2400_strobe>
	while (!(cc2400_status() & FS_LOCK));
    540c:	f003 ffa4 	bl	9358 <cc2400_status>
    5410:	0743      	lsls	r3, r0, #29
    5412:	d5fb      	bpl.n	540c <hop+0xcc>
	dma_discard = 1;
    5414:	2301      	movs	r3, #1
    5416:	74a3      	strb	r3, [r4, #18]
	if(mode == MODE_TX_SYMBOLS) {
    5418:	7d23      	ldrb	r3, [r4, #20]
    541a:	2b02      	cmp	r3, #2
		cc2400_strobe(STX);
    541c:	bf08      	it	eq
    541e:	2063      	moveq	r0, #99	@ 0x63
}
    5420:	e8bd 40f8 	ldmia.w	sp!, {r3, r4, r5, r6, r7, lr}
		cc2400_strobe(SRX);
    5424:	bf18      	it	ne
    5426:	2062      	movne	r0, #98	@ 0x62
    5428:	f003 bf9d 	b.w	9366 <cc2400_strobe>
	else if (hop_mode == HOP_AFH) {
    542c:	7862      	ldrb	r2, [r4, #1]
    542e:	2a05      	cmp	r2, #5
    5430:	d12c      	bne.n	548c <hop+0x14c>
		} while( used_channels != 79 && (afh_map[(channel-2402)/8] & 0x1<<((channel-2402)%8)) );
    5432:	4b28      	ldr	r3, [pc, #160]	@ (54d4 <hop+0x194>)
			channel += 32;
    5434:	4a26      	ldr	r2, [pc, #152]	@ (54d0 <hop+0x190>)
		} while( used_channels != 79 && (afh_map[(channel-2402)/8] & 0x1<<((channel-2402)%8)) );
    5436:	781e      	ldrb	r6, [r3, #0]
    5438:	4d28      	ldr	r5, [pc, #160]	@ (54dc <hop+0x19c>)
			channel += 32;
    543a:	f8b2 304c 	ldrh.w	r3, [r2, #76]	@ 0x4c
    543e:	3320      	adds	r3, #32
    5440:	f8a2 304c 	strh.w	r3, [r2, #76]	@ 0x4c
			if (channel > 2480)
    5444:	f8b2 304c 	ldrh.w	r3, [r2, #76]	@ 0x4c
    5448:	b29b      	uxth	r3, r3
    544a:	f5b3 6f1b 	cmp.w	r3, #2480	@ 0x9b0
				channel -= 79;
    544e:	bf82      	ittt	hi
    5450:	f8b2 304c 	ldrhhi.w	r3, [r2, #76]	@ 0x4c
    5454:	3b4f      	subhi	r3, #79	@ 0x4f
    5456:	f8a2 304c 	strhhi.w	r3, [r2, #76]	@ 0x4c
		} while( used_channels != 79 && (afh_map[(channel-2402)/8] & 0x1<<((channel-2402)%8)) );
    545a:	2e4f      	cmp	r6, #79	@ 0x4f
    545c:	d0b6      	beq.n	53cc <hop+0x8c>
    545e:	f8b2 004c 	ldrh.w	r0, [r2, #76]	@ 0x4c
    5462:	f8b2 304c 	ldrh.w	r3, [r2, #76]	@ 0x4c
    5466:	b280      	uxth	r0, r0
    5468:	f6a0 1162 	subw	r1, r0, #2402	@ 0x962
    546c:	2900      	cmp	r1, #0
    546e:	bfb8      	it	lt
    5470:	f6a0 115b 	subwlt	r1, r0, #2395	@ 0x95b
    5474:	b29b      	uxth	r3, r3
    5476:	10c9      	asrs	r1, r1, #3
    5478:	5c69      	ldrb	r1, [r5, r1]
    547a:	f6a3 1362 	subw	r3, r3, #2402	@ 0x962
    547e:	f003 0307 	and.w	r3, r3, #7
    5482:	fa41 f303 	asr.w	r3, r1, r3
    5486:	07d9      	lsls	r1, r3, #31
    5488:	d4d7      	bmi.n	543a <hop+0xfa>
    548a:	e79f      	b.n	53cc <hop+0x8c>
	else if (hop_mode == HOP_BLUETOOTH) {
    548c:	7862      	ldrb	r2, [r4, #1]
    548e:	2a02      	cmp	r2, #2
    5490:	d106      	bne.n	54a0 <hop+0x160>
		channel = next_hop(clkn);
    5492:	6818      	ldr	r0, [r3, #0]
    5494:	f001 fada 	bl	6a4c <next_hop>
    5498:	4b0d      	ldr	r3, [pc, #52]	@ (54d0 <hop+0x190>)
    549a:	f8a3 004c 	strh.w	r0, [r3, #76]	@ 0x4c
    549e:	e795      	b.n	53cc <hop+0x8c>
	else if (hop_mode == HOP_BTLE) {
    54a0:	7863      	ldrb	r3, [r4, #1]
    54a2:	2b03      	cmp	r3, #3
    54a4:	d106      	bne.n	54b4 <hop+0x174>
		channel = btle_next_hop(&le);
    54a6:	4d0a      	ldr	r5, [pc, #40]	@ (54d0 <hop+0x190>)
    54a8:	4628      	mov	r0, r5
    54aa:	f001 fb9d 	bl	6be8 <btle_next_hop>
    54ae:	f8a5 004c 	strh.w	r0, [r5, #76]	@ 0x4c
    54b2:	e78b      	b.n	53cc <hop+0x8c>
	else if (hop_mode == HOP_DIRECT) {
    54b4:	7863      	ldrb	r3, [r4, #1]
    54b6:	2b04      	cmp	r3, #4
		channel = hop_direct_channel;
    54b8:	bf02      	ittt	eq
    54ba:	88a3      	ldrheq	r3, [r4, #4]
    54bc:	4a04      	ldreq	r2, [pc, #16]	@ (54d0 <hop+0x190>)
    54be:	f8a2 304c 	strheq.w	r3, [r2, #76]	@ 0x4c
    54c2:	e783      	b.n	53cc <hop+0x8c>
    54c4:	100006fc 	.word	0x100006fc
    54c8:	10002e24 	.word	0x10002e24
    54cc:	10002e20 	.word	0x10002e20
    54d0:	10000020 	.word	0x10000020
    54d4:	10000c10 	.word	0x10000c10
    54d8:	10000c05 	.word	0x10000c05
    54dc:	10000c06 	.word	0x10000c06

000054e0 <bt_stream_rx>:
{
    54e0:	e92d 43f8 	stmdb	sp!, {r3, r4, r5, r6, r7, r8, r9, lr}
	RXLED_CLR;
    54e4:	2310      	movs	r3, #16
    54e6:	4e49      	ldr	r6, [pc, #292]	@ (560c <bt_stream_rx+0x12c>)
	while ( requested_mode == MODE_RX_SYMBOLS || requested_mode == MODE_BT_FOLLOW )
    54e8:	4c49      	ldr	r4, [pc, #292]	@ (5610 <bt_stream_rx+0x130>)
	RXLED_CLR;
    54ea:	63f3      	str	r3, [r6, #60]	@ 0x3c
	usb_queue_init();
    54ec:	f001 fcb0 	bl	6e50 <usb_queue_init>
	dio_ssp_init();
    54f0:	f003 fe22 	bl	9138 <dio_ssp_init>
	dma_init_rx_symbols();
    54f4:	f001 fe62 	bl	71bc <dma_init_rx_symbols>
	dio_ssp_start();
    54f8:	f001 fed6 	bl	72a8 <dio_ssp_start>
	cc2400_rx();
    54fc:	f7fe feda 	bl	42b4 <cc2400_rx>
	cs_trigger_enable();
    5500:	f001 fdbc 	bl	707c <cs_trigger_enable>
	while ( requested_mode == MODE_RX_SYMBOLS || requested_mode == MODE_BT_FOLLOW )
    5504:	7d63      	ldrb	r3, [r4, #21]
    5506:	2b01      	cmp	r3, #1
    5508:	d008      	beq.n	551c <bt_stream_rx+0x3c>
    550a:	7d63      	ldrb	r3, [r4, #21]
    550c:	2b08      	cmp	r3, #8
    550e:	d005      	beq.n	551c <bt_stream_rx+0x3c>
	dio_ssp_stop();
    5510:	f001 fee8 	bl	72e4 <dio_ssp_stop>
}
    5514:	e8bd 43f8 	ldmia.w	sp!, {r3, r4, r5, r6, r7, r8, r9, lr}
	cs_trigger_disable();
    5518:	f001 bdc8 	b.w	70ac <cs_trigger_disable>
		RXLED_CLR;
    551c:	2310      	movs	r3, #16
    551e:	63f3      	str	r3, [r6, #60]	@ 0x3c
		rssi_reset();
    5520:	f001 fd16 	bl	6f50 <rssi_reset>
		rssi_at_trigger = INT8_MIN;
    5524:	f06f 057f 	mvn.w	r5, #127	@ 0x7f
		while (!rx_tc) {
    5528:	4f3a      	ldr	r7, [pc, #232]	@ (5614 <bt_stream_rx+0x134>)
    552a:	f8df 80ec 	ldr.w	r8, [pc, #236]	@ 5618 <bt_stream_rx+0x138>
    552e:	683b      	ldr	r3, [r7, #0]
    5530:	f8df 90e8 	ldr.w	r9, [pc, #232]	@ 561c <bt_stream_rx+0x13c>
    5534:	2b00      	cmp	r3, #0
    5536:	d046      	beq.n	55c6 <bt_stream_rx+0xe6>
		RXLED_SET;
    5538:	2310      	movs	r3, #16
		if (rx_err) {
    553a:	4d39      	ldr	r5, [pc, #228]	@ (5620 <bt_stream_rx+0x140>)
		RXLED_SET;
    553c:	63b3      	str	r3, [r6, #56]	@ 0x38
		if (rx_err) {
    553e:	682b      	ldr	r3, [r5, #0]
    5540:	b11b      	cbz	r3, 554a <bt_stream_rx+0x6a>
			status |= DMA_ERROR;
    5542:	7ce3      	ldrb	r3, [r4, #19]
    5544:	f043 0302 	orr.w	r3, r3, #2
    5548:	74e3      	strb	r3, [r4, #19]
		if (rx_tc > 1)
    554a:	683b      	ldr	r3, [r7, #0]
    554c:	2b01      	cmp	r3, #1
			status |= DMA_OVERFLOW;
    554e:	bf82      	ittt	hi
    5550:	7ce3      	ldrbhi	r3, [r4, #19]
    5552:	f043 0301 	orrhi.w	r3, r3, #1
    5556:	74e3      	strbhi	r3, [r4, #19]
		if (dma_discard) {
    5558:	7ca3      	ldrb	r3, [r4, #18]
    555a:	b12b      	cbz	r3, 5568 <bt_stream_rx+0x88>
			status |= DISCARD;
    555c:	7ce3      	ldrb	r3, [r4, #19]
    555e:	f043 0320 	orr.w	r3, r3, #32
    5562:	74e3      	strb	r3, [r4, #19]
			dma_discard = 0;
    5564:	2300      	movs	r3, #0
    5566:	74a3      	strb	r3, [r4, #18]
		rssi_iir_update(channel);
    5568:	4b2e      	ldr	r3, [pc, #184]	@ (5624 <bt_stream_rx+0x144>)
    556a:	f8b3 004c 	ldrh.w	r0, [r3, #76]	@ 0x4c
    556e:	b280      	uxth	r0, r0
    5570:	f001 fd22 	bl	6fb8 <rssi_iir_update>
		if (cs_trigger || cs_no_squelch) {
    5574:	4a2c      	ldr	r2, [pc, #176]	@ (5628 <bt_stream_rx+0x148>)
    5576:	f898 3000 	ldrb.w	r3, [r8]
    557a:	7812      	ldrb	r2, [r2, #0]
    557c:	4313      	orrs	r3, r2
    557e:	d006      	beq.n	558e <bt_stream_rx+0xae>
			status |= CS_TRIGGER;
    5580:	7ce3      	ldrb	r3, [r4, #19]
    5582:	f043 0308 	orr.w	r3, r3, #8
    5586:	74e3      	strb	r3, [r4, #19]
			cs_trigger = 0;
    5588:	2300      	movs	r3, #0
    558a:	f888 3000 	strb.w	r3, [r8]
		if (rssi_max >= (cs_threshold_cur + 54)) {
    558e:	4b27      	ldr	r3, [pc, #156]	@ (562c <bt_stream_rx+0x14c>)
    5590:	4a27      	ldr	r2, [pc, #156]	@ (5630 <bt_stream_rx+0x150>)
    5592:	f993 3000 	ldrsb.w	r3, [r3]
    5596:	f992 2000 	ldrsb.w	r2, [r2]
    559a:	3335      	adds	r3, #53	@ 0x35
    559c:	4293      	cmp	r3, r2
			status |= RSSI_TRIGGER;
    559e:	bfb8      	it	lt
    55a0:	7ce3      	ldrblt	r3, [r4, #19]
		enqueue(BR_PACKET, (uint8_t*)idle_rxbuf);
    55a2:	f04f 0000 	mov.w	r0, #0
			status |= RSSI_TRIGGER;
    55a6:	bfbc      	itt	lt
    55a8:	f043 0310 	orrlt.w	r3, r3, #16
    55ac:	74e3      	strblt	r3, [r4, #19]
		enqueue(BR_PACKET, (uint8_t*)idle_rxbuf);
    55ae:	4b21      	ldr	r3, [pc, #132]	@ (5634 <bt_stream_rx+0x154>)
    55b0:	6819      	ldr	r1, [r3, #0]
    55b2:	f7ff fb89 	bl	4cc8 <enqueue.isra.0>
		handle_usb(clkn);
    55b6:	f8d9 0000 	ldr.w	r0, [r9]
    55ba:	f001 fcb5 	bl	6f28 <handle_usb>
		rx_tc = 0;
    55be:	2300      	movs	r3, #0
    55c0:	603b      	str	r3, [r7, #0]
		rx_err = 0;
    55c2:	602b      	str	r3, [r5, #0]
    55c4:	e79e      	b.n	5504 <bt_stream_rx+0x24>
			rssi = (int8_t)(cc2400_get(RSSI) >> 8);
    55c6:	2006      	movs	r0, #6
    55c8:	f003 fe32 	bl	9230 <cc2400_get>
			if (cs_trigger && (rssi_at_trigger == INT8_MIN)) {
    55cc:	f898 3000 	ldrb.w	r3, [r8]
			rssi = (int8_t)(cc2400_get(RSSI) >> 8);
    55d0:	f340 2007 	sbfx	r0, r0, #8, #8
			if (cs_trigger && (rssi_at_trigger == INT8_MIN)) {
    55d4:	b15b      	cbz	r3, 55ee <bt_stream_rx+0x10e>
    55d6:	f115 0f80 	cmn.w	r5, #128	@ 0x80
    55da:	d108      	bne.n	55ee <bt_stream_rx+0x10e>
				rssi = MAX(rssi,(cs_threshold_cur+54));
    55dc:	4b13      	ldr	r3, [pc, #76]	@ (562c <bt_stream_rx+0x14c>)
    55de:	f993 5000 	ldrsb.w	r5, [r3]
    55e2:	3536      	adds	r5, #54	@ 0x36
    55e4:	4285      	cmp	r5, r0
    55e6:	bfb8      	it	lt
    55e8:	4605      	movlt	r5, r0
    55ea:	b26d      	sxtb	r5, r5
				rssi_at_trigger = rssi;
    55ec:	4628      	mov	r0, r5
			rssi_add(rssi);
    55ee:	f001 fcc5 	bl	6f7c <rssi_add>
			handle_usb(clkn);
    55f2:	f8d9 0000 	ldr.w	r0, [r9]
    55f6:	f001 fc97 	bl	6f28 <handle_usb>
			if (do_hop) {
    55fa:	78a3      	ldrb	r3, [r4, #2]
    55fc:	b113      	cbz	r3, 5604 <bt_stream_rx+0x124>
				hop();
    55fe:	f7ff fe9f 	bl	5340 <hop>
    5602:	e794      	b.n	552e <bt_stream_rx+0x4e>
				TXLED_CLR;
    5604:	f44f 7380 	mov.w	r3, #256	@ 0x100
    5608:	63f3      	str	r3, [r6, #60]	@ 0x3c
    560a:	e790      	b.n	552e <bt_stream_rx+0x4e>
    560c:	2009c000 	.word	0x2009c000
    5610:	100006fc 	.word	0x100006fc
    5614:	10002ec4 	.word	0x10002ec4
    5618:	10002e1d 	.word	0x10002e1d
    561c:	10002e20 	.word	0x10002e20
    5620:	10002ec8 	.word	0x10002ec8
    5624:	10000020 	.word	0x10000020
    5628:	10002e1c 	.word	0x10002e1c
    562c:	10002e1b 	.word	0x10002e1b
    5630:	10002e18 	.word	0x10002e18
    5634:	10002ed0 	.word	0x10002ed0

00005638 <br_transmit>:
{
    5638:	e92d 43f0 	stmdb	sp!, {r4, r5, r6, r7, r8, r9, lr}
    563c:	b085      	sub	sp, #20
	uint16_t preamble = (target.syncword & 1) == 1 ? 0x5555 : 0xaaaa;
    563e:	4b8f      	ldr	r3, [pc, #572]	@ (587c <br_transmit+0x244>)
    5640:	e9d3 5402 	ldrd	r5, r4, [r3, #8]
    5644:	f345 0300 	sbfx	r3, r5, #0, #1
    5648:	f483 432a 	eor.w	r3, r3, #43520	@ 0xaa00
    564c:	f083 03aa 	eor.w	r3, r3, #170	@ 0xaa
		reverse8((target.syncword >> 0) & 0xFF),
    5650:	b2e8      	uxtb	r0, r5
	uint16_t preamble = (target.syncword & 1) == 1 ? 0x5555 : 0xaaaa;
    5652:	b29e      	uxth	r6, r3
		reverse8((target.syncword >> 0) & 0xFF),
    5654:	f7fe fe10 	bl	4278 <reverse8>
	uint8_t data[16] = {
    5658:	f88d 0000 	strb.w	r0, [sp]
		reverse8((target.syncword >> 8) & 0xFF),
    565c:	f3c5 2007 	ubfx	r0, r5, #8, #8
    5660:	f7fe fe0a 	bl	4278 <reverse8>
	uint8_t data[16] = {
    5664:	f88d 0001 	strb.w	r0, [sp, #1]
		reverse8((target.syncword >> 16) & 0xFF),
    5668:	f3c5 4007 	ubfx	r0, r5, #16, #8
    566c:	f7fe fe04 	bl	4278 <reverse8>
	uint8_t data[16] = {
    5670:	f88d 0002 	strb.w	r0, [sp, #2]
		reverse8((target.syncword >> 24) & 0xFF),
    5674:	0e28      	lsrs	r0, r5, #24
    5676:	f7fe fdff 	bl	4278 <reverse8>
	uint8_t data[16] = {
    567a:	f88d 0003 	strb.w	r0, [sp, #3]
		reverse8((target.syncword >> 32) & 0xFF),
    567e:	b2e0      	uxtb	r0, r4
    5680:	f7fe fdfa 	bl	4278 <reverse8>
	uint8_t data[16] = {
    5684:	f88d 0004 	strb.w	r0, [sp, #4]
		reverse8((target.syncword >> 40) & 0xFF),
    5688:	f3c4 2007 	ubfx	r0, r4, #8, #8
    568c:	f7fe fdf4 	bl	4278 <reverse8>
	uint8_t data[16] = {
    5690:	f88d 0005 	strb.w	r0, [sp, #5]
		reverse8((target.syncword >> 48) & 0xFF),
    5694:	f3c4 4007 	ubfx	r0, r4, #16, #8
    5698:	f7fe fdee 	bl	4278 <reverse8>
	uint8_t data[16] = {
    569c:	f88d 0006 	strb.w	r0, [sp, #6]
		reverse8((target.syncword >> 56) & 0xFF),
    56a0:	0e20      	lsrs	r0, r4, #24
    56a2:	f7fe fde9 	bl	4278 <reverse8>
	uint8_t data[16] = {
    56a6:	f88d 0007 	strb.w	r0, [sp, #7]
	uint8_t trailer = ((target.syncword >> 63) & 1) == 1 ? 0xaa : 0x55;
    56aa:	17e0      	asrs	r0, r4, #31
    56ac:	f080 0055 	eor.w	r0, r0, #85	@ 0x55
		reverse8(trailer),
    56b0:	b2c0      	uxtb	r0, r0
    56b2:	f7fe fde1 	bl	4278 <reverse8>
	uint8_t data[16] = {
    56b6:	f88d 0008 	strb.w	r0, [sp, #8]
		reverse8(0x77),
    56ba:	2077      	movs	r0, #119	@ 0x77
    56bc:	f7fe fddc 	bl	4278 <reverse8>
	uint8_t data[16] = {
    56c0:	f88d 0009 	strb.w	r0, [sp, #9]
		reverse8(0x66),
    56c4:	2066      	movs	r0, #102	@ 0x66
    56c6:	f7fe fdd7 	bl	4278 <reverse8>
	uint8_t data[16] = {
    56ca:	f88d 000a 	strb.w	r0, [sp, #10]
		reverse8(0x55),
    56ce:	2055      	movs	r0, #85	@ 0x55
    56d0:	f7fe fdd2 	bl	4278 <reverse8>
	uint8_t data[16] = {
    56d4:	f88d 000b 	strb.w	r0, [sp, #11]
		reverse8(0x44),
    56d8:	2044      	movs	r0, #68	@ 0x44
    56da:	f7fe fdcd 	bl	4278 <reverse8>
	uint8_t data[16] = {
    56de:	f88d 000c 	strb.w	r0, [sp, #12]
		reverse8(0x33),
    56e2:	2033      	movs	r0, #51	@ 0x33
    56e4:	f7fe fdc8 	bl	4278 <reverse8>
	uint8_t data[16] = {
    56e8:	f88d 000d 	strb.w	r0, [sp, #13]
		reverse8(0x22),
    56ec:	2022      	movs	r0, #34	@ 0x22
    56ee:	f7fe fdc3 	bl	4278 <reverse8>
	uint16_t reversed = 0;
    56f2:	2400      	movs	r4, #0
	uint8_t data[16] = {
    56f4:	f88d 000e 	strb.w	r0, [sp, #14]
		reverse8(0x11)
    56f8:	2011      	movs	r0, #17
    56fa:	f7fe fdbd 	bl	4278 <reverse8>
	for(size_t i=0; i<16; i++)
    56fe:	4623      	mov	r3, r4
	uint8_t data[16] = {
    5700:	f88d 000f 	strb.w	r0, [sp, #15]
		reversed |= ((data >> i) & 0x01) << (15-i);
    5704:	fa46 f203 	asr.w	r2, r6, r3
    5708:	f1c3 010f 	rsb	r1, r3, #15
    570c:	f002 0201 	and.w	r2, r2, #1
    5710:	408a      	lsls	r2, r1
	for(size_t i=0; i<16; i++)
    5712:	3301      	adds	r3, #1
		reversed |= ((data >> i) & 0x01) << (15-i);
    5714:	4314      	orrs	r4, r2
	for(size_t i=0; i<16; i++)
    5716:	2b10      	cmp	r3, #16
		reversed |= ((data >> i) & 0x01) << (15-i);
    5718:	b2a4      	uxth	r4, r4
	for(size_t i=0; i<16; i++)
    571a:	d1f3      	bne.n	5704 <br_transmit+0xcc>
	cc2400_set(MANAND,  0x7fff);
    571c:	f647 71ff 	movw	r1, #32767	@ 0x7fff
    5720:	200d      	movs	r0, #13
    5722:	f003 fd8e 	bl	9242 <cc2400_set>
	cc2400_set(LMTST,   0x2b22);    // LNA and receive mixers test register
    5726:	f642 3122 	movw	r1, #11042	@ 0x2b22
    572a:	2012      	movs	r0, #18
    572c:	f003 fd89 	bl	9242 <cc2400_set>
	cc2400_set(MDMTST0, 0x134b);    // no PRNG
    5730:	f241 314b 	movw	r1, #4939	@ 0x134b
    5734:	2014      	movs	r0, #20
    5736:	f003 fd84 	bl	9242 <cc2400_set>
	cc2400_set(GRMDM,   0x0c01);
    573a:	f640 4101 	movw	r1, #3073	@ 0xc01
    573e:	2020      	movs	r0, #32
    5740:	f003 fd7f 	bl	9242 <cc2400_set>
	cc2400_set(SYNCL,   sync & 0xffff);
    5744:	4621      	mov	r1, r4
    5746:	202c      	movs	r0, #44	@ 0x2c
    5748:	f003 fd7b 	bl	9242 <cc2400_set>
	cc2400_set(SYNCH,   (sync >> 16) & 0xffff);
    574c:	2100      	movs	r1, #0
    574e:	202d      	movs	r0, #45	@ 0x2d
    5750:	f003 fd77 	bl	9242 <cc2400_set>
	cc2400_set(FSDIV,   channel);
    5754:	4b4a      	ldr	r3, [pc, #296]	@ (5880 <br_transmit+0x248>)
    5756:	2002      	movs	r0, #2
    5758:	f8b3 104c 	ldrh.w	r1, [r3, #76]	@ 0x4c
	if (modulation == MOD_BT_BASIC_RATE) {
    575c:	4d49      	ldr	r5, [pc, #292]	@ (5884 <br_transmit+0x24c>)
	cc2400_set(FSDIV,   channel);
    575e:	b289      	uxth	r1, r1
    5760:	f003 fd6f 	bl	9242 <cc2400_set>
	cc2400_set(FREND,   0b1011);    // amplifier level (-7 dBm, picked from hat)
    5764:	210b      	movs	r1, #11
    5766:	2005      	movs	r0, #5
    5768:	f003 fd6b 	bl	9242 <cc2400_set>
	if (modulation == MOD_BT_BASIC_RATE) {
    576c:	782b      	ldrb	r3, [r5, #0]
    576e:	bbb3      	cbnz	r3, 57de <br_transmit+0x1a6>
		cc2400_set(MDMCTRL, 0x0029);    // 160 kHz frequency deviation
    5770:	2129      	movs	r1, #41	@ 0x29
		cc2400_set(MDMCTRL, 0x0040);    // 250 kHz frequency deviation
    5772:	2003      	movs	r0, #3
    5774:	f003 fd65 	bl	9242 <cc2400_set>
	clkn_start();
    5778:	f001 fcce 	bl	7118 <clkn_start>
	while (!(cc2400_status() & XOSC16M_STABLE));
    577c:	f003 fdec 	bl	9358 <cc2400_status>
    5780:	0644      	lsls	r4, r0, #25
    5782:	d5fb      	bpl.n	577c <br_transmit+0x144>
	cc2400_strobe(SFSON);
    5784:	2061      	movs	r0, #97	@ 0x61
    5786:	f003 fdee 	bl	9366 <cc2400_strobe>
	while (!(cc2400_status() & FS_LOCK));
    578a:	f003 fde5 	bl	9358 <cc2400_status>
    578e:	0740      	lsls	r0, r0, #29
    5790:	d5fb      	bpl.n	578a <br_transmit+0x152>
	PAEN_SET;
    5792:	2280      	movs	r2, #128	@ 0x80
    5794:	4b3c      	ldr	r3, [pc, #240]	@ (5888 <br_transmit+0x250>)
    5796:	659a      	str	r2, [r3, #88]	@ 0x58
	while ((cc2400_get(FSMSTATE) & 0x1f) != STATE_STROBE_FS_ON);
    5798:	200e      	movs	r0, #14
    579a:	f003 fd49 	bl	9230 <cc2400_get>
    579e:	f000 001f 	and.w	r0, r0, #31
    57a2:	280f      	cmp	r0, #15
    57a4:	d1f8      	bne.n	5798 <br_transmit+0x160>
	cc2400_strobe(STX);
    57a6:	2063      	movs	r0, #99	@ 0x63
    57a8:	f003 fddd 	bl	9366 <cc2400_strobe>
	cc2400_set(INT,     0x0014);    // FIFO_THRESHOLD: 20 bytes
    57ac:	2114      	movs	r1, #20
    57ae:	2023      	movs	r0, #35	@ 0x23
    57b0:	f003 fd47 	bl	9242 <cc2400_set>
	gio_save = cc2400_get(IOCFG);
    57b4:	2008      	movs	r0, #8
    57b6:	f003 fd3b 	bl	9230 <cc2400_get>
	cc2400_set(IOCFG, (GIO_FIFO_FULL << 9) | (gio_save & 0x1ff));
    57ba:	f3c0 0108 	ubfx	r1, r0, #0, #9
	gio_save = cc2400_get(IOCFG);
    57be:	4680      	mov	r8, r0
	cc2400_set(IOCFG, (GIO_FIFO_FULL << 9) | (gio_save & 0x1ff));
    57c0:	f441 419c 	orr.w	r1, r1, #19968	@ 0x4e00
    57c4:	2008      	movs	r0, #8
    57c6:	f003 fd3c 	bl	9242 <cc2400_set>
	uint32_t clkn_saved = 0;
    57ca:	2400      	movs	r4, #0
		while ((clkn >> 1) == (clkn_saved >> 1) || T0TC < 2250) {
    57cc:	4f2f      	ldr	r7, [pc, #188]	@ (588c <br_transmit+0x254>)
		TXLED_SET;
    57ce:	4e2e      	ldr	r6, [pc, #184]	@ (5888 <br_transmit+0x250>)
	while ( requested_mode == MODE_TX_SYMBOLS )
    57d0:	7d6b      	ldrb	r3, [r5, #21]
    57d2:	2b02      	cmp	r3, #2
    57d4:	d148      	bne.n	5868 <br_transmit+0x230>
		while ((clkn >> 1) == (clkn_saved >> 1) || T0TC < 2250) {
    57d6:	f04f 2940 	mov.w	r9, #1073758208	@ 0x40004000
    57da:	0864      	lsrs	r4, r4, #1
    57dc:	e008      	b.n	57f0 <br_transmit+0x1b8>
	} else if (modulation == MOD_BT_LOW_ENERGY) {
    57de:	782b      	ldrb	r3, [r5, #0]
    57e0:	2b01      	cmp	r3, #1
    57e2:	d1e3      	bne.n	57ac <br_transmit+0x174>
		cc2400_set(MDMCTRL, 0x0040);    // 250 kHz frequency deviation
    57e4:	2140      	movs	r1, #64	@ 0x40
    57e6:	e7c4      	b.n	5772 <br_transmit+0x13a>
			if (do_hop) {
    57e8:	78aa      	ldrb	r2, [r5, #2]
    57ea:	b11a      	cbz	r2, 57f4 <br_transmit+0x1bc>
				hop();
    57ec:	f7ff fda8 	bl	5340 <hop>
		while ((clkn >> 1) == (clkn_saved >> 1) || T0TC < 2250) {
    57f0:	f640 03c9 	movw	r3, #2249	@ 0x8c9
    57f4:	683a      	ldr	r2, [r7, #0]
    57f6:	ebb4 0f52 	cmp.w	r4, r2, lsr #1
    57fa:	d0f5      	beq.n	57e8 <br_transmit+0x1b0>
    57fc:	f8d9 2008 	ldr.w	r2, [r9, #8]
    5800:	429a      	cmp	r2, r3
    5802:	d9f1      	bls.n	57e8 <br_transmit+0x1b0>
		TXLED_SET;
    5804:	f44f 7380 	mov.w	r3, #256	@ 0x100
		clkn_saved = clkn;
    5808:	683c      	ldr	r4, [r7, #0]
		cc2400_fifo_write(16, data);
    580a:	4669      	mov	r1, sp
    580c:	2010      	movs	r0, #16
		TXLED_SET;
    580e:	63b3      	str	r3, [r6, #56]	@ 0x38
		cc2400_fifo_write(16, data);
    5810:	f003 fd2a 	bl	9268 <cc2400_fifo_write>
		while ((cc2400_get(FSMSTATE) & 0x1f) != STATE_STROBE_FS_ON);
    5814:	200e      	movs	r0, #14
    5816:	f003 fd0b 	bl	9230 <cc2400_get>
    581a:	f000 001f 	and.w	r0, r0, #31
    581e:	280f      	cmp	r0, #15
    5820:	d1f8      	bne.n	5814 <br_transmit+0x1dc>
		TXLED_CLR;
    5822:	f44f 7380 	mov.w	r3, #256	@ 0x100
		cc2400_strobe(SRFOFF);
    5826:	2064      	movs	r0, #100	@ 0x64
		TXLED_CLR;
    5828:	63f3      	str	r3, [r6, #60]	@ 0x3c
		cc2400_strobe(SRFOFF);
    582a:	f003 fd9c 	bl	9366 <cc2400_strobe>
		while ((cc2400_status() & FS_LOCK));
    582e:	f003 fd93 	bl	9358 <cc2400_status>
    5832:	0741      	lsls	r1, r0, #29
    5834:	d4fb      	bmi.n	582e <br_transmit+0x1f6>
		while (!(cc2400_status() & XOSC16M_STABLE));
    5836:	f003 fd8f 	bl	9358 <cc2400_status>
    583a:	0642      	lsls	r2, r0, #25
    583c:	d5fb      	bpl.n	5836 <br_transmit+0x1fe>
		cc2400_strobe(SFSON);
    583e:	2061      	movs	r0, #97	@ 0x61
    5840:	f003 fd91 	bl	9366 <cc2400_strobe>
		while (!(cc2400_status() & FS_LOCK));
    5844:	f003 fd88 	bl	9358 <cc2400_status>
    5848:	0743      	lsls	r3, r0, #29
    584a:	d5fb      	bpl.n	5844 <br_transmit+0x20c>
		while ((cc2400_get(FSMSTATE) & 0x1f) != STATE_STROBE_FS_ON);
    584c:	200e      	movs	r0, #14
    584e:	f003 fcef 	bl	9230 <cc2400_get>
    5852:	f000 001f 	and.w	r0, r0, #31
    5856:	280f      	cmp	r0, #15
    5858:	d1f8      	bne.n	584c <br_transmit+0x214>
		cc2400_strobe(STX);
    585a:	2063      	movs	r0, #99	@ 0x63
    585c:	f003 fd83 	bl	9366 <cc2400_strobe>
		handle_usb(clkn);
    5860:	6838      	ldr	r0, [r7, #0]
    5862:	f001 fb61 	bl	6f28 <handle_usb>
    5866:	e7b3      	b.n	57d0 <br_transmit+0x198>
	PAEN_CLR;
    5868:	2280      	movs	r2, #128	@ 0x80
    586a:	4b07      	ldr	r3, [pc, #28]	@ (5888 <br_transmit+0x250>)
	cc2400_set(IOCFG, gio_save);
    586c:	4641      	mov	r1, r8
    586e:	2008      	movs	r0, #8
	PAEN_CLR;
    5870:	65da      	str	r2, [r3, #92]	@ 0x5c
	cc2400_set(IOCFG, gio_save);
    5872:	f003 fce6 	bl	9242 <cc2400_set>
}
    5876:	b005      	add	sp, #20
    5878:	e8bd 83f0 	ldmia.w	sp!, {r4, r5, r6, r7, r8, r9, pc}
    587c:	10000b98 	.word	0x10000b98
    5880:	10000020 	.word	0x10000020
    5884:	100006fc 	.word	0x100006fc
    5888:	2009c000 	.word	0x2009c000
    588c:	10002e20 	.word	0x10002e20

00005890 <reset_le>:
void reset_le() {
    5890:	b508      	push	{r3, lr}
	le_set_access_address(0x8e89bed6);     // advertising channel access address
    5892:	480e      	ldr	r0, [pc, #56]	@ (58cc <reset_le+0x3c>)
    5894:	f7fe fd02 	bl	429c <le_set_access_address>
	le.last_packet = 0;
    5898:	2200      	movs	r2, #0
    589a:	4b0d      	ldr	r3, [pc, #52]	@ (58d0 <reset_le+0x40>)
	le.crc_init_reversed = 0xAAAAAA;
    589c:	480d      	ldr	r0, [pc, #52]	@ (58d4 <reset_le+0x44>)
    589e:	490e      	ldr	r1, [pc, #56]	@ (58d8 <reset_le+0x48>)
	le.interval_timer = 0;
    58a0:	839a      	strh	r2, [r3, #28]
	le.crc_init_reversed = 0xAAAAAA;
    58a2:	e9c3 0102 	strd	r0, r1, [r3, #8]
	le.conn_count = 0;
    58a6:	841a      	strh	r2, [r3, #32]
	le.update_instant = 0;
    58a8:	e9c3 220a 	strd	r2, r2, [r3, #40]	@ 0x28
	le.last_packet = 0;
    58ac:	649a      	str	r2, [r3, #72]	@ 0x48
	le.crc_verify = 0;
    58ae:	611a      	str	r2, [r3, #16]
	le.link_state = LINK_INACTIVE;
    58b0:	829a      	strh	r2, [r3, #20]
	le.channel_increment = 0;
    58b2:	759a      	strb	r2, [r3, #22]
	le.conn_epoch = 0;
    58b4:	619a      	str	r2, [r3, #24]
	le.conn_interval = 0;
    58b6:	83da      	strh	r2, [r3, #30]
	le.win_size = 0;
    58b8:	f883 2022 	strb.w	r2, [r3, #34]	@ 0x22
	le.win_offset = 0;
    58bc:	849a      	strh	r2, [r3, #36]	@ 0x24
	le.win_size_update = 0;
    58be:	f883 2030 	strb.w	r2, [r3, #48]	@ 0x30
	le.win_offset_update = 0;
    58c2:	865a      	strh	r2, [r3, #50]	@ 0x32
	do_hop = 0;
    58c4:	4b05      	ldr	r3, [pc, #20]	@ (58dc <reset_le+0x4c>)
    58c6:	709a      	strb	r2, [r3, #2]
}
    58c8:	bd08      	pop	{r3, pc}
    58ca:	bf00      	nop
    58cc:	8e89bed6 	.word	0x8e89bed6
    58d0:	10000020 	.word	0x10000020
    58d4:	00555555 	.word	0x00555555
    58d8:	00aaaaaa 	.word	0x00aaaaaa
    58dc:	100006fc 	.word	0x100006fc

000058e0 <reset_le_promisc>:
void reset_le_promisc(void) {
    58e0:	b510      	push	{r4, lr}
	memset(&le_promisc, 0, sizeof(le_promisc));
    58e2:	4c06      	ldr	r4, [pc, #24]	@ (58fc <reset_le_promisc+0x1c>)
    58e4:	f44f 7284 	mov.w	r2, #264	@ 0x108
    58e8:	2100      	movs	r1, #0
    58ea:	f504 7061 	add.w	r0, r4, #900	@ 0x384
    58ee:	f7fe fc63 	bl	41b8 <memset>
	le_promisc.smallest_hop_interval = 0xffffffff;
    58f2:	f04f 33ff 	mov.w	r3, #4294967295	@ 0xffffffff
    58f6:	f8c4 3484 	str.w	r3, [r4, #1156]	@ 0x484
}
    58fa:	bd10      	pop	{r4, pc}
    58fc:	100006fc 	.word	0x100006fc

00005900 <bt_generic_le>:
{
    5900:	e92d 47f0 	stmdb	sp!, {r4, r5, r6, r7, r8, r9, sl, lr}
	modulation = MOD_BT_LOW_ENERGY;
    5904:	2301      	movs	r3, #1
    5906:	4c72      	ldr	r4, [pc, #456]	@ (5ad0 <bt_generic_le+0x1d0>)
{
    5908:	4607      	mov	r7, r0
	modulation = MOD_BT_LOW_ENERGY;
    590a:	7023      	strb	r3, [r4, #0]
	mode = active_mode;
    590c:	7520      	strb	r0, [r4, #20]
	reset_le();
    590e:	f7ff ffbf 	bl	5890 <reset_le>
	ISER0 = ISER0_ISE_USB;
    5912:	f04f 23e0 	mov.w	r3, #3758153728	@ 0xe000e000
    5916:	f04f 7280 	mov.w	r2, #16777216	@ 0x1000000
    591a:	f8c3 2100 	str.w	r2, [r3, #256]	@ 0x100
	RXLED_CLR;
    591e:	2210      	movs	r2, #16
    5920:	4b6c      	ldr	r3, [pc, #432]	@ (5ad4 <bt_generic_le+0x1d4>)
	hold = 0;
    5922:	2600      	movs	r6, #0
	RXLED_CLR;
    5924:	63da      	str	r2, [r3, #60]	@ 0x3c
	usb_queue_init();
    5926:	f001 fa93 	bl	6e50 <usb_queue_init>
	dio_ssp_init();
    592a:	f003 fc05 	bl	9138 <dio_ssp_init>
	dma_init_rx_symbols();
    592e:	f001 fc45 	bl	71bc <dma_init_rx_symbols>
	dio_ssp_start();
    5932:	f001 fcb9 	bl	72a8 <dio_ssp_start>
	cc2400_rx();
    5936:	f7fe fcbd 	bl	42b4 <cc2400_rx>
	cs_trigger_enable();
    593a:	f001 fb9f 	bl	707c <cs_trigger_enable>
			cc2400_set(FSDIV, channel - 1);
    593e:	f8df a198 	ldr.w	sl, [pc, #408]	@ 5ad8 <bt_generic_le+0x1d8>
		while ((rx_tc == 0) && (rx_err == 0))
    5942:	f8df 8198 	ldr.w	r8, [pc, #408]	@ 5adc <bt_generic_le+0x1dc>
	while (requested_mode == active_mode) {
    5946:	7d63      	ldrb	r3, [r4, #21]
    5948:	42bb      	cmp	r3, r7
    594a:	f040 808d 	bne.w	5a68 <bt_generic_le+0x168>
		if (requested_channel != 0) {
    594e:	88e3      	ldrh	r3, [r4, #6]
    5950:	b29b      	uxth	r3, r3
    5952:	b1cb      	cbz	r3, 5988 <bt_generic_le+0x88>
			cc2400_strobe(SRFOFF);
    5954:	2064      	movs	r0, #100	@ 0x64
    5956:	f003 fd06 	bl	9366 <cc2400_strobe>
			while ((cc2400_status() & FS_LOCK)); // need to wait for unlock?
    595a:	f003 fcfd 	bl	9358 <cc2400_status>
    595e:	0742      	lsls	r2, r0, #29
    5960:	d4fb      	bmi.n	595a <bt_generic_le+0x5a>
			cc2400_set(FSDIV, channel - 1);
    5962:	f8ba 104c 	ldrh.w	r1, [sl, #76]	@ 0x4c
    5966:	2002      	movs	r0, #2
    5968:	3901      	subs	r1, #1
    596a:	b289      	uxth	r1, r1
    596c:	f003 fc69 	bl	9242 <cc2400_set>
			cc2400_strobe(SFSON);
    5970:	2061      	movs	r0, #97	@ 0x61
    5972:	f003 fcf8 	bl	9366 <cc2400_strobe>
			while (!(cc2400_status() & FS_LOCK));
    5976:	f003 fcef 	bl	9358 <cc2400_status>
    597a:	0743      	lsls	r3, r0, #29
    597c:	d5fb      	bpl.n	5976 <bt_generic_le+0x76>
			cc2400_strobe(SRX);
    597e:	2062      	movs	r0, #98	@ 0x62
    5980:	f003 fcf1 	bl	9366 <cc2400_strobe>
			requested_channel = 0;
    5984:	2300      	movs	r3, #0
    5986:	80e3      	strh	r3, [r4, #6]
		if (do_hop) {
    5988:	78a3      	ldrb	r3, [r4, #2]
    598a:	4d52      	ldr	r5, [pc, #328]	@ (5ad4 <bt_generic_le+0x1d4>)
    598c:	2b00      	cmp	r3, #0
    598e:	d079      	beq.n	5a84 <bt_generic_le+0x184>
			hop();
    5990:	f7ff fcd6 	bl	5340 <hop>
		RXLED_CLR;
    5994:	2310      	movs	r3, #16
    5996:	63eb      	str	r3, [r5, #60]	@ 0x3c
		rssi_reset();
    5998:	f001 fada 	bl	6f50 <rssi_reset>
		rssi_at_trigger = INT8_MIN;
    599c:	f06f 057f 	mvn.w	r5, #127	@ 0x7f
    59a0:	f8df 913c 	ldr.w	r9, [pc, #316]	@ 5ae0 <bt_generic_le+0x1e0>
		while ((rx_tc == 0) && (rx_err == 0))
    59a4:	f8d8 3000 	ldr.w	r3, [r8]
    59a8:	b91b      	cbnz	r3, 59b2 <bt_generic_le+0xb2>
    59aa:	f8d9 3000 	ldr.w	r3, [r9]
    59ae:	2b00      	cmp	r3, #0
    59b0:	d06c      	beq.n	5a8c <bt_generic_le+0x18c>
		if (rx_err) {
    59b2:	f8d9 3000 	ldr.w	r3, [r9]
    59b6:	b11b      	cbz	r3, 59c0 <bt_generic_le+0xc0>
			status |= DMA_ERROR;
    59b8:	7ce3      	ldrb	r3, [r4, #19]
    59ba:	f043 0302 	orr.w	r3, r3, #2
    59be:	74e3      	strb	r3, [r4, #19]
		if (!rx_tc)
    59c0:	f8d8 3000 	ldr.w	r3, [r8]
    59c4:	2b00      	cmp	r3, #0
    59c6:	d07a      	beq.n	5abe <bt_generic_le+0x1be>
		if (rx_tc > 1)
    59c8:	f8d8 3000 	ldr.w	r3, [r8]
    59cc:	2b01      	cmp	r3, #1
			status |= DMA_OVERFLOW;
    59ce:	bf82      	ittt	hi
    59d0:	7ce3      	ldrbhi	r3, [r4, #19]
    59d2:	f043 0301 	orrhi.w	r3, r3, #1
    59d6:	74e3      	strbhi	r3, [r4, #19]
		rssi_iir_update(channel);
    59d8:	f8ba 004c 	ldrh.w	r0, [sl, #76]	@ 0x4c
    59dc:	b280      	uxth	r0, r0
    59de:	f001 faeb 	bl	6fb8 <rssi_iir_update>
		if (cs_trigger || cs_no_squelch) {
    59e2:	4a40      	ldr	r2, [pc, #256]	@ (5ae4 <bt_generic_le+0x1e4>)
    59e4:	4940      	ldr	r1, [pc, #256]	@ (5ae8 <bt_generic_le+0x1e8>)
    59e6:	7813      	ldrb	r3, [r2, #0]
    59e8:	7809      	ldrb	r1, [r1, #0]
    59ea:	430b      	orrs	r3, r1
    59ec:	d006      	beq.n	59fc <bt_generic_le+0xfc>
			status |= CS_TRIGGER;
    59ee:	7ce3      	ldrb	r3, [r4, #19]
			hold = CS_HOLD_TIME;
    59f0:	2602      	movs	r6, #2
			status |= CS_TRIGGER;
    59f2:	f043 0308 	orr.w	r3, r3, #8
    59f6:	74e3      	strb	r3, [r4, #19]
			cs_trigger = 0;
    59f8:	2300      	movs	r3, #0
    59fa:	7013      	strb	r3, [r2, #0]
		if (rssi_max >= (cs_threshold_cur + 54)) {
    59fc:	4b3b      	ldr	r3, [pc, #236]	@ (5aec <bt_generic_le+0x1ec>)
    59fe:	4a3c      	ldr	r2, [pc, #240]	@ (5af0 <bt_generic_le+0x1f0>)
    5a00:	f993 3000 	ldrsb.w	r3, [r3]
    5a04:	f992 2000 	ldrsb.w	r2, [r2]
    5a08:	3335      	adds	r3, #53	@ 0x35
    5a0a:	4293      	cmp	r3, r2
    5a0c:	da55      	bge.n	5aba <bt_generic_le+0x1ba>
			hold = CS_HOLD_TIME;
    5a0e:	2602      	movs	r6, #2
			status |= RSSI_TRIGGER;
    5a10:	7ce3      	ldrb	r3, [r4, #19]
    5a12:	f043 0310 	orr.w	r3, r3, #16
    5a16:	74e3      	strb	r3, [r4, #19]
		memcpy(unpacked, unpacked + DMA_SIZE*8, DMA_SIZE*8);
    5a18:	4936      	ldr	r1, [pc, #216]	@ (5af4 <bt_generic_le+0x1f4>)
    5a1a:	f44f 72c8 	mov.w	r2, #400	@ 0x190
    5a1e:	f5a1 70c8 	sub.w	r0, r1, #400	@ 0x190
    5a22:	f7fe fb53 	bl	40cc <__aeabi_memcpy>
		for (i = 0; i < DMA_SIZE; ++i) {
    5a26:	2300      	movs	r3, #0
    5a28:	4933      	ldr	r1, [pc, #204]	@ (5af8 <bt_generic_le+0x1f8>)
				unpacked[DMA_SIZE*8 + i * 8 + j] = (idle_rxbuf[i] & 0x80) >> 7;
    5a2a:	f8df c0d0 	ldr.w	ip, [pc, #208]	@ 5afc <bt_generic_le+0x1fc>
			hold = CS_HOLD_TIME;
    5a2e:	460d      	mov	r5, r1
			for (j = 0; j < 8; ++j) {
    5a30:	2200      	movs	r2, #0
				unpacked[DMA_SIZE*8 + i * 8 + j] = (idle_rxbuf[i] & 0x80) >> 7;
    5a32:	f8dc 0000 	ldr.w	r0, [ip]
			for (j = 0; j < 8; ++j) {
    5a36:	3201      	adds	r2, #1
				unpacked[DMA_SIZE*8 + i * 8 + j] = (idle_rxbuf[i] & 0x80) >> 7;
    5a38:	5cc0      	ldrb	r0, [r0, r3]
				idle_rxbuf[i] <<= 1;
    5a3a:	f8dc e000 	ldr.w	lr, [ip]
				unpacked[DMA_SIZE*8 + i * 8 + j] = (idle_rxbuf[i] & 0x80) >> 7;
    5a3e:	09c0      	lsrs	r0, r0, #7
    5a40:	f805 0f01 	strb.w	r0, [r5, #1]!
				idle_rxbuf[i] <<= 1;
    5a44:	f81e 0003 	ldrb.w	r0, [lr, r3]
			for (j = 0; j < 8; ++j) {
    5a48:	2a08      	cmp	r2, #8
				idle_rxbuf[i] <<= 1;
    5a4a:	ea4f 0040 	mov.w	r0, r0, lsl #1
    5a4e:	f80e 0003 	strb.w	r0, [lr, r3]
			for (j = 0; j < 8; ++j) {
    5a52:	d1ee      	bne.n	5a32 <bt_generic_le+0x132>
		for (i = 0; i < DMA_SIZE; ++i) {
    5a54:	3301      	adds	r3, #1
    5a56:	2b32      	cmp	r3, #50	@ 0x32
    5a58:	f101 0108 	add.w	r1, r1, #8
    5a5c:	d1e7      	bne.n	5a2e <bt_generic_le+0x12e>
		int ret = data_cb(unpacked);
    5a5e:	f8d4 348c 	ldr.w	r3, [r4, #1164]	@ 0x48c
    5a62:	4827      	ldr	r0, [pc, #156]	@ (5b00 <bt_generic_le+0x200>)
    5a64:	4798      	blx	r3
		if (!ret) break;
    5a66:	bb80      	cbnz	r0, 5aca <bt_generic_le+0x1ca>
	ICER0 = ICER0_ICE_USB;
    5a68:	f04f 23e0 	mov.w	r3, #3758153728	@ 0xe000e000
    5a6c:	f04f 7280 	mov.w	r2, #16777216	@ 0x1000000
    5a70:	f8c3 2180 	str.w	r2, [r3, #384]	@ 0x180
	cc2400_idle();
    5a74:	f7fe fccc 	bl	4410 <cc2400_idle>
	dio_ssp_stop();
    5a78:	f001 fc34 	bl	72e4 <dio_ssp_stop>
}
    5a7c:	e8bd 47f0 	ldmia.w	sp!, {r4, r5, r6, r7, r8, r9, sl, lr}
	cs_trigger_disable();
    5a80:	f001 bb14 	b.w	70ac <cs_trigger_disable>
			TXLED_CLR;
    5a84:	f44f 7380 	mov.w	r3, #256	@ 0x100
    5a88:	63eb      	str	r3, [r5, #60]	@ 0x3c
    5a8a:	e783      	b.n	5994 <bt_generic_le+0x94>
			rssi = (int8_t)(cc2400_get(RSSI) >> 8);
    5a8c:	2006      	movs	r0, #6
    5a8e:	f003 fbcf 	bl	9230 <cc2400_get>
			if (cs_trigger && (rssi_at_trigger == INT8_MIN)) {
    5a92:	4b14      	ldr	r3, [pc, #80]	@ (5ae4 <bt_generic_le+0x1e4>)
			rssi = (int8_t)(cc2400_get(RSSI) >> 8);
    5a94:	f340 2007 	sbfx	r0, r0, #8, #8
			if (cs_trigger && (rssi_at_trigger == INT8_MIN)) {
    5a98:	781b      	ldrb	r3, [r3, #0]
    5a9a:	b15b      	cbz	r3, 5ab4 <bt_generic_le+0x1b4>
    5a9c:	f115 0f80 	cmn.w	r5, #128	@ 0x80
    5aa0:	d108      	bne.n	5ab4 <bt_generic_le+0x1b4>
				rssi = MAX(rssi,(cs_threshold_cur+54));
    5aa2:	4b12      	ldr	r3, [pc, #72]	@ (5aec <bt_generic_le+0x1ec>)
    5aa4:	f993 5000 	ldrsb.w	r5, [r3]
    5aa8:	3536      	adds	r5, #54	@ 0x36
    5aaa:	4285      	cmp	r5, r0
    5aac:	bfb8      	it	lt
    5aae:	4605      	movlt	r5, r0
    5ab0:	b26d      	sxtb	r5, r5
				rssi_at_trigger = rssi;
    5ab2:	4628      	mov	r0, r5
			rssi_add(rssi);
    5ab4:	f001 fa62 	bl	6f7c <rssi_add>
    5ab8:	e774      	b.n	59a4 <bt_generic_le+0xa4>
		if (hold == 0) {
    5aba:	2e00      	cmp	r6, #0
    5abc:	d1ac      	bne.n	5a18 <bt_generic_le+0x118>
		rx_tc = 0;
    5abe:	2300      	movs	r3, #0
    5ac0:	f8c8 3000 	str.w	r3, [r8]
		rx_err = 0;
    5ac4:	f8c9 3000 	str.w	r3, [r9]
    5ac8:	e73d      	b.n	5946 <bt_generic_le+0x46>
		hold--;
    5aca:	3e01      	subs	r6, #1
    5acc:	b2f6      	uxtb	r6, r6
    5ace:	e7f6      	b.n	5abe <bt_generic_le+0x1be>
    5ad0:	100006fc 	.word	0x100006fc
    5ad4:	2009c000 	.word	0x2009c000
    5ad8:	10000020 	.word	0x10000020
    5adc:	10002ec4 	.word	0x10002ec4
    5ae0:	10002ec8 	.word	0x10002ec8
    5ae4:	10002e1d 	.word	0x10002e1d
    5ae8:	10002e1c 	.word	0x10002e1c
    5aec:	10002e1b 	.word	0x10002e1b
    5af0:	10002e18 	.word	0x10002e18
    5af4:	100008ec 	.word	0x100008ec
    5af8:	100008eb 	.word	0x100008eb
    5afc:	10002ed0 	.word	0x10002ed0
    5b00:	1000075c 	.word	0x1000075c

00005b04 <bt_le_sync>:
{
    5b04:	e92d 4ff0 	stmdb	sp!, {r4, r5, r6, r7, r8, r9, sl, fp, lr}
    5b08:	b091      	sub	sp, #68	@ 0x44
	modulation = MOD_BT_LOW_ENERGY;
    5b0a:	2301      	movs	r3, #1
    5b0c:	4cae      	ldr	r4, [pc, #696]	@ (5dc8 <bt_le_sync+0x2c4>)
	le.link_state = LINK_LISTENING;
    5b0e:	4daf      	ldr	r5, [pc, #700]	@ (5dcc <bt_le_sync+0x2c8>)
	modulation = MOD_BT_LOW_ENERGY;
    5b10:	7023      	strb	r3, [r4, #0]
	le.link_state = LINK_LISTENING;
    5b12:	752b      	strb	r3, [r5, #20]
	ISER0 = ISER0_ISE_USB;
    5b14:	f04f 7280 	mov.w	r2, #16777216	@ 0x1000000
    5b18:	f04f 23e0 	mov.w	r3, #3758153728	@ 0xe000e000
	mode = active_mode;
    5b1c:	7520      	strb	r0, [r4, #20]
	ISER0 = ISER0_ISE_USB;
    5b1e:	f8c3 2100 	str.w	r2, [r3, #256]	@ 0x100
	RXLED_CLR;
    5b22:	2210      	movs	r2, #16
    5b24:	4baa      	ldr	r3, [pc, #680]	@ (5dd0 <bt_le_sync+0x2cc>)
{
    5b26:	4607      	mov	r7, r0
	RXLED_CLR;
    5b28:	63da      	str	r2, [r3, #60]	@ 0x3c
	usb_queue_init();
    5b2a:	f001 f991 	bl	6e50 <usb_queue_init>
	dio_ssp_init();
    5b2e:	f003 fb03 	bl	9138 <dio_ssp_init>
	dma_init_le();
    5b32:	f001 fb7d 	bl	7230 <dma_init_le>
	dio_ssp_start();
    5b36:	f001 fbb7 	bl	72a8 <dio_ssp_start>
	cc2400_rx_sync(rbit(le.access_address)); // bit-reversed access address
    5b3a:	6828      	ldr	r0, [r5, #0]
    5b3c:	f003 fa9e 	bl	907c <rbit>
    5b40:	f7fe fc0c 	bl	435c <cc2400_rx_sync>
		while ((rx_tc == 0) && (rx_err == 0) && (do_hop == 0) && requested_mode == active_mode)
    5b44:	f8df 928c 	ldr.w	r9, [pc, #652]	@ 5dd4 <bt_le_sync+0x2d0>
	while (requested_mode == active_mode) {
    5b48:	7d63      	ldrb	r3, [r4, #21]
    5b4a:	42bb      	cmp	r3, r7
    5b4c:	f040 8115 	bne.w	5d7a <bt_le_sync+0x276>
		if (requested_channel != 0) {
    5b50:	88e3      	ldrh	r3, [r4, #6]
    5b52:	b29b      	uxth	r3, r3
    5b54:	b1cb      	cbz	r3, 5b8a <bt_le_sync+0x86>
			cc2400_strobe(SRFOFF);
    5b56:	2064      	movs	r0, #100	@ 0x64
    5b58:	f003 fc05 	bl	9366 <cc2400_strobe>
			while ((cc2400_status() & FS_LOCK)); // need to wait for unlock?
    5b5c:	f003 fbfc 	bl	9358 <cc2400_status>
    5b60:	0743      	lsls	r3, r0, #29
    5b62:	d4fb      	bmi.n	5b5c <bt_le_sync+0x58>
			cc2400_set(FSDIV, channel - 1);
    5b64:	f8b5 104c 	ldrh.w	r1, [r5, #76]	@ 0x4c
    5b68:	2002      	movs	r0, #2
    5b6a:	3901      	subs	r1, #1
    5b6c:	b289      	uxth	r1, r1
    5b6e:	f003 fb68 	bl	9242 <cc2400_set>
			cc2400_strobe(SFSON);
    5b72:	2061      	movs	r0, #97	@ 0x61
    5b74:	f003 fbf7 	bl	9366 <cc2400_strobe>
			while (!(cc2400_status() & FS_LOCK));
    5b78:	f003 fbee 	bl	9358 <cc2400_status>
    5b7c:	0746      	lsls	r6, r0, #29
    5b7e:	d5fb      	bpl.n	5b78 <bt_le_sync+0x74>
			cc2400_strobe(SRX);
    5b80:	2062      	movs	r0, #98	@ 0x62
    5b82:	f003 fbf0 	bl	9366 <cc2400_strobe>
			requested_channel = 0;
    5b86:	2300      	movs	r3, #0
    5b88:	80e3      	strh	r3, [r4, #6]
		RXLED_CLR;
    5b8a:	2210      	movs	r2, #16
    5b8c:	4b90      	ldr	r3, [pc, #576]	@ (5dd0 <bt_le_sync+0x2cc>)
    5b8e:	63da      	str	r2, [r3, #60]	@ 0x3c
		rssi_reset();
    5b90:	f001 f9de 	bl	6f50 <rssi_reset>
		while ((rx_tc == 0) && (rx_err == 0) && (do_hop == 0) && requested_mode == active_mode)
    5b94:	4a90      	ldr	r2, [pc, #576]	@ (5dd8 <bt_le_sync+0x2d4>)
    5b96:	f8d9 3000 	ldr.w	r3, [r9]
    5b9a:	b933      	cbnz	r3, 5baa <bt_le_sync+0xa6>
    5b9c:	6813      	ldr	r3, [r2, #0]
    5b9e:	b923      	cbnz	r3, 5baa <bt_le_sync+0xa6>
    5ba0:	78a3      	ldrb	r3, [r4, #2]
    5ba2:	b913      	cbnz	r3, 5baa <bt_le_sync+0xa6>
    5ba4:	7d63      	ldrb	r3, [r4, #21]
    5ba6:	42bb      	cmp	r3, r7
    5ba8:	d0f5      	beq.n	5b96 <bt_le_sync+0x92>
		rssi = (int8_t)(cc2400_get(RSSI) >> 8);
    5baa:	2006      	movs	r0, #6
    5bac:	f003 fb40 	bl	9230 <cc2400_get>
		rssi_min = rssi_max = rssi;
    5bb0:	4b8a      	ldr	r3, [pc, #552]	@ (5ddc <bt_le_sync+0x2d8>)
		rssi = (int8_t)(cc2400_get(RSSI) >> 8);
    5bb2:	0a00      	lsrs	r0, r0, #8
		rssi_min = rssi_max = rssi;
    5bb4:	7018      	strb	r0, [r3, #0]
    5bb6:	4b8a      	ldr	r3, [pc, #552]	@ (5de0 <bt_le_sync+0x2dc>)
    5bb8:	7018      	strb	r0, [r3, #0]
		if (requested_mode != active_mode) {
    5bba:	7d63      	ldrb	r3, [r4, #21]
    5bbc:	42bb      	cmp	r3, r7
    5bbe:	f040 80dc 	bne.w	5d7a <bt_le_sync+0x276>
		if (rx_err) {
    5bc2:	f8df 8214 	ldr.w	r8, [pc, #532]	@ 5dd8 <bt_le_sync+0x2d4>
    5bc6:	f8d8 3000 	ldr.w	r3, [r8]
    5bca:	b11b      	cbz	r3, 5bd4 <bt_le_sync+0xd0>
			status |= DMA_ERROR;
    5bcc:	7ce3      	ldrb	r3, [r4, #19]
    5bce:	f043 0302 	orr.w	r3, r3, #2
    5bd2:	74e3      	strb	r3, [r4, #19]
		if (do_hop)
    5bd4:	78a3      	ldrb	r3, [r4, #2]
    5bd6:	f003 01ff 	and.w	r1, r3, #255	@ 0xff
    5bda:	2b00      	cmp	r3, #0
    5bdc:	f040 8096 	bne.w	5d0c <bt_le_sync+0x208>
		if (!rx_tc)
    5be0:	f8d9 3000 	ldr.w	r3, [r9]
    5be4:	2b00      	cmp	r3, #0
    5be6:	d0af      	beq.n	5b48 <bt_le_sync+0x44>
		uint32_t packet[48/4+1] = { 0, };
    5be8:	f04f 0a30 	mov.w	sl, #48	@ 0x30
    5bec:	a804      	add	r0, sp, #16
    5bee:	4652      	mov	r2, sl
    5bf0:	f7fe fae2 	bl	41b8 <memset>
		const uint32_t *whit = whitening_word[btle_channel_index(channel)];
    5bf4:	f8b5 004c 	ldrh.w	r0, [r5, #76]	@ 0x4c
		packet[0] = le.access_address;
    5bf8:	682b      	ldr	r3, [r5, #0]
		const uint32_t *whit = whitening_word[btle_channel_index(channel)];
    5bfa:	b280      	uxth	r0, r0
		packet[0] = le.access_address;
    5bfc:	9303      	str	r3, [sp, #12]
		const uint32_t *whit = whitening_word[btle_channel_index(channel)];
    5bfe:	f000 ffc3 	bl	6b88 <btle_channel_index>
			uint32_t v = rxbuf1[i+0] << 24
    5c02:	4b78      	ldr	r3, [pc, #480]	@ (5de4 <bt_le_sync+0x2e0>)
		const uint32_t *whit = whitening_word[btle_channel_index(channel)];
    5c04:	fb0a fa00 	mul.w	sl, sl, r0
			uint32_t v = rxbuf1[i+0] << 24
    5c08:	f893 c000 	ldrb.w	ip, [r3]
					   | rxbuf1[i+1] << 16
    5c0c:	7859      	ldrb	r1, [r3, #1]
					   | rxbuf1[i+2] << 8
    5c0e:	7898      	ldrb	r0, [r3, #2]
					   | rxbuf1[i+1] << 16
    5c10:	0409      	lsls	r1, r1, #16
					   | rxbuf1[i+3] << 0;
    5c12:	78da      	ldrb	r2, [r3, #3]
					   | rxbuf1[i+1] << 16
    5c14:	ea41 610c 	orr.w	r1, r1, ip, lsl #24
					   | rxbuf1[i+3] << 0;
    5c18:	4311      	orrs	r1, r2
			packet[i/4+1] = rbit(v) ^ whit[i/4];
    5c1a:	ea41 2000 	orr.w	r0, r1, r0, lsl #8
    5c1e:	f003 fa2d 	bl	907c <rbit>
		const uint32_t *whit = whitening_word[btle_channel_index(channel)];
    5c22:	4e71      	ldr	r6, [pc, #452]	@ (5de8 <bt_le_sync+0x2e4>)
    5c24:	eb06 0b0a 	add.w	fp, r6, sl
			packet[i/4+1] = rbit(v) ^ whit[i/4];
    5c28:	f856 600a 	ldr.w	r6, [r6, sl]
    5c2c:	4046      	eors	r6, r0
    5c2e:	9604      	str	r6, [sp, #16]
		unsigned len = (p[5] & 0x3f) + 2;
    5c30:	f3c6 2605 	ubfx	r6, r6, #8, #6
    5c34:	f106 0a02 	add.w	sl, r6, #2
		if (len > 39)
    5c38:	f1ba 0f27 	cmp.w	sl, #39	@ 0x27
    5c3c:	d866      	bhi.n	5d0c <bt_le_sync+0x208>
		unsigned total_transfers = ((len + 3) + 4 - 1) / 4;
    5c3e:	08b2      	lsrs	r2, r6, #2
		if (total_transfers < 11) {
    5c40:	2a09      	cmp	r2, #9
    5c42:	4b68      	ldr	r3, [pc, #416]	@ (5de4 <bt_le_sync+0x2e0>)
		unsigned total_transfers = ((len + 3) + 4 - 1) / 4;
    5c44:	f102 0102 	add.w	r1, r2, #2
		if (total_transfers < 11) {
    5c48:	d109      	bne.n	5c5e <bt_le_sync+0x15a>
			while (DMACC0Config & DMACCxConfig_E && rx_err == 0)
    5c4a:	4a68      	ldr	r2, [pc, #416]	@ (5dec <bt_le_sync+0x2e8>)
    5c4c:	f8d2 3110 	ldr.w	r3, [r2, #272]	@ 0x110
    5c50:	07d8      	lsls	r0, r3, #31
    5c52:	d50f      	bpl.n	5c74 <bt_le_sync+0x170>
    5c54:	f8d8 3000 	ldr.w	r3, [r8]
    5c58:	2b00      	cmp	r3, #0
    5c5a:	d0f7      	beq.n	5c4c <bt_le_sync+0x148>
    5c5c:	e00a      	b.n	5c74 <bt_le_sync+0x170>
			while (DMACC0DestAddr < (uint32_t)rxbuf1 + 4 * total_transfers && rx_err == 0)
    5c5e:	eb03 0381 	add.w	r3, r3, r1, lsl #2
    5c62:	4962      	ldr	r1, [pc, #392]	@ (5dec <bt_le_sync+0x2e8>)
    5c64:	f8d1 2104 	ldr.w	r2, [r1, #260]	@ 0x104
    5c68:	429a      	cmp	r2, r3
    5c6a:	d203      	bcs.n	5c74 <bt_le_sync+0x170>
    5c6c:	f8d8 2000 	ldr.w	r2, [r8]
    5c70:	2a00      	cmp	r2, #0
    5c72:	d0f7      	beq.n	5c64 <bt_le_sync+0x160>
		DIO_SSP_DMACR &= ~SSPDMACR_RXDMAE;
    5c74:	4a5e      	ldr	r2, [pc, #376]	@ (5df0 <bt_le_sync+0x2ec>)
		cc2400_strobe(SFSON);
    5c76:	2061      	movs	r0, #97	@ 0x61
		DIO_SSP_DMACR &= ~SSPDMACR_RXDMAE;
    5c78:	6a53      	ldr	r3, [r2, #36]	@ 0x24
    5c7a:	f023 0301 	bic.w	r3, r3, #1
    5c7e:	6253      	str	r3, [r2, #36]	@ 0x24
		cc2400_strobe(SFSON);
    5c80:	f003 fb71 	bl	9366 <cc2400_strobe>
		for (i = 4; i < 44; i += 4) {
    5c84:	2304      	movs	r3, #4
			uint32_t v = rxbuf1[i+0] << 24
    5c86:	4957      	ldr	r1, [pc, #348]	@ (5de4 <bt_le_sync+0x2e0>)
					   | rxbuf1[i+1] << 16
    5c88:	1c5a      	adds	r2, r3, #1
			uint32_t v = rxbuf1[i+0] << 24
    5c8a:	f811 e003 	ldrb.w	lr, [r1, r3]
					   | rxbuf1[i+1] << 16
    5c8e:	f811 c002 	ldrb.w	ip, [r1, r2]
					   | rxbuf1[i+2] << 8
    5c92:	1c9a      	adds	r2, r3, #2
    5c94:	5c88      	ldrb	r0, [r1, r2]
					   | rxbuf1[i+3] << 0;
    5c96:	1cda      	adds	r2, r3, #3
    5c98:	5c8a      	ldrb	r2, [r1, r2]
    5c9a:	9301      	str	r3, [sp, #4]
    5c9c:	ea42 620e 	orr.w	r2, r2, lr, lsl #24
    5ca0:	ea42 420c 	orr.w	r2, r2, ip, lsl #16
			packet[i/4+1] = rbit(v) ^ whit[i/4];
    5ca4:	ea42 2000 	orr.w	r0, r2, r0, lsl #8
    5ca8:	f003 f9e8 	bl	907c <rbit>
    5cac:	9b01      	ldr	r3, [sp, #4]
    5cae:	f85b 1003 	ldr.w	r1, [fp, r3]
    5cb2:	f023 0203 	bic.w	r2, r3, #3
    5cb6:	3240      	adds	r2, #64	@ 0x40
		for (i = 4; i < 44; i += 4) {
    5cb8:	3304      	adds	r3, #4
			packet[i/4+1] = rbit(v) ^ whit[i/4];
    5cba:	4048      	eors	r0, r1
    5cbc:	446a      	add	r2, sp
		for (i = 4; i < 44; i += 4) {
    5cbe:	2b2c      	cmp	r3, #44	@ 0x2c
    5cc0:	4948      	ldr	r1, [pc, #288]	@ (5de4 <bt_le_sync+0x2e0>)
			packet[i/4+1] = rbit(v) ^ whit[i/4];
    5cc2:	f842 0c30 	str.w	r0, [r2, #-48]
		for (i = 4; i < 44; i += 4) {
    5cc6:	d1df      	bne.n	5c88 <bt_le_sync+0x184>
		if (le.crc_verify) {
    5cc8:	692b      	ldr	r3, [r5, #16]
    5cca:	2b00      	cmp	r3, #0
    5ccc:	d164      	bne.n	5d98 <bt_le_sync+0x294>
		RXLED_SET;
    5cce:	2210      	movs	r2, #16
		ICER0 = ICER0_ICE_USB;
    5cd0:	f04f 26e0 	mov.w	r6, #3758153728	@ 0xe000e000
    5cd4:	f04f 7a80 	mov.w	sl, #16777216	@ 0x1000000
		RXLED_SET;
    5cd8:	4b3d      	ldr	r3, [pc, #244]	@ (5dd0 <bt_le_sync+0x2cc>)
		packet_cb((uint8_t *)packet);
    5cda:	a803      	add	r0, sp, #12
		RXLED_SET;
    5cdc:	639a      	str	r2, [r3, #56]	@ 0x38
		packet_cb((uint8_t *)packet);
    5cde:	f8d4 3380 	ldr.w	r3, [r4, #896]	@ 0x380
    5ce2:	4798      	blx	r3
		enqueue(LE_PACKET, (uint8_t *)packet);
    5ce4:	a903      	add	r1, sp, #12
    5ce6:	2001      	movs	r0, #1
		ICER0 = ICER0_ICE_USB;
    5ce8:	f8c6 a180 	str.w	sl, [r6, #384]	@ 0x180
		enqueue(LE_PACKET, (uint8_t *)packet);
    5cec:	f7fe ffec 	bl	4cc8 <enqueue.isra.0>
		le.last_packet = CLK100NS;
    5cf0:	4b40      	ldr	r3, [pc, #256]	@ (5df4 <bt_le_sync+0x2f0>)
		ISER0 = ISER0_ISE_USB;
    5cf2:	f8c6 a100 	str.w	sl, [r6, #256]	@ 0x100
		le.last_packet = CLK100NS;
    5cf6:	681a      	ldr	r2, [r3, #0]
    5cf8:	f04f 2340 	mov.w	r3, #1073758208	@ 0x40004000
    5cfc:	f640 4135 	movw	r1, #3125	@ 0xc35
    5d00:	689b      	ldr	r3, [r3, #8]
    5d02:	f3c2 0213 	ubfx	r2, r2, #0, #20
    5d06:	fb01 3302 	mla	r3, r1, r2, r3
    5d0a:	64ab      	str	r3, [r5, #72]	@ 0x48
		cc2400_strobe(SFSON);
    5d0c:	2061      	movs	r0, #97	@ 0x61
    5d0e:	f003 fb2a 	bl	9366 <cc2400_strobe>
		DIO_SSP_DMACR &= ~SSPDMACR_RXDMAE;
    5d12:	4b37      	ldr	r3, [pc, #220]	@ (5df0 <bt_le_sync+0x2ec>)
    5d14:	6a5a      	ldr	r2, [r3, #36]	@ 0x24
    5d16:	f022 0201 	bic.w	r2, r2, #1
    5d1a:	625a      	str	r2, [r3, #36]	@ 0x24
		while (SSP1SR & SSPSR_RNE) {
    5d1c:	68da      	ldr	r2, [r3, #12]
    5d1e:	0751      	lsls	r1, r2, #29
    5d20:	d450      	bmi.n	5dc4 <bt_le_sync+0x2c0>
		u32 now = CLK100NS;
    5d22:	4b34      	ldr	r3, [pc, #208]	@ (5df4 <bt_le_sync+0x2f0>)
    5d24:	f640 4135 	movw	r1, #3125	@ 0xc35
    5d28:	681a      	ldr	r2, [r3, #0]
    5d2a:	f04f 2340 	mov.w	r3, #1073758208	@ 0x40004000
    5d2e:	689b      	ldr	r3, [r3, #8]
    5d30:	f3c2 0213 	ubfx	r2, r2, #0, #20
    5d34:	fb01 3302 	mla	r3, r1, r2, r3
		if (now < le.last_packet)
    5d38:	6ca9      	ldr	r1, [r5, #72]	@ 0x48
			now += 3276800000; // handle rollover
    5d3a:	f103 4243 	add.w	r2, r3, #3271557120	@ 0xc3000000
    5d3e:	f502 02a0 	add.w	r2, r2, #5242880	@ 0x500000
    5d42:	4299      	cmp	r1, r3
    5d44:	bf88      	it	hi
    5d46:	4613      	movhi	r3, r2
			((le.link_state == LINK_CONNECTED || le.link_state == LINK_CONN_PENDING)
    5d48:	7d2a      	ldrb	r2, [r5, #20]
    5d4a:	3a02      	subs	r2, #2
		if  ( // timeout
    5d4c:	b2d2      	uxtb	r2, r2
    5d4e:	2a01      	cmp	r2, #1
    5d50:	d803      	bhi.n	5d5a <bt_le_sync+0x256>
			&& (now - le.last_packet > 50000000))
    5d52:	4a29      	ldr	r2, [pc, #164]	@ (5df8 <bt_le_sync+0x2f4>)
    5d54:	1a5b      	subs	r3, r3, r1
    5d56:	4293      	cmp	r3, r2
    5d58:	d802      	bhi.n	5d60 <bt_le_sync+0x25c>
			|| (le_jam_count == 1)
    5d5a:	69a3      	ldr	r3, [r4, #24]
    5d5c:	2b01      	cmp	r3, #1
    5d5e:	d163      	bne.n	5e28 <bt_le_sync+0x324>
			reset_le();
    5d60:	f7ff fd96 	bl	5890 <reset_le>
			le_jam_count = 0;
    5d64:	2300      	movs	r3, #0
			TXLED_CLR;
    5d66:	f44f 7180 	mov.w	r1, #256	@ 0x100
    5d6a:	4a19      	ldr	r2, [pc, #100]	@ (5dd0 <bt_le_sync+0x2cc>)
			le_jam_count = 0;
    5d6c:	61a3      	str	r3, [r4, #24]
			TXLED_CLR;
    5d6e:	63d1      	str	r1, [r2, #60]	@ 0x3c
			if (jam_mode == JAM_ONCE) {
    5d70:	7da2      	ldrb	r2, [r4, #22]
    5d72:	2a01      	cmp	r2, #1
    5d74:	d142      	bne.n	5dfc <bt_le_sync+0x2f8>
				jam_mode = JAM_NONE;
    5d76:	75a3      	strb	r3, [r4, #22]
				requested_mode = MODE_IDLE;
    5d78:	7563      	strb	r3, [r4, #21]
	ICER0 = ICER0_ICE_USB;
    5d7a:	f04f 23e0 	mov.w	r3, #3758153728	@ 0xe000e000
    5d7e:	f04f 7280 	mov.w	r2, #16777216	@ 0x1000000
    5d82:	f8c3 2180 	str.w	r2, [r3, #384]	@ 0x180
	cc2400_idle();
    5d86:	f7fe fb43 	bl	4410 <cc2400_idle>
	dio_ssp_stop();
    5d8a:	f001 faab 	bl	72e4 <dio_ssp_stop>
}
    5d8e:	b011      	add	sp, #68	@ 0x44
    5d90:	e8bd 4ff0 	ldmia.w	sp!, {r4, r5, r6, r7, r8, r9, sl, fp, lr}
	cs_trigger_disable();
    5d94:	f001 b98a 	b.w	70ac <cs_trigger_disable>
			u32 calc_crc = btle_crcgen_lut(le.crc_init_reversed, p + 4, len);
    5d98:	4652      	mov	r2, sl
    5d9a:	68e8      	ldr	r0, [r5, #12]
    5d9c:	a904      	add	r1, sp, #16
    5d9e:	f000 ff79 	bl	6c94 <btle_crcgen_lut>
			u32 wire_crc = (p[4+len+2] << 16)
    5da2:	f106 0340 	add.w	r3, r6, #64	@ 0x40
    5da6:	eb0d 0603 	add.w	r6, sp, r3
						 | (p[4+len+1] << 8)
    5daa:	f816 3c2d 	ldrb.w	r3, [r6, #-45]
			u32 wire_crc = (p[4+len+2] << 16)
    5dae:	f816 2c2c 	ldrb.w	r2, [r6, #-44]
						 | (p[4+len+1] << 8)
    5db2:	021b      	lsls	r3, r3, #8
    5db4:	ea43 4302 	orr.w	r3, r3, r2, lsl #16
						 | (p[4+len+0] << 0);
    5db8:	f816 2c2e 	ldrb.w	r2, [r6, #-46]
    5dbc:	4313      	orrs	r3, r2
			if (calc_crc != wire_crc) // skip packets with a bad CRC
    5dbe:	4298      	cmp	r0, r3
    5dc0:	d085      	beq.n	5cce <bt_le_sync+0x1ca>
    5dc2:	e7a3      	b.n	5d0c <bt_le_sync+0x208>
			u8 tmp = (u8)DIO_SSP_DR;
    5dc4:	689a      	ldr	r2, [r3, #8]
    5dc6:	e7a9      	b.n	5d1c <bt_le_sync+0x218>
    5dc8:	100006fc 	.word	0x100006fc
    5dcc:	10000020 	.word	0x10000020
    5dd0:	2009c000 	.word	0x2009c000
    5dd4:	10002ec4 	.word	0x10002ec4
    5dd8:	10002ec8 	.word	0x10002ec8
    5ddc:	10002e18 	.word	0x10002e18
    5de0:	10002e19 	.word	0x10002e19
    5de4:	10002e4c 	.word	0x10002e4c
    5de8:	0000a2f0 	.word	0x0000a2f0
    5dec:	50004000 	.word	0x50004000
    5df0:	40030000 	.word	0x40030000
    5df4:	10002e20 	.word	0x10002e20
    5df8:	02faf080 	.word	0x02faf080
			if (active_mode == MODE_BT_PROMISC_LE)
    5dfc:	2f0a      	cmp	r7, #10
    5dfe:	d0bc      	beq.n	5d7a <bt_le_sync+0x276>
			le.link_state = LINK_LISTENING;
    5e00:	2301      	movs	r3, #1
			cc2400_strobe(SRFOFF);
    5e02:	2064      	movs	r0, #100	@ 0x64
			le.link_state = LINK_LISTENING;
    5e04:	752b      	strb	r3, [r5, #20]
			cc2400_strobe(SRFOFF);
    5e06:	f003 faae 	bl	9366 <cc2400_strobe>
			while ((cc2400_status() & FS_LOCK));
    5e0a:	f003 faa5 	bl	9358 <cc2400_status>
    5e0e:	0742      	lsls	r2, r0, #29
    5e10:	d4fb      	bmi.n	5e0a <bt_le_sync+0x306>
			channel = le_adv_channel != 0 ? le_adv_channel : 2402;
    5e12:	f8b5 3050 	ldrh.w	r3, [r5, #80]	@ 0x50
    5e16:	b29b      	uxth	r3, r3
    5e18:	b303      	cbz	r3, 5e5c <bt_le_sync+0x358>
    5e1a:	f8b5 3050 	ldrh.w	r3, [r5, #80]	@ 0x50
    5e1e:	f8a5 304c 	strh.w	r3, [r5, #76]	@ 0x4c
			restart_jamming = 1;
    5e22:	2301      	movs	r3, #1
    5e24:	f8c4 3490 	str.w	r3, [r4, #1168]	@ 0x490
		cc2400_set(SYNCL, le.syncl);
    5e28:	202c      	movs	r0, #44	@ 0x2c
    5e2a:	88e9      	ldrh	r1, [r5, #6]
    5e2c:	f003 fa09 	bl	9242 <cc2400_set>
		cc2400_set(SYNCH, le.synch);
    5e30:	202d      	movs	r0, #45	@ 0x2d
    5e32:	88a9      	ldrh	r1, [r5, #4]
    5e34:	f003 fa05 	bl	9242 <cc2400_set>
		if (do_hop)
    5e38:	78a3      	ldrb	r3, [r4, #2]
    5e3a:	b10b      	cbz	r3, 5e40 <bt_le_sync+0x33c>
			hop();
    5e3c:	f7ff fa80 	bl	5340 <hop>
		if (le_jam_count > 0) {
    5e40:	69a3      	ldr	r3, [r4, #24]
    5e42:	2b00      	cmp	r3, #0
    5e44:	dd0d      	ble.n	5e62 <bt_le_sync+0x35e>
			le_jam();
    5e46:	f7ff fa3f 	bl	52c8 <le_jam>
			--le_jam_count;
    5e4a:	69a3      	ldr	r3, [r4, #24]
    5e4c:	3b01      	subs	r3, #1
    5e4e:	61a3      	str	r3, [r4, #24]
		rx_tc = 0;
    5e50:	2300      	movs	r3, #0
    5e52:	f8c9 3000 	str.w	r3, [r9]
		rx_err = 0;
    5e56:	f8c8 3000 	str.w	r3, [r8]
    5e5a:	e675      	b.n	5b48 <bt_le_sync+0x44>
			channel = le_adv_channel != 0 ? le_adv_channel : 2402;
    5e5c:	f640 1362 	movw	r3, #2402	@ 0x962
    5e60:	e7dd      	b.n	5e1e <bt_le_sync+0x31a>
			dma_init_le();
    5e62:	f001 f9e5 	bl	7230 <dma_init_le>
			dio_ssp_start();
    5e66:	f001 fa1f 	bl	72a8 <dio_ssp_start>
			if (restart_jamming) {
    5e6a:	f8d4 3490 	ldr.w	r3, [r4, #1168]	@ 0x490
    5e6e:	b143      	cbz	r3, 5e82 <bt_le_sync+0x37e>
				cc2400_rx_sync(rbit(le.access_address));
    5e70:	6828      	ldr	r0, [r5, #0]
    5e72:	f003 f903 	bl	907c <rbit>
    5e76:	f7fe fa71 	bl	435c <cc2400_rx_sync>
				restart_jamming = 0;
    5e7a:	2300      	movs	r3, #0
    5e7c:	f8c4 3490 	str.w	r3, [r4, #1168]	@ 0x490
    5e80:	e7e6      	b.n	5e50 <bt_le_sync+0x34c>
				while (!(cc2400_status() & FS_LOCK));
    5e82:	f003 fa69 	bl	9358 <cc2400_status>
    5e86:	0743      	lsls	r3, r0, #29
    5e88:	d5fb      	bpl.n	5e82 <bt_le_sync+0x37e>
				cc2400_strobe(SRX);
    5e8a:	2062      	movs	r0, #98	@ 0x62
    5e8c:	f003 fa6b 	bl	9366 <cc2400_strobe>
    5e90:	e7de      	b.n	5e50 <bt_le_sync+0x34c>
    5e92:	bf00      	nop

00005e94 <le_promisc_state>:
	bt_le_sync(MODE_BT_FOLLOW_LE);
	*/
}

// issue state change message
void le_promisc_state(u8 type, void *data, unsigned len) {
    5e94:	b570      	push	{r4, r5, r6, lr}
    5e96:	b08e      	sub	sp, #56	@ 0x38
    5e98:	4615      	mov	r5, r2
    5e9a:	460c      	mov	r4, r1
    5e9c:	4606      	mov	r6, r0
	u8 buf[50] = { 0, };
    5e9e:	2232      	movs	r2, #50	@ 0x32
    5ea0:	2100      	movs	r1, #0
    5ea2:	a801      	add	r0, sp, #4
    5ea4:	f7fe f988 	bl	41b8 <memset>
	if (len > 49)
		len = 49;

	buf[0] = type;
	memcpy(&buf[1], data, len);
    5ea8:	2d31      	cmp	r5, #49	@ 0x31
    5eaa:	462a      	mov	r2, r5
    5eac:	4621      	mov	r1, r4
    5eae:	bf28      	it	cs
    5eb0:	2231      	movcs	r2, #49	@ 0x31
    5eb2:	f10d 0005 	add.w	r0, sp, #5
	buf[0] = type;
    5eb6:	f88d 6004 	strb.w	r6, [sp, #4]
	memcpy(&buf[1], data, len);
    5eba:	f7fe f907 	bl	40cc <__aeabi_memcpy>
	enqueue(LE_PROMISC, (uint8_t*)buf);
    5ebe:	2005      	movs	r0, #5
    5ec0:	a901      	add	r1, sp, #4
    5ec2:	f7fe ff01 	bl	4cc8 <enqueue.isra.0>
}
    5ec6:	b00e      	add	sp, #56	@ 0x38
    5ec8:	bd70      	pop	{r4, r5, r6, pc}
    5eca:	0000      	movs	r0, r0

00005ecc <promisc_recover_hop_increment>:

// divide, rounding to the nearest integer: round up at 0.5.
#define DIVIDE_ROUND(N, D) ((N) + (D)/2) / (D)

void promisc_recover_hop_increment(u8 *packet) {
    5ecc:	b570      	push	{r4, r5, r6, lr}
	static u32 first_ts = 0;
	if (channel == 2404) {
    5ece:	f640 1064 	movw	r0, #2404	@ 0x964
    5ed2:	4933      	ldr	r1, [pc, #204]	@ (5fa0 <promisc_recover_hop_increment+0xd4>)
    5ed4:	4c33      	ldr	r4, [pc, #204]	@ (5fa4 <promisc_recover_hop_increment+0xd8>)
    5ed6:	f8b1 304c 	ldrh.w	r3, [r1, #76]	@ 0x4c
    5eda:	b29b      	uxth	r3, r3
    5edc:	4283      	cmp	r3, r0
    5ede:	d112      	bne.n	5f06 <promisc_recover_hop_increment+0x3a>
		first_ts = CLK100NS;
    5ee0:	4b31      	ldr	r3, [pc, #196]	@ (5fa8 <promisc_recover_hop_increment+0xdc>)
    5ee2:	f640 4135 	movw	r1, #3125	@ 0xc35
    5ee6:	681a      	ldr	r2, [r3, #0]
    5ee8:	f04f 2340 	mov.w	r3, #1073758208	@ 0x40004000
    5eec:	689b      	ldr	r3, [r3, #8]
    5eee:	f3c2 0213 	ubfx	r2, r2, #0, #20
    5ef2:	fb01 3302 	mla	r3, r1, r2, r3
    5ef6:	f8c4 3494 	str.w	r3, [r4, #1172]	@ 0x494
		hop_direct_channel = 2406;
    5efa:	f640 1366 	movw	r3, #2406	@ 0x966
    5efe:	80a3      	strh	r3, [r4, #4]
		hop_direct_channel = 2404;
		do_hop = 1;
	}
	else {
		hop_direct_channel = 2404;
		do_hop = 1;
    5f00:	2301      	movs	r3, #1
    5f02:	70a3      	strb	r3, [r4, #2]
    5f04:	e048      	b.n	5f98 <promisc_recover_hop_increment+0xcc>
	} else if (channel == 2406) {
    5f06:	f640 1266 	movw	r2, #2406	@ 0x966
    5f0a:	f8b1 304c 	ldrh.w	r3, [r1, #76]	@ 0x4c
    5f0e:	b29b      	uxth	r3, r3
    5f10:	4293      	cmp	r3, r2
    5f12:	d142      	bne.n	5f9a <promisc_recover_hop_increment+0xce>
		u32 second_ts = CLK100NS;
    5f14:	4b24      	ldr	r3, [pc, #144]	@ (5fa8 <promisc_recover_hop_increment+0xdc>)
    5f16:	f640 4535 	movw	r5, #3125	@ 0xc35
    5f1a:	681a      	ldr	r2, [r3, #0]
    5f1c:	f04f 2340 	mov.w	r3, #1073758208	@ 0x40004000
    5f20:	689b      	ldr	r3, [r3, #8]
    5f22:	f3c2 0213 	ubfx	r2, r2, #0, #20
    5f26:	fb05 3302 	mla	r3, r5, r2, r3
		if (second_ts < first_ts)
    5f2a:	f8d4 5494 	ldr.w	r5, [r4, #1172]	@ 0x494
			second_ts += 3276800000; // handle rollover
    5f2e:	f103 4243 	add.w	r2, r3, #3271557120	@ 0xc3000000
    5f32:	f502 02a0 	add.w	r2, r2, #5242880	@ 0x500000
    5f36:	42ab      	cmp	r3, r5
    5f38:	bf38      	it	cc
    5f3a:	4613      	movcc	r3, r2
		u32 channels_hopped = DIVIDE_ROUND(second_ts - first_ts,
    5f3c:	f641 066a 	movw	r6, #6250	@ 0x186a
    5f40:	8bca      	ldrh	r2, [r1, #30]
    5f42:	fb06 3302 	mla	r3, r6, r2, r3
    5f46:	1b5b      	subs	r3, r3, r5
    5f48:	f243 05d4 	movw	r5, #12500	@ 0x30d4
    5f4c:	4355      	muls	r5, r2
    5f4e:	fbb3 f3f5 	udiv	r3, r3, r5
		if (channels_hopped < 37) {
    5f52:	2b24      	cmp	r3, #36	@ 0x24
    5f54:	d821      	bhi.n	5f9a <promisc_recover_hop_increment+0xce>
			le.channel_increment = hop_interval_lut[channels_hopped];
    5f56:	4815      	ldr	r0, [pc, #84]	@ (5fac <promisc_recover_hop_increment+0xe0>)
			le.interval_timer = le.conn_interval / 2;
    5f58:	0852      	lsrs	r2, r2, #1
			le.channel_increment = hop_interval_lut[channels_hopped];
    5f5a:	4403      	add	r3, r0
			le.channel_idx = (1 + le.channel_increment) % 37;
    5f5c:	2025      	movs	r0, #37	@ 0x25
			le.channel_increment = hop_interval_lut[channels_hopped];
    5f5e:	f893 3864 	ldrb.w	r3, [r3, #2148]	@ 0x864
			le.interval_timer = le.conn_interval / 2;
    5f62:	838a      	strh	r2, [r1, #28]
			le.channel_increment = hop_interval_lut[channels_hopped];
    5f64:	758b      	strb	r3, [r1, #22]
			le.channel_idx = (1 + le.channel_increment) % 37;
    5f66:	3301      	adds	r3, #1
    5f68:	fbb3 f5f0 	udiv	r5, r3, r0
			le.conn_count = 0;
    5f6c:	2200      	movs	r2, #0
			le.channel_idx = (1 + le.channel_increment) % 37;
    5f6e:	fb00 3315 	mls	r3, r0, r5, r3
			le.link_state = LINK_CONNECTED;
    5f72:	2003      	movs	r0, #3
			le.channel_idx = (1 + le.channel_increment) % 37;
    5f74:	754b      	strb	r3, [r1, #21]
			packet_cb = connection_follow_cb;
    5f76:	4b0e      	ldr	r3, [pc, #56]	@ (5fb0 <promisc_recover_hop_increment+0xe4>)
			le.conn_count = 0;
    5f78:	840a      	strh	r2, [r1, #32]
			le.conn_epoch = 0;
    5f7a:	618a      	str	r2, [r1, #24]
			do_hop = 0;
    5f7c:	70a2      	strb	r2, [r4, #2]
			le.crc_verify = 0;
    5f7e:	610a      	str	r2, [r1, #16]
			le.link_state = LINK_CONNECTED;
    5f80:	7508      	strb	r0, [r1, #20]
			le_promisc_state(3, &le.channel_increment, 1);
    5f82:	2201      	movs	r2, #1
    5f84:	3116      	adds	r1, #22
			packet_cb = connection_follow_cb;
    5f86:	f8c4 3380 	str.w	r3, [r4, #896]	@ 0x380
			hop_mode = HOP_BTLE;
    5f8a:	7060      	strb	r0, [r4, #1]
			le_promisc_state(3, &le.channel_increment, 1);
    5f8c:	f7ff ff82 	bl	5e94 <le_promisc_state>
			if (jam_mode != JAM_NONE)
    5f90:	7da3      	ldrb	r3, [r4, #22]
    5f92:	b10b      	cbz	r3, 5f98 <promisc_recover_hop_increment+0xcc>
				le_jam_count = JAM_COUNT_DEFAULT;
    5f94:	2328      	movs	r3, #40	@ 0x28
    5f96:	61a3      	str	r3, [r4, #24]
	}
}
    5f98:	bd70      	pop	{r4, r5, r6, pc}
		hop_direct_channel = 2404;
    5f9a:	80a0      	strh	r0, [r4, #4]
    5f9c:	e7b0      	b.n	5f00 <promisc_recover_hop_increment+0x34>
    5f9e:	bf00      	nop
    5fa0:	10000020 	.word	0x10000020
    5fa4:	100006fc 	.word	0x100006fc
    5fa8:	10002e20 	.word	0x10002e20
    5fac:	0000a20c 	.word	0x0000a20c
    5fb0:	000044b5 	.word	0x000044b5

00005fb4 <promisc_recover_hop_interval>:

void promisc_recover_hop_interval(u8 *packet) {
    5fb4:	b538      	push	{r3, r4, r5, lr}
	static u32 prev_clk = 0;

	u32 cur_clk = CLK100NS;
    5fb6:	f04f 2240 	mov.w	r2, #1073758208	@ 0x40004000
    5fba:	4b23      	ldr	r3, [pc, #140]	@ (6048 <promisc_recover_hop_interval+0x94>)
	if (cur_clk < prev_clk)
    5fbc:	4c23      	ldr	r4, [pc, #140]	@ (604c <promisc_recover_hop_interval+0x98>)
	u32 cur_clk = CLK100NS;
    5fbe:	681b      	ldr	r3, [r3, #0]
    5fc0:	6895      	ldr	r5, [r2, #8]
    5fc2:	f640 4235 	movw	r2, #3125	@ 0xc35
    5fc6:	f3c3 0313 	ubfx	r3, r3, #0, #20
    5fca:	fb02 5503 	mla	r5, r2, r3, r5
		cur_clk += 3267800000; // handle rollover
    5fce:	4b20      	ldr	r3, [pc, #128]	@ (6050 <promisc_recover_hop_interval+0x9c>)
	if (cur_clk < prev_clk)
    5fd0:	f8d4 2498 	ldr.w	r2, [r4, #1176]	@ 0x498
		cur_clk += 3267800000; // handle rollover
    5fd4:	18eb      	adds	r3, r5, r3
    5fd6:	42aa      	cmp	r2, r5
    5fd8:	bf88      	it	hi
    5fda:	461d      	movhi	r5, r3
	u32 clk_diff = cur_clk - prev_clk;
	u16 obsv_hop_interval; // observed hop interval

	// probably consecutive data packets on the same channel
	if (clk_diff < 2 * LE_BASECLK)
    5fdc:	f246 13a7 	movw	r3, #24999	@ 0x61a7
	u32 clk_diff = cur_clk - prev_clk;
    5fe0:	1aaa      	subs	r2, r5, r2
	if (clk_diff < 2 * LE_BASECLK)
    5fe2:	429a      	cmp	r2, r3
    5fe4:	d92a      	bls.n	603c <promisc_recover_hop_interval+0x88>
		return;

	if (clk_diff < le_promisc.smallest_hop_interval)
    5fe6:	f8d4 3484 	ldr.w	r3, [r4, #1156]	@ 0x484
		le_promisc.smallest_hop_interval = clk_diff;

	obsv_hop_interval = DIVIDE_ROUND(le_promisc.smallest_hop_interval, 37 * LE_BASECLK);

	if (le.conn_interval == obsv_hop_interval) {
    5fea:	491a      	ldr	r1, [pc, #104]	@ (6054 <promisc_recover_hop_interval+0xa0>)
	if (clk_diff < le_promisc.smallest_hop_interval)
    5fec:	4293      	cmp	r3, r2
		le_promisc.smallest_hop_interval = clk_diff;
    5fee:	bf84      	itt	hi
    5ff0:	4613      	movhi	r3, r2
    5ff2:	f8c4 2484 	strhi.w	r2, [r4, #1156]	@ 0x484
	obsv_hop_interval = DIVIDE_ROUND(le_promisc.smallest_hop_interval, 37 * LE_BASECLK);
    5ff6:	f503 3361 	add.w	r3, r3, #230400	@ 0x38400
    5ffa:	4a17      	ldr	r2, [pc, #92]	@ (6058 <promisc_recover_hop_interval+0xa4>)
    5ffc:	f203 3352 	addw	r3, r3, #850	@ 0x352
    6000:	fbb3 f3f2 	udiv	r3, r3, r2
	if (le.conn_interval == obsv_hop_interval) {
    6004:	8bca      	ldrh	r2, [r1, #30]
	obsv_hop_interval = DIVIDE_ROUND(le_promisc.smallest_hop_interval, 37 * LE_BASECLK);
    6006:	b29b      	uxth	r3, r3
	if (le.conn_interval == obsv_hop_interval) {
    6008:	429a      	cmp	r2, r3
    600a:	d118      	bne.n	603e <promisc_recover_hop_interval+0x8a>
		// 5 consecutive hop intervals: consider it legit and move on
		++le_promisc.consec_intervals;
    600c:	f8d4 3488 	ldr.w	r3, [r4, #1160]	@ 0x488
    6010:	3301      	adds	r3, #1
		if (le_promisc.consec_intervals == 5) {
    6012:	2b05      	cmp	r3, #5
		++le_promisc.consec_intervals;
    6014:	f8c4 3488 	str.w	r3, [r4, #1160]	@ 0x488
		if (le_promisc.consec_intervals == 5) {
    6018:	d10e      	bne.n	6038 <promisc_recover_hop_interval+0x84>
			packet_cb = promisc_recover_hop_increment;
    601a:	4b10      	ldr	r3, [pc, #64]	@ (605c <promisc_recover_hop_interval+0xa8>)
			hop_direct_channel = 2404;
			hop_mode = HOP_DIRECT;
			do_hop = 1;
			le_promisc_state(2, &le.conn_interval, 2);
    601c:	2202      	movs	r2, #2
			packet_cb = promisc_recover_hop_increment;
    601e:	f8c4 3380 	str.w	r3, [r4, #896]	@ 0x380
			hop_direct_channel = 2404;
    6022:	f640 1364 	movw	r3, #2404	@ 0x964
    6026:	80a3      	strh	r3, [r4, #4]
			hop_mode = HOP_DIRECT;
    6028:	2304      	movs	r3, #4
    602a:	7063      	strb	r3, [r4, #1]
			do_hop = 1;
    602c:	2301      	movs	r3, #1
			le_promisc_state(2, &le.conn_interval, 2);
    602e:	4610      	mov	r0, r2
    6030:	311e      	adds	r1, #30
			do_hop = 1;
    6032:	70a3      	strb	r3, [r4, #2]
			le_promisc_state(2, &le.conn_interval, 2);
    6034:	f7ff ff2e 	bl	5e94 <le_promisc_state>
	} else {
		le.conn_interval = obsv_hop_interval;
		le_promisc.consec_intervals = 0;
	}

	prev_clk = cur_clk;
    6038:	f8c4 5498 	str.w	r5, [r4, #1176]	@ 0x498
}
    603c:	bd38      	pop	{r3, r4, r5, pc}
		le.conn_interval = obsv_hop_interval;
    603e:	83cb      	strh	r3, [r1, #30]
		le_promisc.consec_intervals = 0;
    6040:	2300      	movs	r3, #0
    6042:	f8c4 3488 	str.w	r3, [r4, #1160]	@ 0x488
    6046:	e7f7      	b.n	6038 <promisc_recover_hop_interval+0x84>
    6048:	10002e20 	.word	0x10002e20
    604c:	100006fc 	.word	0x100006fc
    6050:	c2c6abc0 	.word	0xc2c6abc0
    6054:	10000020 	.word	0x10000020
    6058:	00070ea4 	.word	0x00070ea4
    605c:	00005ecd 	.word	0x00005ecd

00006060 <promisc_follow_cb>:

void promisc_follow_cb(u8 *packet) {
    6060:	b570      	push	{r4, r5, r6, lr}
	int i;

	// get the CRCInit
	if (!le.crc_verify && packet[4] == 0x01 && packet[5] == 0x00) {
    6062:	4d18      	ldr	r5, [pc, #96]	@ (60c4 <promisc_follow_cb+0x64>)
    6064:	692c      	ldr	r4, [r5, #16]
    6066:	bb5c      	cbnz	r4, 60c0 <promisc_follow_cb+0x60>
    6068:	7903      	ldrb	r3, [r0, #4]
    606a:	2b01      	cmp	r3, #1
    606c:	d128      	bne.n	60c0 <promisc_follow_cb+0x60>
    606e:	7943      	ldrb	r3, [r0, #5]
    6070:	bb33      	cbnz	r3, 60c0 <promisc_follow_cb+0x60>
		u32 crc = (packet[8] << 16) | (packet[7] << 8) | packet[6];
    6072:	79c3      	ldrb	r3, [r0, #7]
    6074:	7a02      	ldrb	r2, [r0, #8]
    6076:	7986      	ldrb	r6, [r0, #6]
    6078:	021b      	lsls	r3, r3, #8
    607a:	ea43 4302 	orr.w	r3, r3, r2, lsl #16

		le.crc_init = btle_reverse_crc(crc, packet + 4, 2);
    607e:	1d01      	adds	r1, r0, #4
    6080:	2202      	movs	r2, #2
    6082:	ea43 0006 	orr.w	r0, r3, r6
    6086:	f000 fdd9 	bl	6c3c <btle_reverse_crc>
    608a:	4622      	mov	r2, r4
    608c:	60a8      	str	r0, [r5, #8]
		le.crc_init_reversed = 0;
		for (i = 0; i < 24; ++i)
			le.crc_init_reversed |= ((le.crc_init >> i) & 1) << (23 - i);
    608e:	fa20 f304 	lsr.w	r3, r0, r4
    6092:	f1c4 0117 	rsb	r1, r4, #23
    6096:	f003 0301 	and.w	r3, r3, #1
		for (i = 0; i < 24; ++i)
    609a:	3401      	adds	r4, #1
			le.crc_init_reversed |= ((le.crc_init >> i) & 1) << (23 - i);
    609c:	408b      	lsls	r3, r1
		for (i = 0; i < 24; ++i)
    609e:	2c18      	cmp	r4, #24
			le.crc_init_reversed |= ((le.crc_init >> i) & 1) << (23 - i);
    60a0:	ea42 0203 	orr.w	r2, r2, r3
		for (i = 0; i < 24; ++i)
    60a4:	d1f3      	bne.n	608e <promisc_follow_cb+0x2e>

		le.crc_verify = 1;
    60a6:	2001      	movs	r0, #1
    60a8:	60ea      	str	r2, [r5, #12]
		packet_cb = promisc_recover_hop_interval;
    60aa:	4b07      	ldr	r3, [pc, #28]	@ (60c8 <promisc_follow_cb+0x68>)
    60ac:	4a07      	ldr	r2, [pc, #28]	@ (60cc <promisc_follow_cb+0x6c>)
		le.crc_verify = 1;
    60ae:	6128      	str	r0, [r5, #16]
		packet_cb = promisc_recover_hop_interval;
    60b0:	f8c3 2380 	str.w	r2, [r3, #896]	@ 0x380
		le_promisc_state(1, &le.crc_init, 3);
    60b4:	4906      	ldr	r1, [pc, #24]	@ (60d0 <promisc_follow_cb+0x70>)
    60b6:	2203      	movs	r2, #3
	}
}
    60b8:	e8bd 4070 	ldmia.w	sp!, {r4, r5, r6, lr}
		le_promisc_state(1, &le.crc_init, 3);
    60bc:	f7ff beea 	b.w	5e94 <le_promisc_state>
}
    60c0:	bd70      	pop	{r4, r5, r6, pc}
    60c2:	bf00      	nop
    60c4:	10000020 	.word	0x10000020
    60c8:	100006fc 	.word	0x100006fc
    60cc:	00005fb5 	.word	0x00005fb5
    60d0:	10000028 	.word	0x10000028

000060d4 <see_aa>:

// called when we see an AA, add it to the list
void see_aa(u32 aa) {
    60d4:	b570      	push	{r4, r5, r6, lr}
	int i, max = -1, killme = -1;
	for (i = 0; i < AA_LIST_SIZE; ++i)
    60d6:	2200      	movs	r2, #0
		if (le_promisc.active_aa[i].aa == aa) {
    60d8:	4b15      	ldr	r3, [pc, #84]	@ (6130 <see_aa+0x5c>)
    60da:	f503 7661 	add.w	r6, r3, #900	@ 0x384
    60de:	f856 1032 	ldr.w	r1, [r6, r2, lsl #3]
    60e2:	4281      	cmp	r1, r0
    60e4:	d107      	bne.n	60f6 <see_aa+0x22>
			++le_promisc.active_aa[i].count;
    60e6:	eb03 03c2 	add.w	r3, r3, r2, lsl #3
    60ea:	f8d3 2388 	ldr.w	r2, [r3, #904]	@ 0x388
    60ee:	3201      	adds	r2, #1
			killme = i;
			max = le_promisc.active_aa[i].count;
		}

	le_promisc.active_aa[killme].aa = aa;
	le_promisc.active_aa[killme].count = 1;
    60f0:	f8c3 2388 	str.w	r2, [r3, #904]	@ 0x388
}
    60f4:	bd70      	pop	{r4, r5, r6, pc}
	for (i = 0; i < AA_LIST_SIZE; ++i)
    60f6:	3201      	adds	r2, #1
    60f8:	2a20      	cmp	r2, #32
    60fa:	d1f0      	bne.n	60de <see_aa+0xa>
	int i, max = -1, killme = -1;
    60fc:	f04f 31ff 	mov.w	r1, #4294967295	@ 0xffffffff
	for (i = 0; i < AA_LIST_SIZE; ++i)
    6100:	2200      	movs	r2, #0
	int i, max = -1, killme = -1;
    6102:	460d      	mov	r5, r1
		if (le_promisc.active_aa[i].count < max || max < 0) {
    6104:	eb06 04c2 	add.w	r4, r6, r2, lsl #3
    6108:	6864      	ldr	r4, [r4, #4]
    610a:	42ac      	cmp	r4, r5
    610c:	db0e      	blt.n	612c <see_aa+0x58>
    610e:	2d00      	cmp	r5, #0
    6110:	bfac      	ite	ge
    6112:	462c      	movge	r4, r5
    6114:	4611      	movlt	r1, r2
	for (i = 0; i < AA_LIST_SIZE; ++i)
    6116:	3201      	adds	r2, #1
    6118:	2a20      	cmp	r2, #32
    611a:	d105      	bne.n	6128 <see_aa+0x54>
	le_promisc.active_aa[killme].aa = aa;
    611c:	eb03 03c1 	add.w	r3, r3, r1, lsl #3
	le_promisc.active_aa[killme].count = 1;
    6120:	2201      	movs	r2, #1
	le_promisc.active_aa[killme].aa = aa;
    6122:	f8c3 0384 	str.w	r0, [r3, #900]	@ 0x384
	le_promisc.active_aa[killme].count = 1;
    6126:	e7e3      	b.n	60f0 <see_aa+0x1c>
    6128:	4625      	mov	r5, r4
    612a:	e7eb      	b.n	6104 <see_aa+0x30>
			killme = i;
    612c:	4611      	mov	r1, r2
    612e:	e7f2      	b.n	6116 <see_aa+0x42>
    6130:	100006fc 	.word	0x100006fc

00006134 <cb_le_promisc>:

/* le promiscuous mode */
int cb_le_promisc(char *unpacked) {
    6134:	e92d 4ff0 	stmdb	sp!, {r4, r5, r6, r7, r8, r9, sl, fp, lr}
    6138:	b097      	sub	sp, #92	@ 0x5c
	int i, j, k;
	int idx;

	// empty data PDU: 01 00
	char desired[4][16] = {
    613a:	aa06      	add	r2, sp, #24
    613c:	4691      	mov	r9, r2
    613e:	4b69      	ldr	r3, [pc, #420]	@ (62e4 <cb_le_promisc+0x1b0>)
int cb_le_promisc(char *unpacked) {
    6140:	9001      	str	r0, [sp, #4]
	char desired[4][16] = {
    6142:	f103 0540 	add.w	r5, r3, #64	@ 0x40
    6146:	4614      	mov	r4, r2
    6148:	6818      	ldr	r0, [r3, #0]
    614a:	6859      	ldr	r1, [r3, #4]
    614c:	3308      	adds	r3, #8
    614e:	c403      	stmia	r4!, {r0, r1}
    6150:	42ab      	cmp	r3, r5
    6152:	4622      	mov	r2, r4
    6154:	d1f7      	bne.n	6146 <cb_le_promisc+0x12>
    6156:	464d      	mov	r5, r9
		  0, 0, 0, 0, 0, 0, 0, 0, },
		{ 1, 0, 1, 1, 0, 0, 0, 0,
		  0, 0, 0, 0, 0, 0, 0, 0, },
	};

	for (i = 0; i < 4; ++i) {
    6158:	2400      	movs	r4, #0
		idx = whitening_index[btle_channel_index(channel)];
    615a:	f8df 818c 	ldr.w	r8, [pc, #396]	@ 62e8 <cb_le_promisc+0x1b4>
    615e:	4f63      	ldr	r7, [pc, #396]	@ (62ec <cb_le_promisc+0x1b8>)
    6160:	f8b8 004c 	ldrh.w	r0, [r8, #76]	@ 0x4c

		// whiten the desired data
		for (j = 0; j < (int)sizeof(desired[i]); ++j) {
			desired[i][j] ^= whitening[idx];
			idx = (idx + 1) % sizeof(whitening);
    6164:	267f      	movs	r6, #127	@ 0x7f
		idx = whitening_index[btle_channel_index(channel)];
    6166:	b280      	uxth	r0, r0
    6168:	f000 fd0e 	bl	6b88 <btle_channel_index>
    616c:	4438      	add	r0, r7
    616e:	f890 303d 	ldrb.w	r3, [r0, #61]	@ 0x3d
    6172:	2110      	movs	r1, #16
    6174:	4628      	mov	r0, r5
			desired[i][j] ^= whitening[idx];
    6176:	eb07 0c03 	add.w	ip, r7, r3
    617a:	7802      	ldrb	r2, [r0, #0]
    617c:	f89c c065 	ldrb.w	ip, [ip, #101]	@ 0x65
			idx = (idx + 1) % sizeof(whitening);
    6180:	3301      	adds	r3, #1
			desired[i][j] ^= whitening[idx];
    6182:	ea82 020c 	eor.w	r2, r2, ip
    6186:	f800 2b01 	strb.w	r2, [r0], #1
			idx = (idx + 1) % sizeof(whitening);
    618a:	fbb3 f2f6 	udiv	r2, r3, r6
		for (j = 0; j < (int)sizeof(desired[i]); ++j) {
    618e:	3901      	subs	r1, #1
			idx = (idx + 1) % sizeof(whitening);
    6190:	ebc2 12c2 	rsb	r2, r2, r2, lsl #7
    6194:	eba3 0302 	sub.w	r3, r3, r2
		for (j = 0; j < (int)sizeof(desired[i]); ++j) {
    6198:	d1ed      	bne.n	6176 <cb_le_promisc+0x42>
	for (i = 0; i < 4; ++i) {
    619a:	3401      	adds	r4, #1
    619c:	2c04      	cmp	r4, #4
    619e:	f105 0510 	add.w	r5, r5, #16
    61a2:	d1dd      	bne.n	6160 <cb_le_promisc+0x2c>
		}
	}

	// then look for that bitsream in our receive buffer
	for (i = 32; i < (DMA_SIZE*8*2 - 32 - 16); i++) {
    61a4:	2620      	movs	r6, #32
    61a6:	9b01      	ldr	r3, [sp, #4]
    61a8:	f103 0530 	add.w	r5, r3, #48	@ 0x30
		int ok[4] = { 1, 1, 1, 1 };
    61ac:	4b50      	ldr	r3, [pc, #320]	@ (62f0 <cb_le_promisc+0x1bc>)
    61ae:	ac02      	add	r4, sp, #8
    61b0:	cb0f      	ldmia	r3, {r0, r1, r2, r3}
    61b2:	e884 000f 	stmia.w	r4, {r0, r1, r2, r3}
		int matching = -1;

		for (j = 0; j < 4; ++j) {
    61b6:	2300      	movs	r3, #0
		int ok[4] = { 1, 1, 1, 1 };
    61b8:	4648      	mov	r0, r9
			for (k = 0; k < (int)sizeof(desired[j]); ++k) {
				if (unpacked[i+k] != desired[j][k]) {
					ok[j] = 0;
    61ba:	469c      	mov	ip, r3
			for (k = 0; k < (int)sizeof(desired[j]); ++k) {
    61bc:	9a01      	ldr	r2, [sp, #4]
	for (i = 32; i < (DMA_SIZE*8*2 - 32 - 16); i++) {
    61be:	4601      	mov	r1, r0
    61c0:	4432      	add	r2, r6
    61c2:	e004      	b.n	61ce <cb_le_promisc+0x9a>
    61c4:	3201      	adds	r2, #1
			for (k = 0; k < (int)sizeof(desired[j]); ++k) {
    61c6:	42aa      	cmp	r2, r5
    61c8:	f101 0101 	add.w	r1, r1, #1
    61cc:	d007      	beq.n	61de <cb_le_promisc+0xaa>
				if (unpacked[i+k] != desired[j][k]) {
    61ce:	f892 a000 	ldrb.w	sl, [r2]
    61d2:	f891 e000 	ldrb.w	lr, [r1]
    61d6:	45f2      	cmp	sl, lr
    61d8:	d0f4      	beq.n	61c4 <cb_le_promisc+0x90>
					ok[j] = 0;
    61da:	f844 c023 	str.w	ip, [r4, r3, lsl #2]
		for (j = 0; j < 4; ++j) {
    61de:	3301      	adds	r3, #1
    61e0:	2b04      	cmp	r3, #4
    61e2:	f100 0010 	add.w	r0, r0, #16
    61e6:	d1e9      	bne.n	61bc <cb_le_promisc+0x88>
				}
			}
		}

		// see if any match
		for (j = 0; j < 4; ++j) {
    61e8:	2300      	movs	r3, #0
			if (ok[j]) {
    61ea:	6822      	ldr	r2, [r4, #0]
    61ec:	2a00      	cmp	r2, #0
    61ee:	d16c      	bne.n	62ca <cb_le_promisc+0x196>
		for (j = 0; j < 4; ++j) {
    61f0:	3301      	adds	r3, #1
    61f2:	2b04      	cmp	r3, #4
    61f4:	f104 0404 	add.w	r4, r4, #4
    61f8:	d1f7      	bne.n	61ea <cb_le_promisc+0xb6>
	for (i = 32; i < (DMA_SIZE*8*2 - 32 - 16); i++) {
    61fa:	3601      	adds	r6, #1
    61fc:	f5b6 7f3c 	cmp.w	r6, #752	@ 0x2f0
    6200:	f105 0501 	add.w	r5, r5, #1
    6204:	d1d2      	bne.n	61ac <cb_le_promisc+0x78>
		enqueue(LE_PACKET, (uint8_t*)idle_rxbuf);

	}

	// once we see an AA 5 times, start following it
	for (i = 0; i < AA_LIST_SIZE; ++i) {
    6206:	2300      	movs	r3, #0
		if (le_promisc.active_aa[i].count > 3) {
    6208:	4c3a      	ldr	r4, [pc, #232]	@ (62f4 <cb_le_promisc+0x1c0>)
    620a:	f504 7261 	add.w	r2, r4, #900	@ 0x384
    620e:	eb02 01c3 	add.w	r1, r2, r3, lsl #3
    6212:	6849      	ldr	r1, [r1, #4]
    6214:	2903      	cmp	r1, #3
    6216:	dd53      	ble.n	62c0 <cb_le_promisc+0x18c>
			le_set_access_address(le_promisc.active_aa[i].aa);
    6218:	eb04 03c3 	add.w	r3, r4, r3, lsl #3
    621c:	f8d3 0384 	ldr.w	r0, [r3, #900]	@ 0x384
    6220:	f7fe f83c 	bl	429c <le_set_access_address>
			data_cb = cb_follow_le;
    6224:	4b34      	ldr	r3, [pc, #208]	@ (62f8 <cb_le_promisc+0x1c4>)
			packet_cb = promisc_follow_cb;
			le.crc_verify = 0;
			le_promisc_state(0, &le.access_address, 4);
    6226:	2204      	movs	r2, #4
			data_cb = cb_follow_le;
    6228:	f8c4 348c 	str.w	r3, [r4, #1164]	@ 0x48c
			packet_cb = promisc_follow_cb;
    622c:	4b33      	ldr	r3, [pc, #204]	@ (62fc <cb_le_promisc+0x1c8>)
			le_promisc_state(0, &le.access_address, 4);
    622e:	492e      	ldr	r1, [pc, #184]	@ (62e8 <cb_le_promisc+0x1b4>)
			packet_cb = promisc_follow_cb;
    6230:	f8c4 3380 	str.w	r3, [r4, #896]	@ 0x380
			le.crc_verify = 0;
    6234:	2400      	movs	r4, #0
			le_promisc_state(0, &le.access_address, 4);
    6236:	4620      	mov	r0, r4
			le.crc_verify = 0;
    6238:	f8c8 4010 	str.w	r4, [r8, #16]
			le_promisc_state(0, &le.access_address, 4);
    623c:	f7ff fe2a 	bl	5e94 <le_promisc_state>
			// quit using the old stuff and switch to sync mode
			return 0;
    6240:	4620      	mov	r0, r4
		}
	}

	return 1;
}
    6242:	b017      	add	sp, #92	@ 0x5c
    6244:	e8bd 8ff0 	ldmia.w	sp!, {r4, r5, r6, r7, r8, r9, sl, fp, pc}
				if (j >= 4) { // unwhiten data bytes
    6248:	2a03      	cmp	r2, #3
				int bit = unpacked[offset];
    624a:	f81a 1f01 	ldrb.w	r1, [sl, #1]!
				if (j >= 4) { // unwhiten data bytes
    624e:	dd0f      	ble.n	6270 <cb_le_promisc+0x13c>
					bit ^= whitening[idx];
    6250:	f8df b098 	ldr.w	fp, [pc, #152]	@ 62ec <cb_le_promisc+0x1b8>
    6254:	449b      	add	fp, r3
    6256:	f89b b065 	ldrb.w	fp, [fp, #101]	@ 0x65
    625a:	ea81 010b 	eor.w	r1, r1, fp
					idx = (idx + 1) % sizeof(whitening);
    625e:	f103 0b01 	add.w	fp, r3, #1
    6262:	237f      	movs	r3, #127	@ 0x7f
    6264:	fbbb f3f3 	udiv	r3, fp, r3
    6268:	ebc3 13c3 	rsb	r3, r3, r3, lsl #7
    626c:	ebab 0303 	sub.w	r3, fp, r3
				byte |= bit << k;
    6270:	4081      	lsls	r1, r0
			for (k = 0; k < 8; k++) {
    6272:	3001      	adds	r0, #1
    6274:	2808      	cmp	r0, #8
				byte |= bit << k;
    6276:	ea4c 0c01 	orr.w	ip, ip, r1
			for (k = 0; k < 8; k++) {
    627a:	d1e5      	bne.n	6248 <cb_le_promisc+0x114>
			idle_rxbuf[j] = byte;
    627c:	6821      	ldr	r1, [r4, #0]
		for (j = 0; j < 4+3+3; ++j) {
    627e:	f10e 0e08 	add.w	lr, lr, #8
			idle_rxbuf[j] = byte;
    6282:	f801 c002 	strb.w	ip, [r1, r2]
		for (j = 0; j < 4+3+3; ++j) {
    6286:	3201      	adds	r2, #1
    6288:	2a0a      	cmp	r2, #10
    628a:	d004      	beq.n	6296 <cb_le_promisc+0x162>
			u8 byte = 0;
    628c:	f04f 0c00 	mov.w	ip, #0
		for (j = 0; j < 4; ++j) {
    6290:	46f2      	mov	sl, lr
			for (k = 0; k < 8; k++) {
    6292:	4660      	mov	r0, ip
    6294:	e7d8      	b.n	6248 <cb_le_promisc+0x114>
		u32 aa = (idle_rxbuf[3] << 24) |
    6296:	6823      	ldr	r3, [r4, #0]
    6298:	78d9      	ldrb	r1, [r3, #3]
				 (idle_rxbuf[2] << 16) |
    629a:	6823      	ldr	r3, [r4, #0]
    629c:	789b      	ldrb	r3, [r3, #2]
				 (idle_rxbuf[1] <<  8) |
    629e:	6822      	ldr	r2, [r4, #0]
				 (idle_rxbuf[2] << 16) |
    62a0:	041b      	lsls	r3, r3, #16
				 (idle_rxbuf[1] <<  8) |
    62a2:	7850      	ldrb	r0, [r2, #1]
				 (idle_rxbuf[0]);
    62a4:	6822      	ldr	r2, [r4, #0]
		u32 aa = (idle_rxbuf[3] << 24) |
    62a6:	ea43 6301 	orr.w	r3, r3, r1, lsl #24
				 (idle_rxbuf[0]);
    62aa:	7812      	ldrb	r2, [r2, #0]
				 (idle_rxbuf[1] <<  8) |
    62ac:	4313      	orrs	r3, r2
		see_aa(aa);
    62ae:	ea43 2000 	orr.w	r0, r3, r0, lsl #8
    62b2:	f7ff ff0f 	bl	60d4 <see_aa>
		enqueue(LE_PACKET, (uint8_t*)idle_rxbuf);
    62b6:	2001      	movs	r0, #1
    62b8:	6821      	ldr	r1, [r4, #0]
    62ba:	f7fe fd05 	bl	4cc8 <enqueue.isra.0>
    62be:	e79c      	b.n	61fa <cb_le_promisc+0xc6>
	for (i = 0; i < AA_LIST_SIZE; ++i) {
    62c0:	3301      	adds	r3, #1
    62c2:	2b20      	cmp	r3, #32
    62c4:	d1a3      	bne.n	620e <cb_le_promisc+0xda>
	return 1;
    62c6:	2001      	movs	r0, #1
    62c8:	e7bb      	b.n	6242 <cb_le_promisc+0x10e>
		idx = whitening_index[btle_channel_index(channel)];
    62ca:	f8b8 004c 	ldrh.w	r0, [r8, #76]	@ 0x4c
			idle_rxbuf[j] = byte;
    62ce:	4c0c      	ldr	r4, [pc, #48]	@ (6300 <cb_le_promisc+0x1cc>)
		idx = whitening_index[btle_channel_index(channel)];
    62d0:	b280      	uxth	r0, r0
    62d2:	f000 fc59 	bl	6b88 <btle_channel_index>
    62d6:	4438      	add	r0, r7
		for (j = 0; j < 4+3+3; ++j) {
    62d8:	2200      	movs	r2, #0
		idx = whitening_index[btle_channel_index(channel)];
    62da:	f890 303d 	ldrb.w	r3, [r0, #61]	@ 0x3d
		for (j = 0; j < 4+3+3; ++j) {
    62de:	f1a5 0e31 	sub.w	lr, r5, #49	@ 0x31
    62e2:	e7d3      	b.n	628c <cb_le_promisc+0x158>
    62e4:	0000aa95 	.word	0x0000aa95
    62e8:	10000020 	.word	0x10000020
    62ec:	0000a20c 	.word	0x0000a20c
    62f0:	0000aad8 	.word	0x0000aad8
    62f4:	100006fc 	.word	0x100006fc
    62f8:	00004d5d 	.word	0x00004d5d
    62fc:	00006061 	.word	0x00006061
    6300:	10002ed0 	.word	0x10002ed0

00006304 <bt_promisc_le>:

void bt_promisc_le() {
    6304:	b570      	push	{r4, r5, r6, lr}
	while (requested_mode == MODE_BT_PROMISC_LE) {
    6306:	4d17      	ldr	r5, [pc, #92]	@ (6364 <bt_promisc_le+0x60>)
		reset_le_promisc();

		// jump to a random data channel and turn up the squelch
		if ((channel & 1) == 1)
    6308:	4c17      	ldr	r4, [pc, #92]	@ (6368 <bt_promisc_le+0x64>)
	while (requested_mode == MODE_BT_PROMISC_LE) {
    630a:	7d6b      	ldrb	r3, [r5, #21]
    630c:	2b0a      	cmp	r3, #10
    630e:	d000      	beq.n	6312 <bt_promisc_le+0xe>
		le_promisc_state(0, &le.access_address, 4);
		packet_cb = promisc_follow_cb;
		le.crc_verify = 0;
		bt_le_sync(MODE_BT_PROMISC_LE);
	}
}
    6310:	bd70      	pop	{r4, r5, r6, pc}
		reset_le_promisc();
    6312:	f7ff fae5 	bl	58e0 <reset_le_promisc>
		if ((channel & 1) == 1)
    6316:	f8b4 304c 	ldrh.w	r3, [r4, #76]	@ 0x4c
    631a:	07db      	lsls	r3, r3, #31
			channel = 2440;
    631c:	bf44      	itt	mi
    631e:	f640 1388 	movwmi	r3, #2440	@ 0x988
    6322:	f8a4 304c 	strhmi.w	r3, [r4, #76]	@ 0x4c
		if (!le.target_set) {
    6326:	6c63      	ldr	r3, [r4, #68]	@ 0x44
    6328:	b953      	cbnz	r3, 6340 <bt_promisc_le+0x3c>
			cs_threshold_calc_and_set(channel);
    632a:	f8b4 004c 	ldrh.w	r0, [r4, #76]	@ 0x4c
    632e:	b280      	uxth	r0, r0
    6330:	f000 fe7c 	bl	702c <cs_threshold_calc_and_set>
			data_cb = cb_le_promisc;
    6334:	4b0d      	ldr	r3, [pc, #52]	@ (636c <bt_promisc_le+0x68>)
			bt_generic_le(MODE_BT_PROMISC_LE);
    6336:	200a      	movs	r0, #10
			data_cb = cb_le_promisc;
    6338:	f8c5 348c 	str.w	r3, [r5, #1164]	@ 0x48c
			bt_generic_le(MODE_BT_PROMISC_LE);
    633c:	f7ff fae0 	bl	5900 <bt_generic_le>
		if (requested_mode != MODE_BT_PROMISC_LE)
    6340:	7d6b      	ldrb	r3, [r5, #21]
    6342:	2b0a      	cmp	r3, #10
    6344:	b2de      	uxtb	r6, r3
    6346:	d1e3      	bne.n	6310 <bt_promisc_le+0xc>
		le_promisc_state(0, &le.access_address, 4);
    6348:	2204      	movs	r2, #4
    634a:	4621      	mov	r1, r4
    634c:	2000      	movs	r0, #0
    634e:	f7ff fda1 	bl	5e94 <le_promisc_state>
		packet_cb = promisc_follow_cb;
    6352:	4b07      	ldr	r3, [pc, #28]	@ (6370 <bt_promisc_le+0x6c>)
		bt_le_sync(MODE_BT_PROMISC_LE);
    6354:	4630      	mov	r0, r6
		packet_cb = promisc_follow_cb;
    6356:	f8c5 3380 	str.w	r3, [r5, #896]	@ 0x380
		le.crc_verify = 0;
    635a:	2300      	movs	r3, #0
    635c:	6123      	str	r3, [r4, #16]
		bt_le_sync(MODE_BT_PROMISC_LE);
    635e:	f7ff fbd1 	bl	5b04 <bt_le_sync>
    6362:	e7d2      	b.n	630a <bt_promisc_le+0x6>
    6364:	100006fc 	.word	0x100006fc
    6368:	10000020 	.word	0x10000020
    636c:	00006135 	.word	0x00006135
    6370:	00006061 	.word	0x00006061

00006374 <bt_slave_le>:

#ifdef TX_ENABLE
void bt_slave_le() {
    6374:	b5f0      	push	{r4, r5, r6, r7, lr}
    6376:	b089      	sub	sp, #36	@ 0x24
	u32 calc_crc;
	int i;
	uint8_t adv_ind[32] = { 0x00, };
	uint8_t adv_ind_len;

	if (le_adv_len > LE_ADV_MAX_LEN) {
    6378:	4f33      	ldr	r7, [pc, #204]	@ (6448 <bt_slave_le+0xd4>)
	uint8_t adv_ind[32] = { 0x00, };
    637a:	2220      	movs	r2, #32
    637c:	2100      	movs	r1, #0
    637e:	4668      	mov	r0, sp
    6380:	f7fd ff1a 	bl	41b8 <memset>
	if (le_adv_len > LE_ADV_MAX_LEN) {
    6384:	6dbe      	ldr	r6, [r7, #88]	@ 0x58
    6386:	4c31      	ldr	r4, [pc, #196]	@ (644c <bt_slave_le+0xd8>)
    6388:	2eff      	cmp	r6, #255	@ 0xff
    638a:	d903      	bls.n	6394 <bt_slave_le+0x20>
		requested_mode = MODE_IDLE;
    638c:	2300      	movs	r3, #0
    638e:	7563      	strb	r3, [r4, #21]
		msleep(100);
	}

	// disable USB interrupts
	ICER0 = ICER0_ICE_USB;
}
    6390:	b009      	add	sp, #36	@ 0x24
    6392:	bdf0      	pop	{r4, r5, r6, r7, pc}
	adv_ind_len = 6 + le_adv_len;
    6394:	1db3      	adds	r3, r6, #6
	adv_ind[1] = adv_ind_len;
    6396:	f88d 3001 	strb.w	r3, [sp, #1]
		adv_ind[i+2] = slave_mac_address[5-i];
    639a:	f894 305b 	ldrb.w	r3, [r4, #91]	@ 0x5b
	memcpy(adv_ind + 2 + 6, le_adv_data, le_adv_len);
    639e:	4632      	mov	r2, r6
		adv_ind[i+2] = slave_mac_address[5-i];
    63a0:	f88d 3002 	strb.w	r3, [sp, #2]
    63a4:	f894 305a 	ldrb.w	r3, [r4, #90]	@ 0x5a
	memcpy(adv_ind + 2 + 6, le_adv_data, le_adv_len);
    63a8:	f107 015c 	add.w	r1, r7, #92	@ 0x5c
		adv_ind[i+2] = slave_mac_address[5-i];
    63ac:	f88d 3003 	strb.w	r3, [sp, #3]
    63b0:	f894 3059 	ldrb.w	r3, [r4, #89]	@ 0x59
	memcpy(adv_ind + 2 + 6, le_adv_data, le_adv_len);
    63b4:	a802      	add	r0, sp, #8
		adv_ind[i+2] = slave_mac_address[5-i];
    63b6:	f88d 3004 	strb.w	r3, [sp, #4]
    63ba:	f894 3058 	ldrb.w	r3, [r4, #88]	@ 0x58
    63be:	f88d 3005 	strb.w	r3, [sp, #5]
    63c2:	f894 3057 	ldrb.w	r3, [r4, #87]	@ 0x57
    63c6:	f88d 3006 	strb.w	r3, [sp, #6]
    63ca:	f894 3056 	ldrb.w	r3, [r4, #86]	@ 0x56
    63ce:	f88d 3007 	strb.w	r3, [sp, #7]
	memcpy(adv_ind + 2 + 6, le_adv_data, le_adv_len);
    63d2:	f7fd fe7b 	bl	40cc <__aeabi_memcpy>
	adv_ind_len += 2;
    63d6:	f106 0208 	add.w	r2, r6, #8
	calc_crc = btle_calc_crc(le.crc_init_reversed, adv_ind, adv_ind_len);
    63da:	b2d5      	uxtb	r5, r2
    63dc:	462a      	mov	r2, r5
    63de:	4669      	mov	r1, sp
    63e0:	68f8      	ldr	r0, [r7, #12]
    63e2:	f000 fc11 	bl	6c08 <btle_calc_crc>
	adv_ind[adv_ind_len + 0] = (calc_crc >>  0) & 0xff;
    63e6:	f105 0320 	add.w	r3, r5, #32
    63ea:	eb0d 0203 	add.w	r2, sp, r3
    63ee:	f802 0c20 	strb.w	r0, [r2, #-32]
	adv_ind[adv_ind_len + 1] = (calc_crc >>  8) & 0xff;
    63f2:	0a03      	lsrs	r3, r0, #8
	adv_ind[adv_ind_len + 2] = (calc_crc >> 16) & 0xff;
    63f4:	0c00      	lsrs	r0, r0, #16
	adv_ind[adv_ind_len + 1] = (calc_crc >>  8) & 0xff;
    63f6:	f802 3c1f 	strb.w	r3, [r2, #-31]
	adv_ind[adv_ind_len + 2] = (calc_crc >> 16) & 0xff;
    63fa:	f802 0c1e 	strb.w	r0, [r2, #-30]
	clkn_start();
    63fe:	f000 fe8b 	bl	7118 <clkn_start>
	ISER0 = ISER0_ISE_USB;
    6402:	f04f 23e0 	mov.w	r3, #3758153728	@ 0xe000e000
    6406:	f04f 7280 	mov.w	r2, #16777216	@ 0x1000000
	uint32_t now = (clkn & 0xffffff);
    640a:	4d11      	ldr	r5, [pc, #68]	@ (6450 <bt_slave_le+0xdc>)
	ISER0 = ISER0_ISE_USB;
    640c:	f8c3 2100 	str.w	r2, [r3, #256]	@ 0x100
	while (requested_mode == MODE_BT_SLAVE_LE) {
    6410:	7d63      	ldrb	r3, [r4, #21]
    6412:	2b0c      	cmp	r3, #12
    6414:	d006      	beq.n	6424 <bt_slave_le+0xb0>
	ICER0 = ICER0_ICE_USB;
    6416:	f04f 23e0 	mov.w	r3, #3758153728	@ 0xe000e000
    641a:	f04f 7280 	mov.w	r2, #16777216	@ 0x1000000
    641e:	f8c3 2180 	str.w	r2, [r3, #384]	@ 0x180
    6422:	e7b5      	b.n	6390 <bt_slave_le+0x1c>
		le_transmit(0x8e89bed6, adv_ind_len+3, adv_ind);
    6424:	f106 010b 	add.w	r1, r6, #11
    6428:	466a      	mov	r2, sp
    642a:	480a      	ldr	r0, [pc, #40]	@ (6454 <bt_slave_le+0xe0>)
    642c:	b2c9      	uxtb	r1, r1
    642e:	f7fe fe83 	bl	5138 <le_transmit>
	uint32_t now = (clkn & 0xffffff);
    6432:	682b      	ldr	r3, [r5, #0]
    6434:	f023 437f 	bic.w	r3, r3, #4278190080	@ 0xff000000
	uint32_t stop_at = now + millis * 10000 / 3125; // millis -> clkn ticks
    6438:	f503 73a0 	add.w	r3, r3, #320	@ 0x140
		while ((clkn & 0xffffff) < stop_at);
    643c:	682a      	ldr	r2, [r5, #0]
    643e:	f022 427f 	bic.w	r2, r2, #4278190080	@ 0xff000000
    6442:	4293      	cmp	r3, r2
    6444:	d8fa      	bhi.n	643c <bt_slave_le+0xc8>
    6446:	e7e3      	b.n	6410 <bt_slave_le+0x9c>
    6448:	10000020 	.word	0x10000020
    644c:	100006fc 	.word	0x100006fc
    6450:	10002e20 	.word	0x10002e20
    6454:	8e89bed6 	.word	0x8e89bed6

00006458 <rx_generic_sync>:
#endif

void rx_generic_sync(void) {
    6458:	b530      	push	{r4, r5, lr}
    645a:	b08b      	sub	sp, #44	@ 0x2c
	u16 reg_val;

	/* Put syncword at start of buffer
	 * DGS: fix this later, we don't know number of syncword bytes, etc
	 */
	reg_val = cc2400_get(SYNCH);
    645c:	202d      	movs	r0, #45	@ 0x2d
    645e:	f002 fee7 	bl	9230 <cc2400_get>
	buf[0] = (reg_val >> 8) & 0xFF;
    6462:	0a03      	lsrs	r3, r0, #8
	buf[1] = reg_val & 0xFF;
    6464:	f88d 0005 	strb.w	r0, [sp, #5]
	reg_val = cc2400_get(SYNCL);
    6468:	202c      	movs	r0, #44	@ 0x2c
	buf[0] = (reg_val >> 8) & 0xFF;
    646a:	f88d 3004 	strb.w	r3, [sp, #4]
	reg_val = cc2400_get(SYNCL);
    646e:	f002 fedf 	bl	9230 <cc2400_get>
	buf[2] = (reg_val >> 8) & 0xFF;
    6472:	0a03      	lsrs	r3, r0, #8
    6474:	f88d 3006 	strb.w	r3, [sp, #6]
	buf[3] = reg_val & 0xFF;
    6478:	f88d 0007 	strb.w	r0, [sp, #7]

	usb_queue_init();
    647c:	f000 fce8 	bl	6e50 <usb_queue_init>
	clkn_start();
    6480:	f000 fe4a 	bl	7118 <clkn_start>

	while (!(cc2400_status() & XOSC16M_STABLE));
    6484:	f002 ff68 	bl	9358 <cc2400_status>
    6488:	0641      	lsls	r1, r0, #25
    648a:	d5fb      	bpl.n	6484 <rx_generic_sync+0x2c>
	cc2400_strobe(SFSON);
    648c:	2061      	movs	r0, #97	@ 0x61
    648e:	f002 ff6a 	bl	9366 <cc2400_strobe>
	while (!(cc2400_status() & FS_LOCK));
    6492:	f002 ff61 	bl	9358 <cc2400_status>
    6496:	0742      	lsls	r2, r0, #29
    6498:	d5fb      	bpl.n	6492 <rx_generic_sync+0x3a>
	RXLED_SET;
    649a:	2310      	movs	r3, #16
    649c:	4c12      	ldr	r4, [pc, #72]	@ (64e8 <rx_generic_sync+0x90>)
		HGM_SET;
#endif
	while (1) {
		while ((cc2400_get(FSMSTATE) & 0x1f) != STATE_STROBE_FS_ON);
		cc2400_strobe(SRX);
		USRLED_CLR;
    649e:	2502      	movs	r5, #2
	RXLED_SET;
    64a0:	63a3      	str	r3, [r4, #56]	@ 0x38
		PAEN_SET;
    64a2:	2380      	movs	r3, #128	@ 0x80
    64a4:	65a3      	str	r3, [r4, #88]	@ 0x58
		HGM_SET;
    64a6:	f44f 7380 	mov.w	r3, #256	@ 0x100
    64aa:	65a3      	str	r3, [r4, #88]	@ 0x58
		while ((cc2400_get(FSMSTATE) & 0x1f) != STATE_STROBE_FS_ON);
    64ac:	200e      	movs	r0, #14
    64ae:	f002 febf 	bl	9230 <cc2400_get>
    64b2:	f000 001f 	and.w	r0, r0, #31
    64b6:	280f      	cmp	r0, #15
    64b8:	d1f8      	bne.n	64ac <rx_generic_sync+0x54>
		cc2400_strobe(SRX);
    64ba:	2062      	movs	r0, #98	@ 0x62
    64bc:	f002 ff53 	bl	9366 <cc2400_strobe>
		USRLED_CLR;
    64c0:	63e5      	str	r5, [r4, #60]	@ 0x3c
		while (!(cc2400_status() & SYNC_RECEIVED));
    64c2:	f002 ff49 	bl	9358 <cc2400_status>
    64c6:	06c3      	lsls	r3, r0, #27
    64c8:	d5fb      	bpl.n	64c2 <rx_generic_sync+0x6a>
		USRLED_SET;

		cc2400_fifo_read(len, buf+4);
    64ca:	a902      	add	r1, sp, #8
    64cc:	2020      	movs	r0, #32
		USRLED_SET;
    64ce:	63a5      	str	r5, [r4, #56]	@ 0x38
		cc2400_fifo_read(len, buf+4);
    64d0:	f002 ff08 	bl	92e4 <cc2400_fifo_read>
		enqueue(BR_PACKET, buf);
    64d4:	2000      	movs	r0, #0
    64d6:	a901      	add	r1, sp, #4
    64d8:	f7fe fbf6 	bl	4cc8 <enqueue.isra.0>
		handle_usb(clkn);
    64dc:	4b03      	ldr	r3, [pc, #12]	@ (64ec <rx_generic_sync+0x94>)
    64de:	6818      	ldr	r0, [r3, #0]
    64e0:	f000 fd22 	bl	6f28 <handle_usb>
		while ((cc2400_get(FSMSTATE) & 0x1f) != STATE_STROBE_FS_ON);
    64e4:	e7e2      	b.n	64ac <rx_generic_sync+0x54>
    64e6:	bf00      	nop
    64e8:	2009c000 	.word	0x2009c000
    64ec:	10002e20 	.word	0x10002e20

000064f0 <rx_generic>:
	}
}

void rx_generic(void) {
    64f0:	b508      	push	{r3, lr}
	// Check for packet mode
	if(cc2400_get(GRMDM) && 0x0400) {
    64f2:	2020      	movs	r0, #32
    64f4:	f002 fe9c 	bl	9230 <cc2400_get>
    64f8:	b108      	cbz	r0, 64fe <rx_generic+0xe>
		rx_generic_sync();
    64fa:	f7ff ffad 	bl	6458 <rx_generic_sync>
	} else {
		modulation = MOD_NONE;
    64fe:	2203      	movs	r2, #3
    6500:	4b02      	ldr	r3, [pc, #8]	@ (650c <rx_generic+0x1c>)
    6502:	701a      	strb	r2, [r3, #0]
		bt_stream_rx();
	}
}
    6504:	e8bd 4008 	ldmia.w	sp!, {r3, lr}
		bt_stream_rx();
    6508:	f7fe bfea 	b.w	54e0 <bt_stream_rx>
    650c:	100006fc 	.word	0x100006fc

00006510 <tx_generic>:

#ifdef TX_ENABLE
void tx_generic(void) {
    6510:	e92d 41f0 	stmdb	sp!, {r4, r5, r6, r7, r8, lr}
	u16 synch, syncl;
	u8 prev_mode = mode;

	mode = MODE_TX_GENERIC;
    6514:	2310      	movs	r3, #16
	u8 prev_mode = mode;
    6516:	4c34      	ldr	r4, [pc, #208]	@ (65e8 <tx_generic+0xd8>)

	// Save existing syncword
	synch = cc2400_get(SYNCH);
    6518:	202d      	movs	r0, #45	@ 0x2d
	u8 prev_mode = mode;
    651a:	7d25      	ldrb	r5, [r4, #20]
	mode = MODE_TX_GENERIC;
    651c:	7523      	strb	r3, [r4, #20]
	synch = cc2400_get(SYNCH);
    651e:	f002 fe87 	bl	9230 <cc2400_get>
    6522:	4680      	mov	r8, r0
	syncl = cc2400_get(SYNCL);
    6524:	202c      	movs	r0, #44	@ 0x2c
    6526:	f002 fe83 	bl	9230 <cc2400_get>

	cc2400_set(SYNCH, tx_pkt.synch);
    652a:	8ba1      	ldrh	r1, [r4, #28]
	syncl = cc2400_get(SYNCL);
    652c:	4607      	mov	r7, r0
	cc2400_set(SYNCH, tx_pkt.synch);
    652e:	202d      	movs	r0, #45	@ 0x2d
    6530:	f002 fe87 	bl	9242 <cc2400_set>
	cc2400_set(SYNCL, tx_pkt.syncl);
    6534:	202c      	movs	r0, #44	@ 0x2c
    6536:	8be1      	ldrh	r1, [r4, #30]
    6538:	f002 fe83 	bl	9242 <cc2400_set>
	cc2400_set(MDMCTRL, 0x0057);
    653c:	2157      	movs	r1, #87	@ 0x57
    653e:	2003      	movs	r0, #3
    6540:	f002 fe7f 	bl	9242 <cc2400_set>
	cc2400_set(MDMTST0, 0x134b);
    6544:	f241 314b 	movw	r1, #4939	@ 0x134b
    6548:	2014      	movs	r0, #20
    654a:	f002 fe7a 	bl	9242 <cc2400_set>
	cc2400_set(GRMDM, 0x0f61);
    654e:	f640 7161 	movw	r1, #3937	@ 0xf61
    6552:	2020      	movs	r0, #32
    6554:	f002 fe75 	bl	9242 <cc2400_set>
	cc2400_set(FSDIV, tx_pkt.channel);
    6558:	2002      	movs	r0, #2
    655a:	8c21      	ldrh	r1, [r4, #32]
    655c:	f002 fe71 	bl	9242 <cc2400_set>
	cc2400_set(FREND, tx_pkt.pa_level);
    6560:	2005      	movs	r0, #5
    6562:	f894 1023 	ldrb.w	r1, [r4, #35]	@ 0x23
    6566:	f002 fe6c 	bl	9242 <cc2400_set>

	while (!(cc2400_status() & XOSC16M_STABLE));
    656a:	f002 fef5 	bl	9358 <cc2400_status>
    656e:	0641      	lsls	r1, r0, #25
    6570:	d5fb      	bpl.n	656a <tx_generic+0x5a>
	cc2400_strobe(SFSON);
    6572:	2061      	movs	r0, #97	@ 0x61
    6574:	f002 fef7 	bl	9366 <cc2400_strobe>
	while (!(cc2400_status() & FS_LOCK));
    6578:	f002 feee 	bl	9358 <cc2400_status>
    657c:	0742      	lsls	r2, r0, #29
    657e:	d5fb      	bpl.n	6578 <tx_generic+0x68>
	TXLED_SET;
    6580:	f44f 7280 	mov.w	r2, #256	@ 0x100
    6584:	4b19      	ldr	r3, [pc, #100]	@ (65ec <tx_generic+0xdc>)
    6586:	639a      	str	r2, [r3, #56]	@ 0x38
#ifdef UBERTOOTH_ONE
		PAEN_SET;
    6588:	2280      	movs	r2, #128	@ 0x80
    658a:	659a      	str	r2, [r3, #88]	@ 0x58
#endif
	while ((cc2400_get(FSMSTATE) & 0x1f) != STATE_STROBE_FS_ON);
    658c:	200e      	movs	r0, #14
    658e:	f002 fe4f 	bl	9230 <cc2400_get>
    6592:	f000 001f 	and.w	r0, r0, #31
    6596:	280f      	cmp	r0, #15
    6598:	d1f8      	bne.n	658c <tx_generic+0x7c>

	cc2400_fifo_write(tx_pkt.length, tx_pkt.data);
    659a:	f894 0022 	ldrb.w	r0, [r4, #34]	@ 0x22
    659e:	4914      	ldr	r1, [pc, #80]	@ (65f0 <tx_generic+0xe0>)
    65a0:	f002 fe62 	bl	9268 <cc2400_fifo_write>
	cc2400_strobe(STX);
    65a4:	2063      	movs	r0, #99	@ 0x63
    65a6:	f002 fede 	bl	9366 <cc2400_strobe>

	while ((cc2400_get(FSMSTATE) & 0x1f) != STATE_STROBE_FS_ON);
    65aa:	200e      	movs	r0, #14
    65ac:	f002 fe40 	bl	9230 <cc2400_get>
    65b0:	f000 001f 	and.w	r0, r0, #31
    65b4:	280f      	cmp	r0, #15
    65b6:	d1f8      	bne.n	65aa <tx_generic+0x9a>
	TXLED_CLR;
    65b8:	f44f 7380 	mov.w	r3, #256	@ 0x100
    65bc:	4e0b      	ldr	r6, [pc, #44]	@ (65ec <tx_generic+0xdc>)

	cc2400_strobe(SRFOFF);
    65be:	2064      	movs	r0, #100	@ 0x64
	TXLED_CLR;
    65c0:	63f3      	str	r3, [r6, #60]	@ 0x3c
	cc2400_strobe(SRFOFF);
    65c2:	f002 fed0 	bl	9366 <cc2400_strobe>
	while ((cc2400_status() & FS_LOCK));
    65c6:	f002 fec7 	bl	9358 <cc2400_status>
    65ca:	0743      	lsls	r3, r0, #29
    65cc:	d4fb      	bmi.n	65c6 <tx_generic+0xb6>

#ifdef UBERTOOTH_ONE
	PAEN_CLR;
    65ce:	2380      	movs	r3, #128	@ 0x80
#endif

	// Restore state
	cc2400_set(SYNCH, synch);
    65d0:	4641      	mov	r1, r8
    65d2:	202d      	movs	r0, #45	@ 0x2d
	PAEN_CLR;
    65d4:	65f3      	str	r3, [r6, #92]	@ 0x5c
	cc2400_set(SYNCH, synch);
    65d6:	f002 fe34 	bl	9242 <cc2400_set>
	cc2400_set(SYNCL, syncl);
    65da:	4639      	mov	r1, r7
    65dc:	202c      	movs	r0, #44	@ 0x2c
    65de:	f002 fe30 	bl	9242 <cc2400_set>
	requested_mode = prev_mode;
    65e2:	7565      	strb	r5, [r4, #21]
}
    65e4:	e8bd 81f0 	ldmia.w	sp!, {r4, r5, r6, r7, r8, pc}
    65e8:	100006fc 	.word	0x100006fc
    65ec:	2009c000 	.word	0x2009c000
    65f0:	10000720 	.word	0x10000720

000065f4 <specan>:
#endif

/* spectrum analysis */
void specan()
{
    65f4:	e92d 47f0 	stmdb	sp!, {r4, r5, r6, r7, r8, r9, sl, lr}
    65f8:	b08e      	sub	sp, #56	@ 0x38
	u16 f;
	u8 i = 0;
	u8 buf[DMA_SIZE];

	RXLED_SET;
    65fa:	2310      	movs	r3, #16
    65fc:	4c3d      	ldr	r4, [pc, #244]	@ (66f4 <specan+0x100>)
    65fe:	63a3      	str	r3, [r4, #56]	@ 0x38

	usb_queue_init();
    6600:	f000 fc26 	bl	6e50 <usb_queue_init>
	clkn_start();
    6604:	f000 fd88 	bl	7118 <clkn_start>

#ifdef UBERTOOTH_ONE
	PAEN_SET;
    6608:	2380      	movs	r3, #128	@ 0x80
	//HGM_SET;
#endif
	cc2400_set(LMTST,   0x2b22);
    660a:	f642 3122 	movw	r1, #11042	@ 0x2b22
	PAEN_SET;
    660e:	65a3      	str	r3, [r4, #88]	@ 0x58
	cc2400_set(LMTST,   0x2b22);
    6610:	2012      	movs	r0, #18
    6612:	f002 fe16 	bl	9242 <cc2400_set>
	cc2400_set(MDMTST0, 0x134b); // without PRNG
    6616:	f241 314b 	movw	r1, #4939	@ 0x134b
    661a:	2014      	movs	r0, #20
    661c:	f002 fe11 	bl	9242 <cc2400_set>
	cc2400_set(GRMDM,   0x0101); // un-buffered mode, GFSK
    6620:	f240 1101 	movw	r1, #257	@ 0x101
    6624:	2020      	movs	r0, #32
    6626:	f002 fe0c 	bl	9242 <cc2400_set>
	cc2400_set(MDMCTRL, 0x0029); // 160 kHz frequency deviation
    662a:	2129      	movs	r1, #41	@ 0x29
    662c:	2003      	movs	r0, #3
    662e:	f002 fe08 	bl	9242 <cc2400_set>
	//FIXME maybe set RSSI.RSSI_FILT
	while (!(cc2400_status() & XOSC16M_STABLE));
    6632:	f002 fe91 	bl	9358 <cc2400_status>
    6636:	0641      	lsls	r1, r0, #25
    6638:	d5fb      	bpl.n	6632 <specan+0x3e>
	while ((cc2400_status() & FS_LOCK));
    663a:	f002 fe8d 	bl	9358 <cc2400_status>
    663e:	f010 0404 	ands.w	r4, r0, #4
    6642:	d1fa      	bne.n	663a <specan+0x46>

	while (requested_mode == MODE_SPECAN) {
    6644:	f8df 90b0 	ldr.w	r9, [pc, #176]	@ 66f8 <specan+0x104>
		for (f = low_freq; f < high_freq + 1; f++) {
    6648:	f8df 80b0 	ldr.w	r8, [pc, #176]	@ 66fc <specan+0x108>
	while (requested_mode == MODE_SPECAN) {
    664c:	f899 3015 	ldrb.w	r3, [r9, #21]
    6650:	2b04      	cmp	r3, #4
    6652:	d005      	beq.n	6660 <specan+0x6c>

			cc2400_strobe(SRFOFF);
			while ((cc2400_status() & FS_LOCK));
		}
	}
	RXLED_CLR;
    6654:	2210      	movs	r2, #16
    6656:	4b27      	ldr	r3, [pc, #156]	@ (66f4 <specan+0x100>)
    6658:	63da      	str	r2, [r3, #60]	@ 0x3c
}
    665a:	b00e      	add	sp, #56	@ 0x38
    665c:	e8bd 87f0 	ldmia.w	sp!, {r4, r5, r6, r7, r8, r9, sl, pc}
		for (f = low_freq; f < high_freq + 1; f++) {
    6660:	f8b8 5052 	ldrh.w	r5, [r8, #82]	@ 0x52
				handle_usb(clkn);
    6664:	f8df a098 	ldr.w	sl, [pc, #152]	@ 6700 <specan+0x10c>
		for (f = low_freq; f < high_freq + 1; f++) {
    6668:	b2ad      	uxth	r5, r5
    666a:	f8b8 3054 	ldrh.w	r3, [r8, #84]	@ 0x54
    666e:	b29b      	uxth	r3, r3
    6670:	42ab      	cmp	r3, r5
    6672:	d3eb      	bcc.n	664c <specan+0x58>
			cc2400_set(FSDIV, f - 1);
    6674:	1e69      	subs	r1, r5, #1
    6676:	2002      	movs	r0, #2
    6678:	b289      	uxth	r1, r1
    667a:	f002 fde2 	bl	9242 <cc2400_set>
			cc2400_strobe(SFSON);
    667e:	2061      	movs	r0, #97	@ 0x61
    6680:	f002 fe71 	bl	9366 <cc2400_strobe>
			while (!(cc2400_status() & FS_LOCK));
    6684:	f002 fe68 	bl	9358 <cc2400_status>
    6688:	0742      	lsls	r2, r0, #29
    668a:	d5fb      	bpl.n	6684 <specan+0x90>
			cc2400_strobe(SRX);
    668c:	2062      	movs	r0, #98	@ 0x62
    668e:	f002 fe6a 	bl	9366 <cc2400_strobe>
			volatile u32 j = 500; while (--j); //FIXME crude delay
    6692:	f44f 73fa 	mov.w	r3, #500	@ 0x1f4
    6696:	9300      	str	r3, [sp, #0]
    6698:	9e00      	ldr	r6, [sp, #0]
    669a:	3e01      	subs	r6, #1
    669c:	9600      	str	r6, [sp, #0]
    669e:	2e00      	cmp	r6, #0
    66a0:	d1fa      	bne.n	6698 <specan+0xa4>
			buf[3 * i] = (f >> 8) & 0xFF;
    66a2:	eb04 0744 	add.w	r7, r4, r4, lsl #1
    66a6:	f107 0338 	add.w	r3, r7, #56	@ 0x38
    66aa:	eb0d 0703 	add.w	r7, sp, r3
			buf[(3 * i) + 2] = cc2400_get(RSSI) >> 8;
    66ae:	2006      	movs	r0, #6
			buf[3 * i] = (f >> 8) & 0xFF;
    66b0:	0a2b      	lsrs	r3, r5, #8
    66b2:	f807 3c34 	strb.w	r3, [r7, #-52]
			buf[(3 * i) + 1] = f  & 0xFF;
    66b6:	f807 5c33 	strb.w	r5, [r7, #-51]
			buf[(3 * i) + 2] = cc2400_get(RSSI) >> 8;
    66ba:	f002 fdb9 	bl	9230 <cc2400_get>
			i++;
    66be:	3401      	adds	r4, #1
    66c0:	b2e4      	uxtb	r4, r4
			buf[(3 * i) + 2] = cc2400_get(RSSI) >> 8;
    66c2:	0a00      	lsrs	r0, r0, #8
			if (i == 16) {
    66c4:	2c10      	cmp	r4, #16
			buf[(3 * i) + 2] = cc2400_get(RSSI) >> 8;
    66c6:	f807 0c32 	strb.w	r0, [r7, #-50]
			if (i == 16) {
    66ca:	d108      	bne.n	66de <specan+0xea>
				enqueue(SPECAN, buf);
    66cc:	2004      	movs	r0, #4
    66ce:	a901      	add	r1, sp, #4
    66d0:	f7fe fafa 	bl	4cc8 <enqueue.isra.0>
				handle_usb(clkn);
    66d4:	f8da 0000 	ldr.w	r0, [sl]
    66d8:	f000 fc26 	bl	6f28 <handle_usb>
				i = 0;
    66dc:	4634      	mov	r4, r6
			cc2400_strobe(SRFOFF);
    66de:	2064      	movs	r0, #100	@ 0x64
    66e0:	f002 fe41 	bl	9366 <cc2400_strobe>
			while ((cc2400_status() & FS_LOCK));
    66e4:	f002 fe38 	bl	9358 <cc2400_status>
    66e8:	0743      	lsls	r3, r0, #29
    66ea:	d4fb      	bmi.n	66e4 <specan+0xf0>
		for (f = low_freq; f < high_freq + 1; f++) {
    66ec:	3501      	adds	r5, #1
    66ee:	b2ad      	uxth	r5, r5
    66f0:	e7bb      	b.n	666a <specan+0x76>
    66f2:	bf00      	nop
    66f4:	2009c000 	.word	0x2009c000
    66f8:	100006fc 	.word	0x100006fc
    66fc:	10000020 	.word	0x10000020
    6700:	10002e20 	.word	0x10002e20

00006704 <led_specan>:

/* LED based spectrum analysis */
void led_specan()
{
    6704:	b5f0      	push	{r4, r5, r6, r7, lr}
    6706:	b085      	sub	sp, #20
	int8_t lvl;
	u8 i = 0;
	u16 channels[3] = {2412, 2437, 2462};
    6708:	4b40      	ldr	r3, [pc, #256]	@ (680c <led_specan+0x108>)
	//void (*set[3]) = {TXLED_SET, RXLED_SET, USRLED_SET};
	//void (*clr[3]) = {TXLED_CLR, RXLED_CLR, USRLED_CLR};

#ifdef UBERTOOTH_ONE
	PAEN_SET;
    670a:	2280      	movs	r2, #128	@ 0x80
	u16 channels[3] = {2412, 2437, 2462};
    670c:	9302      	str	r3, [sp, #8]
    670e:	f640 139e 	movw	r3, #2462	@ 0x99e
    6712:	f8ad 300c 	strh.w	r3, [sp, #12]
	PAEN_SET;
    6716:	4b3e      	ldr	r3, [pc, #248]	@ (6810 <led_specan+0x10c>)
	//HGM_SET;
#endif
	cc2400_set(LMTST,   0x2b22);
    6718:	f642 3122 	movw	r1, #11042	@ 0x2b22
	PAEN_SET;
    671c:	659a      	str	r2, [r3, #88]	@ 0x58
	cc2400_set(LMTST,   0x2b22);
    671e:	2012      	movs	r0, #18
    6720:	f002 fd8f 	bl	9242 <cc2400_set>
	cc2400_set(MDMTST0, 0x134b); // without PRNG
    6724:	f241 314b 	movw	r1, #4939	@ 0x134b
    6728:	2014      	movs	r0, #20
    672a:	f002 fd8a 	bl	9242 <cc2400_set>
	cc2400_set(GRMDM,   0x0101); // un-buffered mode, GFSK
    672e:	f240 1101 	movw	r1, #257	@ 0x101
    6732:	2020      	movs	r0, #32
    6734:	f002 fd85 	bl	9242 <cc2400_set>
	cc2400_set(MDMCTRL, 0x0029); // 160 kHz frequency deviation
    6738:	2129      	movs	r1, #41	@ 0x29
    673a:	2003      	movs	r0, #3
    673c:	f002 fd81 	bl	9242 <cc2400_set>
	cc2400_set(RSSI,    0x00F1); // RSSI Sample over 2 symbols
    6740:	21f1      	movs	r1, #241	@ 0xf1
    6742:	2006      	movs	r0, #6
    6744:	f002 fd7d 	bl	9242 <cc2400_set>

	while (!(cc2400_status() & XOSC16M_STABLE));
    6748:	f002 fe06 	bl	9358 <cc2400_status>
    674c:	0641      	lsls	r1, r0, #25
    674e:	d5fb      	bpl.n	6748 <led_specan+0x44>
	while ((cc2400_status() & FS_LOCK));
    6750:	f002 fe02 	bl	9358 <cc2400_status>
    6754:	f010 0404 	ands.w	r4, r0, #4
    6758:	d1fa      	bne.n	6750 <led_specan+0x4c>

	while (requested_mode == MODE_LED_SPECAN) {
    675a:	4e2e      	ldr	r6, [pc, #184]	@ (6814 <led_specan+0x110>)
		cc2400_strobe(SRX);

		/* give the CC2400 time to acquire RSSI reading */
		volatile u32 j = 500; while (--j); //FIXME crude delay
		lvl = (int8_t)((cc2400_get(RSSI) >> 8) & 0xff);
		if (lvl > rssi_threshold) {
    675c:	4f2e      	ldr	r7, [pc, #184]	@ (6818 <led_specan+0x114>)
    675e:	4d2c      	ldr	r5, [pc, #176]	@ (6810 <led_specan+0x10c>)
	while (requested_mode == MODE_LED_SPECAN) {
    6760:	7d73      	ldrb	r3, [r6, #21]
    6762:	2b07      	cmp	r3, #7
    6764:	d001      	beq.n	676a <led_specan+0x66>
		handle_usb(clkn);

		cc2400_strobe(SRFOFF);
		while ((cc2400_status() & FS_LOCK));
	}
}
    6766:	b005      	add	sp, #20
    6768:	bdf0      	pop	{r4, r5, r6, r7, pc}
		cc2400_set(FSDIV, channels[i] - 1);
    676a:	ab04      	add	r3, sp, #16
    676c:	eb03 0344 	add.w	r3, r3, r4, lsl #1
    6770:	f833 1c08 	ldrh.w	r1, [r3, #-8]
    6774:	2002      	movs	r0, #2
    6776:	3901      	subs	r1, #1
    6778:	b289      	uxth	r1, r1
    677a:	f002 fd62 	bl	9242 <cc2400_set>
		cc2400_strobe(SFSON);
    677e:	2061      	movs	r0, #97	@ 0x61
    6780:	f002 fdf1 	bl	9366 <cc2400_strobe>
		while (!(cc2400_status() & FS_LOCK));
    6784:	f002 fde8 	bl	9358 <cc2400_status>
    6788:	0742      	lsls	r2, r0, #29
    678a:	d5fb      	bpl.n	6784 <led_specan+0x80>
		cc2400_strobe(SRX);
    678c:	2062      	movs	r0, #98	@ 0x62
    678e:	f002 fdea 	bl	9366 <cc2400_strobe>
		volatile u32 j = 500; while (--j); //FIXME crude delay
    6792:	f44f 73fa 	mov.w	r3, #500	@ 0x1f4
    6796:	9301      	str	r3, [sp, #4]
    6798:	9b01      	ldr	r3, [sp, #4]
    679a:	3b01      	subs	r3, #1
    679c:	9301      	str	r3, [sp, #4]
    679e:	2b00      	cmp	r3, #0
    67a0:	d1fa      	bne.n	6798 <led_specan+0x94>
		lvl = (int8_t)((cc2400_get(RSSI) >> 8) & 0xff);
    67a2:	2006      	movs	r0, #6
    67a4:	f002 fd44 	bl	9230 <cc2400_get>
		if (lvl > rssi_threshold) {
    67a8:	f897 3056 	ldrb.w	r3, [r7, #86]	@ 0x56
    67ac:	f340 2007 	sbfx	r0, r0, #8, #8
    67b0:	b25b      	sxtb	r3, r3
    67b2:	4298      	cmp	r0, r3
    67b4:	dd1e      	ble.n	67f4 <led_specan+0xf0>
			switch (i) {
    67b6:	2c01      	cmp	r4, #1
    67b8:	d018      	beq.n	67ec <led_specan+0xe8>
    67ba:	2c02      	cmp	r4, #2
    67bc:	d018      	beq.n	67f0 <led_specan+0xec>
					TXLED_SET;
    67be:	f44f 7380 	mov.w	r3, #256	@ 0x100
					RXLED_SET;
    67c2:	63ab      	str	r3, [r5, #56]	@ 0x38
		i = (i+1) % 3;
    67c4:	2303      	movs	r3, #3
    67c6:	3401      	adds	r4, #1
    67c8:	fbb4 f3f3 	udiv	r3, r4, r3
    67cc:	eb03 0343 	add.w	r3, r3, r3, lsl #1
    67d0:	1ae4      	subs	r4, r4, r3
		handle_usb(clkn);
    67d2:	4b12      	ldr	r3, [pc, #72]	@ (681c <led_specan+0x118>)
		i = (i+1) % 3;
    67d4:	b2e4      	uxtb	r4, r4
		handle_usb(clkn);
    67d6:	6818      	ldr	r0, [r3, #0]
    67d8:	f000 fba6 	bl	6f28 <handle_usb>
		cc2400_strobe(SRFOFF);
    67dc:	2064      	movs	r0, #100	@ 0x64
    67de:	f002 fdc2 	bl	9366 <cc2400_strobe>
		while ((cc2400_status() & FS_LOCK));
    67e2:	f002 fdb9 	bl	9358 <cc2400_status>
    67e6:	0743      	lsls	r3, r0, #29
    67e8:	d4fb      	bmi.n	67e2 <led_specan+0xde>
    67ea:	e7b9      	b.n	6760 <led_specan+0x5c>
					RXLED_SET;
    67ec:	2310      	movs	r3, #16
    67ee:	e7e8      	b.n	67c2 <led_specan+0xbe>
					USRLED_SET;
    67f0:	63ac      	str	r4, [r5, #56]	@ 0x38
					break;
    67f2:	e7e7      	b.n	67c4 <led_specan+0xc0>
			switch (i) {
    67f4:	2c01      	cmp	r4, #1
    67f6:	d005      	beq.n	6804 <led_specan+0x100>
    67f8:	2c02      	cmp	r4, #2
    67fa:	d005      	beq.n	6808 <led_specan+0x104>
					TXLED_CLR;
    67fc:	f44f 7380 	mov.w	r3, #256	@ 0x100
					RXLED_CLR;
    6800:	63eb      	str	r3, [r5, #60]	@ 0x3c
					break;
    6802:	e7df      	b.n	67c4 <led_specan+0xc0>
					RXLED_CLR;
    6804:	2310      	movs	r3, #16
    6806:	e7fb      	b.n	6800 <led_specan+0xfc>
					USRLED_CLR;
    6808:	63ec      	str	r4, [r5, #60]	@ 0x3c
					break;
    680a:	e7db      	b.n	67c4 <led_specan+0xc0>
    680c:	0985096c 	.word	0x0985096c
    6810:	2009c000 	.word	0x2009c000
    6814:	100006fc 	.word	0x100006fc
    6818:	10000020 	.word	0x10000020
    681c:	10002e20 	.word	0x10002e20

00006820 <main>:

int main()
{
    6820:	b508      	push	{r3, lr}
	// enable all fault handlers (see fault.c)
	SCB_SHCSR = (1 << 18) | (1 << 17) | (1 << 16);
    6822:	f04f 23e0 	mov.w	r3, #3758153728	@ 0xe000e000
    6826:	f44f 22e0 	mov.w	r2, #458752	@ 0x70000
    682a:	f8c3 2d24 	str.w	r2, [r3, #3364]	@ 0xd24

	ubertooth_init();
    682e:	f002 fe63 	bl	94f8 <ubertooth_init>
	clkn_init();
    6832:	f000 fc76 	bl	7122 <clkn_init>
	ubertooth_usb_init(vendor_request_handler);
    6836:	483a      	ldr	r0, [pc, #232]	@ (6920 <main+0x100>)
    6838:	f000 fae8 	bl	6e0c <ubertooth_usb_init>
	cc2400_idle();
    683c:	f7fd fde8 	bl	4410 <cc2400_idle>
	dma_poweron();
    6840:	f000 fc8a 	bl	7158 <dma_poweron>

	debug_uart_init(0);
    6844:	2000      	movs	r0, #0
    6846:	f001 ff81 	bl	874c <debug_uart_init>
	debug_printf("\n\n****UBERTOOTH BOOT****\n%s\n", compile_info);
    684a:	4936      	ldr	r1, [pc, #216]	@ (6924 <main+0x104>)
    684c:	4836      	ldr	r0, [pc, #216]	@ (6928 <main+0x108>)
    684e:	f001 ffcf 	bl	87f0 <debug_printf>

	while (1) {
		handle_usb(clkn);
    6852:	4d36      	ldr	r5, [pc, #216]	@ (692c <main+0x10c>)
		if(requested_mode != mode) {
    6854:	4c36      	ldr	r4, [pc, #216]	@ (6930 <main+0x110>)
		handle_usb(clkn);
    6856:	6828      	ldr	r0, [r5, #0]
    6858:	f000 fb66 	bl	6f28 <handle_usb>
		if(requested_mode != mode) {
    685c:	7d62      	ldrb	r2, [r4, #21]
    685e:	7d23      	ldrb	r3, [r4, #20]
    6860:	429a      	cmp	r2, r3
    6862:	d0f8      	beq.n	6856 <main+0x36>
			switch (requested_mode) {
    6864:	7d63      	ldrb	r3, [r4, #21]
    6866:	2b11      	cmp	r3, #17
    6868:	d8f5      	bhi.n	6856 <main+0x36>
    686a:	e8df f003 	tbb	[pc, r3]
    686e:	1456      	.short	0x1456
    6870:	2f3d2816 	.word	0x2f3d2816
    6874:	1d1b4037 	.word	0x1d1b4037
    6878:	43250922 	.word	0x43250922
    687c:	514e490f 	.word	0x514e490f
				case MODE_RESET:
					/* Allow time for the USB command to return correctly */
					wait(1);
    6880:	2001      	movs	r0, #1
    6882:	f002 fc15 	bl	90b0 <wait>
					reset();
    6886:	f002 fe41 	bl	950c <reset>
					break;
    688a:	e7e4      	b.n	6856 <main+0x36>
				case MODE_AFH:
					mode = MODE_AFH;
    688c:	230e      	movs	r3, #14
					bt_stream_rx();
					break;
				case MODE_RX_SYMBOLS:
					mode = MODE_RX_SYMBOLS;
    688e:	7523      	strb	r3, [r4, #20]
					bt_stream_rx();
    6890:	f7fe fe26 	bl	54e0 <bt_stream_rx>
					break;
    6894:	e7df      	b.n	6856 <main+0x36>
					mode = MODE_RX_SYMBOLS;
    6896:	2301      	movs	r3, #1
    6898:	e7f9      	b.n	688e <main+0x6e>
#ifdef TX_ENABLE
				case MODE_TX_SYMBOLS:
					mode = MODE_TX_SYMBOLS;
    689a:	2302      	movs	r3, #2
    689c:	7523      	strb	r3, [r4, #20]
					br_transmit();
    689e:	f7fe fecb 	bl	5638 <br_transmit>
					break;
    68a2:	e7d8      	b.n	6856 <main+0x36>
#endif
				case MODE_BT_FOLLOW:
					mode = MODE_BT_FOLLOW;
    68a4:	2308      	movs	r3, #8
    68a6:	e7f2      	b.n	688e <main+0x6e>
					bt_stream_rx();
					break;
				case MODE_BT_FOLLOW_LE:
					mode = MODE_BT_FOLLOW_LE;
    68a8:	2309      	movs	r3, #9
    68aa:	7523      	strb	r3, [r4, #20]
	le_phy_main();
    68ac:	f001 f880 	bl	79b0 <le_phy_main>
}
    68b0:	e7d1      	b.n	6856 <main+0x36>
					bt_follow_le();
					break;
				case MODE_BT_PROMISC_LE:
					bt_promisc_le();
    68b2:	f7ff fd27 	bl	6304 <bt_promisc_le>
					break;
    68b6:	e7ce      	b.n	6856 <main+0x36>
#ifdef TX_ENABLE
				case MODE_BT_SLAVE_LE:
					bt_slave_le();
    68b8:	f7ff fd5c 	bl	6374 <bt_slave_le>
					break;
    68bc:	e7cb      	b.n	6856 <main+0x36>
				case MODE_TX_TEST:
					mode = MODE_TX_TEST;
    68be:	2303      	movs	r3, #3
					cc2400_txtest(&modulation, &channel);
    68c0:	4620      	mov	r0, r4
    68c2:	491c      	ldr	r1, [pc, #112]	@ (6934 <main+0x114>)
					mode = MODE_TX_TEST;
    68c4:	7523      	strb	r3, [r4, #20]
					cc2400_txtest(&modulation, &channel);
    68c6:	f001 fc75 	bl	81b4 <cc2400_txtest>
					break;
    68ca:	e7c4      	b.n	6856 <main+0x36>
				case MODE_RANGE_TEST:
					mode = MODE_RANGE_TEST;
    68cc:	2305      	movs	r3, #5
					cc2400_rangetest(&channel);
    68ce:	4819      	ldr	r0, [pc, #100]	@ (6934 <main+0x114>)
					mode = MODE_RANGE_TEST;
    68d0:	7523      	strb	r3, [r4, #20]
					cc2400_rangetest(&channel);
    68d2:	f001 fa81 	bl	7dd8 <cc2400_rangetest>
					requested_mode = MODE_IDLE;
    68d6:	2300      	movs	r3, #0
    68d8:	7563      	strb	r3, [r4, #21]
					break;
    68da:	e7bc      	b.n	6856 <main+0x36>
				case MODE_REPEATER:
					mode = MODE_REPEATER;
    68dc:	2306      	movs	r3, #6
					cc2400_repeater(&channel);
    68de:	4815      	ldr	r0, [pc, #84]	@ (6934 <main+0x114>)
					mode = MODE_REPEATER;
    68e0:	7523      	strb	r3, [r4, #20]
					cc2400_repeater(&channel);
    68e2:	f001 fbb3 	bl	804c <cc2400_repeater>
					break;
    68e6:	e7b6      	b.n	6856 <main+0x36>
#endif
				case MODE_SPECAN:
					specan();
    68e8:	f7ff fe84 	bl	65f4 <specan>
					break;
    68ec:	e7b3      	b.n	6856 <main+0x36>
				case MODE_LED_SPECAN:
					led_specan();
    68ee:	f7ff ff09 	bl	6704 <led_specan>
					break;
    68f2:	e7b0      	b.n	6856 <main+0x36>
				case MODE_EGO:
					mode = MODE_EGO;
    68f4:	230d      	movs	r3, #13
    68f6:	7523      	strb	r3, [r4, #20]
					ego_main(ego_mode);
    68f8:	7de0      	ldrb	r0, [r4, #23]
    68fa:	f001 fec9 	bl	8690 <ego_main>
					break;
    68fe:	e7aa      	b.n	6856 <main+0x36>
				case MODE_RX_GENERIC:
					mode = MODE_RX_GENERIC;
    6900:	230f      	movs	r3, #15
    6902:	7523      	strb	r3, [r4, #20]
					rx_generic();
    6904:	f7ff fdf4 	bl	64f0 <rx_generic>
					break;
    6908:	e7a5      	b.n	6856 <main+0x36>
#ifdef TX_ENABLE
				case MODE_TX_GENERIC:
					tx_generic();
    690a:	f7ff fe01 	bl	6510 <tx_generic>
					break;
    690e:	e7a2      	b.n	6856 <main+0x36>
#endif
				case MODE_XMAS:
					mode = MODE_XMAS;
    6910:	2311      	movs	r3, #17
    6912:	7523      	strb	r3, [r4, #20]
					xmas_main();
    6914:	f002 faba 	bl	8e8c <xmas_main>
					break;
    6918:	e79d      	b.n	6856 <main+0x36>
				case MODE_IDLE:
					cc2400_idle();
    691a:	f7fd fd79 	bl	4410 <cc2400_idle>
					break;
    691e:	e79a      	b.n	6856 <main+0x36>
    6920:	000045f5 	.word	0x000045f5
    6924:	0000a20c 	.word	0x0000a20c
    6928:	0000a1c7 	.word	0x0000a1c7
    692c:	10002e20 	.word	0x10002e20
    6930:	100006fc 	.word	0x100006fc
    6934:	1000006c 	.word	0x1000006c

00006938 <precalc>:
	return i;
}

/* do all of the one time precalculation */
void precalc(void)
{
    6938:	b5f0      	push	{r4, r5, r6, r7, lr}
	u8 i, j, chan;
	u32 address;
	address = target.address & 0xffffffff;
	syncword = 0;
    693a:	2100      	movs	r1, #0
    693c:	2000      	movs	r0, #0
	address = target.address & 0xffffffff;
    693e:	4a41      	ldr	r2, [pc, #260]	@ (6a44 <precalc+0x10c>)

	/* populate frequency register bank*/
	for (i = 0; i < NUM_BREDR_CHANNELS; i++)
		bank[i] = ((i * 2) % NUM_BREDR_CHANNELS);
    6940:	254f      	movs	r5, #79	@ 0x4f
	syncword = 0;
    6942:	e9c2 0104 	strd	r0, r1, [r2, #16]
    6946:	2100      	movs	r1, #0
	address = target.address & 0xffffffff;
    6948:	6813      	ldr	r3, [r2, #0]
	for (i = 0; i < NUM_BREDR_CHANNELS; i++)
    694a:	f102 0418 	add.w	r4, r2, #24
		bank[i] = ((i * 2) % NUM_BREDR_CHANNELS);
    694e:	fbb1 f0f5 	udiv	r0, r1, r5
    6952:	fb05 1010 	mls	r0, r5, r0, r1
	for (i = 0; i < NUM_BREDR_CHANNELS; i++)
    6956:	3102      	adds	r1, #2
    6958:	299e      	cmp	r1, #158	@ 0x9e
		bank[i] = ((i * 2) % NUM_BREDR_CHANNELS);
    695a:	f804 0b01 	strb.w	r0, [r4], #1
	for (i = 0; i < NUM_BREDR_CHANNELS; i++)
    695e:	d1f6      	bne.n	694e <precalc+0x16>
		/* actual frequency is 2402 + bank[i] MHz */


	/* precalculate some of next_hop()'s variables */
	a1 = (address >> 23) & 0x1f;
    6960:	f3c3 51c4 	ubfx	r1, r3, #23, #5
	b = (address >> 19) & 0x0f;
	c1 = ((address >> 4) & 0x10) +
    6964:	091c      	lsrs	r4, r3, #4
		((address >> 3) & 0x08) +
    6966:	08d8      	lsrs	r0, r3, #3
	a1 = (address >> 23) & 0x1f;
    6968:	f882 1067 	strb.w	r1, [r2, #103]	@ 0x67
	b = (address >> 19) & 0x0f;
    696c:	f3c3 41c3 	ubfx	r1, r3, #19, #4
		((address >> 2) & 0x04) +
    6970:	089e      	lsrs	r6, r3, #2
		((address >> 1) & 0x02) +
    6972:	085d      	lsrs	r5, r3, #1
		((address >> 3) & 0x08) +
    6974:	f000 0708 	and.w	r7, r0, #8
	b = (address >> 19) & 0x0f;
    6978:	f882 1068 	strb.w	r1, [r2, #104]	@ 0x68
	c1 = ((address >> 4) & 0x10) +
    697c:	f004 0110 	and.w	r1, r4, #16
    6980:	4339      	orrs	r1, r7
		((address >> 1) & 0x02) +
    6982:	f005 0c02 	and.w	ip, r5, #2
		((address >> 2) & 0x04) +
    6986:	f006 0704 	and.w	r7, r6, #4
		((address >> 1) & 0x02) +
    698a:	ea47 070c 	orr.w	r7, r7, ip
    698e:	4439      	add	r1, r7
		(address & 0x01);
    6990:	f003 0701 	and.w	r7, r3, #1
		((address >> 1) & 0x02) +
    6994:	4439      	add	r1, r7
	c1 = ((address >> 4) & 0x10) +
    6996:	f882 1069 	strb.w	r1, [r2, #105]	@ 0x69
	d1 = (address >> 10) & 0x1ff;
    699a:	f3c3 2188 	ubfx	r1, r3, #10, #9
	e = ((address >> 7) & 0x40) +
		((address >> 6) & 0x20) +
    699e:	099f      	lsrs	r7, r3, #6
	d1 = (address >> 10) & 0x1ff;
    69a0:	f8a2 106a 	strh.w	r1, [r2, #106]	@ 0x6a
		((address >> 5) & 0x10) +
		((address >> 4) & 0x08) +
		((address >> 3) & 0x04) +
    69a4:	f000 0004 	and.w	r0, r0, #4
	e = ((address >> 7) & 0x40) +
    69a8:	09d9      	lsrs	r1, r3, #7
		((address >> 2) & 0x02) +
    69aa:	f006 0602 	and.w	r6, r6, #2
	e = ((address >> 7) & 0x40) +
    69ae:	f001 0140 	and.w	r1, r1, #64	@ 0x40
		((address >> 6) & 0x20) +
    69b2:	f007 0720 	and.w	r7, r7, #32
		((address >> 2) & 0x02) +
    69b6:	4330      	orrs	r0, r6
		((address >> 1) & 0x01);
    69b8:	f005 0501 	and.w	r5, r5, #1
		((address >> 5) & 0x10) +
    69bc:	095b      	lsrs	r3, r3, #5
	e = ((address >> 7) & 0x40) +
    69be:	4339      	orrs	r1, r7
		((address >> 2) & 0x02) +
    69c0:	4428      	add	r0, r5
		((address >> 5) & 0x10) +
    69c2:	f003 0310 	and.w	r3, r3, #16
		((address >> 4) & 0x08) +
    69c6:	f004 0408 	and.w	r4, r4, #8
		((address >> 2) & 0x02) +
    69ca:	4401      	add	r1, r0
    69cc:	4323      	orrs	r3, r4
    69ce:	440b      	add	r3, r1
	e = ((address >> 7) & 0x40) +
    69d0:	f882 306c 	strb.w	r3, [r2, #108]	@ 0x6c

	if(afh_enabled) {
    69d4:	f892 306d 	ldrb.w	r3, [r2, #109]	@ 0x6d
    69d8:	b353      	cbz	r3, 6a30 <precalc+0xf8>
    69da:	2400      	movs	r4, #0
		used_channels = 0;
		for(i = 0; i < 10; i++)
    69dc:	4621      	mov	r1, r4
    69de:	4e1a      	ldr	r6, [pc, #104]	@ (6a48 <precalc+0x110>)
			used_channels += count_bits((uint64_t) afh_map[i]);
    69e0:	2000      	movs	r0, #0
	for (i = 0; n != 0; i++)
    69e2:	4605      	mov	r5, r0
			used_channels += count_bits((uint64_t) afh_map[i]);
    69e4:	f816 3b01 	ldrb.w	r3, [r6], #1
	for (i = 0; n != 0; i++)
    69e8:	ea53 0700 	orrs.w	r7, r3, r0
    69ec:	d121      	bne.n	6a32 <precalc+0xfa>
		for(i = 0; i < 10; i++)
    69ee:	3101      	adds	r1, #1
    69f0:	b2c9      	uxtb	r1, r1
    69f2:	290a      	cmp	r1, #10
			used_channels += count_bits((uint64_t) afh_map[i]);
    69f4:	442c      	add	r4, r5
		for(i = 0; i < 10; i++)
    69f6:	d1f3      	bne.n	69e0 <precalc+0xa8>
    69f8:	2300      	movs	r3, #0
		j = 0;
		for (i = 0; i < NUM_BREDR_CHANNELS; i++) {
			chan = (i * 2) % NUM_BREDR_CHANNELS;
    69fa:	254f      	movs	r5, #79	@ 0x4f
		j = 0;
    69fc:	4619      	mov	r1, r3
    69fe:	f882 4078 	strb.w	r4, [r2, #120]	@ 0x78
			chan = (i * 2) % NUM_BREDR_CHANNELS;
    6a02:	fbb3 f0f5 	udiv	r0, r3, r5
    6a06:	fb05 3010 	mls	r0, r5, r0, r3
			if(afh_map[chan/8] & (0x1 << (chan % 8)))
    6a0a:	f3c0 04c4 	ubfx	r4, r0, #3, #5
    6a0e:	4414      	add	r4, r2
    6a10:	f894 406e 	ldrb.w	r4, [r4, #110]	@ 0x6e
    6a14:	f000 0607 	and.w	r6, r0, #7
    6a18:	4134      	asrs	r4, r6
    6a1a:	07e4      	lsls	r4, r4, #31
				bank[j++] = chan;
    6a1c:	bf48      	it	mi
    6a1e:	1c4c      	addmi	r4, r1, #1
		for (i = 0; i < NUM_BREDR_CHANNELS; i++) {
    6a20:	f103 0302 	add.w	r3, r3, #2
				bank[j++] = chan;
    6a24:	bf42      	ittt	mi
    6a26:	1889      	addmi	r1, r1, r2
    6a28:	7608      	strbmi	r0, [r1, #24]
    6a2a:	b2e1      	uxtbmi	r1, r4
		for (i = 0; i < NUM_BREDR_CHANNELS; i++) {
    6a2c:	2b9e      	cmp	r3, #158	@ 0x9e
    6a2e:	d1e8      	bne.n	6a02 <precalc+0xca>
		}
	}
}
    6a30:	bdf0      	pop	{r4, r5, r6, r7, pc}
		n &= n - 1;
    6a32:	f113 3cff 	adds.w	ip, r3, #4294967295	@ 0xffffffff
    6a36:	f140 37ff 	adc.w	r7, r0, #4294967295	@ 0xffffffff
	for (i = 0; n != 0; i++)
    6a3a:	3501      	adds	r5, #1
		n &= n - 1;
    6a3c:	ea03 030c 	and.w	r3, r3, ip
    6a40:	4038      	ands	r0, r7
	for (i = 0; n != 0; i++)
    6a42:	e7d1      	b.n	69e8 <precalc+0xb0>
    6a44:	10000b98 	.word	0x10000b98
    6a48:	10000c06 	.word	0x10000c06

00006a4c <next_hop>:

	return output;
}

u16 next_hop(u32 clock)
{
    6a4c:	e92d 43f0 	stmdb	sp!, {r4, r5, r6, r7, r8, r9, lr}
    6a50:	b087      	sub	sp, #28
	y1 = (clock >> 1) & 0x01;
	y2 = y1 << 5;
	a = (a1 ^ (clock >> 21)) & 0x1f;
	/* b is already defined */
	c = (c1 ^ (clock >> 16)) & 0x1f;
	d = (d1 ^ (clock >> 7)) & 0x1ff;
    6a52:	494a      	ldr	r1, [pc, #296]	@ (6b7c <next_hop+0x130>)
	y1 = (clock >> 1) & 0x01;
    6a54:	f3c0 0540 	ubfx	r5, r0, #1, #1
	c = (c1 ^ (clock >> 16)) & 0x1f;
    6a58:	f891 4069 	ldrb.w	r4, [r1, #105]	@ 0x69
	base_f = (clock >> 3) & 0x1fffff0;
	f = base_f % 79;

	perm = perm5(
		((x + a) % 32) ^ b,
		(y1 * 0x1f) ^ c,
    6a5c:	ebc5 1245 	rsb	r2, r5, r5, lsl #5
	c = (c1 ^ (clock >> 16)) & 0x1f;
    6a60:	ea84 4410 	eor.w	r4, r4, r0, lsr #16
    6a64:	f004 041f 	and.w	r4, r4, #31
    6a68:	4054      	eors	r4, r2
	a = (a1 ^ (clock >> 21)) & 0x1f;
    6a6a:	f891 2067 	ldrb.w	r2, [r1, #103]	@ 0x67
	d = (d1 ^ (clock >> 7)) & 0x1ff;
    6a6e:	f8b1 606a 	ldrh.w	r6, [r1, #106]	@ 0x6a
	base_f = (clock >> 3) & 0x1fffff0;
    6a72:	4b43      	ldr	r3, [pc, #268]	@ (6b80 <next_hop+0x134>)
	a = (a1 ^ (clock >> 21)) & 0x1f;
    6a74:	ea82 5250 	eor.w	r2, r2, r0, lsr #21
	d = (d1 ^ (clock >> 7)) & 0x1ff;
    6a78:	ea86 16d0 	eor.w	r6, r6, r0, lsr #7
	z &= 0x1f;
    6a7c:	eb02 0290 	add.w	r2, r2, r0, lsr #2
	base_f = (clock >> 3) & 0x1fffff0;
    6a80:	ea03 03d0 	and.w	r3, r3, r0, lsr #3
	z &= 0x1f;
    6a84:	f891 0068 	ldrb.w	r0, [r1, #104]	@ 0x68
    6a88:	af02      	add	r7, sp, #8
    6a8a:	4042      	eors	r2, r0
    6a8c:	46be      	mov	lr, r7
	for (i = 0; i < 9; i++)
    6a8e:	2000      	movs	r0, #0
	d = (d1 ^ (clock >> 7)) & 0x1ff;
    6a90:	f3c6 0608 	ubfx	r6, r6, #0, #9
	perm = perm5(
    6a94:	b2e4      	uxtb	r4, r4
	z &= 0x1f;
    6a96:	f002 021f 	and.w	r2, r2, #31
		p[i] = (p_low >> i) & 0x01;
    6a9a:	fa46 fc00 	asr.w	ip, r6, r0
	for (i = 0; i < 9; i++)
    6a9e:	3001      	adds	r0, #1
		p[i] = (p_low >> i) & 0x01;
    6aa0:	f00c 0c01 	and.w	ip, ip, #1
	for (i = 0; i < 9; i++)
    6aa4:	2809      	cmp	r0, #9
		p[i] = (p_low >> i) & 0x01;
    6aa6:	f80e cb01 	strb.w	ip, [lr], #1
	for (i = 0; i < 9; i++)
    6aaa:	d1f6      	bne.n	6a9a <next_hop+0x4e>
	for (i = 0; i < 5; i++)
    6aac:	2000      	movs	r0, #0
    6aae:	f107 0c08 	add.w	ip, r7, #8
		p[i+9] = (p_high >> i) & 0x01;
    6ab2:	fa44 f600 	asr.w	r6, r4, r0
	for (i = 0; i < 5; i++)
    6ab6:	3001      	adds	r0, #1
		p[i+9] = (p_high >> i) & 0x01;
    6ab8:	f006 0601 	and.w	r6, r6, #1
	for (i = 0; i < 5; i++)
    6abc:	2805      	cmp	r0, #5
		p[i+9] = (p_high >> i) & 0x01;
    6abe:	f80c 6f01 	strb.w	r6, [ip, #1]!
	for (i = 0; i < 5; i++)
    6ac2:	d1f6      	bne.n	6ab2 <next_hop+0x66>
    6ac4:	466e      	mov	r6, sp
    6ac6:	46ec      	mov	ip, sp
	for (i = 0; i < 5; i++)
    6ac8:	2000      	movs	r0, #0
		z_bit[i] = (z >> i) & 0x01;
    6aca:	fa42 f400 	asr.w	r4, r2, r0
	for (i = 0; i < 5; i++)
    6ace:	3001      	adds	r0, #1
		z_bit[i] = (z >> i) & 0x01;
    6ad0:	f004 0401 	and.w	r4, r4, #1
	for (i = 0; i < 5; i++)
    6ad4:	2805      	cmp	r0, #5
		z_bit[i] = (z >> i) & 0x01;
    6ad6:	f80c 4b01 	strb.w	r4, [ip], #1
	for (i = 0; i < 5; i++)
    6ada:	d1f6      	bne.n	6aca <next_hop+0x7e>
	for (i = 13; i >= 0; i--) {
    6adc:	220d      	movs	r2, #13
			tmp = z_bit[index1[i]];
    6ade:	f8df c0a4 	ldr.w	ip, [pc, #164]	@ 6b84 <next_hop+0x138>
			z_bit[index1[i]] = z_bit[index2[i]];
    6ae2:	f10c 0e0e 	add.w	lr, ip, #14
		if (p[i]) {
    6ae6:	5cb8      	ldrb	r0, [r7, r2]
    6ae8:	b188      	cbz	r0, 6b0e <next_hop+0xc2>
			tmp = z_bit[index1[i]];
    6aea:	f812 400c 	ldrb.w	r4, [r2, ip]
    6aee:	f104 0018 	add.w	r0, r4, #24
    6af2:	eb0d 0400 	add.w	r4, sp, r0
			z_bit[index1[i]] = z_bit[index2[i]];
    6af6:	f812 000e 	ldrb.w	r0, [r2, lr]
			tmp = z_bit[index1[i]];
    6afa:	f814 8c18 	ldrb.w	r8, [r4, #-24]
			z_bit[index1[i]] = z_bit[index2[i]];
    6afe:	3018      	adds	r0, #24
    6b00:	4468      	add	r0, sp
    6b02:	f810 9c18 	ldrb.w	r9, [r0, #-24]
    6b06:	f804 9c18 	strb.w	r9, [r4, #-24]
			z_bit[index2[i]] = tmp;
    6b0a:	f800 8c18 	strb.w	r8, [r0, #-24]
	for (i = 13; i >= 0; i--) {
    6b0e:	3a01      	subs	r2, #1
    6b10:	d2e9      	bcs.n	6ae6 <next_hop+0x9a>
	output = 0;
    6b12:	2200      	movs	r2, #0
	for (i = 0; i < 5; i++)
    6b14:	4610      	mov	r0, r2
		output += z_bit[i] << i;
    6b16:	f816 4b01 	ldrb.w	r4, [r6], #1
    6b1a:	4084      	lsls	r4, r0
	for (i = 0; i < 5; i++)
    6b1c:	3001      	adds	r0, #1
		output += z_bit[i] << i;
    6b1e:	4422      	add	r2, r4
	for (i = 0; i < 5; i++)
    6b20:	2805      	cmp	r0, #5
		output += z_bit[i] << i;
    6b22:	b2d2      	uxtb	r2, r2
	for (i = 0; i < 5; i++)
    6b24:	d1f7      	bne.n	6b16 <next_hop+0xca>
		d);
	/* hop selection */
	next_channel = bank[(perm + e + f + y2) % NUM_BREDR_CHANNELS];
    6b26:	f891 006c 	ldrb.w	r0, [r1, #108]	@ 0x6c
    6b2a:	4410      	add	r0, r2
	if(afh_enabled) {
    6b2c:	f891 206d 	ldrb.w	r2, [r1, #109]	@ 0x6d
    6b30:	b992      	cbnz	r2, 6b58 <next_hop+0x10c>
	f = base_f % 79;
    6b32:	244f      	movs	r4, #79	@ 0x4f
    6b34:	fbb3 f2f4 	udiv	r2, r3, r4
    6b38:	fb04 3312 	mls	r3, r4, r2, r3
	next_channel = bank[(perm + e + f + y2) % NUM_BREDR_CHANNELS];
    6b3c:	eb03 1345 	add.w	r3, r3, r5, lsl #5
    6b40:	4403      	add	r3, r0
    6b42:	fbb3 f2f4 	udiv	r2, r3, r4
    6b46:	fb04 3312 	mls	r3, r4, r2, r3
    6b4a:	440b      	add	r3, r1
    6b4c:	7e18      	ldrb	r0, [r3, #24]
		f_dash = base_f % used_channels;
		next_channel = afh_bank[(perm + e + f_dash + y2) % used_channels];
	}
	return (2402 + next_channel);

}
    6b4e:	f600 1062 	addw	r0, r0, #2402	@ 0x962
    6b52:	b007      	add	sp, #28
    6b54:	e8bd 83f0 	ldmia.w	sp!, {r4, r5, r6, r7, r8, r9, pc}
		f_dash = base_f % used_channels;
    6b58:	f891 2078 	ldrb.w	r2, [r1, #120]	@ 0x78
    6b5c:	fbb3 f4f2 	udiv	r4, r3, r2
    6b60:	fb02 3314 	mls	r3, r2, r4, r3
		next_channel = afh_bank[(perm + e + f_dash + y2) % used_channels];
    6b64:	eb03 1345 	add.w	r3, r3, r5, lsl #5
    6b68:	4403      	add	r3, r0
    6b6a:	fbb3 f0f2 	udiv	r0, r3, r2
    6b6e:	fb02 3310 	mls	r3, r2, r0, r3
    6b72:	4419      	add	r1, r3
    6b74:	f891 0079 	ldrb.w	r0, [r1, #121]	@ 0x79
    6b78:	e7e9      	b.n	6b4e <next_hop+0x102>
    6b7a:	bf00      	nop
    6b7c:	10000b98 	.word	0x10000b98
    6b80:	01fffff0 	.word	0x01fffff0
    6b84:	0000aae8 	.word	0x0000aae8

00006b88 <btle_channel_index>:

// calculate channel index from physical channel
// channel is in range [2402, 2480]
uint8_t btle_channel_index(uint16_t channel) {
	uint8_t idx;
	channel = (channel - 2402) / 2;
    6b88:	f6a0 1362 	subw	r3, r0, #2402	@ 0x962
    6b8c:	eb03 73d3 	add.w	r3, r3, r3, lsr #31
    6b90:	1058      	asrs	r0, r3, #1
    6b92:	f3c3 034f 	ubfx	r3, r3, #1, #16
	if (channel == 0)
    6b96:	b153      	cbz	r3, 6bae <btle_channel_index+0x26>
		idx = 37;
	else if (channel < 12)
    6b98:	2b0b      	cmp	r3, #11
    6b9a:	d802      	bhi.n	6ba2 <btle_channel_index+0x1a>
		idx = channel - 1;
    6b9c:	3801      	subs	r0, #1
	else if (channel == 12)
		idx = 38;
	else if (channel < 39)
		idx = channel - 2;
    6b9e:	b2c0      	uxtb	r0, r0
    6ba0:	4770      	bx	lr
	else if (channel == 12)
    6ba2:	2b0c      	cmp	r3, #12
    6ba4:	d005      	beq.n	6bb2 <btle_channel_index+0x2a>
	else if (channel < 39)
    6ba6:	2b26      	cmp	r3, #38	@ 0x26
    6ba8:	d805      	bhi.n	6bb6 <btle_channel_index+0x2e>
		idx = channel - 2;
    6baa:	3802      	subs	r0, #2
    6bac:	e7f7      	b.n	6b9e <btle_channel_index+0x16>
		idx = 37;
    6bae:	2025      	movs	r0, #37	@ 0x25
    6bb0:	4770      	bx	lr
		idx = 38;
    6bb2:	2026      	movs	r0, #38	@ 0x26
    6bb4:	4770      	bx	lr
	else
		idx = 39;
    6bb6:	2027      	movs	r0, #39	@ 0x27
	return idx;
}
    6bb8:	4770      	bx	lr

00006bba <btle_channel_index_to_phys>:

u16 btle_channel_index_to_phys(u8 idx) {
	u16 phys;
	if (idx < 11)
    6bba:	280a      	cmp	r0, #10
    6bbc:	d803      	bhi.n	6bc6 <btle_channel_index_to_phys+0xc>
		phys = 2404 + 2 * idx;
    6bbe:	f200 40b2 	addw	r0, r0, #1202	@ 0x4b2
	else if (idx < 37)
		phys = 2428 + 2 * (idx - 11);
    6bc2:	0040      	lsls	r0, r0, #1
    6bc4:	4770      	bx	lr
	else if (idx < 37)
    6bc6:	2824      	cmp	r0, #36	@ 0x24
    6bc8:	d802      	bhi.n	6bd0 <btle_channel_index_to_phys+0x16>
		phys = 2428 + 2 * (idx - 11);
    6bca:	f200 40b3 	addw	r0, r0, #1203	@ 0x4b3
    6bce:	e7f8      	b.n	6bc2 <btle_channel_index_to_phys+0x8>
	else if (idx == 37)
    6bd0:	2825      	cmp	r0, #37	@ 0x25
    6bd2:	d006      	beq.n	6be2 <btle_channel_index_to_phys+0x28>
		phys = 2402;
	else if (idx == 38)
		phys = 2426;
    6bd4:	2826      	cmp	r0, #38	@ 0x26
    6bd6:	f640 107a 	movw	r0, #2426	@ 0x97a
    6bda:	bf18      	it	ne
    6bdc:	f44f 601b 	movne.w	r0, #2480	@ 0x9b0
    6be0:	4770      	bx	lr
		phys = 2402;
    6be2:	f640 1062 	movw	r0, #2402	@ 0x962
	else
		phys = 2480;
	return phys;
}
    6be6:	4770      	bx	lr

00006be8 <btle_next_hop>:
{
    6be8:	b510      	push	{r4, lr}
    6bea:	4602      	mov	r2, r0
	u16 phys = btle_channel_index_to_phys(le->channel_idx);
    6bec:	7d41      	ldrb	r1, [r0, #21]
    6bee:	4608      	mov	r0, r1
    6bf0:	f7ff ffe3 	bl	6bba <btle_channel_index_to_phys>
	le->channel_idx = (le->channel_idx + le->channel_increment) % 37;
    6bf4:	7d93      	ldrb	r3, [r2, #22]
    6bf6:	440b      	add	r3, r1
    6bf8:	2125      	movs	r1, #37	@ 0x25
    6bfa:	fbb3 f4f1 	udiv	r4, r3, r1
    6bfe:	fb01 3314 	mls	r3, r1, r4, r3
    6c02:	7553      	strb	r3, [r2, #21]
}
    6c04:	bd10      	pop	{r4, pc}
    6c06:	0000      	movs	r0, r0

00006c08 <btle_calc_crc>:
//			0x6ff46e
//
//		bytes in packet will be:
//		  { 0x6e, 0xf4, 0x6f }
//
u32 btle_calc_crc(u32 crc_init, u8 *data, int len) {
    6c08:	b5f0      	push	{r4, r5, r6, r7, lr}
	u32 state = crc_init & 0xffffff;
	u32 lfsr_mask = 0x5a6000; // 010110100110000000000000
	int i, j;

	for (i = 0; i < len; ++i) {
    6c0a:	2400      	movs	r4, #0
		u8 cur = data[i];
		for (j = 0; j < 8; ++j) {
			int next_bit = (state ^ cur) & 1;
			cur >>= 1;
			state >>= 1;
			if (next_bit) {
    6c0c:	4f0a      	ldr	r7, [pc, #40]	@ (6c38 <btle_calc_crc+0x30>)
	u32 state = crc_init & 0xffffff;
    6c0e:	f020 407f 	bic.w	r0, r0, #4278190080	@ 0xff000000
	for (i = 0; i < len; ++i) {
    6c12:	4294      	cmp	r4, r2
    6c14:	db00      	blt.n	6c18 <btle_calc_crc+0x10>
			}
		}
	}

	return state;
}
    6c16:	bdf0      	pop	{r4, r5, r6, r7, pc}
		u8 cur = data[i];
    6c18:	2508      	movs	r5, #8
    6c1a:	5d0e      	ldrb	r6, [r1, r4]
			int next_bit = (state ^ cur) & 1;
    6c1c:	ea86 0300 	eor.w	r3, r6, r0
			if (next_bit) {
    6c20:	f343 0300 	sbfx	r3, r3, #0, #1
    6c24:	403b      	ands	r3, r7
		for (j = 0; j < 8; ++j) {
    6c26:	3d01      	subs	r5, #1
			if (next_bit) {
    6c28:	ea4f 0656 	mov.w	r6, r6, lsr #1
    6c2c:	ea83 0050 	eor.w	r0, r3, r0, lsr #1
		for (j = 0; j < 8; ++j) {
    6c30:	d1f4      	bne.n	6c1c <btle_calc_crc+0x14>
	for (i = 0; i < len; ++i) {
    6c32:	3401      	adds	r4, #1
    6c34:	e7ed      	b.n	6c12 <btle_calc_crc+0xa>
    6c36:	bf00      	nop
    6c38:	00da6000 	.word	0x00da6000

00006c3c <btle_reverse_crc>:
// runs the CRC in reverse to generate a CRCInit
//
//	crc should be big endian
//	the return will be big endian
//
u32 btle_reverse_crc(u32 crc, u8 *data, int len) {
    6c3c:	b5f0      	push	{r4, r5, r6, r7, lr}
    6c3e:	4603      	mov	r3, r0
	u32 state = crc;
	u32 lfsr_mask = 0xb4c000; // 101101001100000000000000
	u32 ret;
	int i, j;

	for (i = len - 1; i >= 0; --i) {
    6c40:	3a01      	subs	r2, #1
    6c42:	2a00      	cmp	r2, #0
    6c44:	da0e      	bge.n	6c64 <btle_reverse_crc+0x28>
				state ^= lfsr_mask;
		}
	}

	ret = 0;
	for (i = 0; i < 24; ++i)
    6c46:	2200      	movs	r2, #0
	ret = 0;
    6c48:	4610      	mov	r0, r2
		ret |= ((state >> i) & 1) << (23 - i);
    6c4a:	fa23 f102 	lsr.w	r1, r3, r2
    6c4e:	f1c2 0417 	rsb	r4, r2, #23
    6c52:	f001 0101 	and.w	r1, r1, #1
	for (i = 0; i < 24; ++i)
    6c56:	3201      	adds	r2, #1
		ret |= ((state >> i) & 1) << (23 - i);
    6c58:	40a1      	lsls	r1, r4
	for (i = 0; i < 24; ++i)
    6c5a:	2a18      	cmp	r2, #24
		ret |= ((state >> i) & 1) << (23 - i);
    6c5c:	ea40 0001 	orr.w	r0, r0, r1
	for (i = 0; i < 24; ++i)
    6c60:	d1f3      	bne.n	6c4a <btle_reverse_crc+0xe>

	return ret;
}
    6c62:	bdf0      	pop	{r4, r5, r6, r7, pc}
		u8 cur = data[i];
    6c64:	2407      	movs	r4, #7
    6c66:	5c8f      	ldrb	r7, [r1, r2]
			state |= top_bit ^ ((cur >> (7 - j)) & 1);
    6c68:	fa47 f004 	asr.w	r0, r7, r4
			state = (state << 1) & 0xffffff;
    6c6c:	005d      	lsls	r5, r3, #1
			state |= top_bit ^ ((cur >> (7 - j)) & 1);
    6c6e:	f000 0001 	and.w	r0, r0, #1
			int top_bit = state >> 23;
    6c72:	0dde      	lsrs	r6, r3, #23
			state = (state << 1) & 0xffffff;
    6c74:	f025 457f 	bic.w	r5, r5, #4278190080	@ 0xff000000
			state |= top_bit ^ ((cur >> (7 - j)) & 1);
    6c78:	ea80 53d3 	eor.w	r3, r0, r3, lsr #23
    6c7c:	432b      	orrs	r3, r5
				state ^= lfsr_mask;
    6c7e:	f483 0034 	eor.w	r0, r3, #11796480	@ 0xb40000
    6c82:	f480 4040 	eor.w	r0, r0, #49152	@ 0xc000
    6c86:	2e00      	cmp	r6, #0
    6c88:	bf18      	it	ne
    6c8a:	4603      	movne	r3, r0
		for (j = 0; j < 8; ++j) {
    6c8c:	3c01      	subs	r4, #1
    6c8e:	d2eb      	bcs.n	6c68 <btle_reverse_crc+0x2c>
    6c90:	e7d6      	b.n	6c40 <btle_reverse_crc+0x4>
    6c92:	0000      	movs	r0, r0

00006c94 <btle_crcgen_lut>:
 * Michael Ossmann for writing and optimizing this.
 *
 * Arguments: CRCInit, pointer to start of packet, length of packet in
 * bytes
 * */
u32 btle_crcgen_lut(u32 crc_init, u8 *data, int len) {
    6c94:	b530      	push	{r4, r5, lr}
	u32 state;
	int i;
	u8 key;

	state = crc_init & 0xffffff;
	for (i = 0; i < len; ++i) {
    6c96:	2400      	movs	r4, #0
		key = data[i] ^ (state & 0xff);
		state = (state >> 8) ^ btle_crc_lut[key];
    6c98:	4d07      	ldr	r5, [pc, #28]	@ (6cb8 <btle_crcgen_lut+0x24>)
	state = crc_init & 0xffffff;
    6c9a:	f020 407f 	bic.w	r0, r0, #4278190080	@ 0xff000000
	for (i = 0; i < len; ++i) {
    6c9e:	4294      	cmp	r4, r2
    6ca0:	db00      	blt.n	6ca4 <btle_crcgen_lut+0x10>
	}
	return state;
}
    6ca2:	bd30      	pop	{r4, r5, pc}
		key = data[i] ^ (state & 0xff);
    6ca4:	5d0b      	ldrb	r3, [r1, r4]
	for (i = 0; i < len; ++i) {
    6ca6:	3401      	adds	r4, #1
		key = data[i] ^ (state & 0xff);
    6ca8:	4043      	eors	r3, r0
		state = (state >> 8) ^ btle_crc_lut[key];
    6caa:	b2db      	uxtb	r3, r3
    6cac:	f855 3023 	ldr.w	r3, [r5, r3, lsl #2]
    6cb0:	ea83 2010 	eor.w	r0, r3, r0, lsr #8
	for (i = 0; i < len; ++i) {
    6cb4:	e7f3      	b.n	6c9e <btle_crcgen_lut+0xa>
    6cb6:	bf00      	nop
    6cb8:	1000017c 	.word	0x1000017c

00006cbc <le_dewhiten>:
/*
 * Dewhiten and reverse the bit order of a buffer in place.
 * Channel is a physical channel in the range [2402, 2480]
 * TODO convert this to use whitening word
 */
void le_dewhiten(uint8_t *data, unsigned size, unsigned channel) {
    6cbc:	b5f8      	push	{r3, r4, r5, r6, r7, lr}
    6cbe:	4604      	mov	r4, r0
	unsigned i, j, bit;
	unsigned idx = whitening_index[btle_channel_index(channel)];
    6cc0:	b290      	uxth	r0, r2
    6cc2:	f7ff ff61 	bl	6b88 <btle_channel_index>
    6cc6:	4f13      	ldr	r7, [pc, #76]	@ (6d14 <le_dewhiten+0x58>)
	for (i = 0; i < size; ++i) {
		uint8_t out = 0;
		for (j = 0; j < 8; ++j) {
			bit = (data[i] >> (7-j)) & 1;
			bit ^= whitening[idx];
			idx = (idx + 1) % sizeof(whitening);
    6cc8:	f04f 0c7f 	mov.w	ip, #127	@ 0x7f
	unsigned idx = whitening_index[btle_channel_index(channel)];
    6ccc:	5c3b      	ldrb	r3, [r7, r0]
	for (i = 0; i < size; ++i) {
    6cce:	4620      	mov	r0, r4
    6cd0:	4421      	add	r1, r4
    6cd2:	4281      	cmp	r1, r0
    6cd4:	d100      	bne.n	6cd8 <le_dewhiten+0x1c>
			out |= bit << j;
		}
		data[i] = out;
	}
}
    6cd6:	bdf8      	pop	{r3, r4, r5, r6, r7, pc}
		uint8_t out = 0;
    6cd8:	2600      	movs	r6, #0
		for (j = 0; j < 8; ++j) {
    6cda:	4632      	mov	r2, r6
			bit = (data[i] >> (7-j)) & 1;
    6cdc:	f890 e000 	ldrb.w	lr, [r0]
    6ce0:	f1c2 0507 	rsb	r5, r2, #7
			bit ^= whitening[idx];
    6ce4:	18fc      	adds	r4, r7, r3
    6ce6:	f894 4028 	ldrb.w	r4, [r4, #40]	@ 0x28
			bit = (data[i] >> (7-j)) & 1;
    6cea:	fa4e f505 	asr.w	r5, lr, r5
    6cee:	f005 0501 	and.w	r5, r5, #1
			idx = (idx + 1) % sizeof(whitening);
    6cf2:	3301      	adds	r3, #1
			bit ^= whitening[idx];
    6cf4:	406c      	eors	r4, r5
			idx = (idx + 1) % sizeof(whitening);
    6cf6:	fbb3 f5fc 	udiv	r5, r3, ip
			out |= bit << j;
    6cfa:	4094      	lsls	r4, r2
		for (j = 0; j < 8; ++j) {
    6cfc:	3201      	adds	r2, #1
			idx = (idx + 1) % sizeof(whitening);
    6cfe:	ebc5 15c5 	rsb	r5, r5, r5, lsl #7
		for (j = 0; j < 8; ++j) {
    6d02:	2a08      	cmp	r2, #8
			idx = (idx + 1) % sizeof(whitening);
    6d04:	eba3 0305 	sub.w	r3, r3, r5
			out |= bit << j;
    6d08:	ea46 0604 	orr.w	r6, r6, r4
		for (j = 0; j < 8; ++j) {
    6d0c:	d1e8      	bne.n	6ce0 <le_dewhiten+0x24>
		data[i] = out;
    6d0e:	f800 6b01 	strb.w	r6, [r0], #1
	for (i = 0; i < size; ++i) {
    6d12:	e7de      	b.n	6cd2 <le_dewhiten+0x16>
    6d14:	0000ab04 	.word	0x0000ab04

00006d18 <le_parse_channel_map>:

/*
 * Parse a channel map and populate the le_channel_remapping_t struct.
 */
void le_parse_channel_map(uint8_t *channel_map, le_channel_remapping_t *remapping) {
    6d18:	b5f8      	push	{r3, r4, r5, r6, r7, lr}
    6d1a:	460c      	mov	r4, r1
    6d1c:	4605      	mov	r5, r0
	unsigned i, j, byte;
	unsigned idx = 0;

	memset(remapping, 0, sizeof(*remapping));
    6d1e:	22c0      	movs	r2, #192	@ 0xc0
    6d20:	2100      	movs	r1, #0
    6d22:	4620      	mov	r0, r4
    6d24:	f7fd fa48 	bl	41b8 <memset>

	for (i = 0; i < 5; ++i) {
		byte = channel_map[i];
		for (j = 0; j < 8; ++j) {
			if (byte & 1) {
				remapping->channel_in_use[idx] = 1;
    6d28:	2601      	movs	r6, #1
	unsigned idx = 0;
    6d2a:	2300      	movs	r3, #0
    6d2c:	1e68      	subs	r0, r5, #1
    6d2e:	3504      	adds	r5, #4
		byte = channel_map[i];
    6d30:	f810 2f01 	ldrb.w	r2, [r0, #1]!
		for (j = 0; j < 8; ++j) {
    6d34:	f103 0708 	add.w	r7, r3, #8
			if (byte & 1) {
    6d38:	f012 0101 	ands.w	r1, r2, #1
				remapping->channel_in_use[idx] = 1;
    6d3c:	bf1b      	ittet	ne
    6d3e:	f844 6023 	strne.w	r6, [r4, r3, lsl #2]
				remapping->remapping_index[remapping->total_channels] = idx;
    6d42:	f8d4 10bc 	ldrne.w	r1, [r4, #188]	@ 0xbc
				++remapping->total_channels;
			} else {
				remapping->channel_in_use[idx] = 0;
    6d46:	f844 1023 	streq.w	r1, [r4, r3, lsl #2]
				remapping->remapping_index[remapping->total_channels] = idx;
    6d4a:	eb04 0c01 	addne.w	ip, r4, r1
    6d4e:	bf1c      	itt	ne
    6d50:	f88c 3094 	strbne.w	r3, [ip, #148]	@ 0x94
				++remapping->total_channels;
    6d54:	3101      	addne	r1, #1
			}

			byte >>= 1;

			++idx;
    6d56:	f103 0301 	add.w	r3, r3, #1
				++remapping->total_channels;
    6d5a:	bf18      	it	ne
    6d5c:	f8c4 10bc 	strne.w	r1, [r4, #188]	@ 0xbc
			if (idx == 37)
    6d60:	2b25      	cmp	r3, #37	@ 0x25
    6d62:	d003      	beq.n	6d6c <le_parse_channel_map+0x54>
		for (j = 0; j < 8; ++j) {
    6d64:	42bb      	cmp	r3, r7
			byte >>= 1;
    6d66:	ea4f 0252 	mov.w	r2, r2, lsr #1
		for (j = 0; j < 8; ++j) {
    6d6a:	d1e5      	bne.n	6d38 <le_parse_channel_map+0x20>
	for (i = 0; i < 5; ++i) {
    6d6c:	42a8      	cmp	r0, r5
    6d6e:	d1df      	bne.n	6d30 <le_parse_channel_map+0x18>
				break;
		}
	}
}
    6d70:	bdf8      	pop	{r3, r4, r5, r6, r7, pc}

00006d72 <le_map_channel>:

/*
 * Map a channel index to a used index given a remapping struct.
 */
uint8_t le_map_channel(uint8_t channel_idx, le_channel_remapping_t *remapping) {
	if (remapping->channel_in_use[channel_idx])
    6d72:	f851 3020 	ldr.w	r3, [r1, r0, lsl #2]
    6d76:	b943      	cbnz	r3, 6d8a <le_map_channel+0x18>
		return channel_idx;
	else
		return remapping->remapping_index[channel_idx % remapping->total_channels];
    6d78:	f8d1 30bc 	ldr.w	r3, [r1, #188]	@ 0xbc
    6d7c:	fbb0 f2f3 	udiv	r2, r0, r3
    6d80:	fb03 0012 	mls	r0, r3, r2, r0
    6d84:	4401      	add	r1, r0
    6d86:	f891 0094 	ldrb.w	r0, [r1, #148]	@ 0x94
}
    6d8a:	4770      	bx	lr

00006d8c <usb_vendor_request_handler>:
*/

VendorRequestHandler *v_req_handler;

BOOL usb_vendor_request_handler(TSetupPacket *pSetup, int *piLen, u8 **ppbData)
{
    6d8c:	b513      	push	{r0, r1, r4, lr}
    6d8e:	460b      	mov	r3, r1
	int rv;
	u16 params[3] = {pSetup->wValue, pSetup->wIndex, pSetup->wLength};
    6d90:	8841      	ldrh	r1, [r0, #2]
	rv = v_req_handler(pSetup->bRequest, params, *ppbData, piLen);
    6d92:	6812      	ldr	r2, [r2, #0]
	u16 params[3] = {pSetup->wValue, pSetup->wIndex, pSetup->wLength};
    6d94:	f8ad 1000 	strh.w	r1, [sp]
    6d98:	8881      	ldrh	r1, [r0, #4]
    6d9a:	f8ad 1002 	strh.w	r1, [sp, #2]
    6d9e:	88c1      	ldrh	r1, [r0, #6]
	rv = v_req_handler(pSetup->bRequest, params, *ppbData, piLen);
    6da0:	7840      	ldrb	r0, [r0, #1]
	u16 params[3] = {pSetup->wValue, pSetup->wIndex, pSetup->wLength};
    6da2:	f8ad 1004 	strh.w	r1, [sp, #4]
	rv = v_req_handler(pSetup->bRequest, params, *ppbData, piLen);
    6da6:	4904      	ldr	r1, [pc, #16]	@ (6db8 <usb_vendor_request_handler+0x2c>)
    6da8:	680c      	ldr	r4, [r1, #0]
    6daa:	4669      	mov	r1, sp
    6dac:	47a0      	blx	r4
	return (BOOL) (rv==1);
}
    6dae:	1e43      	subs	r3, r0, #1
    6db0:	4258      	negs	r0, r3
    6db2:	4158      	adcs	r0, r3
    6db4:	b002      	add	sp, #8
    6db6:	bd10      	pop	{r4, pc}
    6db8:	10000c60 	.word	0x10000c60

00006dbc <set_serial_descriptor>:


void set_serial_descriptor(u8 *descriptors) {
    6dbc:	b530      	push	{r4, r5, lr}
    6dbe:	b087      	sub	sp, #28
    6dc0:	4604      	mov	r4, r0
	u8 buf[17], *desc, nibble;
	int len, i;
	get_device_serial(buf, &len);
    6dc2:	4669      	mov	r1, sp
    6dc4:	a801      	add	r0, sp, #4
    6dc6:	f002 fbd5 	bl	9574 <get_device_serial>
	if(buf[0] == 0) { /* IAP success */
    6dca:	f89d 5004 	ldrb.w	r5, [sp, #4]
    6dce:	b9d5      	cbnz	r5, 6e06 <set_serial_descriptor+0x4a>
		desc = descriptors + USB_SERIAL_OFFSET;
		for(i=0; i<16; i++) {
    6dd0:	4620      	mov	r0, r4
    6dd2:	aa01      	add	r2, sp, #4
    6dd4:	3440      	adds	r4, #64	@ 0x40
			nibble  = (buf[i+1]>>4) & 0xF;
    6dd6:	f812 3f01 	ldrb.w	r3, [r2, #1]!
			desc[i * 4] = (nibble > 9) ? ('a' + nibble - 10) : ('0' + nibble);
			desc[1+ i * 4] = 0;
    6dda:	f880 507d 	strb.w	r5, [r0, #125]	@ 0x7d
			nibble  = (buf[i+1]>>4) & 0xF;
    6dde:	0919      	lsrs	r1, r3, #4
			desc[i * 4] = (nibble > 9) ? ('a' + nibble - 10) : ('0' + nibble);
    6de0:	2b9f      	cmp	r3, #159	@ 0x9f
			nibble = buf[i+1]&0xF;
    6de2:	f003 030f 	and.w	r3, r3, #15
			desc[i * 4] = (nibble > 9) ? ('a' + nibble - 10) : ('0' + nibble);
    6de6:	bf8c      	ite	hi
    6de8:	3157      	addhi	r1, #87	@ 0x57
    6dea:	3130      	addls	r1, #48	@ 0x30
			desc[2 + i * 4] = (nibble > 9) ? ('a' + nibble - 10) : ('0' + nibble);
    6dec:	2b09      	cmp	r3, #9
    6dee:	bf8c      	ite	hi
    6df0:	3357      	addhi	r3, #87	@ 0x57
    6df2:	3330      	addls	r3, #48	@ 0x30
			desc[i * 4] = (nibble > 9) ? ('a' + nibble - 10) : ('0' + nibble);
    6df4:	f880 107c 	strb.w	r1, [r0, #124]	@ 0x7c
			desc[2 + i * 4] = (nibble > 9) ? ('a' + nibble - 10) : ('0' + nibble);
    6df8:	f880 307e 	strb.w	r3, [r0, #126]	@ 0x7e
			desc[3 + i * 4] = 0;
    6dfc:	f880 507f 	strb.w	r5, [r0, #127]	@ 0x7f
		for(i=0; i<16; i++) {
    6e00:	3004      	adds	r0, #4
    6e02:	4284      	cmp	r4, r0
    6e04:	d1e7      	bne.n	6dd6 <set_serial_descriptor+0x1a>
		}
	}
}
    6e06:	b007      	add	sp, #28
    6e08:	bd30      	pop	{r4, r5, pc}
    6e0a:	0000      	movs	r0, r0

00006e0c <ubertooth_usb_init>:

int ubertooth_usb_init(VendorRequestHandler *vendor_req_handler)
{
    6e0c:	b510      	push	{r4, lr}
    6e0e:	4604      	mov	r4, r0
	// initialise stack
	USBInit();
    6e10:	f002 fc84 	bl	971c <USBInit>

	set_serial_descriptor(abDescriptors);
    6e14:	480a      	ldr	r0, [pc, #40]	@ (6e40 <ubertooth_usb_init+0x34>)
    6e16:	f7ff ffd1 	bl	6dbc <set_serial_descriptor>
	
	// register device descriptors
	USBRegisterDescriptors(abDescriptors);
    6e1a:	4809      	ldr	r0, [pc, #36]	@ (6e40 <ubertooth_usb_init+0x34>)
    6e1c:	f002 fea6 	bl	9b6c <USBRegisterDescriptors>

	// Request handler
	v_req_handler = vendor_req_handler;
    6e20:	4a08      	ldr	r2, [pc, #32]	@ (6e44 <ubertooth_usb_init+0x38>)

	// override standard request handler
	USBRegisterRequestHandler(REQTYPE_TYPE_VENDOR, usb_vendor_request_handler, abVendorReqData);
    6e22:	2002      	movs	r0, #2
	v_req_handler = vendor_req_handler;
    6e24:	f842 4b04 	str.w	r4, [r2], #4
	USBRegisterRequestHandler(REQTYPE_TYPE_VENDOR, usb_vendor_request_handler, abVendorReqData);
    6e28:	4907      	ldr	r1, [pc, #28]	@ (6e48 <ubertooth_usb_init+0x3c>)
    6e2a:	f002 fc6d 	bl	9708 <USBRegisterRequestHandler>

	// enable USB interrupts
	//ISER0 = ISER0_ISE_USB;

	// Enable WCID / driverless setup on Windows - Consumes Vendor Request 0xFF
	USBRegisterWinusbInterface(0xFF, "{8ac47a88-cc26-4aa9-887b-42ca8cf07a63}");
    6e2e:	4907      	ldr	r1, [pc, #28]	@ (6e4c <ubertooth_usb_init+0x40>)
    6e30:	20ff      	movs	r0, #255	@ 0xff
    6e32:	f002 fe85 	bl	9b40 <USBRegisterWinusbInterface>

	// connect to bus
	USBHwConnect(TRUE);
    6e36:	2001      	movs	r0, #1
    6e38:	f002 fd0f 	bl	985a <USBHwConnect>

	return 0;
}
    6e3c:	2000      	movs	r0, #0
    6e3e:	bd10      	pop	{r4, pc}
    6e40:	1000057c 	.word	0x1000057c
    6e44:	10000c60 	.word	0x10000c60
    6e48:	00006d8d 	.word	0x00006d8d
    6e4c:	0000a1e4 	.word	0x0000a1e4

00006e50 <usb_queue_init>:
volatile u32 head = 0;
volatile u32 tail = 0;

void usb_queue_init(void)
{
	head = 0;
    6e50:	2100      	movs	r1, #0
    6e52:	4b05      	ldr	r3, [pc, #20]	@ (6e68 <usb_queue_init+0x18>)
	tail = 0;
	memset(fifo, 0, sizeof(fifo));
    6e54:	f44f 5200 	mov.w	r2, #8192	@ 0x2000
    6e58:	4804      	ldr	r0, [pc, #16]	@ (6e6c <usb_queue_init+0x1c>)
	head = 0;
    6e5a:	f8c3 1108 	str.w	r1, [r3, #264]	@ 0x108
	tail = 0;
    6e5e:	f8c3 110c 	str.w	r1, [r3, #268]	@ 0x10c
	memset(fifo, 0, sizeof(fifo));
    6e62:	f7fd b9a9 	b.w	41b8 <memset>
    6e66:	bf00      	nop
    6e68:	10000c60 	.word	0x10000c60
    6e6c:	10000d74 	.word	0x10000d74

00006e70 <usb_enqueue>:
}

usb_pkt_rx *usb_enqueue(void)
{
	u8 h = head & 0x7F;
    6e70:	4a0a      	ldr	r2, [pc, #40]	@ (6e9c <usb_enqueue+0x2c>)
    6e72:	f8d2 1108 	ldr.w	r1, [r2, #264]	@ 0x108
	u8 t = tail & 0x7F;
    6e76:	f8d2 310c 	ldr.w	r3, [r2, #268]	@ 0x10c
    6e7a:	f003 037f 	and.w	r3, r3, #127	@ 0x7f
	u8 n = (t + 1) & 0x7F;
    6e7e:	1c58      	adds	r0, r3, #1

	/* fail if queue is full */
	if (h == n) {
    6e80:	4048      	eors	r0, r1
    6e82:	f010 007f 	ands.w	r0, r0, #127	@ 0x7f
    6e86:	d007      	beq.n	6e98 <usb_enqueue+0x28>
		return NULL;
	}

	++tail;
    6e88:	f8d2 110c 	ldr.w	r1, [r2, #268]	@ 0x10c
	return &fifo[t];
    6e8c:	4804      	ldr	r0, [pc, #16]	@ (6ea0 <usb_enqueue+0x30>)
	++tail;
    6e8e:	3101      	adds	r1, #1
    6e90:	f8c2 110c 	str.w	r1, [r2, #268]	@ 0x10c
	return &fifo[t];
    6e94:	eb00 1083 	add.w	r0, r0, r3, lsl #6

}
    6e98:	4770      	bx	lr
    6e9a:	bf00      	nop
    6e9c:	10000c60 	.word	0x10000c60
    6ea0:	10000d74 	.word	0x10000d74

00006ea4 <dequeue>:

usb_pkt_rx *dequeue(void)
{
	u8 h = head & 0x7F;
    6ea4:	4a0a      	ldr	r2, [pc, #40]	@ (6ed0 <dequeue+0x2c>)
    6ea6:	f8d2 3108 	ldr.w	r3, [r2, #264]	@ 0x108
	u8 t = tail & 0x7F;
    6eaa:	f8d2 110c 	ldr.w	r1, [r2, #268]	@ 0x10c
	u8 h = head & 0x7F;
    6eae:	f003 037f 	and.w	r3, r3, #127	@ 0x7f

	/* fail if queue is empty */
	if (h == t) {
    6eb2:	f001 017f 	and.w	r1, r1, #127	@ 0x7f
    6eb6:	428b      	cmp	r3, r1
		return NULL;
	}

	++head;
    6eb8:	bf1f      	itttt	ne
    6eba:	f8d2 1108 	ldrne.w	r1, [r2, #264]	@ 0x108
	return &fifo[h];
    6ebe:	4805      	ldrne	r0, [pc, #20]	@ (6ed4 <dequeue+0x30>)
	++head;
    6ec0:	3101      	addne	r1, #1
	return &fifo[h];
    6ec2:	eb00 1083 	addne.w	r0, r0, r3, lsl #6
	++head;
    6ec6:	bf14      	ite	ne
    6ec8:	f8c2 1108 	strne.w	r1, [r2, #264]	@ 0x108
		return NULL;
    6ecc:	2000      	moveq	r0, #0
}
    6ece:	4770      	bx	lr
    6ed0:	10000c60 	.word	0x10000c60
    6ed4:	10000d74 	.word	0x10000d74

00006ed8 <dequeue_send>:

#define USB_KEEP_ALIVE 400000
u32 last_usb_pkt = 0;  // for keep alive packets

int dequeue_send(u32 clkn)
{
    6ed8:	b513      	push	{r0, r1, r4, lr}
    6eda:	4604      	mov	r4, r0
	usb_pkt_rx *pkt = dequeue();
    6edc:	f7ff ffe2 	bl	6ea4 <dequeue>
	if (pkt != NULL) {
    6ee0:	4b0f      	ldr	r3, [pc, #60]	@ (6f20 <dequeue_send+0x48>)
	usb_pkt_rx *pkt = dequeue();
    6ee2:	4601      	mov	r1, r0
	if (pkt != NULL) {
    6ee4:	b140      	cbz	r0, 6ef8 <dequeue_send+0x20>
		last_usb_pkt = clkn;
		USBHwEPWrite(BULK_IN_EP, (u8 *)pkt, sizeof(usb_pkt_rx));
    6ee6:	2240      	movs	r2, #64	@ 0x40
    6ee8:	2082      	movs	r0, #130	@ 0x82
		last_usb_pkt = clkn;
    6eea:	f8c3 4110 	str.w	r4, [r3, #272]	@ 0x110
		USBHwEPWrite(BULK_IN_EP, (u8 *)pkt, sizeof(usb_pkt_rx));
    6eee:	f002 fce3 	bl	98b8 <USBHwEPWrite>
		return 1;
    6ef2:	2001      	movs	r0, #1
			last_usb_pkt = clkn;
			USBHwEPWrite(BULK_IN_EP, &pkt_type, 1);
		}
		return 0;
	}
}
    6ef4:	b002      	add	sp, #8
    6ef6:	bd10      	pop	{r4, pc}
		if (clkn - last_usb_pkt > USB_KEEP_ALIVE) {
    6ef8:	f8d3 2110 	ldr.w	r2, [r3, #272]	@ 0x110
    6efc:	4909      	ldr	r1, [pc, #36]	@ (6f24 <dequeue_send+0x4c>)
    6efe:	1aa2      	subs	r2, r4, r2
    6f00:	428a      	cmp	r2, r1
    6f02:	d90a      	bls.n	6f1a <dequeue_send+0x42>
			u8 pkt_type = KEEP_ALIVE;
    6f04:	2203      	movs	r2, #3
			USBHwEPWrite(BULK_IN_EP, &pkt_type, 1);
    6f06:	2082      	movs	r0, #130	@ 0x82
			u8 pkt_type = KEEP_ALIVE;
    6f08:	f88d 2007 	strb.w	r2, [sp, #7]
			USBHwEPWrite(BULK_IN_EP, &pkt_type, 1);
    6f0c:	f10d 0107 	add.w	r1, sp, #7
    6f10:	2201      	movs	r2, #1
			last_usb_pkt = clkn;
    6f12:	f8c3 4110 	str.w	r4, [r3, #272]	@ 0x110
			USBHwEPWrite(BULK_IN_EP, &pkt_type, 1);
    6f16:	f002 fccf 	bl	98b8 <USBHwEPWrite>
		return 1;
    6f1a:	2000      	movs	r0, #0
    6f1c:	e7ea      	b.n	6ef4 <dequeue_send+0x1c>
    6f1e:	bf00      	nop
    6f20:	10000c60 	.word	0x10000c60
    6f24:	00061a80 	.word	0x00061a80

00006f28 <handle_usb>:

void handle_usb(u32 clkn)
{
    6f28:	b538      	push	{r3, r4, r5, lr}
    6f2a:	4604      	mov	r4, r0
	u8 epstat;

	/* write queued packets to USB if possible */
	epstat = USBHwEPGetStatus(BULK_IN_EP);
    6f2c:	2082      	movs	r0, #130	@ 0x82
    6f2e:	f002 fc9f 	bl	9870 <USBHwEPGetStatus>
	if (!(epstat & EPSTAT_B1FULL)) {
    6f32:	0682      	lsls	r2, r0, #26
	epstat = USBHwEPGetStatus(BULK_IN_EP);
    6f34:	4605      	mov	r5, r0
	if (!(epstat & EPSTAT_B1FULL)) {
    6f36:	d402      	bmi.n	6f3e <handle_usb+0x16>
		dequeue_send(clkn);
    6f38:	4620      	mov	r0, r4
    6f3a:	f7ff ffcd 	bl	6ed8 <dequeue_send>
	}
	if (!(epstat & EPSTAT_B2FULL)) {
    6f3e:	066b      	lsls	r3, r5, #25
    6f40:	d402      	bmi.n	6f48 <handle_usb+0x20>
		dequeue_send(clkn);
    6f42:	4620      	mov	r0, r4
    6f44:	f7ff ffc8 	bl	6ed8 <dequeue_send>
	}

	/* polled "interrupt" */
	USBHwISR();
}
    6f48:	e8bd 4038 	ldmia.w	sp!, {r3, r4, r5, lr}
	USBHwISR();
    6f4c:	f002 bd1a 	b.w	9984 <USBHwISR>

00006f50 <rssi_reset>:

int32_t rssi_sum;
int16_t rssi_iir[79] = {0};

void rssi_reset(void)
{
    6f50:	b508      	push	{r3, lr}
	memset(rssi_iir, 0, sizeof(rssi_iir));
    6f52:	229e      	movs	r2, #158	@ 0x9e
    6f54:	2100      	movs	r1, #0
    6f56:	4808      	ldr	r0, [pc, #32]	@ (6f78 <rssi_reset+0x28>)
    6f58:	f7fd f92e 	bl	41b8 <memset>

	rssi_count = 0;
    6f5c:	2300      	movs	r3, #0
    6f5e:	4a06      	ldr	r2, [pc, #24]	@ (6f78 <rssi_reset+0x28>)
    6f60:	f882 309e 	strb.w	r3, [r2, #158]	@ 0x9e
	rssi_sum = 0;
    6f64:	f8c2 30a0 	str.w	r3, [r2, #160]	@ 0xa0
	rssi_max = INT8_MIN;
    6f68:	2380      	movs	r3, #128	@ 0x80
    6f6a:	f882 30a4 	strb.w	r3, [r2, #164]	@ 0xa4
	rssi_min = INT8_MAX;
    6f6e:	237f      	movs	r3, #127	@ 0x7f
    6f70:	f882 30a5 	strb.w	r3, [r2, #165]	@ 0xa5
}
    6f74:	bd08      	pop	{r3, pc}
    6f76:	bf00      	nop
    6f78:	10002d74 	.word	0x10002d74

00006f7c <rssi_add>:

void rssi_add(int8_t v)
{
	rssi_max = (v > rssi_max) ? v : rssi_max;
    6f7c:	4b0d      	ldr	r3, [pc, #52]	@ (6fb4 <rssi_add+0x38>)
    6f7e:	f993 20a4 	ldrsb.w	r2, [r3, #164]	@ 0xa4
    6f82:	4282      	cmp	r2, r0
    6f84:	bfb8      	it	lt
    6f86:	4602      	movlt	r2, r0
    6f88:	f883 20a4 	strb.w	r2, [r3, #164]	@ 0xa4
	rssi_min = (v < rssi_min) ? v : rssi_min;
    6f8c:	f993 20a5 	ldrsb.w	r2, [r3, #165]	@ 0xa5
    6f90:	4282      	cmp	r2, r0
    6f92:	bfa8      	it	ge
    6f94:	4602      	movge	r2, r0
    6f96:	f883 20a5 	strb.w	r2, [r3, #165]	@ 0xa5
	rssi_sum += ((int32_t)v * 256);  // scaled int math (x256)
    6f9a:	f8d3 20a0 	ldr.w	r2, [r3, #160]	@ 0xa0
    6f9e:	eb02 2200 	add.w	r2, r2, r0, lsl #8
    6fa2:	f8c3 20a0 	str.w	r2, [r3, #160]	@ 0xa0
	rssi_count += 1;
    6fa6:	f893 209e 	ldrb.w	r2, [r3, #158]	@ 0x9e
    6faa:	3201      	adds	r2, #1
    6fac:	f883 209e 	strb.w	r2, [r3, #158]	@ 0x9e
}
    6fb0:	4770      	bx	lr
    6fb2:	bf00      	nop
    6fb4:	10002d74 	.word	0x10002d74

00006fb8 <rssi_iir_update>:

/* For sweep mode, update IIR per channel. Otherwise, use single value. */
void rssi_iir_update(uint16_t channel)
{
    6fb8:	b510      	push	{r4, lr}
	int32_t rssi_iir_acc;

	/* Use array to track 79 Bluetooth channels, or just first slot
	 * of array if the frequency is not a valid Bluetooth channel. */
	if ( channel < 2402 || channel < 2480 )
		channel = 2402;
    6fba:	f640 1262 	movw	r2, #2402	@ 0x962
    6fbe:	f5b0 6f1b 	cmp.w	r0, #2480	@ 0x9b0
    6fc2:	bf28      	it	cs
    6fc4:	4602      	movcs	r2, r0

	int i = channel - 2402;

	// IIR using scaled int math (x256)
	if (rssi_count != 0)
    6fc6:	490d      	ldr	r1, [pc, #52]	@ (6ffc <rssi_iir_update+0x44>)
	int i = channel - 2402;
    6fc8:	f6a2 1262 	subw	r2, r2, #2402	@ 0x962
	if (rssi_count != 0)
    6fcc:	f891 309e 	ldrb.w	r3, [r1, #158]	@ 0x9e
    6fd0:	b123      	cbz	r3, 6fdc <rssi_iir_update+0x24>
		avg = (rssi_sum  + 128) / rssi_count;
    6fd2:	f8d1 00a0 	ldr.w	r0, [r1, #160]	@ 0xa0
    6fd6:	3080      	adds	r0, #128	@ 0x80
    6fd8:	fb90 f3f3 	sdiv	r3, r0, r3
	else
		avg = 0; // really an error
	rssi_iir_acc = rssi_iir[i] * (256-RSSI_IIR_ALPHA);
	rssi_iir_acc += avg * RSSI_IIR_ALPHA;
    6fdc:	24fd      	movs	r4, #253	@ 0xfd
	rssi_iir_acc = rssi_iir[i] * (256-RSSI_IIR_ALPHA);
    6fde:	f931 0012 	ldrsh.w	r0, [r1, r2, lsl #1]
	rssi_iir_acc += avg * RSSI_IIR_ALPHA;
    6fe2:	eb03 0343 	add.w	r3, r3, r3, lsl #1
    6fe6:	fb04 3300 	mla	r3, r4, r0, r3
	rssi_iir[i] = (int16_t)((rssi_iir_acc + 128) / 256);
    6fea:	f113 0080 	adds.w	r0, r3, #128	@ 0x80
    6fee:	bf48      	it	mi
    6ff0:	f203 107f 	addwmi	r0, r3, #383	@ 0x17f
    6ff4:	1200      	asrs	r0, r0, #8
    6ff6:	f821 0012 	strh.w	r0, [r1, r2, lsl #1]
}
    6ffa:	bd10      	pop	{r4, pc}
    6ffc:	10002d74 	.word	0x10002d74

00007000 <rssi_get_avg>:
int8_t rssi_get_avg(uint16_t channel)
{
	/* Use array to track 79 Bluetooth channels, or just first slot
	 * of array if the frequency is not a valid Bluetooth channel. */
	if ( channel < 2402 || channel < 2480 )
		channel = 2402;
    7000:	f640 1362 	movw	r3, #2402	@ 0x962
    7004:	f5b0 6f1b 	cmp.w	r0, #2480	@ 0x9b0
    7008:	bf28      	it	cs
    700a:	4603      	movcs	r3, r0

	return (rssi_iir[channel-2402] + 128) / 256;
    700c:	4a06      	ldr	r2, [pc, #24]	@ (7028 <rssi_get_avg+0x28>)
    700e:	f6a3 1362 	subw	r3, r3, #2402	@ 0x962
    7012:	f932 3013 	ldrsh.w	r3, [r2, r3, lsl #1]
    7016:	f113 0080 	adds.w	r0, r3, #128	@ 0x80
    701a:	bf48      	it	mi
    701c:	f203 107f 	addwmi	r0, r3, #383	@ 0x17f
}
    7020:	f340 2007 	sbfx	r0, r0, #8, #8
    7024:	4770      	bx	lr
    7026:	bf00      	nop
    7028:	10002d74 	.word	0x10002d74

0000702c <cs_threshold_calc_and_set>:
	cs_threshold_cur = level;
	cs_no_squelch = (level <= -120);
}

void cs_threshold_calc_and_set(uint16_t channel)
{
    702c:	b570      	push	{r4, r5, r6, lr}

	/* If threshold is max/avg based (>0), reset here while rx is
	 * off.  TODO - max-to-iir only works in SWEEP mode, where the
	 * channel is known to be in the BT band, i.e., rssi_iir has a
	 * value for it. */
	if (cs_threshold_req > 0) {
    702e:	4e12      	ldr	r6, [pc, #72]	@ (7078 <cs_threshold_calc_and_set+0x4c>)
    7030:	f996 4000 	ldrsb.w	r4, [r6]
    7034:	2c00      	cmp	r4, #0
    7036:	dd05      	ble.n	7044 <cs_threshold_calc_and_set+0x18>
		int8_t rssi = rssi_get_avg(channel);
    7038:	f7ff ffe2 	bl	7000 <rssi_get_avg>
		level = rssi - 54 + cs_threshold_req;
    703c:	7834      	ldrb	r4, [r6, #0]
    703e:	3c36      	subs	r4, #54	@ 0x36
    7040:	4404      	add	r4, r0
    7042:	b264      	sxtb	r4, r4
	level = level < -120 ? -120 : level;
    7044:	f06f 0577 	mvn.w	r5, #119	@ 0x77
    7048:	42a5      	cmp	r5, r4
    704a:	bfb8      	it	lt
    704c:	4625      	movlt	r5, r4
	level = level > -20 ? -20 : level;
    704e:	f06f 0313 	mvn.w	r3, #19
    7052:	429d      	cmp	r5, r3
    7054:	bfa8      	it	ge
    7056:	461d      	movge	r5, r3
	cc2400_set(RSSI, (uint8_t)((level + 56) & (0x3f << 2)) | ((uint8_t)samples&3));
    7058:	f105 0138 	add.w	r1, r5, #56	@ 0x38
    705c:	f041 0103 	orr.w	r1, r1, #3
    7060:	2006      	movs	r0, #6
    7062:	b2c9      	uxtb	r1, r1
    7064:	f002 f8ed 	bl	9242 <cc2400_set>
	cs_no_squelch = (level <= -120);
    7068:	f114 0f77 	cmn.w	r4, #119	@ 0x77
    706c:	bfac      	ite	ge
    706e:	2400      	movge	r4, #0
    7070:	2401      	movlt	r4, #1
	cs_threshold_cur = level;
    7072:	7075      	strb	r5, [r6, #1]
	cs_no_squelch = (level <= -120);
    7074:	70b4      	strb	r4, [r6, #2]
	} else {
		level = cs_threshold_req;
	}
	cs_threshold_set(level, CS_SAMPLES_4);
}
    7076:	bd70      	pop	{r4, r5, r6, pc}
    7078:	10002e1a 	.word	0x10002e1a

0000707c <cs_trigger_enable>:
 * triggers EINT3, which could be used for other things (but is not
 * currently). TODO - EINT3 should be managed globally, not turned on
 * and off here. */
void cs_trigger_enable(void)
{
	cs_trigger = 0;
    707c:	2200      	movs	r2, #0
    707e:	4b09      	ldr	r3, [pc, #36]	@ (70a4 <cs_trigger_enable+0x28>)
    7080:	70da      	strb	r2, [r3, #3]
	ISER0 = ISER0_ISE_EINT3;
    7082:	f04f 23e0 	mov.w	r3, #3758153728	@ 0xe000e000
    7086:	f44f 1200 	mov.w	r2, #2097152	@ 0x200000
    708a:	f8c3 2100 	str.w	r2, [r3, #256]	@ 0x100
	IO2IntClr = PIN_GIO6;      // Clear pending
    708e:	2204      	movs	r2, #4
    7090:	4b05      	ldr	r3, [pc, #20]	@ (70a8 <cs_trigger_enable+0x2c>)
    7092:	f8c3 20ac 	str.w	r2, [r3, #172]	@ 0xac
	IO2IntEnF |= PIN_GIO6;     // Enable port 2.2 falling (CS active low)
    7096:	f8d3 20b4 	ldr.w	r2, [r3, #180]	@ 0xb4
    709a:	f042 0204 	orr.w	r2, r2, #4
    709e:	f8c3 20b4 	str.w	r2, [r3, #180]	@ 0xb4
}
    70a2:	4770      	bx	lr
    70a4:	10002e1a 	.word	0x10002e1a
    70a8:	40028000 	.word	0x40028000

000070ac <cs_trigger_disable>:

void cs_trigger_disable(void)
{
	IO2IntEnF &= ~PIN_GIO6;    // Disable port 2.2 falling (CS active low)
    70ac:	4b09      	ldr	r3, [pc, #36]	@ (70d4 <cs_trigger_disable+0x28>)
    70ae:	f8d3 20b4 	ldr.w	r2, [r3, #180]	@ 0xb4
    70b2:	f022 0204 	bic.w	r2, r2, #4
    70b6:	f8c3 20b4 	str.w	r2, [r3, #180]	@ 0xb4
	IO2IntClr = PIN_GIO6;      // Clear pending
    70ba:	2204      	movs	r2, #4
    70bc:	f8c3 20ac 	str.w	r2, [r3, #172]	@ 0xac
	ICER0 = ICER0_ICE_EINT3;
    70c0:	f04f 23e0 	mov.w	r3, #3758153728	@ 0xe000e000
    70c4:	f44f 1200 	mov.w	r2, #2097152	@ 0x200000
    70c8:	f8c3 2180 	str.w	r2, [r3, #384]	@ 0x180
	cs_trigger = 0;
    70cc:	2200      	movs	r2, #0
    70ce:	4b02      	ldr	r3, [pc, #8]	@ (70d8 <cs_trigger_disable+0x2c>)
    70d0:	70da      	strb	r2, [r3, #3]
}
    70d2:	4770      	bx	lr
    70d4:	40028000 	.word	0x40028000
    70d8:	10002e1a 	.word	0x10002e1a

000070dc <cs_reset>:

void cs_reset(void)
{
    70dc:	b508      	push	{r3, lr}
	cs_trigger_disable();
    70de:	f7ff ffe5 	bl	70ac <cs_trigger_disable>

	cs_no_squelch = 0;
    70e2:	2200      	movs	r2, #0
    70e4:	4b02      	ldr	r3, [pc, #8]	@ (70f0 <cs_reset+0x14>)
    70e6:	709a      	strb	r2, [r3, #2]
	cs_threshold_req=CS_THRESHOLD_DEFAULT;
    70e8:	2288      	movs	r2, #136	@ 0x88
    70ea:	701a      	strb	r2, [r3, #0]
	cs_threshold_cur=CS_THRESHOLD_DEFAULT;
    70ec:	705a      	strb	r2, [r3, #1]
}
    70ee:	bd08      	pop	{r3, pc}
    70f0:	10002e1a 	.word	0x10002e1a

000070f4 <clkn_stop>:
volatile uint32_t clkn_next_drift_fix;

void clkn_stop()
{
	/* stop and reset the timer to zero */
	T0TCR = TCR_Counter_Reset;
    70f4:	f04f 2340 	mov.w	r3, #1073758208	@ 0x40004000
    70f8:	2202      	movs	r2, #2
    70fa:	605a      	str	r2, [r3, #4]

	clkn = 0;
    70fc:	2200      	movs	r2, #0
    70fe:	4b05      	ldr	r3, [pc, #20]	@ (7114 <clkn_stop+0x20>)
    7100:	601a      	str	r2, [r3, #0]
	last_hop = 0;
    7102:	605a      	str	r2, [r3, #4]

	clkn_offset = 0;
    7104:	609a      	str	r2, [r3, #8]
	clk100ns_offset = 0;
    7106:	819a      	strh	r2, [r3, #12]

	clk_drift_ppm = 0;
    7108:	81da      	strh	r2, [r3, #14]
	clk_drift_correction = 0;
    710a:	821a      	strh	r2, [r3, #16]

	clkn_last_drift_fix = 0;
    710c:	615a      	str	r2, [r3, #20]
	clkn_next_drift_fix = 0;
    710e:	619a      	str	r2, [r3, #24]
}
    7110:	4770      	bx	lr
    7112:	bf00      	nop
    7114:	10002e20 	.word	0x10002e20

00007118 <clkn_start>:

void clkn_start()
{
	/* start timer */
	T0TCR = TCR_Counter_Enable;
    7118:	f04f 2340 	mov.w	r3, #1073758208	@ 0x40004000
    711c:	2201      	movs	r2, #1
    711e:	605a      	str	r2, [r3, #4]
}
    7120:	4770      	bx	lr

00007122 <clkn_init>:

void clkn_init()
{
    7122:	b508      	push	{r3, lr}
	 * Because these are reset defaults, we're assuming TIMER0 is powered on
	 * and in timer mode.  The TIMER0 peripheral clock should have been set by
	 * clock_start().
	 */

	clkn_stop();
    7124:	f7ff ffe6 	bl	70f4 <clkn_stop>
#else
	/*
	 * The peripheral clock has a period of 20ns.  5 pclk periods
	 * makes one CLK100NS period (100 ns).
	 */
	T0PR = 4;
    7128:	f04f 2340 	mov.w	r3, #1073758208	@ 0x40004000
    712c:	2204      	movs	r2, #4
    712e:	60da      	str	r2, [r3, #12]
#endif
	/* 3125 * 100 ns = 312.5 us, the Bluetooth clock (CLKN). */
	T0MR0 = 3124;
    7130:	f640 4234 	movw	r2, #3124	@ 0xc34
    7134:	619a      	str	r2, [r3, #24]
	T0MCR = TMCR_MR0R | TMCR_MR0I;
    7136:	2203      	movs	r2, #3
    7138:	615a      	str	r2, [r3, #20]
	ISER0 = ISER0_ISE_TIMER0;
    713a:	f04f 23e0 	mov.w	r3, #3758153728	@ 0xe000e000
    713e:	2202      	movs	r2, #2
    7140:	f8c3 2100 	str.w	r2, [r3, #256]	@ 0x100
}
    7144:	bd08      	pop	{r3, pc}

00007146 <clkn_disable>:

// totally disable clkn and timer0
void clkn_disable(void) {
    7146:	b508      	push	{r3, lr}
	clkn_stop();
    7148:	f7ff ffd4 	bl	70f4 <clkn_stop>
	ICER0 = ICER0_ICE_TIMER0;
    714c:	f04f 23e0 	mov.w	r3, #3758153728	@ 0xe000e000
    7150:	2202      	movs	r2, #2
    7152:	f8c3 2180 	str.w	r2, [r3, #384]	@ 0x180
}
    7156:	bd08      	pop	{r3, pc}

00007158 <dma_poweron>:
dma_lli le_dma_lli[11]; // 11 x 4 bytes


void dma_poweron(void) {
	// refer to UM10360 LPC17xx User Manual Ch 31 Sec 31.6.1, PDF page 616
	PCONP |= PCONP_PCGPDMA;
    7158:	4a16      	ldr	r2, [pc, #88]	@ (71b4 <dma_poweron+0x5c>)
    715a:	f8d2 30c4 	ldr.w	r3, [r2, #196]	@ 0xc4
    715e:	f043 5300 	orr.w	r3, r3, #536870912	@ 0x20000000
    7162:	f8c2 30c4 	str.w	r3, [r2, #196]	@ 0xc4

	// enable DMA interrupts at lowest priority
	IPR6 |= IPR6_IP_DMA; // hack, sets it to 31 (lowest)
    7166:	f04f 23e0 	mov.w	r3, #3758153728	@ 0xe000e000
    716a:	f8d3 2418 	ldr.w	r2, [r3, #1048]	@ 0x418
    716e:	f442 0278 	orr.w	r2, r2, #16252928	@ 0xf80000
    7172:	f8c3 2418 	str.w	r2, [r3, #1048]	@ 0x418
	ISER0 = ISER0_ISE_DMA;
    7176:	f04f 6280 	mov.w	r2, #67108864	@ 0x4000000
    717a:	f8c3 2100 	str.w	r2, [r3, #256]	@ 0x100

	// disable active channels
	DMACC0Config = 0;
    717e:	2200      	movs	r2, #0
    7180:	4b0d      	ldr	r3, [pc, #52]	@ (71b8 <dma_poweron+0x60>)
    7182:	f8c3 2110 	str.w	r2, [r3, #272]	@ 0x110
	DMACC1Config = 0;
    7186:	f8c3 2130 	str.w	r2, [r3, #304]	@ 0x130
	DMACC2Config = 0;
    718a:	f8c3 2150 	str.w	r2, [r3, #336]	@ 0x150
	DMACC3Config = 0;
    718e:	f8c3 2170 	str.w	r2, [r3, #368]	@ 0x170
	DMACC4Config = 0;
    7192:	f8c3 2190 	str.w	r2, [r3, #400]	@ 0x190
	DMACC5Config = 0;
    7196:	f8c3 21b0 	str.w	r2, [r3, #432]	@ 0x1b0
	DMACC6Config = 0;
    719a:	f8c3 21d0 	str.w	r2, [r3, #464]	@ 0x1d0
	DMACC7Config = 0;
    719e:	f8c3 21f0 	str.w	r2, [r3, #496]	@ 0x1f0
	DMACIntTCClear = 0xFF;
    71a2:	22ff      	movs	r2, #255	@ 0xff
    71a4:	609a      	str	r2, [r3, #8]
	DMACIntErrClr = 0xFF;
    71a6:	611a      	str	r2, [r3, #16]

	/* enable DMA globally */
	DMACConfig = DMACConfig_E;
    71a8:	2201      	movs	r2, #1
    71aa:	631a      	str	r2, [r3, #48]	@ 0x30
	while (!(DMACConfig & DMACConfig_E));
    71ac:	6b1a      	ldr	r2, [r3, #48]	@ 0x30
    71ae:	07d2      	lsls	r2, r2, #31
    71b0:	d5fc      	bpl.n	71ac <dma_poweron+0x54>
}
    71b2:	4770      	bx	lr
    71b4:	400fc000 	.word	0x400fc000
    71b8:	50004000 	.word	0x50004000

000071bc <dma_init_rx_symbols>:
void dma_clear_interrupts(unsigned channel) {
	DMACIntTCClear = 1 << channel;
	DMACIntErrClr  = 1 << channel;
}

void dma_init_rx_symbols(void) {
    71bc:	b570      	push	{r4, r5, r6, lr}
	DMACIntTCClear = 1 << channel;
    71be:	2301      	movs	r3, #1
    71c0:	4a17      	ldr	r2, [pc, #92]	@ (7220 <dma_init_rx_symbols+0x64>)
	dma_clear_interrupts(0);

	/* DMA linked lists */
	rx_dma_lli1.src = (uint32_t)&(DIO_SSP_DR);
    71c2:	4c18      	ldr	r4, [pc, #96]	@ (7224 <dma_init_rx_symbols+0x68>)
	DMACIntTCClear = 1 << channel;
    71c4:	6093      	str	r3, [r2, #8]
	DMACIntErrClr  = 1 << channel;
    71c6:	6113      	str	r3, [r2, #16]
	rx_dma_lli1.src = (uint32_t)&(DIO_SSP_DR);
    71c8:	4b17      	ldr	r3, [pc, #92]	@ (7228 <dma_init_rx_symbols+0x6c>)
	rx_dma_lli1.dest = (uint32_t)&rxbuf1[0];
	rx_dma_lli1.next_lli = (uint32_t)&rx_dma_lli2;
	rx_dma_lli1.control = (DMA_SIZE) |
    71ca:	4818      	ldr	r0, [pc, #96]	@ (722c <dma_init_rx_symbols+0x70>)
	rx_dma_lli1.src = (uint32_t)&(DIO_SSP_DR);
    71cc:	4619      	mov	r1, r3
	rx_dma_lli1.next_lli = (uint32_t)&rx_dma_lli2;
    71ce:	f103 0644 	add.w	r6, r3, #68	@ 0x44
	rx_dma_lli1.src = (uint32_t)&(DIO_SSP_DR);
    71d2:	f841 4b10 	str.w	r4, [r1], #16
			(0 << 21) |        /* destination width 8 bits */
			DMACCxControl_DI | /* destination increment */
			DMACCxControl_I;   /* terminal count interrupt enable */

	rx_dma_lli2.src = (uint32_t)&(DIO_SSP_DR);
	rx_dma_lli2.dest = (uint32_t)&rxbuf2[0];
    71d6:	f103 0554 	add.w	r5, r3, #84	@ 0x54
	rx_dma_lli1.control = (DMA_SIZE) |
    71da:	60d8      	str	r0, [r3, #12]
	rx_dma_lli2.next_lli = (uint32_t)&rx_dma_lli1;
	rx_dma_lli2.control = (DMA_SIZE) |
    71dc:	6518      	str	r0, [r3, #80]	@ 0x50
	rx_dma_lli2.next_lli = (uint32_t)&rx_dma_lli1;
    71de:	e9c3 5312 	strd	r5, r3, [r3, #72]	@ 0x48
	rx_dma_lli1.dest = (uint32_t)&rxbuf1[0];
    71e2:	6059      	str	r1, [r3, #4]
	rx_dma_lli1.next_lli = (uint32_t)&rx_dma_lli2;
    71e4:	609e      	str	r6, [r3, #8]
	rx_dma_lli2.src = (uint32_t)&(DIO_SSP_DR);
    71e6:	645c      	str	r4, [r3, #68]	@ 0x44
			(0 << 21) |        /* destination width 8 bits */
			DMACCxControl_DI | /* destination increment */
			DMACCxControl_I;   /* terminal count interrupt enable */

	/* configure DMA channel 0 */
	DMACC0SrcAddr = rx_dma_lli1.src;
    71e8:	f8c2 4100 	str.w	r4, [r2, #256]	@ 0x100
	DMACC0DestAddr = rx_dma_lli1.dest;
    71ec:	f8c2 1104 	str.w	r1, [r2, #260]	@ 0x104
	DMACC0LLI = rx_dma_lli1.next_lli;
    71f0:	f8c2 6108 	str.w	r6, [r2, #264]	@ 0x108
	DMACC0Control = rx_dma_lli1.control;
    71f4:	f8c2 010c 	str.w	r0, [r2, #268]	@ 0x10c
	DMACC0Config = DIO_SSP_SRC
    71f8:	f24d 0006 	movw	r0, #53254	@ 0xd006
    71fc:	f8c2 0110 	str.w	r0, [r2, #272]	@ 0x110
	               | (0x2 << 11)       /* peripheral to memory */
	               | DMACCxConfig_IE   /* allow error interrupts */
	               | DMACCxConfig_ITC; /* allow terminal count interrupts */

	rx_tc = 0;
    7200:	2000      	movs	r0, #0
    7202:	f8c3 0088 	str.w	r0, [r3, #136]	@ 0x88
	rx_err = 0;
    7206:	f8c3 008c 	str.w	r0, [r3, #140]	@ 0x8c

	active_rxbuf = &rxbuf1[0];
    720a:	f8c3 1090 	str.w	r1, [r3, #144]	@ 0x90
	idle_rxbuf = &rxbuf2[0];
    720e:	f8c3 5094 	str.w	r5, [r3, #148]	@ 0x94

	// enable channel
	DMACC0Config |= 1;
    7212:	f8d2 3110 	ldr.w	r3, [r2, #272]	@ 0x110
    7216:	f043 0301 	orr.w	r3, r3, #1
    721a:	f8c2 3110 	str.w	r3, [r2, #272]	@ 0x110
}
    721e:	bd70      	pop	{r4, r5, r6, pc}
    7220:	50004000 	.word	0x50004000
    7224:	40030008 	.word	0x40030008
    7228:	10002e3c 	.word	0x10002e3c
    722c:	88009032 	.word	0x88009032

00007230 <dma_init_le>:

void dma_init_le(void) {
    7230:	b530      	push	{r4, r5, lr}
	DMACIntTCClear = 1 << channel;
    7232:	2201      	movs	r2, #1
    7234:	4b17      	ldr	r3, [pc, #92]	@ (7294 <dma_init_le+0x64>)
    7236:	4918      	ldr	r1, [pc, #96]	@ (7298 <dma_init_le+0x68>)
    7238:	609a      	str	r2, [r3, #8]
	DMACIntErrClr  = 1 << channel;
    723a:	611a      	str	r2, [r3, #16]
    723c:	2200      	movs	r2, #0
	int i;

	dma_clear_interrupts(0);

	for (i = 0; i < 11; ++i) {
		le_dma_lli[i].src = (uint32_t)&(DIO_SSP_DR);
    723e:	4d17      	ldr	r5, [pc, #92]	@ (729c <dma_init_le+0x6c>)
		le_dma_lli[i].dest = (uint32_t)&rxbuf1[4 * i];
		le_dma_lli[i].next_lli = i < 10 ? (uint32_t)&le_dma_lli[i+1] : 0;
		le_dma_lli[i].control = 4 |
    7240:	4817      	ldr	r0, [pc, #92]	@ (72a0 <dma_init_le+0x70>)
    7242:	f101 0398 	add.w	r3, r1, #152	@ 0x98
		le_dma_lli[i].next_lli = i < 10 ? (uint32_t)&le_dma_lli[i+1] : 0;
    7246:	2a0a      	cmp	r2, #10
    7248:	bf14      	ite	ne
    724a:	461c      	movne	r4, r3
    724c:	2400      	moveq	r4, #0
	for (i = 0; i < 11; ++i) {
    724e:	3201      	adds	r2, #1
    7250:	2a0b      	cmp	r2, #11
		le_dma_lli[i].dest = (uint32_t)&rxbuf1[4 * i];
    7252:	e943 5104 	strd	r5, r1, [r3, #-16]
		le_dma_lli[i].control = 4 |
    7256:	e943 4002 	strd	r4, r0, [r3, #-8]
	for (i = 0; i < 11; ++i) {
    725a:	f101 0104 	add.w	r1, r1, #4
    725e:	f103 0310 	add.w	r3, r3, #16
    7262:	d1f0      	bne.n	7246 <dma_init_le+0x16>
				DMACCxControl_DI | /* destination increment */
				DMACCxControl_I;   /* terminal count interrupt enable */
	}

	/* configure DMA channel 0 */
	DMACC0SrcAddr = le_dma_lli[0].src;
    7264:	4a0f      	ldr	r2, [pc, #60]	@ (72a4 <dma_init_le+0x74>)
    7266:	4b0b      	ldr	r3, [pc, #44]	@ (7294 <dma_init_le+0x64>)
    7268:	f8d2 1098 	ldr.w	r1, [r2, #152]	@ 0x98
    726c:	f8c3 1100 	str.w	r1, [r3, #256]	@ 0x100
	DMACC0DestAddr = le_dma_lli[0].dest;
    7270:	f8d2 109c 	ldr.w	r1, [r2, #156]	@ 0x9c
    7274:	f8c3 1104 	str.w	r1, [r3, #260]	@ 0x104
	DMACC0LLI = le_dma_lli[0].next_lli;
    7278:	f8d2 10a0 	ldr.w	r1, [r2, #160]	@ 0xa0
    727c:	f8c3 1108 	str.w	r1, [r3, #264]	@ 0x108
	DMACC0Control = le_dma_lli[0].control;
    7280:	f8d2 20a4 	ldr.w	r2, [r2, #164]	@ 0xa4
    7284:	f8c3 210c 	str.w	r2, [r3, #268]	@ 0x10c
	DMACC0Config =
    7288:	f24d 0206 	movw	r2, #53254	@ 0xd006
    728c:	f8c3 2110 	str.w	r2, [r3, #272]	@ 0x110
			DIO_SSP_SRC |
			(0x2 << 11) |     /* peripheral to memory */
			DMACCxConfig_IE | /* allow error interrupts */
			DMACCxConfig_ITC; /* allow terminal count interrupts */
}
    7290:	bd30      	pop	{r4, r5, pc}
    7292:	bf00      	nop
    7294:	50004000 	.word	0x50004000
    7298:	10002e4c 	.word	0x10002e4c
    729c:	40030008 	.word	0x40030008
    72a0:	88001004 	.word	0x88001004
    72a4:	10002e3c 	.word	0x10002e3c

000072a8 <dio_ssp_start>:

void dio_ssp_start()
{
	/* make sure the (active low) slave select signal is not active */
	DIO_SSEL_SET;
    72a8:	f04f 5080 	mov.w	r0, #268435456	@ 0x10000000
    72ac:	490a      	ldr	r1, [pc, #40]	@ (72d8 <dio_ssp_start+0x30>)

	/* enable rx DMA on DIO_SSP */
	DIO_SSP_DMACR |= SSPDMACR_RXDMAE;
    72ae:	4b0b      	ldr	r3, [pc, #44]	@ (72dc <dio_ssp_start+0x34>)
	DIO_SSEL_SET;
    72b0:	f8c1 0098 	str.w	r0, [r1, #152]	@ 0x98
	DIO_SSP_DMACR |= SSPDMACR_RXDMAE;
    72b4:	6a5a      	ldr	r2, [r3, #36]	@ 0x24
    72b6:	f042 0201 	orr.w	r2, r2, #1
    72ba:	625a      	str	r2, [r3, #36]	@ 0x24
	DIO_SSP_CR1 |= SSPCR1_SSE;
    72bc:	685a      	ldr	r2, [r3, #4]
    72be:	f042 0202 	orr.w	r2, r2, #2
    72c2:	605a      	str	r2, [r3, #4]

	// enable channel
	DMACC0Config |= 1;
    72c4:	4a06      	ldr	r2, [pc, #24]	@ (72e0 <dio_ssp_start+0x38>)
    72c6:	f8d2 3110 	ldr.w	r3, [r2, #272]	@ 0x110
    72ca:	f043 0301 	orr.w	r3, r3, #1
    72ce:	f8c2 3110 	str.w	r3, [r2, #272]	@ 0x110

	/* activate slave select pin */
	DIO_SSEL_CLR;
    72d2:	f8c1 009c 	str.w	r0, [r1, #156]	@ 0x9c
}
    72d6:	4770      	bx	lr
    72d8:	2009c000 	.word	0x2009c000
    72dc:	40030000 	.word	0x40030000
    72e0:	50004000 	.word	0x50004000

000072e4 <dio_ssp_stop>:

void dio_ssp_stop()
{
	// disable CC2400's output (active low)
	DIO_SSEL_SET;
    72e4:	f04f 5280 	mov.w	r2, #268435456	@ 0x10000000
    72e8:	4b09      	ldr	r3, [pc, #36]	@ (7310 <dio_ssp_stop+0x2c>)
    72ea:	f8c3 2098 	str.w	r2, [r3, #152]	@ 0x98

	// disable DMA on SSP; disable SSP ; disable DMA channel
	DIO_SSP_DMACR &= ~SSPDMACR_RXDMAE;
    72ee:	4b09      	ldr	r3, [pc, #36]	@ (7314 <dio_ssp_stop+0x30>)
    72f0:	6a5a      	ldr	r2, [r3, #36]	@ 0x24
    72f2:	f022 0201 	bic.w	r2, r2, #1
    72f6:	625a      	str	r2, [r3, #36]	@ 0x24
	DIO_SSP_CR1 &= ~SSPCR1_SSE;
    72f8:	685a      	ldr	r2, [r3, #4]
    72fa:	f022 0202 	bic.w	r2, r2, #2
    72fe:	605a      	str	r2, [r3, #4]
	DMACC0Config = 0;
    7300:	2200      	movs	r2, #0
    7302:	4b05      	ldr	r3, [pc, #20]	@ (7318 <dio_ssp_stop+0x34>)
    7304:	f8c3 2110 	str.w	r2, [r3, #272]	@ 0x110
	DMACIntTCClear = 1 << channel;
    7308:	2201      	movs	r2, #1
    730a:	609a      	str	r2, [r3, #8]
	DMACIntErrClr  = 1 << channel;
    730c:	611a      	str	r2, [r3, #16]
	/*
	while (SSP1SR & SSPSR_RNE) {
		u8 tmp = (u8)DIO_SSP_DR;
	}
	*/
}
    730e:	4770      	bx	lr
    7310:	2009c000 	.word	0x2009c000
    7314:	40030000 	.word	0x40030000
    7318:	50004000 	.word	0x50004000

0000731c <le_dma_init>:
			DMACIntErrClr = (1 << 0);
		}
	}
}

static void le_dma_init(void) {
    731c:	b530      	push	{r4, r5, lr}
		uint32_t control;
	} dma_lli;
	static dma_lli le_dma_lli[2];

	for (i = 0; i < 2; ++i) {
		le_dma_lli[i].src = (uint32_t)&(DIO_SSP_DR);
    731e:	4b0f      	ldr	r3, [pc, #60]	@ (735c <le_dma_init+0x40>)
    7320:	480f      	ldr	r0, [pc, #60]	@ (7360 <le_dma_init+0x44>)
    7322:	461a      	mov	r2, r3
		le_dma_lli[i].dest = (uint32_t)&le_dma_dest[i];
		le_dma_lli[i].next_lli = (uint32_t)&le_dma_lli[1-i]; // two elements pointing back at each other
		le_dma_lli[i].control = 1 |
    7324:	490f      	ldr	r1, [pc, #60]	@ (7364 <le_dma_init+0x48>)
		le_dma_lli[i].src = (uint32_t)&(DIO_SSP_DR);
    7326:	f842 0b20 	str.w	r0, [r2], #32
		le_dma_lli[i].next_lli = (uint32_t)&le_dma_lli[1-i]; // two elements pointing back at each other
    732a:	f103 0410 	add.w	r4, r3, #16
		le_dma_lli[i].dest = (uint32_t)&le_dma_dest[i];
    732e:	f103 0521 	add.w	r5, r3, #33	@ 0x21
    7332:	605a      	str	r2, [r3, #4]
		le_dma_lli[i].src = (uint32_t)&(DIO_SSP_DR);
    7334:	e9c3 1003 	strd	r1, r0, [r3, #12]
		le_dma_lli[i].next_lli = (uint32_t)&le_dma_lli[1-i]; // two elements pointing back at each other
    7338:	e9c3 5305 	strd	r5, r3, [r3, #20]
    733c:	609c      	str	r4, [r3, #8]
		le_dma_lli[i].control = 1 |
    733e:	61d9      	str	r1, [r3, #28]
				(0 << 21) |        // destination width 8 bits
				DMACCxControl_I;   // terminal count interrupt enable
	}

	// configure DMA channel 0
	DMACC0SrcAddr = le_dma_lli[0].src;
    7340:	4b09      	ldr	r3, [pc, #36]	@ (7368 <le_dma_init+0x4c>)
    7342:	f8c3 0100 	str.w	r0, [r3, #256]	@ 0x100
	DMACC0DestAddr = le_dma_lli[0].dest;
    7346:	f8c3 2104 	str.w	r2, [r3, #260]	@ 0x104
	DMACC0LLI = le_dma_lli[0].next_lli;
	DMACC0Control = le_dma_lli[0].control;
	DMACC0Config =
    734a:	f24d 0206 	movw	r2, #53254	@ 0xd006
	DMACC0LLI = le_dma_lli[0].next_lli;
    734e:	f8c3 4108 	str.w	r4, [r3, #264]	@ 0x108
	DMACC0Control = le_dma_lli[0].control;
    7352:	f8c3 110c 	str.w	r1, [r3, #268]	@ 0x10c
	DMACC0Config =
    7356:	f8c3 2110 	str.w	r2, [r3, #272]	@ 0x110
			DIO_SSP_SRC |
			(0x2 << 11) |     // peripheral to memory
			DMACCxConfig_IE | // allow error interrupts
			DMACCxConfig_ITC; // allow terminal count interrupts
}
    735a:	bd30      	pop	{r4, r5, pc}
    735c:	10002f84 	.word	0x10002f84
    7360:	40030008 	.word	0x40030008
    7364:	80000001 	.word	0x80000001
    7368:	50004000 	.word	0x50004000

0000736c <timer1_set_match>:
	// clear interrupt handler
	ICER0 = ICER0_ICE_TIMER1;
}

static void timer1_set_match(uint32_t match) {
	T1MR0 = match;
    736c:	4b03      	ldr	r3, [pc, #12]	@ (737c <timer1_set_match+0x10>)
    736e:	6198      	str	r0, [r3, #24]
	T1MCR |= TMCR_MR0I;
    7370:	695a      	ldr	r2, [r3, #20]
    7372:	f042 0201 	orr.w	r2, r2, #1
    7376:	615a      	str	r2, [r3, #20]
}
    7378:	4770      	bx	lr
    737a:	bf00      	nop
    737c:	40008000 	.word	0x40008000

00007380 <timer1_wait_fs_lock>:
static void timer1_clear_match(void) {
	T1MCR &= ~TMCR_MR0I;
}

static void timer1_wait_fs_lock(void) {
	T1MR2 = NOW + USEC(3);
    7380:	4b04      	ldr	r3, [pc, #16]	@ (7394 <timer1_wait_fs_lock+0x14>)
    7382:	689a      	ldr	r2, [r3, #8]
    7384:	321e      	adds	r2, #30
    7386:	621a      	str	r2, [r3, #32]
	T1MCR |= TMCR_MR2I;
    7388:	695a      	ldr	r2, [r3, #20]
    738a:	f042 0240 	orr.w	r2, r2, #64	@ 0x40
    738e:	615a      	str	r2, [r3, #20]
}
    7390:	4770      	bx	lr
    7392:	bf00      	nop
    7394:	40008000 	.word	0x40008000

00007398 <timer1_wait_buffer>:
static void timer1_cancel_fs_lock(void) {
	T1MCR &= ~TMCR_MR2I;
}

static void timer1_wait_buffer(void) {
	T1MR3 = NOW + USEC(100);
    7398:	4b04      	ldr	r3, [pc, #16]	@ (73ac <timer1_wait_buffer+0x14>)
    739a:	689a      	ldr	r2, [r3, #8]
    739c:	f502 727a 	add.w	r2, r2, #1000	@ 0x3e8
    73a0:	625a      	str	r2, [r3, #36]	@ 0x24
	T1MCR |= TMCR_MR3I;
    73a2:	695a      	ldr	r2, [r3, #20]
    73a4:	f442 7200 	orr.w	r2, r2, #512	@ 0x200
    73a8:	615a      	str	r2, [r3, #20]
}
    73aa:	4770      	bx	lr
    73ac:	40008000 	.word	0x40008000

000073b0 <extract_field>:
	f->status = 0;

	return 1;
}

static unsigned extract_field(le_rx_t *buf, size_t offset, unsigned size) {
    73b0:	b530      	push	{r4, r5, lr}
	unsigned i, ret = 0;

	// this could just be replaced by memcpy... right?
	for (i = 0; i < size; ++i)
    73b2:	4401      	add	r1, r0
	unsigned i, ret = 0;
    73b4:	2000      	movs	r0, #0
	for (i = 0; i < size; ++i)
    73b6:	4603      	mov	r3, r0
		ret |= buf->data[offset + i] << (i*8);
    73b8:	f811 4b01 	ldrb.w	r4, [r1], #1
    73bc:	00dd      	lsls	r5, r3, #3
	for (i = 0; i < size; ++i)
    73be:	3301      	adds	r3, #1
		ret |= buf->data[offset + i] << (i*8);
    73c0:	40ac      	lsls	r4, r5
	for (i = 0; i < size; ++i)
    73c2:	429a      	cmp	r2, r3
		ret |= buf->data[offset + i] << (i*8);
    73c4:	ea40 0004 	orr.w	r0, r0, r4
	for (i = 0; i < size; ++i)
    73c8:	d1f6      	bne.n	73b8 <extract_field+0x8>

	return ret;
}
    73ca:	bd30      	pop	{r4, r5, pc}

000073cc <bd_addr_cmp>:
		}
	}
}

// compare a BD addr against target with mask
static int bd_addr_cmp(uint8_t *bd_addr) {
    73cc:	b510      	push	{r4, lr}
	unsigned i;
	for (i = 0; i < 6; ++i)
    73ce:	4a08      	ldr	r2, [pc, #32]	@ (73f0 <bd_addr_cmp+0x24>)
    73d0:	1e43      	subs	r3, r0, #1
    73d2:	3005      	adds	r0, #5
		if ((bd_addr[i] & le.target_mask[i]) != le.target[i])
    73d4:	79d4      	ldrb	r4, [r2, #7]
    73d6:	f813 1f01 	ldrb.w	r1, [r3, #1]!
    73da:	4021      	ands	r1, r4
    73dc:	f812 4f01 	ldrb.w	r4, [r2, #1]!
    73e0:	428c      	cmp	r4, r1
    73e2:	d103      	bne.n	73ec <bd_addr_cmp+0x20>
	for (i = 0; i < 6; ++i)
    73e4:	4283      	cmp	r3, r0
    73e6:	d1f5      	bne.n	73d4 <bd_addr_cmp+0x8>
			return 0;
	return 1;
    73e8:	2001      	movs	r0, #1
}
    73ea:	bd10      	pop	{r4, pc}
			return 0;
    73ec:	2000      	movs	r0, #0
    73ee:	e7fc      	b.n	73ea <bd_addr_cmp+0x1e>
    73f0:	10000057 	.word	0x10000057

000073f4 <reset_conn>:
static void reset_conn(void) {
    73f4:	b510      	push	{r4, lr}
	memset(&conn, 0, sizeof(conn));
    73f6:	4c05      	ldr	r4, [pc, #20]	@ (740c <reset_conn+0x18>)
    73f8:	f44f 72e4 	mov.w	r2, #456	@ 0x1c8
    73fc:	2100      	movs	r1, #0
    73fe:	f104 0024 	add.w	r0, r4, #36	@ 0x24
    7402:	f7fc fed9 	bl	41b8 <memset>
	conn.access_address = ADVERTISING_AA;
    7406:	4b02      	ldr	r3, [pc, #8]	@ (7410 <reset_conn+0x1c>)
    7408:	6263      	str	r3, [r4, #36]	@ 0x24
}
    740a:	bd10      	pop	{r4, pc}
    740c:	10002f84 	.word	0x10002f84
    7410:	8e89bed6 	.word	0x8e89bed6

00007414 <buffer_get>:
static le_rx_t *buffer_get(void) {
    7414:	b570      	push	{r4, r5, r6, lr}
	for (i = 0; i < LE_BUFFER_POOL_SIZE; ++i) {
    7416:	4a13      	ldr	r2, [pc, #76]	@ (7464 <buffer_get+0x50>)
    7418:	2300      	movs	r3, #0
    741a:	4611      	mov	r1, r2
		if (le_buffer_pool[i].available) {
    741c:	f8d2 5118 	ldr.w	r5, [r2, #280]	@ 0x118
    7420:	b1cd      	cbz	r5, 7456 <buffer_get+0x42>
			le_buffer_pool[i].available = 0;
    7422:	f44f 7292 	mov.w	r2, #292	@ 0x124
    7426:	2600      	movs	r6, #0
    7428:	4c0f      	ldr	r4, [pc, #60]	@ (7468 <buffer_get+0x54>)
			buffer_clear(&le_buffer_pool[i]);
    742a:	fb02 1503 	mla	r5, r2, r3, r1
			le_buffer_pool[i].available = 0;
    742e:	fb02 4403 	mla	r4, r2, r3, r4
	memset(buf->data, 0, sizeof(buf->data));
    7432:	4631      	mov	r1, r6
    7434:	f44f 7282 	mov.w	r2, #260	@ 0x104
    7438:	4628      	mov	r0, r5
	buf->size = 0;
    743a:	e9c4 66bc 	strd	r6, r6, [r4, #752]	@ 0x2f0
			le_buffer_pool[i].available = 0;
    743e:	f8c4 6304 	str.w	r6, [r4, #772]	@ 0x304
	memset(buf->data, 0, sizeof(buf->data));
    7442:	f7fc feb9 	bl	41b8 <memset>
	buf->rssi_min = INT8_MAX;
    7446:	f248 037f 	movw	r3, #32895	@ 0x807f
	buf->rssi_sum = 0;
    744a:	f8c4 630c 	str.w	r6, [r4, #780]	@ 0x30c
	buf->rssi_min = INT8_MAX;
    744e:	f8a4 3308 	strh.w	r3, [r4, #776]	@ 0x308
}
    7452:	4628      	mov	r0, r5
    7454:	bd70      	pop	{r4, r5, r6, pc}
	for (i = 0; i < LE_BUFFER_POOL_SIZE; ++i) {
    7456:	3301      	adds	r3, #1
    7458:	2b04      	cmp	r3, #4
    745a:	f502 7292 	add.w	r2, r2, #292	@ 0x124
    745e:	d1dd      	bne.n	741c <buffer_get+0x8>
    7460:	e7f7      	b.n	7452 <buffer_get+0x3e>
    7462:	bf00      	nop
    7464:	10003170 	.word	0x10003170
    7468:	10002f84 	.word	0x10002f84

0000746c <le_cc2400_init_rf>:
static void le_cc2400_init_rf(void) {
    746c:	b538      	push	{r3, r4, r5, lr}
	uint32_t sync = rbit(conn.access_address);
    746e:	4c1b      	ldr	r4, [pc, #108]	@ (74dc <le_cc2400_init_rf+0x70>)
    7470:	6a60      	ldr	r0, [r4, #36]	@ 0x24
    7472:	f001 fe03 	bl	907c <rbit>
    7476:	4605      	mov	r5, r0
	cc2400_set(MANAND,  0x7ffe);
    7478:	f647 71fe 	movw	r1, #32766	@ 0x7ffe
    747c:	200d      	movs	r0, #13
    747e:	f001 fee0 	bl	9242 <cc2400_set>
	cc2400_set(LMTST,   0x2b22);
    7482:	f642 3122 	movw	r1, #11042	@ 0x2b22
    7486:	2012      	movs	r0, #18
    7488:	f001 fedb 	bl	9242 <cc2400_set>
	cc2400_set(MDMTST0, 0x124b);
    748c:	f241 214b 	movw	r1, #4683	@ 0x124b
    7490:	2014      	movs	r0, #20
    7492:	f001 fed6 	bl	9242 <cc2400_set>
	cc2400_set(GRMDM,   grmdm);
    7496:	f244 41e1 	movw	r1, #17633	@ 0x44e1
    749a:	2020      	movs	r0, #32
    749c:	f001 fed1 	bl	9242 <cc2400_set>
	cc2400_set(SYNCL,   sync & 0xffff);
    74a0:	202c      	movs	r0, #44	@ 0x2c
    74a2:	b2a9      	uxth	r1, r5
    74a4:	f001 fecd 	bl	9242 <cc2400_set>
	cc2400_set(SYNCH,   (sync >> 16) & 0xffff);
    74a8:	202d      	movs	r0, #45	@ 0x2d
    74aa:	0c29      	lsrs	r1, r5, #16
    74ac:	f001 fec9 	bl	9242 <cc2400_set>
	cc2400_set(FSDIV,   rf_channel - 1); // 1 MHz IF
    74b0:	f8b4 167c 	ldrh.w	r1, [r4, #1660]	@ 0x67c
    74b4:	2002      	movs	r0, #2
    74b6:	3901      	subs	r1, #1
    74b8:	b289      	uxth	r1, r1
    74ba:	f001 fec2 	bl	9242 <cc2400_set>
	cc2400_set(MDMCTRL, mdmctrl);
    74be:	2140      	movs	r1, #64	@ 0x40
    74c0:	2003      	movs	r0, #3
    74c2:	f001 febe 	bl	9242 <cc2400_set>
	while (!(cc2400_status() & XOSC16M_STABLE));
    74c6:	f001 ff47 	bl	9358 <cc2400_status>
    74ca:	0643      	lsls	r3, r0, #25
    74cc:	d5fb      	bpl.n	74c6 <le_cc2400_init_rf+0x5a>
	cc2400_strobe(SFSON);
    74ce:	2061      	movs	r0, #97	@ 0x61
    74d0:	f001 ff49 	bl	9366 <cc2400_strobe>
}
    74d4:	e8bd 4038 	ldmia.w	sp!, {r3, r4, r5, lr}
	timer1_wait_fs_lock();
    74d8:	f7ff bf52 	b.w	7380 <timer1_wait_fs_lock>
    74dc:	10002f84 	.word	0x10002f84

000074e0 <change_channel>:
static void change_channel(void) {
    74e0:	b570      	push	{r4, r5, r6, lr}
	cc2400_strobe(SRFOFF);
    74e2:	2064      	movs	r0, #100	@ 0x64
    74e4:	f001 ff3f 	bl	9366 <cc2400_strobe>
	DIO_SSP_DMACR &= ~SSPDMACR_RXDMAE;
    74e8:	4b25      	ldr	r3, [pc, #148]	@ (7580 <change_channel+0xa0>)
    74ea:	6a5a      	ldr	r2, [r3, #36]	@ 0x24
    74ec:	f022 0201 	bic.w	r2, r2, #1
    74f0:	625a      	str	r2, [r3, #36]	@ 0x24
	while (SSP1SR & SSPSR_RNE) {
    74f2:	68dd      	ldr	r5, [r3, #12]
    74f4:	f015 0504 	ands.w	r5, r5, #4
    74f8:	d12c      	bne.n	7554 <change_channel+0x74>
	buffer_clear(current_rxbuf);
    74fa:	4c22      	ldr	r4, [pc, #136]	@ (7584 <change_channel+0xa4>)
	memset(buf->data, 0, sizeof(buf->data));
    74fc:	f44f 7282 	mov.w	r2, #260	@ 0x104
	buffer_clear(current_rxbuf);
    7500:	f8d4 6680 	ldr.w	r6, [r4, #1664]	@ 0x680
	memset(buf->data, 0, sizeof(buf->data));
    7504:	4629      	mov	r1, r5
    7506:	4630      	mov	r0, r6
	buf->size = 0;
    7508:	e9c6 5541 	strd	r5, r5, [r6, #260]	@ 0x104
	memset(buf->data, 0, sizeof(buf->data));
    750c:	f7fc fe54 	bl	41b8 <memset>
	buf->rssi_min = INT8_MAX;
    7510:	f248 037f 	movw	r3, #32895	@ 0x807f
	buf->rssi_sum = 0;
    7514:	f8c6 5120 	str.w	r5, [r6, #288]	@ 0x120
	buf->rssi_min = INT8_MAX;
    7518:	f8a6 311c 	strh.w	r3, [r6, #284]	@ 0x11c
	le_dma_init();
    751c:	f7ff fefe 	bl	731c <le_dma_init>
	dio_ssp_start();
    7520:	f7ff fec2 	bl	72a8 <dio_ssp_start>
	if (conn.access_address == ADVERTISING_AA) {
    7524:	6a62      	ldr	r2, [r4, #36]	@ 0x24
    7526:	4b18      	ldr	r3, [pc, #96]	@ (7588 <change_channel+0xa8>)
    7528:	429a      	cmp	r2, r3
    752a:	d115      	bne.n	7558 <change_channel+0x78>
		switch (le_adv_channel) {
    752c:	f640 127a 	movw	r2, #2426	@ 0x97a
    7530:	4b16      	ldr	r3, [pc, #88]	@ (758c <change_channel+0xac>)
    7532:	881b      	ldrh	r3, [r3, #0]
    7534:	b29b      	uxth	r3, r3
    7536:	4293      	cmp	r3, r2
    7538:	d020      	beq.n	757c <change_channel+0x9c>
			case 2402: channel_idx = 37; break;
    753a:	f5b3 6f1b 	cmp.w	r3, #2480	@ 0x9b0
    753e:	bf0c      	ite	eq
    7540:	2027      	moveq	r0, #39	@ 0x27
    7542:	2025      	movne	r0, #37	@ 0x25
	rf_channel = btle_channel_index_to_phys(channel_idx);
    7544:	f7ff fb39 	bl	6bba <btle_channel_index_to_phys>
    7548:	f8a4 067c 	strh.w	r0, [r4, #1660]	@ 0x67c
}
    754c:	e8bd 4070 	ldmia.w	sp!, {r4, r5, r6, lr}
	le_cc2400_init_rf();
    7550:	f7ff bf8c 	b.w	746c <le_cc2400_init_rf>
		uint8_t tmp = (uint8_t)DIO_SSP_DR;
    7554:	689a      	ldr	r2, [r3, #8]
    7556:	e7cc      	b.n	74f2 <change_channel+0x12>
		conn.channel_idx = (conn.channel_idx + conn.hop_increment) % 37;
    7558:	f894 0030 	ldrb.w	r0, [r4, #48]	@ 0x30
    755c:	f894 3031 	ldrb.w	r3, [r4, #49]	@ 0x31
		channel_idx = le_map_channel(conn.channel_idx, &conn.remapping);
    7560:	f104 0144 	add.w	r1, r4, #68	@ 0x44
		conn.channel_idx = (conn.channel_idx + conn.hop_increment) % 37;
    7564:	4418      	add	r0, r3
    7566:	2325      	movs	r3, #37	@ 0x25
    7568:	fbb0 f2f3 	udiv	r2, r0, r3
    756c:	fb03 0012 	mls	r0, r3, r2, r0
    7570:	b2c0      	uxtb	r0, r0
    7572:	f884 0030 	strb.w	r0, [r4, #48]	@ 0x30
		channel_idx = le_map_channel(conn.channel_idx, &conn.remapping);
    7576:	f7ff fbfc 	bl	6d72 <le_map_channel>
    757a:	e7e3      	b.n	7544 <change_channel+0x64>
		switch (le_adv_channel) {
    757c:	2026      	movs	r0, #38	@ 0x26
    757e:	e7e1      	b.n	7544 <change_channel+0x64>
    7580:	40030000 	.word	0x40030000
    7584:	10002f84 	.word	0x10002f84
    7588:	8e89bed6 	.word	0x8e89bed6
    758c:	10000070 	.word	0x10000070

00007590 <finish_conn_event>:
static void finish_conn_event(void) {
    7590:	b510      	push	{r4, lr}
	if (conn_event.num_packets == 2) {
    7592:	4b2d      	ldr	r3, [pc, #180]	@ (7648 <finish_conn_event+0xb8>)
    7594:	f8d3 1688 	ldr.w	r1, [r3, #1672]	@ 0x688
    7598:	2902      	cmp	r1, #2
    759a:	d10b      	bne.n	75b4 <finish_conn_event+0x24>
		last_anchor = conn_event.anchor;
    759c:	f8d3 0684 	ldr.w	r0, [r3, #1668]	@ 0x684
		conn.anchor_set = 1;
    75a0:	2201      	movs	r2, #1
		conn.last_anchor = last_anchor;
    75a2:	f8c3 0104 	str.w	r0, [r3, #260]	@ 0x104
		conn.anchor_set = 1;
    75a6:	f8c3 2108 	str.w	r2, [r3, #264]	@ 0x108
		conn.last_packet_ts = NOW;
    75aa:	4a28      	ldr	r2, [pc, #160]	@ (764c <finish_conn_event+0xbc>)
    75ac:	6892      	ldr	r2, [r2, #8]
    75ae:	f8c3 210c 	str.w	r2, [r3, #268]	@ 0x10c
    75b2:	e016      	b.n	75e2 <finish_conn_event+0x52>
	else if (conn_event.num_packets == 1 && conn.anchor_set) {
    75b4:	2901      	cmp	r1, #1
    75b6:	f8d3 2108 	ldr.w	r2, [r3, #264]	@ 0x108
    75ba:	d12a      	bne.n	7612 <finish_conn_event+0x82>
    75bc:	b35a      	cbz	r2, 7616 <finish_conn_event+0x86>
		uint32_t estimated_anchor = conn.last_anchor + conn.conn_interval;
    75be:	f8d3 2104 	ldr.w	r2, [r3, #260]	@ 0x104
    75c2:	6b5c      	ldr	r4, [r3, #52]	@ 0x34
		last_anchor = conn_event.anchor;
    75c4:	f8d3 0684 	ldr.w	r0, [r3, #1668]	@ 0x684
		uint32_t estimated_anchor = conn.last_anchor + conn.conn_interval;
    75c8:	4422      	add	r2, r4
		delta += ANCHOR_EPSILON;
    75ca:	321e      	adds	r2, #30
    75cc:	1a12      	subs	r2, r2, r0
		if (delta < 2 * ANCHOR_EPSILON) {
    75ce:	2a3b      	cmp	r2, #59	@ 0x3b
    75d0:	d9e6      	bls.n	75a0 <finish_conn_event+0x10>
		conn.last_anchor += conn.conn_interval;
    75d2:	f8d3 2104 	ldr.w	r2, [r3, #260]	@ 0x104
    75d6:	6b58      	ldr	r0, [r3, #52]	@ 0x34
    75d8:	4402      	add	r2, r0
    75da:	f8c3 2104 	str.w	r2, [r3, #260]	@ 0x104
	if (conn_event.num_packets > 0) {
    75de:	2900      	cmp	r1, #0
    75e0:	d1e3      	bne.n	75aa <finish_conn_event+0x1a>
	conn_event.num_packets = 0;
    75e2:	2200      	movs	r2, #0
	++conn.conn_event_counter;
    75e4:	f8b3 1110 	ldrh.w	r1, [r3, #272]	@ 0x110
	if (NOW - conn.last_packet_ts > conn.supervision_timeout) {
    75e8:	f8d3 010c 	ldr.w	r0, [r3, #268]	@ 0x10c
	++conn.conn_event_counter;
    75ec:	3101      	adds	r1, #1
    75ee:	f8a3 1110 	strh.w	r1, [r3, #272]	@ 0x110
	if (NOW - conn.last_packet_ts > conn.supervision_timeout) {
    75f2:	4916      	ldr	r1, [pc, #88]	@ (764c <finish_conn_event+0xbc>)
	conn_event.num_packets = 0;
    75f4:	f8c3 2688 	str.w	r2, [r3, #1672]	@ 0x688
	if (NOW - conn.last_packet_ts > conn.supervision_timeout) {
    75f8:	6889      	ldr	r1, [r1, #8]
	conn_event.opened = 0;
    75fa:	f8c3 268c 	str.w	r2, [r3, #1676]	@ 0x68c
	if (NOW - conn.last_packet_ts > conn.supervision_timeout) {
    75fe:	1a09      	subs	r1, r1, r0
    7600:	6b98      	ldr	r0, [r3, #56]	@ 0x38
    7602:	4281      	cmp	r1, r0
    7604:	d910      	bls.n	7628 <finish_conn_event+0x98>
		reset_conn();
    7606:	f7ff fef5 	bl	73f4 <reset_conn>
}
    760a:	e8bd 4010 	ldmia.w	sp!, {r4, lr}
		change_channel();
    760e:	f7ff bf67 	b.w	74e0 <change_channel>
	else if (conn.anchor_set) {
    7612:	2a00      	cmp	r2, #0
    7614:	d1dd      	bne.n	75d2 <finish_conn_event+0x42>
		conn.last_anchor = conn_event.anchor;
    7616:	f8d3 2684 	ldr.w	r2, [r3, #1668]	@ 0x684
    761a:	f8c3 2104 	str.w	r2, [r3, #260]	@ 0x104
		conn.last_packet_ts = NOW; // FIXME gross hack
    761e:	4a0b      	ldr	r2, [pc, #44]	@ (764c <finish_conn_event+0xbc>)
    7620:	6892      	ldr	r2, [r2, #8]
    7622:	f8c3 210c 	str.w	r2, [r3, #268]	@ 0x10c
    7626:	e7da      	b.n	75de <finish_conn_event+0x4e>
	else if (cancel_follow) {
    7628:	4909      	ldr	r1, [pc, #36]	@ (7650 <finish_conn_event+0xc0>)
    762a:	6808      	ldr	r0, [r1, #0]
    762c:	b108      	cbz	r0, 7632 <finish_conn_event+0xa2>
		cancel_follow = 0;
    762e:	600a      	str	r2, [r1, #0]
    7630:	e7e9      	b.n	7606 <finish_conn_event+0x76>
		timer1_set_match(conn.last_anchor + conn.conn_interval - RX_WARMUP_TIME);
    7632:	f8d3 0104 	ldr.w	r0, [r3, #260]	@ 0x104
    7636:	6b5b      	ldr	r3, [r3, #52]	@ 0x34
}
    7638:	e8bd 4010 	ldmia.w	sp!, {r4, lr}
		timer1_set_match(conn.last_anchor + conn.conn_interval - RX_WARMUP_TIME);
    763c:	4418      	add	r0, r3
    763e:	f6a0 30b8 	subw	r0, r0, #3000	@ 0xbb8
    7642:	f7ff be93 	b.w	736c <timer1_set_match>
    7646:	bf00      	nop
    7648:	10002f84 	.word	0x10002f84
    764c:	40008000 	.word	0x40008000
    7650:	10000758 	.word	0x10000758

00007654 <le_DMA_IRQHandler>:
void le_DMA_IRQHandler(void) {
    7654:	b5f8      	push	{r3, r4, r5, r6, r7, lr}
	uint32_t timestamp = NOW; // sampled early for most accurate measurement
    7656:	4b6b      	ldr	r3, [pc, #428]	@ (7804 <le_DMA_IRQHandler+0x1b0>)
    7658:	689d      	ldr	r5, [r3, #8]
	if (DMACIntStat & (1 << 0)) {
    765a:	4b6b      	ldr	r3, [pc, #428]	@ (7808 <le_DMA_IRQHandler+0x1b4>)
    765c:	681a      	ldr	r2, [r3, #0]
    765e:	07d4      	lsls	r4, r2, #31
    7660:	d548      	bpl.n	76f4 <le_DMA_IRQHandler+0xa0>
		if (DMACIntTCStat & (1 << 0)) {
    7662:	685a      	ldr	r2, [r3, #4]
    7664:	07d0      	lsls	r0, r2, #31
    7666:	d53f      	bpl.n	76e8 <le_DMA_IRQHandler+0x94>
			DMACIntTCClear = (1 << 0);
    7668:	2201      	movs	r2, #1
			rssi = (int8_t)(cc2400_get(RSSI) >> 8);
    766a:	2006      	movs	r0, #6
			DMACIntTCClear = (1 << 0);
    766c:	609a      	str	r2, [r3, #8]
			rssi = (int8_t)(cc2400_get(RSSI) >> 8);
    766e:	f001 fddf 	bl	9230 <cc2400_get>
			current_rxbuf->rssi_sum += rssi;
    7672:	4c66      	ldr	r4, [pc, #408]	@ (780c <le_DMA_IRQHandler+0x1b8>)
			rssi = (int8_t)(cc2400_get(RSSI) >> 8);
    7674:	f340 2007 	sbfx	r0, r0, #8, #8
			current_rxbuf->rssi_sum += rssi;
    7678:	f8d4 3680 	ldr.w	r3, [r4, #1664]	@ 0x680
    767c:	f8d3 2120 	ldr.w	r2, [r3, #288]	@ 0x120
    7680:	4402      	add	r2, r0
    7682:	f8c3 2120 	str.w	r2, [r3, #288]	@ 0x120
			if (rssi < current_rxbuf->rssi_min) current_rxbuf->rssi_min = rssi;
    7686:	f993 211c 	ldrsb.w	r2, [r3, #284]	@ 0x11c
    768a:	4282      	cmp	r2, r0
			if (rssi > current_rxbuf->rssi_max) current_rxbuf->rssi_max = rssi;
    768c:	f993 211d 	ldrsb.w	r2, [r3, #285]	@ 0x11d
			if (rssi < current_rxbuf->rssi_min) current_rxbuf->rssi_min = rssi;
    7690:	bfc8      	it	gt
    7692:	f883 011c 	strbgt.w	r0, [r3, #284]	@ 0x11c
			if (rssi > current_rxbuf->rssi_max) current_rxbuf->rssi_max = rssi;
    7696:	4282      	cmp	r2, r0
			pos = current_rxbuf->pos;
    7698:	f8d3 2108 	ldr.w	r2, [r3, #264]	@ 0x108
			if (rssi > current_rxbuf->rssi_max) current_rxbuf->rssi_max = rssi;
    769c:	bfb8      	it	lt
    769e:	f883 011d 	strblt.w	r0, [r3, #285]	@ 0x11d
			current_rxbuf->data[pos] = le_dma_dest[pos & 1]; // dirty hack
    76a2:	f002 0101 	and.w	r1, r2, #1
    76a6:	4421      	add	r1, r4
    76a8:	f891 1020 	ldrb.w	r1, [r1, #32]
    76ac:	5499      	strb	r1, [r3, r2]
			pos += 1;
    76ae:	3201      	adds	r2, #1
			if (pos == 1) {
    76b0:	2a01      	cmp	r2, #1
			current_rxbuf->pos = pos;
    76b2:	f8c3 2108 	str.w	r2, [r3, #264]	@ 0x108
			if (pos == 1) {
    76b6:	d11e      	bne.n	76f6 <le_DMA_IRQHandler+0xa2>
				current_rxbuf->channel = rf_channel;
    76b8:	f8b4 267c 	ldrh.w	r2, [r4, #1660]	@ 0x67c
				if (btle_channel_index(rf_channel) < 37) {
    76bc:	f8b4 067c 	ldrh.w	r0, [r4, #1660]	@ 0x67c
				current_rxbuf->channel = rf_channel;
    76c0:	b292      	uxth	r2, r2
    76c2:	f8c3 2110 	str.w	r2, [r3, #272]	@ 0x110
				current_rxbuf->access_address = conn.access_address;
    76c6:	6a62      	ldr	r2, [r4, #36]	@ 0x24
				current_rxbuf->timestamp = timestamp - USEC(8 + 32); // packet starts at preamble
    76c8:	f5a5 75c8 	sub.w	r5, r5, #400	@ 0x190
    76cc:	f8c3 510c 	str.w	r5, [r3, #268]	@ 0x10c
				current_rxbuf->access_address = conn.access_address;
    76d0:	f8c3 2114 	str.w	r2, [r3, #276]	@ 0x114
				if (btle_channel_index(rf_channel) < 37) {
    76d4:	b280      	uxth	r0, r0
    76d6:	f7ff fa57 	bl	6b88 <btle_channel_index>
    76da:	2824      	cmp	r0, #36	@ 0x24
    76dc:	d804      	bhi.n	76e8 <le_DMA_IRQHandler+0x94>
	T1MCR &= ~TMCR_MR0I;
    76de:	4a49      	ldr	r2, [pc, #292]	@ (7804 <le_DMA_IRQHandler+0x1b0>)
    76e0:	6953      	ldr	r3, [r2, #20]
    76e2:	f023 0301 	bic.w	r3, r3, #1
    76e6:	6153      	str	r3, [r2, #20]
		if (DMACIntErrStat & (1 << 0)) {
    76e8:	4b47      	ldr	r3, [pc, #284]	@ (7808 <le_DMA_IRQHandler+0x1b4>)
    76ea:	68da      	ldr	r2, [r3, #12]
    76ec:	07d2      	lsls	r2, r2, #31
			DMACIntErrClr = (1 << 0);
    76ee:	bf44      	itt	mi
    76f0:	2201      	movmi	r2, #1
    76f2:	611a      	strmi	r2, [r3, #16]
}
    76f4:	bdf8      	pop	{r3, r4, r5, r6, r7, pc}
			if (pos == 2) {
    76f6:	2a02      	cmp	r2, #2
    76f8:	d12f      	bne.n	775a <le_DMA_IRQHandler+0x106>
	int idx = whitening_index[btle_channel_index(channel)];
    76fa:	f8b3 0110 	ldrh.w	r0, [r3, #272]	@ 0x110
				uint8_t length = dewhiten_length(current_rxbuf->channel, current_rxbuf->data[1]);
    76fe:	785e      	ldrb	r6, [r3, #1]
	int idx = whitening_index[btle_channel_index(channel)];
    7700:	f7ff fa42 	bl	6b88 <btle_channel_index>
	idx = (idx + 8) % sizeof(whitening);
    7704:	277f      	movs	r7, #127	@ 0x7f
	uint8_t out = 0;
    7706:	2100      	movs	r1, #0
	int idx = whitening_index[btle_channel_index(channel)];
    7708:	f8df c104 	ldr.w	ip, [pc, #260]	@ 7810 <le_DMA_IRQHandler+0x1bc>
    770c:	f81c 3000 	ldrb.w	r3, [ip, r0]
	for (i = 0; i < 8; ++i) {
    7710:	4608      	mov	r0, r1
	idx = (idx + 8) % sizeof(whitening);
    7712:	3308      	adds	r3, #8
    7714:	fbb3 f2f7 	udiv	r2, r3, r7
    7718:	ebc2 12c2 	rsb	r2, r2, r2, lsl #7
    771c:	1a9b      	subs	r3, r3, r2
		bit = (data >> (7-i)) & 1;
    771e:	f1c0 0507 	rsb	r5, r0, #7
		bit ^= whitening[idx];
    7722:	eb0c 0203 	add.w	r2, ip, r3
    7726:	f892 2028 	ldrb.w	r2, [r2, #40]	@ 0x28
		bit = (data >> (7-i)) & 1;
    772a:	fa46 f505 	asr.w	r5, r6, r5
    772e:	f005 0501 	and.w	r5, r5, #1
		idx = (idx + 1) % sizeof(whitening);
    7732:	3301      	adds	r3, #1
		bit ^= whitening[idx];
    7734:	406a      	eors	r2, r5
		idx = (idx + 1) % sizeof(whitening);
    7736:	fbb3 f5f7 	udiv	r5, r3, r7
		out |= bit << i;
    773a:	4082      	lsls	r2, r0
	for (i = 0; i < 8; ++i) {
    773c:	3001      	adds	r0, #1
		idx = (idx + 1) % sizeof(whitening);
    773e:	ebc5 15c5 	rsb	r5, r5, r5, lsl #7
		out |= bit << i;
    7742:	430a      	orrs	r2, r1
	for (i = 0; i < 8; ++i) {
    7744:	2808      	cmp	r0, #8
		idx = (idx + 1) % sizeof(whitening);
    7746:	eba3 0305 	sub.w	r3, r3, r5
		out |= bit << i;
    774a:	b2d1      	uxtb	r1, r2
	for (i = 0; i < 8; ++i) {
    774c:	d1e7      	bne.n	771e <le_DMA_IRQHandler+0xca>
				current_rxbuf->size = length + 2 + 3; // two bytes for header and three for CRC
    774e:	f8d4 3680 	ldr.w	r3, [r4, #1664]	@ 0x680
    7752:	3105      	adds	r1, #5
    7754:	f8c3 1104 	str.w	r1, [r3, #260]	@ 0x104
			if (pos > 2 && pos >= current_rxbuf->size) {
    7758:	e7c6      	b.n	76e8 <le_DMA_IRQHandler+0x94>
    775a:	d9c5      	bls.n	76e8 <le_DMA_IRQHandler+0x94>
    775c:	f8d3 3104 	ldr.w	r3, [r3, #260]	@ 0x104
    7760:	4293      	cmp	r3, r2
    7762:	d8c1      	bhi.n	76e8 <le_DMA_IRQHandler+0x94>
				cc2400_strobe(SFSON);
    7764:	2061      	movs	r0, #97	@ 0x61
    7766:	f001 fdfe 	bl	9366 <cc2400_strobe>
				DMACC0Config = 0;
    776a:	2200      	movs	r2, #0
    776c:	4b26      	ldr	r3, [pc, #152]	@ (7808 <le_DMA_IRQHandler+0x1b4>)
    776e:	f8c3 2110 	str.w	r2, [r3, #272]	@ 0x110
				DMACIntTCClear = (1 << 0); // if we don't clear a second time, data is corrupt
    7772:	2201      	movs	r2, #1
    7774:	609a      	str	r2, [r3, #8]
				DIO_SSP_DMACR &= ~SSPDMACR_RXDMAE;
    7776:	4b27      	ldr	r3, [pc, #156]	@ (7814 <le_DMA_IRQHandler+0x1c0>)
    7778:	6a5a      	ldr	r2, [r3, #36]	@ 0x24
    777a:	f022 0201 	bic.w	r2, r2, #1
    777e:	625a      	str	r2, [r3, #36]	@ 0x24
				while (SSP1SR & SSPSR_RNE) {
    7780:	68da      	ldr	r2, [r3, #12]
    7782:	0751      	lsls	r1, r2, #29
    7784:	d42c      	bmi.n	77e0 <le_DMA_IRQHandler+0x18c>
				ICER0 = ICER0_ICE_DMA;
    7786:	f04f 23e0 	mov.w	r3, #3758153728	@ 0xe000e000
    778a:	f04f 6280 	mov.w	r2, #67108864	@ 0x4000000
				queue_insert(&packet_queue, current_rxbuf);
    778e:	f8d4 1680 	ldr.w	r1, [r4, #1664]	@ 0x680
				ICER0 = ICER0_ICE_DMA;
    7792:	f8c3 2180 	str.w	r2, [r3, #384]	@ 0x180
				queue_insert(&packet_queue, current_rxbuf);
    7796:	4820      	ldr	r0, [pc, #128]	@ (7818 <le_DMA_IRQHandler+0x1c4>)
    7798:	f000 fb00 	bl	7d9c <queue_insert>
				if (btle_channel_index(rf_channel) < 37) {
    779c:	f8b4 067c 	ldrh.w	r0, [r4, #1660]	@ 0x67c
    77a0:	b280      	uxth	r0, r0
    77a2:	f7ff f9f1 	bl	6b88 <btle_channel_index>
    77a6:	2824      	cmp	r0, #36	@ 0x24
    77a8:	d812      	bhi.n	77d0 <le_DMA_IRQHandler+0x17c>
					++conn_event.num_packets;
    77aa:	f8d4 3688 	ldr.w	r3, [r4, #1672]	@ 0x688
    77ae:	3301      	adds	r3, #1
					if (conn_event.num_packets == 1) {
    77b0:	2b01      	cmp	r3, #1
					++conn_event.num_packets;
    77b2:	f8c4 3688 	str.w	r3, [r4, #1672]	@ 0x688
					if (conn_event.num_packets == 1) {
    77b6:	d115      	bne.n	77e4 <le_DMA_IRQHandler+0x190>
						conn_event.anchor = current_rxbuf->timestamp;
    77b8:	f8d4 3680 	ldr.w	r3, [r4, #1664]	@ 0x680
    77bc:	f8d3 310c 	ldr.w	r3, [r3, #268]	@ 0x10c
    77c0:	f8c4 3684 	str.w	r3, [r4, #1668]	@ 0x684
						timer1_set_match(NOW + IFS_TIMEOUT); // set a timeout for next packet
    77c4:	4b0f      	ldr	r3, [pc, #60]	@ (7804 <le_DMA_IRQHandler+0x1b0>)
    77c6:	6898      	ldr	r0, [r3, #8]
    77c8:	f600 30b8 	addw	r0, r0, #3000	@ 0xbb8
    77cc:	f7ff fdce 	bl	736c <timer1_set_match>
				current_rxbuf = buffer_get();
    77d0:	f7ff fe20 	bl	7414 <buffer_get>
    77d4:	f8c4 0680 	str.w	r0, [r4, #1664]	@ 0x680
				if (current_rxbuf == NULL) {
    77d8:	b988      	cbnz	r0, 77fe <le_DMA_IRQHandler+0x1aa>
					timer1_wait_buffer();
    77da:	f7ff fddd 	bl	7398 <timer1_wait_buffer>
    77de:	e783      	b.n	76e8 <le_DMA_IRQHandler+0x94>
					uint8_t tmp = (uint8_t)DIO_SSP_DR;
    77e0:	689a      	ldr	r2, [r3, #8]
    77e2:	e7cd      	b.n	7780 <le_DMA_IRQHandler+0x12c>
					else if (conn_event.num_packets == 2) {
    77e4:	2b02      	cmp	r3, #2
    77e6:	d1f3      	bne.n	77d0 <le_DMA_IRQHandler+0x17c>
						cc2400_strobe(SRFOFF);
    77e8:	2064      	movs	r0, #100	@ 0x64
    77ea:	f001 fdbc 	bl	9366 <cc2400_strobe>
						current_rxbuf = buffer_get();
    77ee:	f7ff fe11 	bl	7414 <buffer_get>
    77f2:	f8c4 0680 	str.w	r0, [r4, #1664]	@ 0x680
}
    77f6:	e8bd 40f8 	ldmia.w	sp!, {r3, r4, r5, r6, r7, lr}
						finish_conn_event();
    77fa:	f7ff bec9 	b.w	7590 <finish_conn_event>
					timer1_wait_fs_lock();
    77fe:	f7ff fdbf 	bl	7380 <timer1_wait_fs_lock>
    7802:	e771      	b.n	76e8 <le_DMA_IRQHandler+0x94>
    7804:	40008000 	.word	0x40008000
    7808:	50004000 	.word	0x50004000
    780c:	10002f84 	.word	0x10002f84
    7810:	0000abab 	.word	0x0000abab
    7814:	40030000 	.word	0x40030000
    7818:	10003614 	.word	0x10003614

0000781c <TIMER1_IRQHandler>:
void TIMER1_IRQHandler(void) {
    781c:	b538      	push	{r3, r4, r5, lr}
	if (T1IR & TIR_MR0_Interrupt) {
    781e:	4b60      	ldr	r3, [pc, #384]	@ (79a0 <TIMER1_IRQHandler+0x184>)
    7820:	681a      	ldr	r2, [r3, #0]
    7822:	07d5      	lsls	r5, r2, #31
    7824:	d557      	bpl.n	78d6 <TIMER1_IRQHandler+0xba>
		T1IR = TIR_MR0_Interrupt;
    7826:	2101      	movs	r1, #1
			if (!conn_event.opened && conn.win_offset > 0) {
    7828:	4c5e      	ldr	r4, [pc, #376]	@ (79a4 <TIMER1_IRQHandler+0x188>)
		T1IR = TIR_MR0_Interrupt;
    782a:	6019      	str	r1, [r3, #0]
		if (conn.conn_update_pending &&
    782c:	f8d4 3114 	ldr.w	r3, [r4, #276]	@ 0x114
			if (!conn_event.opened && conn.win_offset > 0) {
    7830:	f8d4 568c 	ldr.w	r5, [r4, #1676]	@ 0x68c
		if (conn.conn_update_pending &&
    7834:	b37b      	cbz	r3, 7896 <TIMER1_IRQHandler+0x7a>
    7836:	f8b4 2110 	ldrh.w	r2, [r4, #272]	@ 0x110
    783a:	f8b4 3120 	ldrh.w	r3, [r4, #288]	@ 0x120
    783e:	429a      	cmp	r2, r3
    7840:	d129      	bne.n	7896 <TIMER1_IRQHandler+0x7a>
			if (!conn_event.opened && conn.win_offset > 0) {
    7842:	6c23      	ldr	r3, [r4, #64]	@ 0x40
				timer1_set_match(conn.last_anchor + conn.conn_interval +
    7844:	f8d4 0104 	ldr.w	r0, [r4, #260]	@ 0x104
    7848:	4418      	add	r0, r3
			if (!conn_event.opened && conn.win_offset > 0) {
    784a:	b94d      	cbnz	r5, 7860 <TIMER1_IRQHandler+0x44>
    784c:	b143      	cbz	r3, 7860 <TIMER1_IRQHandler+0x44>
						conn.win_offset - RX_WARMUP_TIME);
    784e:	6b63      	ldr	r3, [r4, #52]	@ 0x34
    7850:	f6a0 30b8 	subw	r0, r0, #3000	@ 0xbb8
				timer1_set_match(conn.last_anchor + conn.conn_interval +
    7854:	4418      	add	r0, r3
    7856:	f7ff fd89 	bl	736c <timer1_set_match>
				conn_event.opened = 1;
    785a:	f8c4 168c 	str.w	r1, [r4, #1676]	@ 0x68c
}
    785e:	bd38      	pop	{r3, r4, r5, pc}
				conn_event.opened = 1;
    7860:	2301      	movs	r3, #1
				conn.anchor_set = 0;
    7862:	2200      	movs	r2, #0
				conn_event.opened = 1;
    7864:	f8c4 368c 	str.w	r3, [r4, #1676]	@ 0x68c
						conn.win_offset + conn.win_size + USEC(2120));
    7868:	f500 40a5 	add.w	r0, r0, #21120	@ 0x5280
				conn.conn_interval = conn.conn_update_pending_interval;
    786c:	f8d4 3118 	ldr.w	r3, [r4, #280]	@ 0x118
						conn.win_offset + conn.win_size + USEC(2120));
    7870:	3050      	adds	r0, #80	@ 0x50
				conn.conn_interval = conn.conn_update_pending_interval;
    7872:	6363      	str	r3, [r4, #52]	@ 0x34
						conn.win_offset + conn.win_size + USEC(2120));
    7874:	4418      	add	r0, r3
    7876:	f894 303c 	ldrb.w	r3, [r4, #60]	@ 0x3c
				conn.supervision_timeout = conn.conn_update_pending_supervision_timeout;
    787a:	f8d4 111c 	ldr.w	r1, [r4, #284]	@ 0x11c
				timer1_set_match(conn.last_anchor + conn.conn_interval +
    787e:	4418      	add	r0, r3
				conn.anchor_set = 0;
    7880:	f8c4 2108 	str.w	r2, [r4, #264]	@ 0x108
				conn.supervision_timeout = conn.conn_update_pending_supervision_timeout;
    7884:	63a1      	str	r1, [r4, #56]	@ 0x38
				conn.conn_update_pending = 0;
    7886:	f8c4 2114 	str.w	r2, [r4, #276]	@ 0x114
				timer1_set_match(conn.last_anchor + conn.conn_interval +
    788a:	f7ff fd6f 	bl	736c <timer1_set_match>
}
    788e:	e8bd 4038 	ldmia.w	sp!, {r3, r4, r5, lr}
				change_channel();
    7892:	f7ff be25 	b.w	74e0 <change_channel>
		if (conn.channel_map_update_pending &&
    7896:	f8d4 3124 	ldr.w	r3, [r4, #292]	@ 0x124
    789a:	b173      	cbz	r3, 78ba <TIMER1_IRQHandler+0x9e>
    789c:	f8b4 2110 	ldrh.w	r2, [r4, #272]	@ 0x110
    78a0:	f8b4 3128 	ldrh.w	r3, [r4, #296]	@ 0x128
    78a4:	429a      	cmp	r2, r3
    78a6:	d108      	bne.n	78ba <TIMER1_IRQHandler+0x9e>
			conn.remapping = conn.pending_remapping;
    78a8:	493f      	ldr	r1, [pc, #252]	@ (79a8 <TIMER1_IRQHandler+0x18c>)
    78aa:	22c0      	movs	r2, #192	@ 0xc0
    78ac:	f1a1 00e8 	sub.w	r0, r1, #232	@ 0xe8
    78b0:	f7fc fc0c 	bl	40cc <__aeabi_memcpy>
			conn.channel_map_update_pending = 0;
    78b4:	2300      	movs	r3, #0
    78b6:	f8c4 3124 	str.w	r3, [r4, #292]	@ 0x124
		if (!conn_event.opened) {
    78ba:	2d00      	cmp	r5, #0
    78bc:	d14d      	bne.n	795a <TIMER1_IRQHandler+0x13e>
			conn_event.opened = 1;
    78be:	2301      	movs	r3, #1
    78c0:	f8c4 368c 	str.w	r3, [r4, #1676]	@ 0x68c
			timer1_set_match(NOW + USEC(2120) + RX_WARMUP_TIME);
    78c4:	4b36      	ldr	r3, [pc, #216]	@ (79a0 <TIMER1_IRQHandler+0x184>)
    78c6:	6898      	ldr	r0, [r3, #8]
    78c8:	f500 40bd 	add.w	r0, r0, #24192	@ 0x5e80
    78cc:	3008      	adds	r0, #8
    78ce:	f7ff fd4d 	bl	736c <timer1_set_match>
			change_channel();
    78d2:	f7ff fe05 	bl	74e0 <change_channel>
	if (T1IR & TIR_MR1_Interrupt) {
    78d6:	4b32      	ldr	r3, [pc, #200]	@ (79a0 <TIMER1_IRQHandler+0x184>)
    78d8:	681a      	ldr	r2, [r3, #0]
    78da:	0794      	lsls	r4, r2, #30
    78dc:	d50c      	bpl.n	78f8 <TIMER1_IRQHandler+0xdc>
		T1IR = TIR_MR1_Interrupt;
    78de:	2102      	movs	r1, #2
    78e0:	6019      	str	r1, [r3, #0]
		T1MCR &= ~TMCR_MR1I;
    78e2:	695a      	ldr	r2, [r3, #20]
    78e4:	f022 0208 	bic.w	r2, r2, #8
    78e8:	615a      	str	r2, [r3, #20]
		TXLED_CLR;
    78ea:	f44f 7280 	mov.w	r2, #256	@ 0x100
    78ee:	4b2f      	ldr	r3, [pc, #188]	@ (79ac <TIMER1_IRQHandler+0x190>)
    78f0:	63da      	str	r2, [r3, #60]	@ 0x3c
		RXLED_CLR;
    78f2:	2210      	movs	r2, #16
    78f4:	63da      	str	r2, [r3, #60]	@ 0x3c
		USRLED_CLR;
    78f6:	63d9      	str	r1, [r3, #60]	@ 0x3c
	if (T1IR & TIR_MR2_Interrupt) {
    78f8:	4c29      	ldr	r4, [pc, #164]	@ (79a0 <TIMER1_IRQHandler+0x184>)
    78fa:	6823      	ldr	r3, [r4, #0]
    78fc:	0758      	lsls	r0, r3, #29
    78fe:	d51c      	bpl.n	793a <TIMER1_IRQHandler+0x11e>
		T1IR = TIR_MR2_Interrupt;
    7900:	2304      	movs	r3, #4
    7902:	6023      	str	r3, [r4, #0]
		if (cc2400_status() & FS_LOCK) {
    7904:	f001 fd28 	bl	9358 <cc2400_status>
    7908:	0741      	lsls	r1, r0, #29
    790a:	d529      	bpl.n	7960 <TIMER1_IRQHandler+0x144>
			le_dma_init();
    790c:	f7ff fd06 	bl	731c <le_dma_init>
			dio_ssp_start();
    7910:	f7ff fcca 	bl	72a8 <dio_ssp_start>
			ISER0 = ISER0_ISE_DMA;
    7914:	f04f 23e0 	mov.w	r3, #3758153728	@ 0xe000e000
    7918:	f04f 6280 	mov.w	r2, #67108864	@ 0x4000000
	cc2400_strobe(SRX);
    791c:	2062      	movs	r0, #98	@ 0x62
			ISER0 = ISER0_ISE_DMA;
    791e:	f8c3 2100 	str.w	r2, [r3, #256]	@ 0x100
	cc2400_strobe(SRX);
    7922:	f001 fd20 	bl	9366 <cc2400_strobe>
	PAEN_SET;
    7926:	2280      	movs	r2, #128	@ 0x80
    7928:	4b20      	ldr	r3, [pc, #128]	@ (79ac <TIMER1_IRQHandler+0x190>)
    792a:	659a      	str	r2, [r3, #88]	@ 0x58
	HGM_SET;
    792c:	f44f 7280 	mov.w	r2, #256	@ 0x100
    7930:	659a      	str	r2, [r3, #88]	@ 0x58
			T1MCR &= ~TMCR_MR2I;
    7932:	6963      	ldr	r3, [r4, #20]
    7934:	f023 0340 	bic.w	r3, r3, #64	@ 0x40
    7938:	6163      	str	r3, [r4, #20]
	if (T1IR & TIR_MR3_Interrupt) {
    793a:	4b19      	ldr	r3, [pc, #100]	@ (79a0 <TIMER1_IRQHandler+0x184>)
    793c:	681a      	ldr	r2, [r3, #0]
    793e:	0712      	lsls	r2, r2, #28
    7940:	d58d      	bpl.n	785e <TIMER1_IRQHandler+0x42>
		T1IR = TIR_MR3_Interrupt;
    7942:	2208      	movs	r2, #8
    7944:	601a      	str	r2, [r3, #0]
		current_rxbuf = buffer_get();
    7946:	f7ff fd65 	bl	7414 <buffer_get>
    794a:	4b16      	ldr	r3, [pc, #88]	@ (79a4 <TIMER1_IRQHandler+0x188>)
    794c:	f8c3 0680 	str.w	r0, [r3, #1664]	@ 0x680
		if (current_rxbuf == NULL) {
    7950:	b948      	cbnz	r0, 7966 <TIMER1_IRQHandler+0x14a>
}
    7952:	e8bd 4038 	ldmia.w	sp!, {r3, r4, r5, lr}
			timer1_wait_buffer();
    7956:	f7ff bd1f 	b.w	7398 <timer1_wait_buffer>
				finish_conn_event();
    795a:	f7ff fe19 	bl	7590 <finish_conn_event>
    795e:	e7ba      	b.n	78d6 <TIMER1_IRQHandler+0xba>
			timer1_wait_fs_lock();
    7960:	f7ff fd0e 	bl	7380 <timer1_wait_fs_lock>
    7964:	e7e9      	b.n	793a <TIMER1_IRQHandler+0x11e>
			if (cc2400_status() & FS_LOCK) {
    7966:	f001 fcf7 	bl	9358 <cc2400_status>
    796a:	0743      	lsls	r3, r0, #29
    796c:	d513      	bpl.n	7996 <TIMER1_IRQHandler+0x17a>
				le_dma_init();
    796e:	f7ff fcd5 	bl	731c <le_dma_init>
				dio_ssp_start();
    7972:	f7ff fc99 	bl	72a8 <dio_ssp_start>
				ISER0 = ISER0_ISE_DMA;
    7976:	f04f 23e0 	mov.w	r3, #3758153728	@ 0xe000e000
    797a:	f04f 6280 	mov.w	r2, #67108864	@ 0x4000000
	cc2400_strobe(SRX);
    797e:	2062      	movs	r0, #98	@ 0x62
				ISER0 = ISER0_ISE_DMA;
    7980:	f8c3 2100 	str.w	r2, [r3, #256]	@ 0x100
	cc2400_strobe(SRX);
    7984:	f001 fcef 	bl	9366 <cc2400_strobe>
	PAEN_SET;
    7988:	2280      	movs	r2, #128	@ 0x80
    798a:	4b08      	ldr	r3, [pc, #32]	@ (79ac <TIMER1_IRQHandler+0x190>)
    798c:	659a      	str	r2, [r3, #88]	@ 0x58
	HGM_SET;
    798e:	f44f 7280 	mov.w	r2, #256	@ 0x100
    7992:	659a      	str	r2, [r3, #88]	@ 0x58
}
    7994:	e763      	b.n	785e <TIMER1_IRQHandler+0x42>
}
    7996:	e8bd 4038 	ldmia.w	sp!, {r3, r4, r5, lr}
				timer1_wait_fs_lock();
    799a:	f7ff bcf1 	b.w	7380 <timer1_wait_fs_lock>
    799e:	bf00      	nop
    79a0:	40008000 	.word	0x40008000
    79a4:	10002f84 	.word	0x10002f84
    79a8:	100030b0 	.word	0x100030b0
    79ac:	2009c000 	.word	0x2009c000

000079b0 <le_phy_main>:
	}

	return 0;
}

void le_phy_main(void) {
    79b0:	e92d 4ff0 	stmdb	sp!, {r4, r5, r6, r7, r8, r9, sl, fp, lr}
    79b4:	b085      	sub	sp, #20
	// disable USB interrupts -- we poll them below
	// n.b., they should not be enabled but let's be careful
	ICER0 = ICER0_ICE_USB;
    79b6:	f04f 7380 	mov.w	r3, #16777216	@ 0x1000000
    79ba:	f04f 26e0 	mov.w	r6, #3758153728	@ 0xe000e000
		le_buffer_pool[i].available = 1;
    79be:	2501      	movs	r5, #1
    79c0:	4cbb      	ldr	r4, [pc, #748]	@ (7cb0 <le_phy_main+0x300>)
	ICER0 = ICER0_ICE_USB;
    79c2:	f8c6 3180 	str.w	r3, [r6, #384]	@ 0x180
	// disable clkn and timer0
	clkn_disable();
    79c6:	f7ff fbbe 	bl	7146 <clkn_disable>

	buffers_init();
	queue_init(&packet_queue);
    79ca:	f504 60d2 	add.w	r0, r4, #1680	@ 0x690
		le_buffer_pool[i].available = 1;
    79ce:	f8c4 5304 	str.w	r5, [r4, #772]	@ 0x304
    79d2:	f8c4 5428 	str.w	r5, [r4, #1064]	@ 0x428
    79d6:	f8c4 554c 	str.w	r5, [r4, #1356]	@ 0x54c
    79da:	f8c4 5670 	str.w	r5, [r4, #1648]	@ 0x670
	queue_init(&packet_queue);
    79de:	f000 f9d9 	bl	7d94 <queue_init>
	T1TCR = TCR_Counter_Reset;
    79e2:	2202      	movs	r2, #2
    79e4:	4bb3      	ldr	r3, [pc, #716]	@ (7cb4 <le_phy_main+0x304>)
	rf_channel = le_adv_channel; // FIXME
	conn.access_address = ADVERTISING_AA;
	le_sys_init();
	le_cc2400_init_rf();

	cancel_follow = 0;
    79e6:	4fb4      	ldr	r7, [pc, #720]	@ (7cb8 <le_phy_main+0x308>)
	T1TCR = TCR_Counter_Reset;
    79e8:	605a      	str	r2, [r3, #4]
	T1PR = 4; // 100 ns
    79ea:	2204      	movs	r2, #4
    79ec:	60da      	str	r2, [r3, #12]
	T1TCR = TCR_Counter_Enable;
    79ee:	605d      	str	r5, [r3, #4]
	ISER0 = ISER0_ISE_TIMER1;
    79f0:	f8c6 2100 	str.w	r2, [r6, #256]	@ 0x100
	current_rxbuf = buffer_get();
    79f4:	f7ff fd0e 	bl	7414 <buffer_get>
	rf_channel = le_adv_channel; // FIXME
    79f8:	4bb0      	ldr	r3, [pc, #704]	@ (7cbc <le_phy_main+0x30c>)
	current_rxbuf = buffer_get();
    79fa:	f8c4 0680 	str.w	r0, [r4, #1664]	@ 0x680
	rf_channel = le_adv_channel; // FIXME
    79fe:	881b      	ldrh	r3, [r3, #0]
	if (!le.target_set)
    7a00:	f8df b2bc 	ldr.w	fp, [pc, #700]	@ 7cc0 <le_phy_main+0x310>
	rf_channel = le_adv_channel; // FIXME
    7a04:	f8a4 367c 	strh.w	r3, [r4, #1660]	@ 0x67c
	conn.access_address = ADVERTISING_AA;
    7a08:	4bae      	ldr	r3, [pc, #696]	@ (7cc4 <le_phy_main+0x314>)
    7a0a:	6263      	str	r3, [r4, #36]	@ 0x24
	usb_queue_init(); // USB FIFO FIXME replace with safer queue
    7a0c:	f7ff fa20 	bl	6e50 <usb_queue_init>
	dio_ssp_init();   // init SSP and raise !CS (self-routed GPIO)
    7a10:	f001 fb92 	bl	9138 <dio_ssp_init>
	le_dma_init();    // prepare DMA + interrupts
    7a14:	f7ff fc82 	bl	731c <le_dma_init>
	dio_ssp_start();  // enable SSP + DMA
    7a18:	f7ff fc46 	bl	72a8 <dio_ssp_start>
	le_cc2400_init_rf();
    7a1c:	f7ff fd26 	bl	746c <le_cc2400_init_rf>
	cancel_follow = 0;
    7a20:	2300      	movs	r3, #0
    7a22:	603b      	str	r3, [r7, #0]

	while (requested_mode == MODE_BT_FOLLOW_LE) {
    7a24:	4ba8      	ldr	r3, [pc, #672]	@ (7cc8 <le_phy_main+0x318>)
    7a26:	781b      	ldrb	r3, [r3, #0]
    7a28:	2b09      	cmp	r3, #9
    7a2a:	d013      	beq.n	7a54 <le_phy_main+0xa4>
	T1TCR = TCR_Counter_Reset;
    7a2c:	2202      	movs	r2, #2
    7a2e:	4ba1      	ldr	r3, [pc, #644]	@ (7cb4 <le_phy_main+0x304>)
	ICER0 = ICER0_ICE_TIMER1;
    7a30:	2104      	movs	r1, #4
	T1TCR = TCR_Counter_Reset;
    7a32:	605a      	str	r2, [r3, #4]
	ICER0 = ICER0_ICE_TIMER1;
    7a34:	f04f 23e0 	mov.w	r3, #3758153728	@ 0xe000e000
    7a38:	f8c3 1180 	str.w	r1, [r3, #384]	@ 0x180
	}

	timer1_stop();

	// reset state
	RXLED_CLR;
    7a3c:	2110      	movs	r1, #16
    7a3e:	4ba3      	ldr	r3, [pc, #652]	@ (7ccc <le_phy_main+0x31c>)
    7a40:	63d9      	str	r1, [r3, #60]	@ 0x3c
	TXLED_CLR;
    7a42:	f44f 7180 	mov.w	r1, #256	@ 0x100
    7a46:	63d9      	str	r1, [r3, #60]	@ 0x3c
	USRLED_CLR;
    7a48:	63da      	str	r2, [r3, #60]	@ 0x3c
	clkn_init();

	// TODO kill CC2400
}
    7a4a:	b005      	add	sp, #20
    7a4c:	e8bd 4ff0 	ldmia.w	sp!, {r4, r5, r6, r7, r8, r9, sl, fp, lr}
	clkn_init();
    7a50:	f7ff bb67 	b.w	7122 <clkn_init>
		le_rx_t *packet = NULL;
    7a54:	2300      	movs	r3, #0
		if (queue_remove(&packet_queue, (void **)&packet)) {
    7a56:	489e      	ldr	r0, [pc, #632]	@ (7cd0 <le_phy_main+0x320>)
    7a58:	a903      	add	r1, sp, #12
		le_rx_t *packet = NULL;
    7a5a:	9303      	str	r3, [sp, #12]
		if (queue_remove(&packet_queue, (void **)&packet)) {
    7a5c:	f000 f9ac 	bl	7db8 <queue_remove>
    7a60:	2800      	cmp	r0, #0
    7a62:	f000 80d7 	beq.w	7c14 <le_phy_main+0x264>
			le_dewhiten(packet->data, packet->size, packet->channel);
    7a66:	9803      	ldr	r0, [sp, #12]
    7a68:	f8d0 2110 	ldr.w	r2, [r0, #272]	@ 0x110
    7a6c:	f8d0 1104 	ldr.w	r1, [r0, #260]	@ 0x104
    7a70:	f7ff f924 	bl	6cbc <le_dewhiten>
	if (!le.target_set)
    7a74:	f8db 3044 	ldr.w	r3, [fp, #68]	@ 0x44
    7a78:	2b00      	cmp	r3, #0
    7a7a:	f040 80b4 	bne.w	7be6 <le_phy_main+0x236>
		RXLED_SET;
    7a7e:	2210      	movs	r2, #16
    7a80:	4b92      	ldr	r3, [pc, #584]	@ (7ccc <le_phy_main+0x31c>)
				usb_enqueue_le(packet);
    7a82:	9e03      	ldr	r6, [sp, #12]
		RXLED_SET;
    7a84:	639a      	str	r2, [r3, #56]	@ 0x38
	T1MR1 = NOW + MSEC(10);
    7a86:	4a8b      	ldr	r2, [pc, #556]	@ (7cb4 <le_phy_main+0x304>)
    7a88:	6893      	ldr	r3, [r2, #8]
    7a8a:	f503 33c3 	add.w	r3, r3, #99840	@ 0x18600
    7a8e:	33a0      	adds	r3, #160	@ 0xa0
    7a90:	61d3      	str	r3, [r2, #28]
	T1MCR |= TMCR_MR1I;
    7a92:	6953      	ldr	r3, [r2, #20]
    7a94:	f043 0308 	orr.w	r3, r3, #8
    7a98:	6153      	str	r3, [r2, #20]
	usb_pkt_rx* f = usb_enqueue();
    7a9a:	f7ff f9e9 	bl	6e70 <usb_enqueue>
    7a9e:	4605      	mov	r5, r0
	if (f == NULL) {
    7aa0:	2800      	cmp	r0, #0
    7aa2:	f040 80d2 	bne.w	7c4a <le_phy_main+0x29a>
				packet_handler(packet);
    7aa6:	9d03      	ldr	r5, [sp, #12]
	if (btle_channel_index(buf->channel) >= 37) {
    7aa8:	f8b5 0110 	ldrh.w	r0, [r5, #272]	@ 0x110
    7aac:	f7ff f86c 	bl	6b88 <btle_channel_index>
    7ab0:	2824      	cmp	r0, #36	@ 0x24
		switch (buf->data[0] & 0xf) {
    7ab2:	7829      	ldrb	r1, [r5, #0]
	if (btle_channel_index(buf->channel) >= 37) {
    7ab4:	f240 8114 	bls.w	7ce0 <le_phy_main+0x330>
		switch (buf->data[0] & 0xf) {
    7ab8:	f001 010f 	and.w	r1, r1, #15
    7abc:	2905      	cmp	r1, #5
    7abe:	f040 80a5 	bne.w	7c0c <le_phy_main+0x25c>
	if (!le.do_follow)
    7ac2:	f8db 3034 	ldr.w	r3, [fp, #52]	@ 0x34
    7ac6:	2b00      	cmp	r3, #0
    7ac8:	f000 80a0 	beq.w	7c0c <le_phy_main+0x25c>
	if (buf->size != 2 + 6 + 6 + 22 + 3)
    7acc:	f8d5 3104 	ldr.w	r3, [r5, #260]	@ 0x104
    7ad0:	2b27      	cmp	r3, #39	@ 0x27
    7ad2:	f040 809b 	bne.w	7c0c <le_phy_main+0x25c>
	if (cancel_follow)
    7ad6:	683b      	ldr	r3, [r7, #0]
    7ad8:	b10b      	cbz	r3, 7ade <le_phy_main+0x12e>
		cancel_follow = 0;
    7ada:	2300      	movs	r3, #0
    7adc:	603b      	str	r3, [r7, #0]
	conn.access_address     = extract_field(buf, 14, 4);
    7ade:	2204      	movs	r2, #4
    7ae0:	210e      	movs	r1, #14
    7ae2:	4628      	mov	r0, r5
    7ae4:	f7ff fc64 	bl	73b0 <extract_field>
	conn.crc_init           = extract_field(buf, 18, 3);
    7ae8:	2203      	movs	r2, #3
    7aea:	2112      	movs	r1, #18
	conn.access_address     = extract_field(buf, 14, 4);
    7aec:	6260      	str	r0, [r4, #36]	@ 0x24
	conn.crc_init           = extract_field(buf, 18, 3);
    7aee:	4628      	mov	r0, r5
    7af0:	f7ff fc5e 	bl	73b0 <extract_field>
    7af4:	62a0      	str	r0, [r4, #40]	@ 0x28
	conn.crc_init_reversed  = rbit(conn.crc_init);
    7af6:	f001 fac1 	bl	907c <rbit>
	conn.win_size           = extract_field(buf, 21, 1);
    7afa:	2201      	movs	r2, #1
    7afc:	2115      	movs	r1, #21
	conn.crc_init_reversed  = rbit(conn.crc_init);
    7afe:	62e0      	str	r0, [r4, #44]	@ 0x2c
	conn.win_size           = extract_field(buf, 21, 1);
    7b00:	4628      	mov	r0, r5
    7b02:	f7ff fc55 	bl	73b0 <extract_field>
	conn.win_offset         = extract_field(buf, 22, 2);
    7b06:	2202      	movs	r2, #2
    7b08:	2116      	movs	r1, #22
	conn.win_size           = extract_field(buf, 21, 1);
    7b0a:	f884 003c 	strb.w	r0, [r4, #60]	@ 0x3c
    7b0e:	4681      	mov	r9, r0
	conn.win_offset         = extract_field(buf, 22, 2);
    7b10:	4628      	mov	r0, r5
    7b12:	f7ff fc4d 	bl	73b0 <extract_field>
	conn.conn_interval      = extract_field(buf, 24, 2);
    7b16:	2118      	movs	r1, #24
	conn.win_offset         = extract_field(buf, 22, 2);
    7b18:	6420      	str	r0, [r4, #64]	@ 0x40
    7b1a:	4682      	mov	sl, r0
	conn.conn_interval      = extract_field(buf, 24, 2);
    7b1c:	4628      	mov	r0, r5
    7b1e:	f7ff fc47 	bl	73b0 <extract_field>
	conn.supervision_timeout = extract_field(buf, 28, 2);
    7b22:	211c      	movs	r1, #28
	conn.conn_interval      = extract_field(buf, 24, 2);
    7b24:	4606      	mov	r6, r0
    7b26:	6360      	str	r0, [r4, #52]	@ 0x34
	conn.supervision_timeout = extract_field(buf, 28, 2);
    7b28:	4628      	mov	r0, r5
    7b2a:	f7ff fc41 	bl	73b0 <extract_field>
	conn.hop_increment      = extract_field(buf, 35, 1) & 0x1f;
    7b2e:	2201      	movs	r2, #1
	conn.supervision_timeout = extract_field(buf, 28, 2);
    7b30:	63a0      	str	r0, [r4, #56]	@ 0x38
    7b32:	4680      	mov	r8, r0
	conn.hop_increment      = extract_field(buf, 35, 1) & 0x1f;
    7b34:	2123      	movs	r1, #35	@ 0x23
    7b36:	4628      	mov	r0, r5
    7b38:	f7ff fc3a 	bl	73b0 <extract_field>
	if (conn.conn_interval < 6 || conn.conn_interval > 3200) {
    7b3c:	f640 437a 	movw	r3, #3194	@ 0xc7a
    7b40:	1fb2      	subs	r2, r6, #6
	conn.hop_increment      = extract_field(buf, 35, 1) & 0x1f;
    7b42:	f000 001f 	and.w	r0, r0, #31
	if (conn.conn_interval < 6 || conn.conn_interval > 3200) {
    7b46:	429a      	cmp	r2, r3
	conn.hop_increment      = extract_field(buf, 35, 1) & 0x1f;
    7b48:	f884 0031 	strb.w	r0, [r4, #49]	@ 0x31
	if (conn.conn_interval < 6 || conn.conn_interval > 3200) {
    7b4c:	f200 80ac 	bhi.w	7ca8 <le_phy_main+0x2f8>
		conn.conn_interval *= USEC(1250);
    7b50:	f243 01d4 	movw	r1, #12500	@ 0x30d4
    7b54:	fb01 f306 	mul.w	r3, r1, r6
	conn.win_offset *= USEC(1250);
    7b58:	fb01 f20a 	mul.w	r2, r1, sl
	if (conn.win_offset > conn.conn_interval)
    7b5c:	4293      	cmp	r3, r2
		conn.conn_interval *= USEC(1250);
    7b5e:	6363      	str	r3, [r4, #52]	@ 0x34
	conn.win_offset *= USEC(1250);
    7b60:	6422      	str	r2, [r4, #64]	@ 0x40
	if (conn.win_offset > conn.conn_interval)
    7b62:	f0c0 80a1 	bcc.w	7ca8 <le_phy_main+0x2f8>
	if (win_size < USEC(1250) || win_size > max_win_size)
    7b66:	f243 02d3 	movw	r2, #12499	@ 0x30d3
	win_size = conn.win_size * USEC(1250);
    7b6a:	fa5f f989 	uxtb.w	r9, r9
    7b6e:	fb01 f909 	mul.w	r9, r1, r9
	if (win_size < USEC(1250) || win_size > max_win_size)
    7b72:	4591      	cmp	r9, r2
    7b74:	f340 8098 	ble.w	7ca8 <le_phy_main+0x2f8>
	if (max_win_size > MSEC(10))
    7b78:	4a56      	ldr	r2, [pc, #344]	@ (7cd4 <le_phy_main+0x324>)
	max_win_size = conn.conn_interval - USEC(1250);
    7b7a:	f5a3 5343 	sub.w	r3, r3, #12480	@ 0x30c0
    7b7e:	3b14      	subs	r3, #20
	if (max_win_size > MSEC(10))
    7b80:	4293      	cmp	r3, r2
    7b82:	bf28      	it	cs
    7b84:	4613      	movcs	r3, r2
	if (win_size < USEC(1250) || win_size > max_win_size)
    7b86:	4599      	cmp	r9, r3
    7b88:	f200 808e 	bhi.w	7ca8 <le_phy_main+0x2f8>
	conn.supervision_timeout *= MSEC(10);
    7b8c:	fb02 f208 	mul.w	r2, r2, r8
	if (conn.supervision_timeout < MSEC(100) || conn.supervision_timeout > SEC(32))
    7b90:	4b51      	ldr	r3, [pc, #324]	@ (7cd8 <le_phy_main+0x328>)
    7b92:	f5a2 2874 	sub.w	r8, r2, #999424	@ 0xf4000
    7b96:	f5a8 7810 	sub.w	r8, r8, #576	@ 0x240
    7b9a:	4598      	cmp	r8, r3
	conn.supervision_timeout *= MSEC(10);
    7b9c:	63a2      	str	r2, [r4, #56]	@ 0x38
	if (conn.supervision_timeout < MSEC(100) || conn.supervision_timeout > SEC(32))
    7b9e:	f200 8083 	bhi.w	7ca8 <le_phy_main+0x2f8>
	le_parse_channel_map(&buf->data[30], &conn.remapping);
    7ba2:	494e      	ldr	r1, [pc, #312]	@ (7cdc <le_phy_main+0x32c>)
    7ba4:	f105 001e 	add.w	r0, r5, #30
    7ba8:	f7ff f8b6 	bl	6d18 <le_parse_channel_map>
	if (conn.remapping.total_channels == 0)
    7bac:	f8d4 3100 	ldr.w	r3, [r4, #256]	@ 0x100
    7bb0:	2b00      	cmp	r3, #0
    7bb2:	d079      	beq.n	7ca8 <le_phy_main+0x2f8>
	T1MCR &= ~TMCR_MR2I;
    7bb4:	4a3f      	ldr	r2, [pc, #252]	@ (7cb4 <le_phy_main+0x304>)
    7bb6:	6953      	ldr	r3, [r2, #20]
    7bb8:	f023 0340 	bic.w	r3, r3, #64	@ 0x40
    7bbc:	6153      	str	r3, [r2, #20]
	conn_event.num_packets = 0;
    7bbe:	2300      	movs	r3, #0
	timer1_set_match(buf->timestamp + PACKET_DURATION(buf) +
    7bc0:	2250      	movs	r2, #80	@ 0x50
			conn.win_offset + USEC(1250) - RX_WARMUP_TIME);
    7bc2:	6c20      	ldr	r0, [r4, #64]	@ 0x40
	conn_event.num_packets = 0;
    7bc4:	f8c4 3688 	str.w	r3, [r4, #1672]	@ 0x688
	conn_event.opened = 0;
    7bc8:	f8c4 368c 	str.w	r3, [r4, #1676]	@ 0x68c
			conn.win_offset + USEC(1250) - RX_WARMUP_TIME);
    7bcc:	f500 501a 	add.w	r0, r0, #9856	@ 0x2680
    7bd0:	f8d5 310c 	ldr.w	r3, [r5, #268]	@ 0x10c
    7bd4:	302c      	adds	r0, #44	@ 0x2c
    7bd6:	4418      	add	r0, r3
	timer1_set_match(buf->timestamp + PACKET_DURATION(buf) +
    7bd8:	f8d5 3104 	ldr.w	r3, [r5, #260]	@ 0x104
    7bdc:	fb02 0003 	mla	r0, r2, r3, r0
    7be0:	f7ff fbc4 	bl	736c <timer1_set_match>
	return;
    7be4:	e012      	b.n	7c0c <le_phy_main+0x25c>
			if (filter_match(packet)) {
    7be6:	9d03      	ldr	r5, [sp, #12]
	if (btle_channel_index(buf->channel) < 37)
    7be8:	f8b5 0110 	ldrh.w	r0, [r5, #272]	@ 0x110
    7bec:	f7fe ffcc 	bl	6b88 <btle_channel_index>
    7bf0:	2824      	cmp	r0, #36	@ 0x24
    7bf2:	f67f af44 	bls.w	7a7e <le_phy_main+0xce>
	switch (buf->data[0] & 0xf) {
    7bf6:	2301      	movs	r3, #1
    7bf8:	782a      	ldrb	r2, [r5, #0]
    7bfa:	f002 020f 	and.w	r2, r2, #15
    7bfe:	4093      	lsls	r3, r2
    7c00:	f013 0f55 	tst.w	r3, #85	@ 0x55
    7c04:	d10a      	bne.n	7c1c <le_phy_main+0x26c>
    7c06:	f013 0f2a 	tst.w	r3, #42	@ 0x2a
    7c0a:	d111      	bne.n	7c30 <le_phy_main+0x280>
	buffer->available = 1;
    7c0c:	2201      	movs	r2, #1
    7c0e:	9b03      	ldr	r3, [sp, #12]
    7c10:	f8c3 2118 	str.w	r2, [r3, #280]	@ 0x118
		handle_usb(0);
    7c14:	2000      	movs	r0, #0
    7c16:	f7ff f987 	bl	6f28 <handle_usb>
    7c1a:	e703      	b.n	7a24 <le_phy_main+0x74>
			if (buf->size < 2 + 6)
    7c1c:	f8d5 3104 	ldr.w	r3, [r5, #260]	@ 0x104
    7c20:	2b07      	cmp	r3, #7
    7c22:	d9f3      	bls.n	7c0c <le_phy_main+0x25c>
			return bd_addr_cmp(&buf->data[2]);
    7c24:	1ca8      	adds	r0, r5, #2
				   bd_addr_cmp(&buf->data[8]);
    7c26:	f7ff fbd1 	bl	73cc <bd_addr_cmp>
			return bd_addr_cmp(&buf->data[2]) ||
    7c2a:	2800      	cmp	r0, #0
    7c2c:	d0ee      	beq.n	7c0c <le_phy_main+0x25c>
    7c2e:	e726      	b.n	7a7e <le_phy_main+0xce>
			if (buf->size < 2 + 6 + 6)
    7c30:	f8d5 3104 	ldr.w	r3, [r5, #260]	@ 0x104
    7c34:	2b0d      	cmp	r3, #13
    7c36:	d9e9      	bls.n	7c0c <le_phy_main+0x25c>
			return bd_addr_cmp(&buf->data[2]) ||
    7c38:	1ca8      	adds	r0, r5, #2
    7c3a:	f7ff fbc7 	bl	73cc <bd_addr_cmp>
    7c3e:	2800      	cmp	r0, #0
    7c40:	f47f af1d 	bne.w	7a7e <le_phy_main+0xce>
				   bd_addr_cmp(&buf->data[8]);
    7c44:	f105 0008 	add.w	r0, r5, #8
    7c48:	e7ed      	b.n	7c26 <le_phy_main+0x276>
	f->clkn_high = 0;
    7c4a:	f04f 0800 	mov.w	r8, #0
	f->pkt_type = LE_PACKET;
    7c4e:	2301      	movs	r3, #1
	f->clkn_high = 0;
    7c50:	f880 8003 	strb.w	r8, [r0, #3]
	f->pkt_type = LE_PACKET;
    7c54:	7003      	strb	r3, [r0, #0]
	f->clk100ns = packet->timestamp;
    7c56:	f8d6 310c 	ldr.w	r3, [r6, #268]	@ 0x10c
	memcpy(f->data, &packet->access_address, 4);
    7c5a:	f506 718a 	add.w	r1, r6, #276	@ 0x114
	f->clk100ns = packet->timestamp;
    7c5e:	6043      	str	r3, [r0, #4]
	f->channel = (uint8_t)((packet->channel - 2402) & 0xff);
    7c60:	f896 3110 	ldrb.w	r3, [r6, #272]	@ 0x110
	memcpy(f->data, &packet->access_address, 4);
    7c64:	300e      	adds	r0, #14
	f->channel = (uint8_t)((packet->channel - 2402) & 0xff);
    7c66:	3b62      	subs	r3, #98	@ 0x62
    7c68:	f800 3c0c 	strb.w	r3, [r0, #-12]
	f->rssi_avg = packet->rssi_sum / packet->size;
    7c6c:	f8d6 2104 	ldr.w	r2, [r6, #260]	@ 0x104
    7c70:	f8d6 3120 	ldr.w	r3, [r6, #288]	@ 0x120
    7c74:	fbb3 f3f2 	udiv	r3, r3, r2
    7c78:	f800 3c04 	strb.w	r3, [r0, #-4]
	f->rssi_min = packet->rssi_min;
    7c7c:	f896 311c 	ldrb.w	r3, [r6, #284]	@ 0x11c
	memcpy(f->data, &packet->access_address, 4);
    7c80:	2204      	movs	r2, #4
	f->rssi_min = packet->rssi_min;
    7c82:	f800 3c05 	strb.w	r3, [r0, #-5]
	f->rssi_max = packet->rssi_max;
    7c86:	f896 311d 	ldrb.w	r3, [r6, #285]	@ 0x11d
	f->rssi_count = 0;
    7c8a:	f800 8c03 	strb.w	r8, [r0, #-3]
	f->rssi_max = packet->rssi_max;
    7c8e:	f800 3c06 	strb.w	r3, [r0, #-6]
	memcpy(f->data, &packet->access_address, 4);
    7c92:	f7fc fa1b 	bl	40cc <__aeabi_memcpy>
	memcpy(f->data+4, packet->data, DMA_SIZE-4);
    7c96:	222e      	movs	r2, #46	@ 0x2e
    7c98:	4631      	mov	r1, r6
    7c9a:	f105 0012 	add.w	r0, r5, #18
    7c9e:	f7fc fa15 	bl	40cc <__aeabi_memcpy>
	f->status = 0;
    7ca2:	f885 8001 	strb.w	r8, [r5, #1]
	return 1;
    7ca6:	e6fe      	b.n	7aa6 <le_phy_main+0xf6>
	reset_conn();
    7ca8:	f7ff fba4 	bl	73f4 <reset_conn>
    7cac:	e7ae      	b.n	7c0c <le_phy_main+0x25c>
    7cae:	bf00      	nop
    7cb0:	10002f84 	.word	0x10002f84
    7cb4:	40008000 	.word	0x40008000
    7cb8:	10000758 	.word	0x10000758
    7cbc:	10000070 	.word	0x10000070
    7cc0:	10000020 	.word	0x10000020
    7cc4:	8e89bed6 	.word	0x8e89bed6
    7cc8:	10000711 	.word	0x10000711
    7ccc:	2009c000 	.word	0x2009c000
    7cd0:	10003614 	.word	0x10003614
    7cd4:	000186a0 	.word	0x000186a0
    7cd8:	13038dc0 	.word	0x13038dc0
    7cdc:	10002fc8 	.word	0x10002fc8
		if ((buf->data[0] & 0b11) == 0b11 && buf->data[1] > 0) {
    7ce0:	f001 0103 	and.w	r1, r1, #3
    7ce4:	2903      	cmp	r1, #3
    7ce6:	d191      	bne.n	7c0c <le_phy_main+0x25c>
    7ce8:	786b      	ldrb	r3, [r5, #1]
    7cea:	2b00      	cmp	r3, #0
    7cec:	d08e      	beq.n	7c0c <le_phy_main+0x25c>
			switch (buf->data[2]) {
    7cee:	78aa      	ldrb	r2, [r5, #2]
    7cf0:	b18a      	cbz	r2, 7d16 <le_phy_main+0x366>
    7cf2:	2a01      	cmp	r2, #1
    7cf4:	d18a      	bne.n	7c0c <le_phy_main+0x25c>
					if (buf->data[1] == 8)
    7cf6:	2b08      	cmp	r3, #8
    7cf8:	d188      	bne.n	7c0c <le_phy_main+0x25c>
	conn.channel_map_update_instant = extract_field(buf, 8, 2);
    7cfa:	4619      	mov	r1, r3
	conn.channel_map_update_pending = 1;
    7cfc:	f8c4 2124 	str.w	r2, [r4, #292]	@ 0x124
	conn.channel_map_update_instant = extract_field(buf, 8, 2);
    7d00:	4628      	mov	r0, r5
    7d02:	2202      	movs	r2, #2
    7d04:	f7ff fb54 	bl	73b0 <extract_field>
	le_parse_channel_map(&buf->data[3], &conn.pending_remapping);
    7d08:	4920      	ldr	r1, [pc, #128]	@ (7d8c <le_phy_main+0x3dc>)
	conn.channel_map_update_instant = extract_field(buf, 8, 2);
    7d0a:	f8a4 0128 	strh.w	r0, [r4, #296]	@ 0x128
	le_parse_channel_map(&buf->data[3], &conn.pending_remapping);
    7d0e:	1ce8      	adds	r0, r5, #3
    7d10:	f7ff f802 	bl	6d18 <le_parse_channel_map>
}
    7d14:	e77a      	b.n	7c0c <le_phy_main+0x25c>
					if (buf->data[1] == 12)
    7d16:	2b0c      	cmp	r3, #12
    7d18:	f47f af78 	bne.w	7c0c <le_phy_main+0x25c>
	conn.win_size            = extract_field(buf, 3, 1);
    7d1c:	2201      	movs	r2, #1
    7d1e:	4628      	mov	r0, r5
    7d20:	9301      	str	r3, [sp, #4]
    7d22:	f7ff fb45 	bl	73b0 <extract_field>
	conn.win_offset          = extract_field(buf, 4, 2);
    7d26:	2202      	movs	r2, #2
	conn.win_size            = extract_field(buf, 3, 1);
    7d28:	4606      	mov	r6, r0
	conn.win_offset          = extract_field(buf, 4, 2);
    7d2a:	2104      	movs	r1, #4
    7d2c:	4628      	mov	r0, r5
    7d2e:	f7ff fb3f 	bl	73b0 <extract_field>
	conn.conn_update_pending_interval = extract_field(buf, 6, 2);
    7d32:	2106      	movs	r1, #6
	conn.win_offset          = extract_field(buf, 4, 2);
    7d34:	4682      	mov	sl, r0
	conn.conn_update_pending_interval = extract_field(buf, 6, 2);
    7d36:	4628      	mov	r0, r5
    7d38:	f7ff fb3a 	bl	73b0 <extract_field>
	conn.conn_update_pending_supervision_timeout = extract_field(buf, 10, 2);
    7d3c:	210a      	movs	r1, #10
	conn.conn_update_pending_interval = extract_field(buf, 6, 2);
    7d3e:	4681      	mov	r9, r0
	conn.conn_update_pending_supervision_timeout = extract_field(buf, 10, 2);
    7d40:	4628      	mov	r0, r5
    7d42:	f7ff fb35 	bl	73b0 <extract_field>
	conn.conn_update_instant = extract_field(buf, 12, 2);
    7d46:	9901      	ldr	r1, [sp, #4]
	conn.conn_update_pending_supervision_timeout = extract_field(buf, 10, 2);
    7d48:	4680      	mov	r8, r0
	conn.conn_update_instant = extract_field(buf, 12, 2);
    7d4a:	4628      	mov	r0, r5
    7d4c:	f7ff fb30 	bl	73b0 <extract_field>
	conn.win_size   *= USEC(1250);
    7d50:	eb06 0346 	add.w	r3, r6, r6, lsl #1
    7d54:	eb06 0383 	add.w	r3, r6, r3, lsl #2
    7d58:	eb06 0683 	add.w	r6, r6, r3, lsl #2
    7d5c:	4096      	lsls	r6, r2
	conn.win_offset *= USEC(1250);
    7d5e:	f243 02d4 	movw	r2, #12500	@ 0x30d4
    7d62:	fb02 f30a 	mul.w	r3, r2, sl
    7d66:	6423      	str	r3, [r4, #64]	@ 0x40
	conn.conn_update_pending_supervision_timeout *= MSEC(10);
    7d68:	4b09      	ldr	r3, [pc, #36]	@ (7d90 <le_phy_main+0x3e0>)
	conn.conn_update_pending_interval *= USEC(1250);
    7d6a:	fb02 f209 	mul.w	r2, r2, r9
	conn.conn_update_pending_supervision_timeout *= MSEC(10);
    7d6e:	fb03 f308 	mul.w	r3, r3, r8
    7d72:	f8c4 311c 	str.w	r3, [r4, #284]	@ 0x11c
	conn.conn_update_pending = 1;
    7d76:	2301      	movs	r3, #1
	conn.conn_update_instant = extract_field(buf, 12, 2);
    7d78:	f8a4 0120 	strh.w	r0, [r4, #288]	@ 0x120
	conn.win_size   *= USEC(1250);
    7d7c:	f884 603c 	strb.w	r6, [r4, #60]	@ 0x3c
	conn.conn_update_pending_interval *= USEC(1250);
    7d80:	f8c4 2118 	str.w	r2, [r4, #280]	@ 0x118
	conn.conn_update_pending = 1;
    7d84:	f8c4 3114 	str.w	r3, [r4, #276]	@ 0x114
}
    7d88:	e740      	b.n	7c0c <le_phy_main+0x25c>
    7d8a:	bf00      	nop
    7d8c:	100030b0 	.word	0x100030b0
    7d90:	000186a0 	.word	0x000186a0

00007d94 <queue_init>:

// queue implementation is based heavily on Koopman's "Better Embedded
// Systems Software" section 20.3.3.1 pg 209

void queue_init(queue_t *f) {
	f->head = 0;
    7d94:	2300      	movs	r3, #0
	f->tail = 0;
    7d96:	e9c0 330a 	strd	r3, r3, [r0, #40]	@ 0x28
}
    7d9a:	4770      	bx	lr

00007d9c <queue_insert>:

// insert
int queue_insert(queue_t *f, void *x) {
	unsigned newtail;
	// access next free element
	newtail = f->tail + 1;
    7d9c:	6ac3      	ldr	r3, [r0, #44]	@ 0x2c

	// wrap around to beginning if needed
	if (newtail >= FIFOSIZE) { newtail = 0; }

	// if head and tail are equal, queue is full
	if (newtail == f->head) { return 0; }
    7d9e:	6a82      	ldr	r2, [r0, #40]	@ 0x28
	newtail = f->tail + 1;
    7da0:	3301      	adds	r3, #1
	if (newtail >= FIFOSIZE) { newtail = 0; }
    7da2:	2b0a      	cmp	r3, #10
    7da4:	bf28      	it	cs
    7da6:	2300      	movcs	r3, #0
	if (newtail == f->head) { return 0; }
    7da8:	429a      	cmp	r2, r3

	// write data before updating pointer
	f->data[newtail] = x;
    7daa:	bf1d      	ittte	ne
    7dac:	f840 1023 	strne.w	r1, [r0, r3, lsl #2]
	f->tail = newtail;
    7db0:	62c3      	strne	r3, [r0, #44]	@ 0x2c

	return 1;
    7db2:	2001      	movne	r0, #1
	if (newtail == f->head) { return 0; }
    7db4:	2000      	moveq	r0, #0
}
    7db6:	4770      	bx	lr

00007db8 <queue_remove>:

// TODO remove
int queue_remove(queue_t *f, void **x) {
	unsigned newhead;

	if (f->head == f->tail) { return 0; }
    7db8:	e9d0 320a 	ldrd	r3, r2, [r0, #40]	@ 0x28
    7dbc:	4293      	cmp	r3, r2
    7dbe:	d009      	beq.n	7dd4 <queue_remove+0x1c>

	newhead = f->head + 1;
    7dc0:	3301      	adds	r3, #1

	if (newhead >= FIFOSIZE) { newhead = 0; }
    7dc2:	2b0a      	cmp	r3, #10
    7dc4:	bf28      	it	cs
    7dc6:	2300      	movcs	r3, #0

	*x = f->data[newhead];
    7dc8:	f850 2023 	ldr.w	r2, [r0, r3, lsl #2]
    7dcc:	600a      	str	r2, [r1, #0]
	f->head = newhead;
    7dce:	6283      	str	r3, [r0, #40]	@ 0x28

	return 1;
    7dd0:	2001      	movs	r0, #1
    7dd2:	4770      	bx	lr
	if (f->head == f->tail) { return 0; }
    7dd4:	2000      	movs	r0, #0
}
    7dd6:	4770      	bx	lr

00007dd8 <cc2400_rangetest>:
 *   crc: 2 bytes
 */

#ifdef TX_ENABLE
void cc2400_rangetest(volatile u16 *chan_ptr)
{
    7dd8:	e92d 4ff0 	stmdb	sp!, {r4, r5, r6, r7, r8, r9, sl, fp, lr}
    7ddc:	b099      	sub	sp, #100	@ 0x64
    7dde:	af00      	add	r7, sp, #0
    7de0:	2300      	movs	r3, #0
    7de2:	607b      	str	r3, [r7, #4]
	u8 len = 22;
	u8 pa = 0;
	u8 txbuf[len];
	u8 rxbuf[len];

	txbuf[0] = len - 1; // length of data (rest of payload)
    7de4:	2315      	movs	r3, #21
    7de6:	863b      	strh	r3, [r7, #48]	@ 0x30
	txbuf[1] = 0; // request

	// read device serial number
	command[0] = 58;
    7de8:	233a      	movs	r3, #58	@ 0x3a
    7dea:	60bb      	str	r3, [r7, #8]
	iap_entry(command, result);
    7dec:	4b94      	ldr	r3, [pc, #592]	@ (8040 <cc2400_rangetest+0x268>)
{
    7dee:	4605      	mov	r5, r0
	iap_entry(command, result);
    7df0:	681b      	ldr	r3, [r3, #0]
    7df2:	f107 011c 	add.w	r1, r7, #28
    7df6:	f107 0008 	add.w	r0, r7, #8
    7dfa:	4798      	blx	r3
	if ((result[0] & 0xFF) != 0) //status check
    7dfc:	7f3c      	ldrb	r4, [r7, #28]
{
    7dfe:	46e8      	mov	r8, sp
	if ((result[0] & 0xFF) != 0) //status check
    7e00:	2c00      	cmp	r4, #0
    7e02:	f040 8118 	bne.w	8036 <cc2400_rangetest+0x25e>
		return;
	txbuf[2] = (result[1] >> 24) & 0xFF;
    7e06:	6a3b      	ldr	r3, [r7, #32]
    7e08:	8c3a      	ldrh	r2, [r7, #32]
    7e0a:	0e19      	lsrs	r1, r3, #24
	txbuf[3] = (result[1] >> 16) & 0xFF;
    7e0c:	0c1b      	lsrs	r3, r3, #16
    7e0e:	f887 3033 	strb.w	r3, [r7, #51]	@ 0x33
	txbuf[4] = (result[1] >> 8) & 0xFF;
	txbuf[5] = result[1] & 0xFF;
	txbuf[6] = (result[2] >> 24) & 0xFF;
    7e12:	6a7b      	ldr	r3, [r7, #36]	@ 0x24
	txbuf[2] = (result[1] >> 24) & 0xFF;
    7e14:	f887 1032 	strb.w	r1, [r7, #50]	@ 0x32
	txbuf[6] = (result[2] >> 24) & 0xFF;
    7e18:	0e19      	lsrs	r1, r3, #24
	txbuf[7] = (result[2] >> 16) & 0xFF;
    7e1a:	0c1b      	lsrs	r3, r3, #16
    7e1c:	f887 3037 	strb.w	r3, [r7, #55]	@ 0x37
	txbuf[8] = (result[2] >> 8) & 0xFF;
	txbuf[9] = result[2] & 0xFF;
	txbuf[10] = (result[3] >> 24) & 0xFF;
    7e20:	6abb      	ldr	r3, [r7, #40]	@ 0x28
	txbuf[6] = (result[2] >> 24) & 0xFF;
    7e22:	f887 1036 	strb.w	r1, [r7, #54]	@ 0x36
	txbuf[10] = (result[3] >> 24) & 0xFF;
    7e26:	0e19      	lsrs	r1, r3, #24
	txbuf[11] = (result[3] >> 16) & 0xFF;
    7e28:	0c1b      	lsrs	r3, r3, #16
    7e2a:	f887 303b 	strb.w	r3, [r7, #59]	@ 0x3b
	txbuf[12] = (result[3] >> 8) & 0xFF;
	txbuf[13] = result[3] & 0xFF;
	txbuf[14] = (result[4] >> 24) & 0xFF;
    7e2e:	6afb      	ldr	r3, [r7, #44]	@ 0x2c
	txbuf[10] = (result[3] >> 24) & 0xFF;
    7e30:	f887 103a 	strb.w	r1, [r7, #58]	@ 0x3a
	txbuf[14] = (result[4] >> 24) & 0xFF;
    7e34:	0e19      	lsrs	r1, r3, #24
	txbuf[15] = (result[4] >> 16) & 0xFF;
    7e36:	0c1b      	lsrs	r3, r3, #16
    7e38:	f887 303f 	strb.w	r3, [r7, #63]	@ 0x3f
	txbuf[16] = (result[4] >> 8) & 0xFF;
	txbuf[17] = result[4] & 0xFF;

	txbuf[18] = pa; // request pa
	txbuf[19] = 0; // request number
	txbuf[20] = 0xff; // reply pa
    7e3c:	f64f 73ff 	movw	r3, #65535	@ 0xffff
    7e40:	ba52      	rev16	r2, r2
	txbuf[4] = (result[1] >> 8) & 0xFF;
    7e42:	86ba      	strh	r2, [r7, #52]	@ 0x34
	txbuf[9] = result[2] & 0xFF;
    7e44:	8cba      	ldrh	r2, [r7, #36]	@ 0x24
	txbuf[21] = 0xff; // reply number

	// Bluetooth-like modulation
	cc2400_set(LMTST,   0x2b22);
    7e46:	2012      	movs	r0, #18
    7e48:	ba52      	rev16	r2, r2
	txbuf[8] = (result[2] >> 8) & 0xFF;
    7e4a:	873a      	strh	r2, [r7, #56]	@ 0x38
	txbuf[13] = result[3] & 0xFF;
    7e4c:	8d3a      	ldrh	r2, [r7, #40]	@ 0x28
	txbuf[14] = (result[4] >> 24) & 0xFF;
    7e4e:	f887 103e 	strb.w	r1, [r7, #62]	@ 0x3e
    7e52:	ba52      	rev16	r2, r2
	txbuf[12] = (result[3] >> 8) & 0xFF;
    7e54:	87ba      	strh	r2, [r7, #60]	@ 0x3c
	txbuf[17] = result[4] & 0xFF;
    7e56:	8dba      	ldrh	r2, [r7, #44]	@ 0x2c
	cc2400_set(LMTST,   0x2b22);
    7e58:	f642 3122 	movw	r1, #11042	@ 0x2b22
    7e5c:	ba52      	rev16	r2, r2
	txbuf[16] = (result[4] >> 8) & 0xFF;
    7e5e:	f8a7 2040 	strh.w	r2, [r7, #64]	@ 0x40
	txbuf[20] = 0xff; // reply pa
    7e62:	f8a7 3044 	strh.w	r3, [r7, #68]	@ 0x44
	cc2400_set(LMTST,   0x2b22);
    7e66:	f001 f9ec 	bl	9242 <cc2400_set>
	cc2400_set(MDMTST0, 0x134b);
    7e6a:	f241 314b 	movw	r1, #4939	@ 0x134b
    7e6e:	2014      	movs	r0, #20
    7e70:	f001 f9e7 	bl	9242 <cc2400_set>
	cc2400_set(GRMDM,   0x0df1);  // default value
    7e74:	f640 51f1 	movw	r1, #3569	@ 0xdf1
    7e78:	2020      	movs	r0, #32
    7e7a:	f001 f9e2 	bl	9242 <cc2400_set>
	cc2400_set(FSDIV,   *chan_ptr);
    7e7e:	8829      	ldrh	r1, [r5, #0]
    7e80:	2002      	movs	r0, #2
    7e82:	b289      	uxth	r1, r1
    7e84:	f001 f9dd 	bl	9242 <cc2400_set>
	cc2400_set(SYNCH,   0xf9ae);
    7e88:	f64f 11ae 	movw	r1, #63918	@ 0xf9ae
    7e8c:	202d      	movs	r0, #45	@ 0x2d
    7e8e:	f001 f9d8 	bl	9242 <cc2400_set>
	cc2400_set(SYNCL,   0x1584);
    7e92:	f241 5184 	movw	r1, #5508	@ 0x1584
    7e96:	202c      	movs	r0, #44	@ 0x2c
    7e98:	f001 f9d3 	bl	9242 <cc2400_set>
	cc2400_set(FREND,   8 | pa);
    7e9c:	2108      	movs	r1, #8
    7e9e:	2005      	movs	r0, #5
    7ea0:	f001 f9cf 	bl	9242 <cc2400_set>
	cc2400_set(MDMCTRL, 0x0029);
    7ea4:	2129      	movs	r1, #41	@ 0x29
    7ea6:	2003      	movs	r0, #3
    7ea8:	f001 f9cb 	bl	9242 <cc2400_set>
	while (!(cc2400_status() & XOSC16M_STABLE));
    7eac:	f001 fa54 	bl	9358 <cc2400_status>
    7eb0:	0643      	lsls	r3, r0, #25
    7eb2:	d5fb      	bpl.n	7eac <cc2400_rangetest+0xd4>
	cc2400_strobe(SFSON);
    7eb4:	2061      	movs	r0, #97	@ 0x61
    7eb6:	f001 fa56 	bl	9366 <cc2400_strobe>
	while (!(cc2400_status() & FS_LOCK));
    7eba:	f001 fa4d 	bl	9358 <cc2400_status>
    7ebe:	0746      	lsls	r6, r0, #29
    7ec0:	d5fb      	bpl.n	7eba <cc2400_rangetest+0xe2>
	TXLED_SET;
    7ec2:	f44f 7280 	mov.w	r2, #256	@ 0x100
    7ec6:	4b5f      	ldr	r3, [pc, #380]	@ (8044 <cc2400_rangetest+0x26c>)
    7ec8:	639a      	str	r2, [r3, #56]	@ 0x38
#ifdef UBERTOOTH_ONE
	PAEN_SET;
    7eca:	2280      	movs	r2, #128	@ 0x80
    7ecc:	659a      	str	r2, [r3, #88]	@ 0x58
#endif
	for (pa = 0; pa < 8; pa++) {
		cc2400_set(FREND, 8 | pa);
		txbuf[18] = pa;
		for (i = 0; i < 16; i++) {
    7ece:	f04f 0900 	mov.w	r9, #0
		cc2400_set(FREND, 8 | pa);
    7ed2:	f044 0108 	orr.w	r1, r4, #8
    7ed6:	2005      	movs	r0, #5
    7ed8:	b2c9      	uxtb	r1, r1
    7eda:	f001 f9b2 	bl	9242 <cc2400_set>
		txbuf[18] = pa;
    7ede:	f887 4042 	strb.w	r4, [r7, #66]	@ 0x42
			txbuf[19] = i;
    7ee2:	f887 9043 	strb.w	r9, [r7, #67]	@ 0x43
			while ((cc2400_get(FSMSTATE) & 0x1f) != STATE_STROBE_FS_ON);
    7ee6:	200e      	movs	r0, #14
    7ee8:	f001 f9a2 	bl	9230 <cc2400_get>
    7eec:	f000 001f 	and.w	r0, r0, #31
    7ef0:	280f      	cmp	r0, #15
    7ef2:	d1f8      	bne.n	7ee6 <cc2400_rangetest+0x10e>
    7ef4:	f107 0630 	add.w	r6, r7, #48	@ 0x30
    7ef8:	46b3      	mov	fp, r6
			// transmit a packet
			for (j = 0; j < len; j++)
    7efa:	f04f 0a00 	mov.w	sl, #0
				cc2400_set8(FIFOREG, txbuf[j]);
    7efe:	2070      	movs	r0, #112	@ 0x70
    7f00:	f81b 1b01 	ldrb.w	r1, [fp], #1
			for (j = 0; j < len; j++)
    7f04:	f10a 0a01 	add.w	sl, sl, #1
				cc2400_set8(FIFOREG, txbuf[j]);
    7f08:	f001 f9a9 	bl	925e <cc2400_set8>
			for (j = 0; j < len; j++)
    7f0c:	f1ba 0f16 	cmp.w	sl, #22
    7f10:	d1f5      	bne.n	7efe <cc2400_rangetest+0x126>
			cc2400_strobe(STX);
    7f12:	2063      	movs	r0, #99	@ 0x63
		for (i = 0; i < 16; i++) {
    7f14:	f109 0901 	add.w	r9, r9, #1
			cc2400_strobe(STX);
    7f18:	f001 fa25 	bl	9366 <cc2400_strobe>
		for (i = 0; i < 16; i++) {
    7f1c:	f1b9 0f10 	cmp.w	r9, #16
    7f20:	d1df      	bne.n	7ee2 <cc2400_rangetest+0x10a>
	for (pa = 0; pa < 8; pa++) {
    7f22:	3401      	adds	r4, #1
    7f24:	2c08      	cmp	r4, #8
    7f26:	d1d2      	bne.n	7ece <cc2400_rangetest+0xf6>
		}
	}
	// sent packet, now look for repeated packet
	while ((cc2400_get(FSMSTATE) & 0x1f) != STATE_STROBE_FS_ON);
    7f28:	200e      	movs	r0, #14
    7f2a:	f001 f981 	bl	9230 <cc2400_get>
    7f2e:	f000 001f 	and.w	r0, r0, #31
    7f32:	280f      	cmp	r0, #15
    7f34:	d1f8      	bne.n	7f28 <cc2400_rangetest+0x150>
	TXLED_CLR;
    7f36:	f44f 7280 	mov.w	r2, #256	@ 0x100
    7f3a:	4b42      	ldr	r3, [pc, #264]	@ (8044 <cc2400_rangetest+0x26c>)
	cc2400_strobe(SRFOFF);
    7f3c:	2064      	movs	r0, #100	@ 0x64
	TXLED_CLR;
    7f3e:	63da      	str	r2, [r3, #60]	@ 0x3c
	cc2400_strobe(SRFOFF);
    7f40:	f001 fa11 	bl	9366 <cc2400_strobe>
	while ((cc2400_status() & FS_LOCK));
    7f44:	f001 fa08 	bl	9358 <cc2400_status>
    7f48:	0744      	lsls	r4, r0, #29
    7f4a:	d4fb      	bmi.n	7f44 <cc2400_rangetest+0x16c>
	cc2400_set(FSDIV, *chan_ptr - 1);
    7f4c:	8829      	ldrh	r1, [r5, #0]
    7f4e:	2002      	movs	r0, #2
    7f50:	3901      	subs	r1, #1
    7f52:	b289      	uxth	r1, r1
    7f54:	f001 f975 	bl	9242 <cc2400_set>
	while (!(cc2400_status() & XOSC16M_STABLE));
    7f58:	f001 f9fe 	bl	9358 <cc2400_status>
    7f5c:	0640      	lsls	r0, r0, #25
    7f5e:	d5fb      	bpl.n	7f58 <cc2400_rangetest+0x180>
	cc2400_strobe(SFSON);
    7f60:	2061      	movs	r0, #97	@ 0x61
    7f62:	f001 fa00 	bl	9366 <cc2400_strobe>
	while (!(cc2400_status() & FS_LOCK));
    7f66:	f001 f9f7 	bl	9358 <cc2400_status>
    7f6a:	0741      	lsls	r1, r0, #29
    7f6c:	d5fb      	bpl.n	7f66 <cc2400_rangetest+0x18e>
	RXLED_SET;
    7f6e:	2310      	movs	r3, #16
    7f70:	4c34      	ldr	r4, [pc, #208]	@ (8044 <cc2400_rangetest+0x26c>)
    7f72:	63a3      	str	r3, [r4, #56]	@ 0x38
	while (1) {
		while ((cc2400_get(FSMSTATE) & 0x1f) != STATE_STROBE_FS_ON);
    7f74:	200e      	movs	r0, #14
    7f76:	f001 f95b 	bl	9230 <cc2400_get>
    7f7a:	f000 001f 	and.w	r0, r0, #31
    7f7e:	280f      	cmp	r0, #15
    7f80:	d1f8      	bne.n	7f74 <cc2400_rangetest+0x19c>
		cc2400_strobe(SRX);
    7f82:	2062      	movs	r0, #98	@ 0x62
    7f84:	f001 f9ef 	bl	9366 <cc2400_strobe>
		while (!(cc2400_status() & SYNC_RECEIVED));
    7f88:	f001 f9e6 	bl	9358 <cc2400_status>
    7f8c:	06c2      	lsls	r2, r0, #27
    7f8e:	d5fb      	bpl.n	7f88 <cc2400_rangetest+0x1b0>
		USRLED_SET;
    7f90:	2302      	movs	r3, #2
    7f92:	f107 0548 	add.w	r5, r7, #72	@ 0x48
    7f96:	46aa      	mov	sl, r5
		for (j = 0; j < len; j++)
    7f98:	f04f 0900 	mov.w	r9, #0
		USRLED_SET;
    7f9c:	63a3      	str	r3, [r4, #56]	@ 0x38
			rxbuf[j] = cc2400_get8(FIFOREG);
    7f9e:	2070      	movs	r0, #112	@ 0x70
    7fa0:	f001 f954 	bl	924c <cc2400_get8>
		for (j = 0; j < len; j++)
    7fa4:	f109 0901 	add.w	r9, r9, #1
    7fa8:	f1b9 0f16 	cmp.w	r9, #22
			rxbuf[j] = cc2400_get8(FIFOREG);
    7fac:	f80a 0b01 	strb.w	r0, [sl], #1
		for (j = 0; j < len; j++)
    7fb0:	d1f5      	bne.n	7f9e <cc2400_rangetest+0x1c6>
		if (cc2400_status() & STATUS_CRC_OK)
    7fb2:	f001 f9d1 	bl	9358 <cc2400_status>
    7fb6:	0703      	lsls	r3, r0, #28
    7fb8:	d402      	bmi.n	7fc0 <cc2400_rangetest+0x1e8>
			break;
		USRLED_CLR;
    7fba:	2302      	movs	r3, #2
    7fbc:	63e3      	str	r3, [r4, #60]	@ 0x3c
		while ((cc2400_get(FSMSTATE) & 0x1f) != STATE_STROBE_FS_ON);
    7fbe:	e7d9      	b.n	7f74 <cc2400_rangetest+0x19c>
	}

	// done
	while ((cc2400_get(FSMSTATE) & 0x1f) != STATE_STROBE_FS_ON);
    7fc0:	200e      	movs	r0, #14
    7fc2:	f001 f935 	bl	9230 <cc2400_get>
    7fc6:	f000 001f 	and.w	r0, r0, #31
    7fca:	280f      	cmp	r0, #15
    7fcc:	d1f8      	bne.n	7fc0 <cc2400_rangetest+0x1e8>
	cc2400_strobe(SRFOFF);
    7fce:	2064      	movs	r0, #100	@ 0x64
    7fd0:	f001 f9c9 	bl	9366 <cc2400_strobe>
	while ((cc2400_status() & FS_LOCK));
    7fd4:	f001 f9c0 	bl	9358 <cc2400_status>
    7fd8:	f010 0004 	ands.w	r0, r0, #4
    7fdc:	d1fa      	bne.n	7fd4 <cc2400_rangetest+0x1fc>
#ifdef UBERTOOTH_ONE
	PAEN_CLR;
    7fde:	2280      	movs	r2, #128	@ 0x80
    7fe0:	4b18      	ldr	r3, [pc, #96]	@ (8044 <cc2400_rangetest+0x26c>)
    7fe2:	65da      	str	r2, [r3, #92]	@ 0x5c
#endif
	RXLED_CLR;
    7fe4:	2210      	movs	r2, #16
    7fe6:	63da      	str	r2, [r3, #60]	@ 0x3c

	// get test result
	rr.valid       = 1;
    7fe8:	2301      	movs	r3, #1
    7fea:	4a17      	ldr	r2, [pc, #92]	@ (8048 <cc2400_rangetest+0x270>)
	rr.request_num = rxbuf[19];
	rr.reply_pa    = rxbuf[20];
	rr.reply_num   = rxbuf[21];

	// make sure rx packet is as expected
	txbuf[1] = 1; // expected value in rxbuf
    7fec:	f887 3031 	strb.w	r3, [r7, #49]	@ 0x31
	rr.valid       = 1;
    7ff0:	7013      	strb	r3, [r2, #0]
	txbuf[1] = 1; // expected value in rxbuf
    7ff2:	2302      	movs	r3, #2
	rr.request_pa  = rxbuf[18];
    7ff4:	f897 105a 	ldrb.w	r1, [r7, #90]	@ 0x5a
    7ff8:	7051      	strb	r1, [r2, #1]
	rr.request_num = rxbuf[19];
    7ffa:	f897 105b 	ldrb.w	r1, [r7, #91]	@ 0x5b
    7ffe:	7091      	strb	r1, [r2, #2]
	rr.reply_pa    = rxbuf[20];
    8000:	f897 105c 	ldrb.w	r1, [r7, #92]	@ 0x5c
    8004:	70d1      	strb	r1, [r2, #3]
	rr.reply_num   = rxbuf[21];
    8006:	f897 105d 	ldrb.w	r1, [r7, #93]	@ 0x5d
    800a:	7111      	strb	r1, [r2, #4]
	for (i = 0; i < 18; i++)
		if (rxbuf[i] != txbuf[i])
    800c:	f815 4b01 	ldrb.w	r4, [r5], #1
    8010:	f816 1b01 	ldrb.w	r1, [r6], #1
    8014:	428c      	cmp	r4, r1
			rr.valid = 2 + i;
    8016:	bf18      	it	ne
    8018:	607b      	strne	r3, [r7, #4]
	for (i = 0; i < 18; i++)
    801a:	f103 0301 	add.w	r3, r3, #1
    801e:	b2db      	uxtb	r3, r3
		if (rxbuf[i] != txbuf[i])
    8020:	bf18      	it	ne
    8022:	2001      	movne	r0, #1
	for (i = 0; i < 18; i++)
    8024:	2b14      	cmp	r3, #20
    8026:	d1f1      	bne.n	800c <cc2400_rangetest+0x234>
    8028:	b108      	cbz	r0, 802e <cc2400_rangetest+0x256>
    802a:	687b      	ldr	r3, [r7, #4]
    802c:	7013      	strb	r3, [r2, #0]

	USRLED_CLR;
    802e:	2202      	movs	r2, #2
    8030:	4b04      	ldr	r3, [pc, #16]	@ (8044 <cc2400_rangetest+0x26c>)
    8032:	63da      	str	r2, [r3, #60]	@ 0x3c
    8034:	46c5      	mov	sp, r8
}
    8036:	3764      	adds	r7, #100	@ 0x64
    8038:	46bd      	mov	sp, r7
    803a:	e8bd 8ff0 	ldmia.w	sp!, {r4, r5, r6, r7, r8, r9, sl, fp, pc}
    803e:	bf00      	nop
    8040:	0000acf8 	.word	0x0000acf8
    8044:	2009c000 	.word	0x2009c000
    8048:	10003644 	.word	0x10003644

0000804c <cc2400_repeater>:
#endif

/* This is the repeater implementation to be used with cc2400_rangetest(). */
#ifdef TX_ENABLE
void cc2400_repeater(volatile u16 *chan_ptr)
{
    804c:	e92d 47f0 	stmdb	sp!, {r4, r5, r6, r7, r8, r9, sl, lr}
    8050:	b086      	sub	sp, #24

	//FIXME allow to be turned off
	while (1) {
		cc2400_set(LMTST,   0x2b22);
		cc2400_set(MDMTST0, 0x134b);
		cc2400_set(FSDIV,   *chan_ptr - 1);
    8052:	2702      	movs	r7, #2
{
    8054:	4606      	mov	r6, r0
		cc2400_set(FREND,   0x0008); // minimum tx power
		cc2400_set(MDMCTRL, 0x0029); // 160 kHz frequency deviation
		while (!(cc2400_status() & XOSC16M_STABLE));
		cc2400_strobe(SFSON);
		while (!(cc2400_status() & FS_LOCK));
		RXLED_SET;
    8056:	4c56      	ldr	r4, [pc, #344]	@ (81b0 <cc2400_repeater+0x164>)
		cc2400_set(LMTST,   0x2b22);
    8058:	f642 3122 	movw	r1, #11042	@ 0x2b22
    805c:	2012      	movs	r0, #18
    805e:	f001 f8f0 	bl	9242 <cc2400_set>
		cc2400_set(MDMTST0, 0x134b);
    8062:	f241 314b 	movw	r1, #4939	@ 0x134b
    8066:	2014      	movs	r0, #20
    8068:	f001 f8eb 	bl	9242 <cc2400_set>
		cc2400_set(FSDIV,   *chan_ptr - 1);
    806c:	8831      	ldrh	r1, [r6, #0]
    806e:	2002      	movs	r0, #2
    8070:	3901      	subs	r1, #1
    8072:	b289      	uxth	r1, r1
    8074:	f001 f8e5 	bl	9242 <cc2400_set>
		cc2400_set(SYNCH,   0xf9ae);
    8078:	f64f 11ae 	movw	r1, #63918	@ 0xf9ae
    807c:	202d      	movs	r0, #45	@ 0x2d
    807e:	f001 f8e0 	bl	9242 <cc2400_set>
		cc2400_set(SYNCL,   0x1584);
    8082:	f241 5184 	movw	r1, #5508	@ 0x1584
    8086:	202c      	movs	r0, #44	@ 0x2c
    8088:	f001 f8db 	bl	9242 <cc2400_set>
		cc2400_set(FREND,   0x0008); // minimum tx power
    808c:	2108      	movs	r1, #8
    808e:	2005      	movs	r0, #5
    8090:	f001 f8d7 	bl	9242 <cc2400_set>
		cc2400_set(MDMCTRL, 0x0029); // 160 kHz frequency deviation
    8094:	2129      	movs	r1, #41	@ 0x29
    8096:	2003      	movs	r0, #3
    8098:	f001 f8d3 	bl	9242 <cc2400_set>
		while (!(cc2400_status() & XOSC16M_STABLE));
    809c:	f001 f95c 	bl	9358 <cc2400_status>
    80a0:	0641      	lsls	r1, r0, #25
    80a2:	d5fb      	bpl.n	809c <cc2400_repeater+0x50>
		cc2400_strobe(SFSON);
    80a4:	2061      	movs	r0, #97	@ 0x61
    80a6:	f001 f95e 	bl	9366 <cc2400_strobe>
		while (!(cc2400_status() & FS_LOCK));
    80aa:	f001 f955 	bl	9358 <cc2400_status>
    80ae:	0742      	lsls	r2, r0, #29
    80b0:	d5fb      	bpl.n	80aa <cc2400_repeater+0x5e>
		RXLED_SET;
    80b2:	2310      	movs	r3, #16
    80b4:	63a3      	str	r3, [r4, #56]	@ 0x38
		TXLED_CLR;
    80b6:	f44f 7380 	mov.w	r3, #256	@ 0x100
    80ba:	63e3      	str	r3, [r4, #60]	@ 0x3c
		USRLED_CLR;
#ifdef UBERTOOTH_ONE
		PAEN_SET;
    80bc:	2380      	movs	r3, #128	@ 0x80
		USRLED_CLR;
    80be:	63e7      	str	r7, [r4, #60]	@ 0x3c
		PAEN_SET;
    80c0:	65a3      	str	r3, [r4, #88]	@ 0x58
#endif
		while (1) {
			while ((cc2400_get(FSMSTATE) & 0x1f) != STATE_STROBE_FS_ON);
    80c2:	200e      	movs	r0, #14
    80c4:	f001 f8b4 	bl	9230 <cc2400_get>
    80c8:	f000 001f 	and.w	r0, r0, #31
    80cc:	280f      	cmp	r0, #15
    80ce:	d1f8      	bne.n	80c2 <cc2400_repeater+0x76>
			USRLED_CLR;
			cc2400_strobe(SRX);
    80d0:	2062      	movs	r0, #98	@ 0x62
			USRLED_CLR;
    80d2:	63e7      	str	r7, [r4, #60]	@ 0x3c
			cc2400_strobe(SRX);
    80d4:	f001 f947 	bl	9366 <cc2400_strobe>
			while (!(cc2400_status() & SYNC_RECEIVED));
    80d8:	f001 f93e 	bl	9358 <cc2400_status>
    80dc:	06c3      	lsls	r3, r0, #27
    80de:	d5fb      	bpl.n	80d8 <cc2400_repeater+0x8c>
			USRLED_SET;
    80e0:	46e8      	mov	r8, sp
			for (i = 0; i < len; i++)
    80e2:	2500      	movs	r5, #0
			USRLED_SET;
    80e4:	63a7      	str	r7, [r4, #56]	@ 0x38
				buf[i] = cc2400_get8(FIFOREG);
    80e6:	2070      	movs	r0, #112	@ 0x70
    80e8:	f001 f8b0 	bl	924c <cc2400_get8>
			for (i = 0; i < len; i++)
    80ec:	3501      	adds	r5, #1
    80ee:	2d16      	cmp	r5, #22
				buf[i] = cc2400_get8(FIFOREG);
    80f0:	f808 0b01 	strb.w	r0, [r8], #1
			for (i = 0; i < len; i++)
    80f4:	d1f7      	bne.n	80e6 <cc2400_repeater+0x9a>
			if (cc2400_status() & STATUS_CRC_OK)
    80f6:	f001 f92f 	bl	9358 <cc2400_status>
    80fa:	0705      	lsls	r5, r0, #28
    80fc:	d5e1      	bpl.n	80c2 <cc2400_repeater+0x76>
				break;
		}
		// got packet, now repeat it
		i = 2000000; while (--i); // allow time for requester to switch to rx
		USRLED_CLR;
		RXLED_CLR;
    80fe:	2310      	movs	r3, #16
		USRLED_CLR;
    8100:	63e7      	str	r7, [r4, #60]	@ 0x3c
		cc2400_strobe(SRFOFF);
    8102:	2064      	movs	r0, #100	@ 0x64
		RXLED_CLR;
    8104:	63e3      	str	r3, [r4, #60]	@ 0x3c
		cc2400_strobe(SRFOFF);
    8106:	f001 f92e 	bl	9366 <cc2400_strobe>
		while ((cc2400_status() & FS_LOCK));
    810a:	f001 f925 	bl	9358 <cc2400_status>
    810e:	0740      	lsls	r0, r0, #29
    8110:	d4fb      	bmi.n	810a <cc2400_repeater+0xbe>
		while (!(cc2400_status() & XOSC16M_STABLE));
    8112:	f001 f921 	bl	9358 <cc2400_status>
    8116:	0641      	lsls	r1, r0, #25
    8118:	d5fb      	bpl.n	8112 <cc2400_repeater+0xc6>
		cc2400_set(FSDIV, *chan_ptr);
    811a:	8831      	ldrh	r1, [r6, #0]
    811c:	2002      	movs	r0, #2
    811e:	b289      	uxth	r1, r1
    8120:	f001 f88f 	bl	9242 <cc2400_set>
		while (!(cc2400_status() & XOSC16M_STABLE));
    8124:	f001 f918 	bl	9358 <cc2400_status>
    8128:	0642      	lsls	r2, r0, #25
    812a:	d5fb      	bpl.n	8124 <cc2400_repeater+0xd8>
		cc2400_strobe(SFSON);
    812c:	2061      	movs	r0, #97	@ 0x61
    812e:	f001 f91a 	bl	9366 <cc2400_strobe>
		TXLED_SET;
    8132:	f44f 7380 	mov.w	r3, #256	@ 0x100
    8136:	63a3      	str	r3, [r4, #56]	@ 0x38
		buf[0] = len - 1; // length of data (rest of payload)
    8138:	f240 1315 	movw	r3, #277	@ 0x115
    813c:	2500      	movs	r5, #0
    813e:	f8ad 3000 	strh.w	r3, [sp]
		buf[1] = 1; // reply
		for (pa = 0; pa < 8; pa++) {
			cc2400_set(FREND, 8 | pa);
			buf[20] = pa;
			for (i = 0; i < 16; i++) {
    8142:	f04f 0800 	mov.w	r8, #0
			cc2400_set(FREND, 8 | pa);
    8146:	f045 0108 	orr.w	r1, r5, #8
    814a:	2005      	movs	r0, #5
    814c:	b2c9      	uxtb	r1, r1
    814e:	f001 f878 	bl	9242 <cc2400_set>
			buf[20] = pa;
    8152:	f88d 5014 	strb.w	r5, [sp, #20]
				buf[21] = i;
    8156:	f88d 8015 	strb.w	r8, [sp, #21]
				while ((cc2400_get(FSMSTATE) & 0x1f) != STATE_STROBE_FS_ON);
    815a:	200e      	movs	r0, #14
    815c:	f001 f868 	bl	9230 <cc2400_get>
    8160:	f000 001f 	and.w	r0, r0, #31
    8164:	280f      	cmp	r0, #15
    8166:	d1f8      	bne.n	815a <cc2400_repeater+0x10e>
    8168:	46ea      	mov	sl, sp
				for (j = 0; j < len; j++)
    816a:	f04f 0900 	mov.w	r9, #0
					cc2400_set8(FIFOREG, buf[j]);
    816e:	2070      	movs	r0, #112	@ 0x70
    8170:	f81a 1b01 	ldrb.w	r1, [sl], #1
				for (j = 0; j < len; j++)
    8174:	f109 0901 	add.w	r9, r9, #1
					cc2400_set8(FIFOREG, buf[j]);
    8178:	f001 f871 	bl	925e <cc2400_set8>
				for (j = 0; j < len; j++)
    817c:	f1b9 0f16 	cmp.w	r9, #22
    8180:	d1f5      	bne.n	816e <cc2400_repeater+0x122>
				cc2400_strobe(STX);
    8182:	2063      	movs	r0, #99	@ 0x63
			for (i = 0; i < 16; i++) {
    8184:	f108 0801 	add.w	r8, r8, #1
				cc2400_strobe(STX);
    8188:	f001 f8ed 	bl	9366 <cc2400_strobe>
			for (i = 0; i < 16; i++) {
    818c:	f1b8 0f10 	cmp.w	r8, #16
    8190:	d1e1      	bne.n	8156 <cc2400_repeater+0x10a>
		for (pa = 0; pa < 8; pa++) {
    8192:	3501      	adds	r5, #1
    8194:	2d08      	cmp	r5, #8
    8196:	d1d4      	bne.n	8142 <cc2400_repeater+0xf6>
			}
		}
		TXLED_CLR;
    8198:	f44f 7380 	mov.w	r3, #256	@ 0x100
		cc2400_strobe(SRFOFF);
    819c:	2064      	movs	r0, #100	@ 0x64
		TXLED_CLR;
    819e:	63e3      	str	r3, [r4, #60]	@ 0x3c
		cc2400_strobe(SRFOFF);
    81a0:	f001 f8e1 	bl	9366 <cc2400_strobe>
		while ((cc2400_status() & FS_LOCK));
    81a4:	f001 f8d8 	bl	9358 <cc2400_status>
    81a8:	0743      	lsls	r3, r0, #29
    81aa:	d4fb      	bmi.n	81a4 <cc2400_repeater+0x158>
    81ac:	e754      	b.n	8058 <cc2400_repeater+0xc>
    81ae:	bf00      	nop
    81b0:	2009c000 	.word	0x2009c000

000081b4 <cc2400_txtest>:
}
#endif

#ifdef TX_ENABLE
void cc2400_txtest(volatile u8 *mod_ptr, volatile u16 *chan_ptr)
{
    81b4:	b538      	push	{r3, r4, r5, lr}
	u16 mdmctrl;
	if (*mod_ptr == MOD_BT_BASIC_RATE) {
    81b6:	7803      	ldrb	r3, [r0, #0]
{
    81b8:	460c      	mov	r4, r1
	if (*mod_ptr == MOD_BT_BASIC_RATE) {
    81ba:	b383      	cbz	r3, 821e <cc2400_txtest+0x6a>
		mdmctrl = 0x0029; // 160 kHz frequency deviation
	} else if (*mod_ptr == MOD_BT_LOW_ENERGY) {
    81bc:	7803      	ldrb	r3, [r0, #0]
    81be:	2b01      	cmp	r3, #1
    81c0:	d12c      	bne.n	821c <cc2400_txtest+0x68>
		mdmctrl = 0x0040; // 250 kHz frequency deviation
    81c2:	2540      	movs	r5, #64	@ 0x40
	} else {
		/* oops */
		return;
	}
	cc2400_set(LMTST,   0x2b22);
    81c4:	f642 3122 	movw	r1, #11042	@ 0x2b22
    81c8:	2012      	movs	r0, #18
    81ca:	f001 f83a 	bl	9242 <cc2400_set>
	cc2400_set(MDMTST0, 0x334b); // with PRNG
    81ce:	f243 314b 	movw	r1, #13131	@ 0x334b
    81d2:	2014      	movs	r0, #20
    81d4:	f001 f835 	bl	9242 <cc2400_set>
	cc2400_set(GRMDM,   0x0df1); // default value
    81d8:	f640 51f1 	movw	r1, #3569	@ 0xdf1
    81dc:	2020      	movs	r0, #32
    81de:	f001 f830 	bl	9242 <cc2400_set>
	cc2400_set(FSDIV,   *chan_ptr);
    81e2:	8821      	ldrh	r1, [r4, #0]
    81e4:	2002      	movs	r0, #2
    81e6:	b289      	uxth	r1, r1
    81e8:	f001 f82b 	bl	9242 <cc2400_set>
	cc2400_set(MDMCTRL, mdmctrl);
    81ec:	4629      	mov	r1, r5
    81ee:	2003      	movs	r0, #3
    81f0:	f001 f827 	bl	9242 <cc2400_set>

	while (!(cc2400_status() & XOSC16M_STABLE));
    81f4:	f001 f8b0 	bl	9358 <cc2400_status>
    81f8:	0642      	lsls	r2, r0, #25
    81fa:	d5fb      	bpl.n	81f4 <cc2400_txtest+0x40>
	cc2400_strobe(SFSON);
    81fc:	2061      	movs	r0, #97	@ 0x61
    81fe:	f001 f8b2 	bl	9366 <cc2400_strobe>
	while (!(cc2400_status() & FS_LOCK));
    8202:	f001 f8a9 	bl	9358 <cc2400_status>
    8206:	0743      	lsls	r3, r0, #29
    8208:	d5fb      	bpl.n	8202 <cc2400_txtest+0x4e>
	TXLED_SET;
    820a:	f44f 7380 	mov.w	r3, #256	@ 0x100
    820e:	4c05      	ldr	r4, [pc, #20]	@ (8224 <cc2400_txtest+0x70>)
	cc2400_strobe(STX);
    8210:	2063      	movs	r0, #99	@ 0x63
	TXLED_SET;
    8212:	63a3      	str	r3, [r4, #56]	@ 0x38
	cc2400_strobe(STX);
    8214:	f001 f8a7 	bl	9366 <cc2400_strobe>
#ifdef UBERTOOTH_ONE
	PAEN_SET;
    8218:	2380      	movs	r3, #128	@ 0x80
    821a:	65a3      	str	r3, [r4, #88]	@ 0x58
#endif
}
    821c:	bd38      	pop	{r3, r4, r5, pc}
		mdmctrl = 0x0029; // 160 kHz frequency deviation
    821e:	2529      	movs	r5, #41	@ 0x29
    8220:	e7d0      	b.n	81c4 <cc2400_txtest+0x10>
    8222:	bf00      	nop
    8224:	2009c000 	.word	0x2009c000

00008228 <ssp_stop>:
	DIO_SSEL_CLR;
}

static void ssp_stop() {
	// disable CC2400's output (active low)
	DIO_SSEL_SET;
    8228:	f04f 5280 	mov.w	r2, #268435456	@ 0x10000000
    822c:	4b04      	ldr	r3, [pc, #16]	@ (8240 <ssp_stop+0x18>)
    822e:	f8c3 2098 	str.w	r2, [r3, #152]	@ 0x98

	// disable SSP
	DIO_SSP_CR1 &= ~SSPCR1_SSE;
    8232:	4a04      	ldr	r2, [pc, #16]	@ (8244 <ssp_stop+0x1c>)
    8234:	6853      	ldr	r3, [r2, #4]
    8236:	f023 0302 	bic.w	r3, r3, #2
    823a:	6053      	str	r3, [r2, #4]
}
    823c:	4770      	bx	lr
    823e:	bf00      	nop
    8240:	2009c000 	.word	0x2009c000
    8244:	40030000 	.word	0x40030000

00008248 <do_rx>:
	while ((cc2400_get(FSMSTATE) & 0x1f) != STATE_STROBE_FS_ON);

	cc2400_strobe(SRX);
}

static void do_rx(ego_packet_t *packet) {
    8248:	b510      	push	{r4, lr}
	int i;
	for (i = 0; i < packet_len; i++) {
    824a:	2300      	movs	r3, #0
    824c:	4c06      	ldr	r4, [pc, #24]	@ (8268 <do_rx+0x20>)
		// make sure there are bytes ready
		while (!(SSP1SR & SSPSR_RNE)) ;
    824e:	4a07      	ldr	r2, [pc, #28]	@ (826c <do_rx+0x24>)
	for (i = 0; i < packet_len; i++) {
    8250:	7821      	ldrb	r1, [r4, #0]
    8252:	4299      	cmp	r1, r3
    8254:	dc00      	bgt.n	8258 <do_rx+0x10>
		packet->rxbuf[i] = (u8)DIO_SSP_DR;
	}
}
    8256:	bd10      	pop	{r4, pc}
		while (!(SSP1SR & SSPSR_RNE)) ;
    8258:	68d1      	ldr	r1, [r2, #12]
    825a:	0749      	lsls	r1, r1, #29
    825c:	d5fc      	bpl.n	8258 <do_rx+0x10>
		packet->rxbuf[i] = (u8)DIO_SSP_DR;
    825e:	6891      	ldr	r1, [r2, #8]
    8260:	54c1      	strb	r1, [r0, r3]
	for (i = 0; i < packet_len; i++) {
    8262:	3301      	adds	r3, #1
    8264:	e7f4      	b.n	8250 <do_rx+0x8>
    8266:	bf00      	nop
    8268:	1000063c 	.word	0x1000063c
    826c:	40030000 	.word	0x40030000

00008270 <sleep_ms>:
static inline int sync_received(void) {
	return cc2400_status() & SYNC_RECEIVED;
}

// sleep for some milliseconds
static void sleep_ms(ego_fsm_state_t *state, u32 duration) {
    8270:	b510      	push	{r4, lr}
	state->sleep_start = CLK100NS;
    8272:	4b08      	ldr	r3, [pc, #32]	@ (8294 <sleep_ms+0x24>)
    8274:	f640 4435 	movw	r4, #3125	@ 0xc35
    8278:	681a      	ldr	r2, [r3, #0]
    827a:	f04f 2340 	mov.w	r3, #1073758208	@ 0x40004000
    827e:	689b      	ldr	r3, [r3, #8]
    8280:	f3c2 0213 	ubfx	r2, r2, #0, #20
    8284:	fb04 3302 	mla	r3, r4, r2, r3
    8288:	6083      	str	r3, [r0, #8]
	state->sleep_duration = duration * 1000*10;
    828a:	f242 7310 	movw	r3, #10000	@ 0x2710
    828e:	4359      	muls	r1, r3
    8290:	60c1      	str	r1, [r0, #12]
}
    8292:	bd10      	pop	{r4, pc}
    8294:	10002e20 	.word	0x10002e20

00008298 <sleep_elapsed>:
	state->sleep_start = state->anchor;
	state->sleep_duration = duration * 1000*10;
}

static inline int sleep_elapsed(ego_fsm_state_t *state) {
	u32 now = CLK100NS;
    8298:	4b0c      	ldr	r3, [pc, #48]	@ (82cc <sleep_elapsed+0x34>)
    829a:	f640 4135 	movw	r1, #3125	@ 0xc35
    829e:	681a      	ldr	r2, [r3, #0]
    82a0:	f04f 2340 	mov.w	r3, #1073758208	@ 0x40004000
    82a4:	689b      	ldr	r3, [r3, #8]
    82a6:	f3c2 0213 	ubfx	r2, r2, #0, #20
    82aa:	fb01 3302 	mla	r3, r1, r2, r3
	if (now < state->sleep_start)
    82ae:	6881      	ldr	r1, [r0, #8]
		now += 3276800000;
    82b0:	f103 4243 	add.w	r2, r3, #3271557120	@ 0xc3000000
    82b4:	f502 02a0 	add.w	r2, r2, #5242880	@ 0x500000
    82b8:	4299      	cmp	r1, r3
    82ba:	bf88      	it	hi
    82bc:	4613      	movhi	r3, r2
	return (now - state->sleep_start) >= state->sleep_duration;
    82be:	68c0      	ldr	r0, [r0, #12]
    82c0:	1a5b      	subs	r3, r3, r1
}
    82c2:	4283      	cmp	r3, r0
    82c4:	bf34      	ite	cc
    82c6:	2000      	movcc	r0, #0
    82c8:	2001      	movcs	r0, #1
    82ca:	4770      	bx	lr
    82cc:	10002e20 	.word	0x10002e20

000082d0 <nop_state>:
/////////////
// states

// do nothing
static void nop_state(ego_fsm_state_t *state) {
}
    82d0:	4770      	bx	lr
    82d2:	0000      	movs	r0, r0

000082d4 <init_state>:

// used in follow and jam mode, override the channel supplied by user
static void init_state(ego_fsm_state_t *state) {
	state->channel_index = 0;
    82d4:	2300      	movs	r3, #0
	channel = channels[state->channel_index];
    82d6:	f640 1268 	movw	r2, #2408	@ 0x968
	state->channel_index = 0;
    82da:	6043      	str	r3, [r0, #4]
	channel = channels[state->channel_index];
    82dc:	4b02      	ldr	r3, [pc, #8]	@ (82e8 <init_state+0x14>)
    82de:	801a      	strh	r2, [r3, #0]
	state->state = EGO_ST_START_RX;
    82e0:	2301      	movs	r3, #1
    82e2:	7003      	strb	r3, [r0, #0]
}
    82e4:	4770      	bx	lr
    82e6:	bf00      	nop
    82e8:	1000006c 	.word	0x1000006c

000082ec <continuous_init_state>:
	}
}

// continuous cap states (reuses START_RX state)
static void continuous_init_state(ego_fsm_state_t *state) {
	state->state = EGO_ST_START_RX;
    82ec:	2301      	movs	r3, #1
    82ee:	7003      	strb	r3, [r0, #0]
}
    82f0:	4770      	bx	lr
    82f2:	0000      	movs	r0, r0

000082f4 <cap_state>:
static void cap_state(ego_fsm_state_t *state) {
    82f4:	b570      	push	{r4, r5, r6, lr}
    82f6:	b08e      	sub	sp, #56	@ 0x38
	ego_packet_t packet = {
    82f8:	2234      	movs	r2, #52	@ 0x34
static void cap_state(ego_fsm_state_t *state) {
    82fa:	4604      	mov	r4, r0
	ego_packet_t packet = {
    82fc:	2100      	movs	r1, #0
    82fe:	a801      	add	r0, sp, #4
    8300:	f7fb ff5a 	bl	41b8 <memset>
		.rxtime = CLK100NS,
    8304:	4b1c      	ldr	r3, [pc, #112]	@ (8378 <cap_state+0x84>)
    8306:	f640 4135 	movw	r1, #3125	@ 0xc35
    830a:	681a      	ldr	r2, [r3, #0]
    830c:	f04f 2340 	mov.w	r3, #1073758208	@ 0x40004000
    8310:	689b      	ldr	r3, [r3, #8]
    8312:	f3c2 0213 	ubfx	r2, r2, #0, #20
    8316:	fb01 3302 	mla	r3, r1, r2, r3
	if (sleep_elapsed(state)) {
    831a:	4620      	mov	r0, r4
	ego_packet_t packet = {
    831c:	930d      	str	r3, [sp, #52]	@ 0x34
	if (sleep_elapsed(state)) {
    831e:	f7ff ffbb 	bl	8298 <sleep_elapsed>
    8322:	b128      	cbz	r0, 8330 <cap_state+0x3c>
		sleep_ms(state, 4);
    8324:	2104      	movs	r1, #4
    8326:	4620      	mov	r0, r4
    8328:	f7ff ffa2 	bl	8270 <sleep_ms>
		state->state = EGO_ST_SLEEP;
    832c:	2303      	movs	r3, #3
    832e:	7023      	strb	r3, [r4, #0]
	return cc2400_status() & SYNC_RECEIVED;
    8330:	f001 f812 	bl	9358 <cc2400_status>
	if (sync_received()) {
    8334:	06c3      	lsls	r3, r0, #27
    8336:	d519      	bpl.n	836c <cap_state+0x78>
		RXLED_SET;
    8338:	2610      	movs	r6, #16
    833a:	4d10      	ldr	r5, [pc, #64]	@ (837c <cap_state+0x88>)
		do_rx(&packet);
    833c:	a801      	add	r0, sp, #4
		RXLED_SET;
    833e:	63ae      	str	r6, [r5, #56]	@ 0x38
		do_rx(&packet);
    8340:	f7ff ff82 	bl	8248 <do_rx>
		enqueue_with_ts(EGO_PACKET, packet.rxbuf, packet.rxtime);
    8344:	4601      	mov	r1, r0
    8346:	9a0d      	ldr	r2, [sp, #52]	@ 0x34
    8348:	2006      	movs	r0, #6
    834a:	f7fc fd8b 	bl	4e64 <enqueue_with_ts>
		sleep_ms(state, 6);
    834e:	2106      	movs	r1, #6
    8350:	4620      	mov	r0, r4
		RXLED_CLR;
    8352:	63ee      	str	r6, [r5, #60]	@ 0x3c
		sleep_ms(state, 6);
    8354:	f7ff ff8c 	bl	8270 <sleep_ms>
		state->state = EGO_ST_SLEEP;
    8358:	2303      	movs	r3, #3
    835a:	7023      	strb	r3, [r4, #0]
		cc2400_strobe(SRFOFF);
    835c:	2064      	movs	r0, #100	@ 0x64
    835e:	f001 f802 	bl	9366 <cc2400_strobe>
		ssp_stop();
    8362:	f7ff ff61 	bl	8228 <ssp_stop>
		state->timer_active = 1;
    8366:	2301      	movs	r3, #1
    8368:	6123      	str	r3, [r4, #16]
}
    836a:	e002      	b.n	8372 <cap_state+0x7e>
	if (state->state != EGO_ST_CAP) {
    836c:	7823      	ldrb	r3, [r4, #0]
    836e:	2b02      	cmp	r3, #2
    8370:	d1f4      	bne.n	835c <cap_state+0x68>
}
    8372:	b00e      	add	sp, #56	@ 0x38
    8374:	bd70      	pop	{r4, r5, r6, pc}
    8376:	bf00      	nop
    8378:	10002e20 	.word	0x10002e20
    837c:	2009c000 	.word	0x2009c000

00008380 <start_rf_state>:
static void start_rf_state(ego_fsm_state_t *state) {
    8380:	b538      	push	{r3, r4, r5, lr}
	cc2400_set(MANAND,  0x7fff);
    8382:	f647 71ff 	movw	r1, #32767	@ 0x7fff
static void start_rf_state(ego_fsm_state_t *state) {
    8386:	4604      	mov	r4, r0
	cc2400_set(MANAND,  0x7fff);
    8388:	200d      	movs	r0, #13
    838a:	f000 ff5a 	bl	9242 <cc2400_set>
	cc2400_set(LMTST,   0x2b22);
    838e:	f642 3122 	movw	r1, #11042	@ 0x2b22
    8392:	2012      	movs	r0, #18
    8394:	f000 ff55 	bl	9242 <cc2400_set>
	cc2400_set(MDMTST0, 0x134b); // without PRNG
    8398:	f241 314b 	movw	r1, #4939	@ 0x134b
    839c:	2014      	movs	r0, #20
    839e:	f000 ff50 	bl	9242 <cc2400_set>
	cc2400_set(GRMDM,   0x04e0); // un-buffered mode, 2FSK
    83a2:	f44f 619c 	mov.w	r1, #1248	@ 0x4e0
    83a6:	2020      	movs	r0, #32
    83a8:	f000 ff4b 	bl	9242 <cc2400_set>
	cc2400_set(FSDIV,   channel - 1); // 1 MHz IF
    83ac:	4b1d      	ldr	r3, [pc, #116]	@ (8424 <start_rf_state+0xa4>)
    83ae:	2002      	movs	r0, #2
    83b0:	8819      	ldrh	r1, [r3, #0]
	cc2400_set(SYNCH, (access_code >> 16) & 0xffff);
    83b2:	4d1d      	ldr	r5, [pc, #116]	@ (8428 <start_rf_state+0xa8>)
	cc2400_set(FSDIV,   channel - 1); // 1 MHz IF
    83b4:	3901      	subs	r1, #1
    83b6:	b289      	uxth	r1, r1
    83b8:	f000 ff43 	bl	9242 <cc2400_set>
	cc2400_set(MDMCTRL, 0x0040); // 250 kHz frequency deviation
    83bc:	2140      	movs	r1, #64	@ 0x40
    83be:	2003      	movs	r0, #3
    83c0:	f000 ff3f 	bl	9242 <cc2400_set>
	cc2400_set(GRDEC,  3);       // 250 kbit
    83c4:	2103      	movs	r1, #3
    83c6:	2021      	movs	r0, #33	@ 0x21
    83c8:	f000 ff3b 	bl	9242 <cc2400_set>
	cc2400_set(SYNCH, (access_code >> 16) & 0xffff);
    83cc:	202d      	movs	r0, #45	@ 0x2d
    83ce:	88e9      	ldrh	r1, [r5, #6]
    83d0:	f000 ff37 	bl	9242 <cc2400_set>
	cc2400_set(SYNCL, (access_code >>  0) & 0xffff);
    83d4:	202c      	movs	r0, #44	@ 0x2c
    83d6:	88a9      	ldrh	r1, [r5, #4]
    83d8:	f000 ff33 	bl	9242 <cc2400_set>
	while (!(cc2400_status() & XOSC16M_STABLE));
    83dc:	f000 ffbc 	bl	9358 <cc2400_status>
    83e0:	0642      	lsls	r2, r0, #25
    83e2:	d5fb      	bpl.n	83dc <start_rf_state+0x5c>
	DIO_SSEL_SET;
    83e4:	f04f 5180 	mov.w	r1, #268435456	@ 0x10000000
    83e8:	4a10      	ldr	r2, [pc, #64]	@ (842c <start_rf_state+0xac>)
	DIO_SSP_CR1 |= SSPCR1_SSE;
    83ea:	4811      	ldr	r0, [pc, #68]	@ (8430 <start_rf_state+0xb0>)
	DIO_SSEL_SET;
    83ec:	f8c2 1098 	str.w	r1, [r2, #152]	@ 0x98
	DIO_SSP_CR1 |= SSPCR1_SSE;
    83f0:	6843      	ldr	r3, [r0, #4]
    83f2:	f043 0302 	orr.w	r3, r3, #2
    83f6:	6043      	str	r3, [r0, #4]
	cc2400_strobe(SFSON);
    83f8:	2061      	movs	r0, #97	@ 0x61
	DIO_SSEL_CLR;
    83fa:	f8c2 109c 	str.w	r1, [r2, #156]	@ 0x9c
	cc2400_strobe(SFSON);
    83fe:	f000 ffb2 	bl	9366 <cc2400_strobe>
	while (!(cc2400_status() & FS_LOCK));
    8402:	f000 ffa9 	bl	9358 <cc2400_status>
    8406:	0743      	lsls	r3, r0, #29
    8408:	d5fb      	bpl.n	8402 <start_rf_state+0x82>
	while ((cc2400_get(FSMSTATE) & 0x1f) != STATE_STROBE_FS_ON);
    840a:	200e      	movs	r0, #14
    840c:	f000 ff10 	bl	9230 <cc2400_get>
    8410:	f000 001f 	and.w	r0, r0, #31
    8414:	280f      	cmp	r0, #15
    8416:	d1f8      	bne.n	840a <start_rf_state+0x8a>
	cc2400_strobe(SRX);
    8418:	2062      	movs	r0, #98	@ 0x62
    841a:	f000 ffa4 	bl	9366 <cc2400_strobe>
	state->state = EGO_ST_CAP;
    841e:	2302      	movs	r3, #2
    8420:	7023      	strb	r3, [r4, #0]
}
    8422:	bd38      	pop	{r3, r4, r5, pc}
    8424:	1000006c 	.word	0x1000006c
    8428:	1000063c 	.word	0x1000063c
    842c:	2009c000 	.word	0x2009c000
    8430:	40030000 	.word	0x40030000

00008434 <start_jamming_state>:
		cc2400_strobe(SRFOFF);
		ssp_stop();
	}
}

static void start_jamming_state(ego_fsm_state_t *state) {
    8434:	b538      	push	{r3, r4, r5, lr}
	cc2400_set(MANAND,  0x7fff);
    8436:	f647 71ff 	movw	r1, #32767	@ 0x7fff
static void start_jamming_state(ego_fsm_state_t *state) {
    843a:	4604      	mov	r4, r0
	cc2400_set(MANAND,  0x7fff);
    843c:	200d      	movs	r0, #13
    843e:	f000 ff00 	bl	9242 <cc2400_set>
	cc2400_set(LMTST,   0x2b22);
    8442:	f642 3122 	movw	r1, #11042	@ 0x2b22
    8446:	2012      	movs	r0, #18
    8448:	f000 fefb 	bl	9242 <cc2400_set>
	cc2400_set(MDMTST0, 0x334b); // with PRNG
    844c:	f243 314b 	movw	r1, #13131	@ 0x334b
    8450:	2014      	movs	r0, #20
    8452:	f000 fef6 	bl	9242 <cc2400_set>
	// cc2400_set(GRMDM,   0x04e0); // un-buffered mode, 2FSK
	cc2400_set(GRMDM,   0x04c0); // un-buffered mode, 2FSK
    8456:	f44f 6198 	mov.w	r1, #1216	@ 0x4c0
    845a:	2020      	movs	r0, #32
    845c:	f000 fef1 	bl	9242 <cc2400_set>
	//      |  | |   |  +--------> CRC off
	//      |  | |   +-----------> sync word: 24 MSB bits of SYNC_WORD
	//      |  | +---------------> 1 byte of 01010101
	//      |  +-----------------> packet mode
	//      +--------------------> un-buffered mode
	cc2400_set(FSDIV,   channel); // no IF for TX
    8460:	4b1a      	ldr	r3, [pc, #104]	@ (84cc <start_jamming_state+0x98>)
    8462:	2002      	movs	r0, #2
    8464:	8819      	ldrh	r1, [r3, #0]
    8466:	b289      	uxth	r1, r1
    8468:	f000 feeb 	bl	9242 <cc2400_set>
	cc2400_set(MDMCTRL, 0x0026); // 150 kHz frequency deviation
    846c:	2126      	movs	r1, #38	@ 0x26
    846e:	2003      	movs	r0, #3
    8470:	f000 fee7 	bl	9242 <cc2400_set>
	cc2400_set(GRDEC,  3);       // 250 kbit
    8474:	2103      	movs	r1, #3
    8476:	2021      	movs	r0, #33	@ 0x21
    8478:	f000 fee3 	bl	9242 <cc2400_set>
	cc2400_set(FREND, 0xf);
    847c:	210f      	movs	r1, #15
    847e:	2005      	movs	r0, #5
    8480:	f000 fedf 	bl	9242 <cc2400_set>

	while (!(cc2400_status() & XOSC16M_STABLE));
    8484:	f000 ff68 	bl	9358 <cc2400_status>
    8488:	0642      	lsls	r2, r0, #25
    848a:	d5fb      	bpl.n	8484 <start_jamming_state+0x50>

	cc2400_strobe(SFSON);
    848c:	2061      	movs	r0, #97	@ 0x61
    848e:	f000 ff6a 	bl	9366 <cc2400_strobe>
	while (!(cc2400_status() & FS_LOCK));
    8492:	f000 ff61 	bl	9358 <cc2400_status>
    8496:	0743      	lsls	r3, r0, #29
    8498:	d5fb      	bpl.n	8492 <start_jamming_state+0x5e>
	while ((cc2400_get(FSMSTATE) & 0x1f) != STATE_STROBE_FS_ON);
    849a:	200e      	movs	r0, #14
    849c:	f000 fec8 	bl	9230 <cc2400_get>
    84a0:	f000 001f 	and.w	r0, r0, #31
    84a4:	280f      	cmp	r0, #15
    84a6:	d1f8      	bne.n	849a <start_jamming_state+0x66>

#ifdef UBERTOOTH_ONE
	PAEN_SET;
    84a8:	2380      	movs	r3, #128	@ 0x80
    84aa:	4d09      	ldr	r5, [pc, #36]	@ (84d0 <start_jamming_state+0x9c>)
#endif

	cc2400_strobe(STX);
    84ac:	2063      	movs	r0, #99	@ 0x63
	PAEN_SET;
    84ae:	65ab      	str	r3, [r5, #88]	@ 0x58
	cc2400_strobe(STX);
    84b0:	f000 ff59 	bl	9366 <cc2400_strobe>
	TXLED_SET;
    84b4:	f44f 7380 	mov.w	r3, #256	@ 0x100
    84b8:	63ab      	str	r3, [r5, #56]	@ 0x38

	state->state = EGO_ST_JAMMING;
    84ba:	2305      	movs	r3, #5
    84bc:	7023      	strb	r3, [r4, #0]
	state->sleep_start = state->anchor;
    84be:	69a3      	ldr	r3, [r4, #24]
    84c0:	60a3      	str	r3, [r4, #8]
	state->sleep_duration = duration * 1000*10;
    84c2:	f644 6320 	movw	r3, #20000	@ 0x4e20
    84c6:	60e3      	str	r3, [r4, #12]
	sleep_ms_anchor(state, 2);
}
    84c8:	bd38      	pop	{r3, r4, r5, pc}
    84ca:	bf00      	nop
    84cc:	1000006c 	.word	0x1000006c
    84d0:	2009c000 	.word	0x2009c000

000084d4 <sleep_state>:
static void sleep_state(ego_fsm_state_t *state) {
    84d4:	b510      	push	{r4, lr}
    84d6:	4604      	mov	r4, r0
	if (sleep_elapsed(state)) {
    84d8:	f7ff fede 	bl	8298 <sleep_elapsed>
    84dc:	b1a8      	cbz	r0, 850a <sleep_state+0x36>
		state->channel_index = (state->channel_index + 1) % 4;
    84de:	6863      	ldr	r3, [r4, #4]
		sleep_ms(state, 7);
    84e0:	2107      	movs	r1, #7
		state->channel_index = (state->channel_index + 1) % 4;
    84e2:	3301      	adds	r3, #1
    84e4:	425a      	negs	r2, r3
    84e6:	f002 0203 	and.w	r2, r2, #3
    84ea:	f003 0303 	and.w	r3, r3, #3
    84ee:	bf58      	it	pl
    84f0:	4253      	negpl	r3, r2
		channel = channels[state->channel_index];
    84f2:	4a06      	ldr	r2, [pc, #24]	@ (850c <sleep_state+0x38>)
		state->channel_index = (state->channel_index + 1) % 4;
    84f4:	6063      	str	r3, [r4, #4]
		channel = channels[state->channel_index];
    84f6:	f832 2013 	ldrh.w	r2, [r2, r3, lsl #1]
    84fa:	4b05      	ldr	r3, [pc, #20]	@ (8510 <sleep_state+0x3c>)
		sleep_ms(state, 7);
    84fc:	4620      	mov	r0, r4
		channel = channels[state->channel_index];
    84fe:	801a      	strh	r2, [r3, #0]
		sleep_ms(state, 7);
    8500:	f7ff feb6 	bl	8270 <sleep_ms>
		state->timer_active = 1;
    8504:	2301      	movs	r3, #1
    8506:	6123      	str	r3, [r4, #16]
		state->state = EGO_ST_START_RX;
    8508:	7023      	strb	r3, [r4, #0]
}
    850a:	bd10      	pop	{r4, pc}
    850c:	0000ac54 	.word	0x0000ac54
    8510:	1000006c 	.word	0x1000006c

00008514 <jam_sleep_state>:
		state->state = EGO_ST_SLEEP;
		sleep_ms_anchor(state, 6);
	}
}

static void jam_sleep_state(ego_fsm_state_t *state) {
    8514:	b510      	push	{r4, lr}
    8516:	4604      	mov	r4, r0
	if (sleep_elapsed(state)) {
    8518:	f7ff febe 	bl	8298 <sleep_elapsed>
    851c:	b130      	cbz	r0, 852c <jam_sleep_state+0x18>
		state->state = EGO_ST_START_RX;
    851e:	2301      	movs	r3, #1
    8520:	7023      	strb	r3, [r4, #0]
		state->timer_active = 1;
    8522:	6123      	str	r3, [r4, #16]
	state->sleep_start = state->anchor;
    8524:	69a3      	ldr	r3, [r4, #24]
    8526:	60a3      	str	r3, [r4, #8]
	state->sleep_duration = duration * 1000*10;
    8528:	4b01      	ldr	r3, [pc, #4]	@ (8530 <jam_sleep_state+0x1c>)
    852a:	60e3      	str	r3, [r4, #12]
		sleep_ms_anchor(state, 11);
	}
}
    852c:	bd10      	pop	{r4, pc}
    852e:	bf00      	nop
    8530:	0001adb0 	.word	0x0001adb0

00008534 <jamming_state>:
void jamming_state(ego_fsm_state_t *state) {
    8534:	b510      	push	{r4, lr}
    8536:	4604      	mov	r4, r0
	if (sleep_elapsed(state)) {
    8538:	f7ff feae 	bl	8298 <sleep_elapsed>
    853c:	b1f0      	cbz	r0, 857c <jamming_state+0x48>
		cc2400_strobe(SRFOFF);
    853e:	2064      	movs	r0, #100	@ 0x64
    8540:	f000 ff11 	bl	9366 <cc2400_strobe>
		PAEN_CLR;
    8544:	2280      	movs	r2, #128	@ 0x80
    8546:	4b0e      	ldr	r3, [pc, #56]	@ (8580 <jamming_state+0x4c>)
    8548:	65da      	str	r2, [r3, #92]	@ 0x5c
		TXLED_CLR;
    854a:	f44f 7280 	mov.w	r2, #256	@ 0x100
    854e:	63da      	str	r2, [r3, #60]	@ 0x3c
		state->channel_index = (state->channel_index + 1) % 4;
    8550:	6863      	ldr	r3, [r4, #4]
    8552:	3301      	adds	r3, #1
    8554:	425a      	negs	r2, r3
    8556:	f002 0203 	and.w	r2, r2, #3
    855a:	f003 0303 	and.w	r3, r3, #3
    855e:	bf58      	it	pl
    8560:	4253      	negpl	r3, r2
		channel = channels[state->channel_index];
    8562:	4a08      	ldr	r2, [pc, #32]	@ (8584 <jamming_state+0x50>)
		state->channel_index = (state->channel_index + 1) % 4;
    8564:	6063      	str	r3, [r4, #4]
		channel = channels[state->channel_index];
    8566:	f832 2013 	ldrh.w	r2, [r2, r3, lsl #1]
    856a:	4b07      	ldr	r3, [pc, #28]	@ (8588 <jamming_state+0x54>)
    856c:	801a      	strh	r2, [r3, #0]
		state->state = EGO_ST_SLEEP;
    856e:	2303      	movs	r3, #3
    8570:	7023      	strb	r3, [r4, #0]
	state->sleep_start = state->anchor;
    8572:	69a3      	ldr	r3, [r4, #24]
    8574:	60a3      	str	r3, [r4, #8]
	state->sleep_duration = duration * 1000*10;
    8576:	f64e 2360 	movw	r3, #60000	@ 0xea60
    857a:	60e3      	str	r3, [r4, #12]
}
    857c:	bd10      	pop	{r4, pc}
    857e:	bf00      	nop
    8580:	2009c000 	.word	0x2009c000
    8584:	0000ac54 	.word	0x0000ac54
    8588:	1000006c 	.word	0x1000006c

0000858c <jam_cap_state>:
static void jam_cap_state(ego_fsm_state_t *state) {
    858c:	b510      	push	{r4, lr}
    858e:	4604      	mov	r4, r0
	return cc2400_status() & SYNC_RECEIVED;
    8590:	f000 fee2 	bl	9358 <cc2400_status>
	if (sync_received()) {
    8594:	06c3      	lsls	r3, r0, #27
    8596:	d50f      	bpl.n	85b8 <jam_cap_state+0x2c>
		state->state = EGO_ST_START_JAMMING;
    8598:	2304      	movs	r3, #4
    859a:	7023      	strb	r3, [r4, #0]
		state->packet_observed = 1;
    859c:	2301      	movs	r3, #1
    859e:	6163      	str	r3, [r4, #20]
		state->anchor = CLK100NS;
    85a0:	4b12      	ldr	r3, [pc, #72]	@ (85ec <jam_cap_state+0x60>)
    85a2:	f640 4135 	movw	r1, #3125	@ 0xc35
    85a6:	681a      	ldr	r2, [r3, #0]
    85a8:	f04f 2340 	mov.w	r3, #1073758208	@ 0x40004000
    85ac:	689b      	ldr	r3, [r3, #8]
    85ae:	f3c2 0213 	ubfx	r2, r2, #0, #20
    85b2:	fb01 3302 	mla	r3, r1, r2, r3
    85b6:	61a3      	str	r3, [r4, #24]
	if (state->timer_active && sleep_elapsed(state)) {
    85b8:	6923      	ldr	r3, [r4, #16]
    85ba:	b193      	cbz	r3, 85e2 <jam_cap_state+0x56>
    85bc:	4620      	mov	r0, r4
    85be:	f7ff fe6b 	bl	8298 <sleep_elapsed>
    85c2:	b170      	cbz	r0, 85e2 <jam_cap_state+0x56>
		state->state = EGO_ST_START_JAMMING;
    85c4:	2304      	movs	r3, #4
    85c6:	7023      	strb	r3, [r4, #0]
		state->packet_observed = 0;
    85c8:	2300      	movs	r3, #0
		sleep_ms(state, 11); // 11 ms hop interval
    85ca:	210b      	movs	r1, #11
    85cc:	4620      	mov	r0, r4
		state->packet_observed = 0;
    85ce:	6163      	str	r3, [r4, #20]
		sleep_ms(state, 11); // 11 ms hop interval
    85d0:	f7ff fe4e 	bl	8270 <sleep_ms>
		cc2400_strobe(SRFOFF);
    85d4:	2064      	movs	r0, #100	@ 0x64
    85d6:	f000 fec6 	bl	9366 <cc2400_strobe>
}
    85da:	e8bd 4010 	ldmia.w	sp!, {r4, lr}
		ssp_stop();
    85de:	f7ff be23 	b.w	8228 <ssp_stop>
	if (state->state != EGO_ST_CAP) {
    85e2:	7823      	ldrb	r3, [r4, #0]
    85e4:	2b02      	cmp	r3, #2
    85e6:	d1f5      	bne.n	85d4 <jam_cap_state+0x48>
}
    85e8:	bd10      	pop	{r4, pc}
    85ea:	bf00      	nop
    85ec:	10002e20 	.word	0x10002e20

000085f0 <continuous_cap_state>:
static void continuous_cap_state(ego_fsm_state_t *state) {
    85f0:	b530      	push	{r4, r5, lr}
    85f2:	b08f      	sub	sp, #60	@ 0x3c
	ego_packet_t packet = {
    85f4:	2234      	movs	r2, #52	@ 0x34
    85f6:	2100      	movs	r1, #0
    85f8:	a801      	add	r0, sp, #4
    85fa:	f7fb fddd 	bl	41b8 <memset>
		.rxtime = CLK100NS,
    85fe:	4b21      	ldr	r3, [pc, #132]	@ (8684 <continuous_cap_state+0x94>)
    8600:	f640 4135 	movw	r1, #3125	@ 0xc35
    8604:	681a      	ldr	r2, [r3, #0]
    8606:	f04f 2340 	mov.w	r3, #1073758208	@ 0x40004000
    860a:	689b      	ldr	r3, [r3, #8]
    860c:	f3c2 0213 	ubfx	r2, r2, #0, #20
    8610:	fb01 3302 	mla	r3, r1, r2, r3
	ego_packet_t packet = {
    8614:	930d      	str	r3, [sp, #52]	@ 0x34
	return cc2400_status() & SYNC_RECEIVED;
    8616:	f000 fe9f 	bl	9358 <cc2400_status>
	if (sync_received()) {
    861a:	06c0      	lsls	r0, r0, #27
    861c:	d52d      	bpl.n	867a <continuous_cap_state+0x8a>
		RXLED_SET;
    861e:	2510      	movs	r5, #16
    8620:	4c19      	ldr	r4, [pc, #100]	@ (8688 <continuous_cap_state+0x98>)
		do_rx(&packet);
    8622:	a801      	add	r0, sp, #4
		RXLED_SET;
    8624:	63a5      	str	r5, [r4, #56]	@ 0x38
		do_rx(&packet);
    8626:	f7ff fe0f 	bl	8248 <do_rx>
		enqueue_with_ts(EGO_PACKET, packet.rxbuf, packet.rxtime);
    862a:	4601      	mov	r1, r0
    862c:	9a0d      	ldr	r2, [sp, #52]	@ 0x34
    862e:	2006      	movs	r0, #6
    8630:	f7fc fc18 	bl	4e64 <enqueue_with_ts>
		RXLED_CLR;
    8634:	63e5      	str	r5, [r4, #60]	@ 0x3c
		cc2400_strobe(SFSON);
    8636:	2061      	movs	r0, #97	@ 0x61
		ssp_stop();
    8638:	f7ff fdf6 	bl	8228 <ssp_stop>
		cc2400_strobe(SFSON);
    863c:	f000 fe93 	bl	9366 <cc2400_strobe>
		while (!(cc2400_status() & FS_LOCK));
    8640:	f000 fe8a 	bl	9358 <cc2400_status>
    8644:	0741      	lsls	r1, r0, #29
    8646:	d5fb      	bpl.n	8640 <continuous_cap_state+0x50>
		while ((cc2400_get(FSMSTATE) & 0x1f) != STATE_STROBE_FS_ON);
    8648:	200e      	movs	r0, #14
    864a:	f000 fdf1 	bl	9230 <cc2400_get>
    864e:	f000 001f 	and.w	r0, r0, #31
    8652:	280f      	cmp	r0, #15
    8654:	d1f8      	bne.n	8648 <continuous_cap_state+0x58>
		while (SSP1SR & SSPSR_RNE) {
    8656:	4b0d      	ldr	r3, [pc, #52]	@ (868c <continuous_cap_state+0x9c>)
    8658:	68da      	ldr	r2, [r3, #12]
    865a:	0752      	lsls	r2, r2, #29
    865c:	d40f      	bmi.n	867e <continuous_cap_state+0x8e>
	DIO_SSEL_SET;
    865e:	f04f 5080 	mov.w	r0, #268435456	@ 0x10000000
    8662:	4909      	ldr	r1, [pc, #36]	@ (8688 <continuous_cap_state+0x98>)
    8664:	f8c1 0098 	str.w	r0, [r1, #152]	@ 0x98
	DIO_SSP_CR1 |= SSPCR1_SSE;
    8668:	685a      	ldr	r2, [r3, #4]
    866a:	f042 0202 	orr.w	r2, r2, #2
    866e:	605a      	str	r2, [r3, #4]
	DIO_SSEL_CLR;
    8670:	f8c1 009c 	str.w	r0, [r1, #156]	@ 0x9c
		cc2400_strobe(SRX);
    8674:	2062      	movs	r0, #98	@ 0x62
    8676:	f000 fe76 	bl	9366 <cc2400_strobe>
}
    867a:	b00f      	add	sp, #60	@ 0x3c
    867c:	bd30      	pop	{r4, r5, pc}
			uint8_t tmp = (uint8_t)DIO_SSP_DR;
    867e:	689a      	ldr	r2, [r3, #8]
    8680:	e7ea      	b.n	8658 <continuous_cap_state+0x68>
    8682:	bf00      	nop
    8684:	10002e20 	.word	0x10002e20
    8688:	2009c000 	.word	0x2009c000
    868c:	40030000 	.word	0x40030000

00008690 <ego_main>:
#endif

void ego_main(ego_mode_t mode) {
    8690:	b530      	push	{r4, r5, lr}
    8692:	b089      	sub	sp, #36	@ 0x24
    8694:	4605      	mov	r5, r0
	const ego_st_handler *handler; // set depending on mode
	ego_fsm_state_t state = {
    8696:	221c      	movs	r2, #28
    8698:	2100      	movs	r1, #0
    869a:	a801      	add	r0, sp, #4
    869c:	f7fb fd8c 	bl	41b8 <memset>
		start_jamming_state,
		jamming_state,
	};
#endif

	clkn_start(); // FIXME replace with a different timer
    86a0:	f7fe fd3a 	bl	7118 <clkn_start>

	switch (mode) {
    86a4:	2d02      	cmp	r5, #2
    86a6:	4c14      	ldr	r4, [pc, #80]	@ (86f8 <ego_main+0x68>)
    86a8:	d815      	bhi.n	86d6 <ego_main+0x46>
	ISER0 = ISER0_ISE_USB;
    86aa:	f04f 23e0 	mov.w	r3, #3758153728	@ 0xe000e000
    86ae:	f04f 7280 	mov.w	r2, #16777216	@ 0x1000000
    86b2:	4812      	ldr	r0, [pc, #72]	@ (86fc <ego_main+0x6c>)
    86b4:	f8c3 2100 	str.w	r2, [r3, #256]	@ 0x100
    86b8:	eb00 0085 	add.w	r0, r0, r5, lsl #2
    86bc:	6885      	ldr	r5, [r0, #8]
	dio_ssp_init();
    86be:	f000 fd3b 	bl	9138 <dio_ssp_init>
	}

	ego_init();

	while (1) {
		if (requested_mode != MODE_EGO)
    86c2:	7823      	ldrb	r3, [r4, #0]
    86c4:	2b0d      	cmp	r3, #13
    86c6:	d10a      	bne.n	86de <ego_main+0x4e>
			break;
		handler[state.state](&state);
    86c8:	f89d 3004 	ldrb.w	r3, [sp, #4]
    86cc:	a801      	add	r0, sp, #4
    86ce:	f855 3023 	ldr.w	r3, [r5, r3, lsl #2]
    86d2:	4798      	blx	r3
		if (requested_mode != MODE_EGO)
    86d4:	e7f5      	b.n	86c2 <ego_main+0x32>
			requested_mode = MODE_IDLE;
    86d6:	2300      	movs	r3, #0
    86d8:	7023      	strb	r3, [r4, #0]
	}

	ego_deinit();
}
    86da:	b009      	add	sp, #36	@ 0x24
    86dc:	bd30      	pop	{r4, r5, pc}
	cc2400_strobe(SRFOFF);
    86de:	2064      	movs	r0, #100	@ 0x64
    86e0:	f000 fe41 	bl	9366 <cc2400_strobe>
	ssp_stop(); // TODO disable SSP
    86e4:	f7ff fda0 	bl	8228 <ssp_stop>
	ICER0 = ICER0_ICE_USB;
    86e8:	f04f 23e0 	mov.w	r3, #3758153728	@ 0xe000e000
    86ec:	f04f 7280 	mov.w	r2, #16777216	@ 0x1000000
    86f0:	f8c3 2180 	str.w	r2, [r3, #384]	@ 0x180
    86f4:	e7f1      	b.n	86da <ego_main+0x4a>
    86f6:	bf00      	nop
    86f8:	10000711 	.word	0x10000711
    86fc:	0000ac54 	.word	0x0000ac54

00008700 <rfcat_subcommand>:

/**
 * Process a subcommand for rfcat-like functionality.
 * Returns 1 on success, 0 on failure.
 */
int rfcat_subcommand(uint16_t cmd, uint8_t *body, int body_len) {
    8700:	b570      	push	{r4, r5, r6, lr}
	int i;
	switch (cmd) {
    8702:	2801      	cmp	r0, #1
    8704:	d003      	beq.n	870e <rfcat_subcommand+0xe>
    8706:	2802      	cmp	r0, #2
    8708:	d018      	beq.n	873c <rfcat_subcommand+0x3c>
		// set aa
		case RFCAT_SET_AA:
			if (body_len < 1 || body_len > 4)
				return 0;
    870a:	2000      	movs	r0, #0
    870c:	e015      	b.n	873a <rfcat_subcommand+0x3a>
			if (body_len < 1 || body_len > 4)
    870e:	1e53      	subs	r3, r2, #1
    8710:	2b03      	cmp	r3, #3
    8712:	d8fa      	bhi.n	870a <rfcat_subcommand+0xa>
			for (i = 0; i < 4; ++i) {
    8714:	2000      	movs	r0, #0
				access_code <<= 8;
				if (i < access_code_len)
    8716:	4b0c      	ldr	r3, [pc, #48]	@ (8748 <rfcat_subcommand+0x48>)
    8718:	689e      	ldr	r6, [r3, #8]
				access_code <<= 8;
    871a:	685c      	ldr	r4, [r3, #4]
				if (i < access_code_len)
    871c:	4286      	cmp	r6, r0
				access_code <<= 8;
    871e:	ea4f 2404 	mov.w	r4, r4, lsl #8
    8722:	605c      	str	r4, [r3, #4]
					access_code |= body[i];
    8724:	bfc8      	it	gt
    8726:	5c0d      	ldrbgt	r5, [r1, r0]
			for (i = 0; i < 4; ++i) {
    8728:	f100 0001 	add.w	r0, r0, #1
					access_code |= body[i];
    872c:	bfc4      	itt	gt
    872e:	432c      	orrgt	r4, r5
    8730:	605c      	strgt	r4, [r3, #4]
			for (i = 0; i < 4; ++i) {
    8732:	2804      	cmp	r0, #4
    8734:	d1f1      	bne.n	871a <rfcat_subcommand+0x1a>
			}
			access_code_len = body_len;
    8736:	609a      	str	r2, [r3, #8]

		default:
			// error
			return 0;
	}
	return 1;
    8738:	2001      	movs	r0, #1
}
    873a:	bd70      	pop	{r4, r5, r6, pc}
			if (body_len != 1)
    873c:	2a01      	cmp	r2, #1
    873e:	d1e4      	bne.n	870a <rfcat_subcommand+0xa>
			packet_len = body[0];
    8740:	780a      	ldrb	r2, [r1, #0]
    8742:	4b01      	ldr	r3, [pc, #4]	@ (8748 <rfcat_subcommand+0x48>)
    8744:	701a      	strb	r2, [r3, #0]
			break;
    8746:	e7f7      	b.n	8738 <rfcat_subcommand+0x38>
    8748:	1000063c 	.word	0x1000063c

0000874c <debug_uart_init>:
int debug_dma_active = 0;
char debug_buffer[256];

void debug_uart_init(int flow_control) {
	// power on UART1 peripheral
	PCONP |= PCONP_PCUART1;
    874c:	4a25      	ldr	r2, [pc, #148]	@ (87e4 <debug_uart_init+0x98>)
    874e:	f8d2 30c4 	ldr.w	r3, [r2, #196]	@ 0xc4
    8752:	f043 0310 	orr.w	r3, r3, #16
    8756:	f8c2 30c4 	str.w	r3, [r2, #196]	@ 0xc4

	// 8N1, enable access to divisor latches
	U1LCR = 0b10000011;
    875a:	2283      	movs	r2, #131	@ 0x83
    875c:	4b22      	ldr	r3, [pc, #136]	@ (87e8 <debug_uart_init+0x9c>)
    875e:	60da      	str	r2, [r3, #12]

	// divisor: 11, fractional: 3/13. final baud: 115,411
	U1DLL = 11;
    8760:	220b      	movs	r2, #11
    8762:	601a      	str	r2, [r3, #0]
	U1DLM = 0;
    8764:	2200      	movs	r2, #0
    8766:	605a      	str	r2, [r3, #4]
	U1FDR = (3 << 0) | (13 << 4);
    8768:	22d3      	movs	r2, #211	@ 0xd3
    876a:	629a      	str	r2, [r3, #40]	@ 0x28

	// block access to divisor latches
	U1LCR &= ~0b10000000;
    876c:	68da      	ldr	r2, [r3, #12]
    876e:	f022 0280 	bic.w	r2, r2, #128	@ 0x80
    8772:	60da      	str	r2, [r3, #12]

	// enable auto RTS/CTS
	if (flow_control)
    8774:	2800      	cmp	r0, #0
    8776:	d032      	beq.n	87de <debug_uart_init+0x92>
		U1MCR = 0b11000000;
    8778:	22c0      	movs	r2, #192	@ 0xc0
    877a:	611a      	str	r2, [r3, #16]
	else
		U1MCR = 0;

	// enable FIFO and DMA
	U1FCR = 0b1001;
    877c:	2209      	movs	r2, #9
    877e:	609a      	str	r2, [r3, #8]

	// set P0.15 as TXD1, with pullup
	PINSEL0  = (PINSEL0  & ~(0b11 << 30)) | (0b01 << 30);
    8780:	4b1a      	ldr	r3, [pc, #104]	@ (87ec <debug_uart_init+0xa0>)
    8782:	681a      	ldr	r2, [r3, #0]
    8784:	f022 4240 	bic.w	r2, r2, #3221225472	@ 0xc0000000
    8788:	f042 4280 	orr.w	r2, r2, #1073741824	@ 0x40000000
    878c:	601a      	str	r2, [r3, #0]
	PINMODE0 = (PINMODE0 & ~(0b11 << 30)) | (0b00 << 30);
    878e:	6c1a      	ldr	r2, [r3, #64]	@ 0x40
    8790:	f022 4240 	bic.w	r2, r2, #3221225472	@ 0xc0000000
    8794:	641a      	str	r2, [r3, #64]	@ 0x40

	// set P0.16 as RXD1, with pullup
	PINSEL1  = (PINSEL1  & ~(0b11 <<  0)) | (0b01 <<  0);
    8796:	685a      	ldr	r2, [r3, #4]
    8798:	f022 0203 	bic.w	r2, r2, #3
    879c:	f042 0201 	orr.w	r2, r2, #1
    87a0:	605a      	str	r2, [r3, #4]
	PINMODE1 = (PINMODE1 & ~(0b11 <<  0)) | (0b00 <<  0);
    87a2:	6c5a      	ldr	r2, [r3, #68]	@ 0x44
    87a4:	f022 0203 	bic.w	r2, r2, #3
    87a8:	645a      	str	r2, [r3, #68]	@ 0x44

	if (flow_control) {
    87aa:	b1b8      	cbz	r0, 87dc <debug_uart_init+0x90>
		// set P0.17 as CTS1, no pullup/down
		PINSEL1  = (PINSEL1  & ~(0b11 <<  2)) | (0b01 <<  2);
    87ac:	685a      	ldr	r2, [r3, #4]
    87ae:	f022 020c 	bic.w	r2, r2, #12
    87b2:	f042 0204 	orr.w	r2, r2, #4
    87b6:	605a      	str	r2, [r3, #4]
		PINMODE1 = (PINMODE1 & ~(0b11 <<  2)) | (0b10 <<  2);
    87b8:	6c5a      	ldr	r2, [r3, #68]	@ 0x44
    87ba:	f022 020c 	bic.w	r2, r2, #12
    87be:	f042 0208 	orr.w	r2, r2, #8
    87c2:	645a      	str	r2, [r3, #68]	@ 0x44

		// set P0.22 as RTS1, no pullup/down
		PINSEL1  = (PINSEL1  & ~(0b11 << 12)) | (0b01 << 12);
    87c4:	685a      	ldr	r2, [r3, #4]
    87c6:	f422 5240 	bic.w	r2, r2, #12288	@ 0x3000
    87ca:	f442 5280 	orr.w	r2, r2, #4096	@ 0x1000
    87ce:	605a      	str	r2, [r3, #4]
		PINMODE1 = (PINMODE1 & ~(0b11 << 12)) | (0b10 << 12);
    87d0:	6c5a      	ldr	r2, [r3, #68]	@ 0x44
    87d2:	f422 5240 	bic.w	r2, r2, #12288	@ 0x3000
    87d6:	f442 5200 	orr.w	r2, r2, #8192	@ 0x2000
    87da:	645a      	str	r2, [r3, #68]	@ 0x44
	}
}
    87dc:	4770      	bx	lr
		U1MCR = 0;
    87de:	6118      	str	r0, [r3, #16]
    87e0:	e7cc      	b.n	877c <debug_uart_init+0x30>
    87e2:	bf00      	nop
    87e4:	400fc000 	.word	0x400fc000
    87e8:	40010000 	.word	0x40010000
    87ec:	4002c000 	.word	0x4002c000

000087f0 <debug_printf>:
			DMACCxConfig_ITC  ; // allow terminal count interrupts

	DMACC7Config |= 1;
}

void debug_printf(char *fmt, ...) {
    87f0:	b40f      	push	{r0, r1, r2, r3}
    87f2:	b573      	push	{r0, r1, r4, r5, r6, lr}
	va_list ap;
	void *ret;

	// TODO warn user?
	if (debug_dma_active)
    87f4:	4e17      	ldr	r6, [pc, #92]	@ (8854 <debug_printf+0x64>)
    87f6:	6835      	ldr	r5, [r6, #0]
    87f8:	bb3d      	cbnz	r5, 884a <debug_printf+0x5a>
		return;
	debug_dma_active = 1;
    87fa:	4634      	mov	r4, r6
    87fc:	2301      	movs	r3, #1
    87fe:	f844 3b04 	str.w	r3, [r4], #4

	va_start(ap, fmt);
	tfp_vsnprintf(debug_buffer, sizeof(debug_buffer) - 1, fmt, ap);
    8802:	9a06      	ldr	r2, [sp, #24]
	va_start(ap, fmt);
    8804:	ab07      	add	r3, sp, #28
	tfp_vsnprintf(debug_buffer, sizeof(debug_buffer) - 1, fmt, ap);
    8806:	21ff      	movs	r1, #255	@ 0xff
    8808:	4620      	mov	r0, r4
	va_start(ap, fmt);
    880a:	9301      	str	r3, [sp, #4]
	tfp_vsnprintf(debug_buffer, sizeof(debug_buffer) - 1, fmt, ap);
    880c:	f000 fa5a 	bl	8cc4 <tfp_vsnprintf>
	va_end(ap);
	debug_buffer[sizeof(debug_buffer) - 1] = 0;

	size_t len = strlen(debug_buffer);
    8810:	4620      	mov	r0, r4
	debug_buffer[sizeof(debug_buffer) - 1] = 0;
    8812:	f886 5103 	strb.w	r5, [r6, #259]	@ 0x103
	size_t len = strlen(debug_buffer);
    8816:	f001 fc2b 	bl	a070 <strlen>
	DMACC7SrcAddr = (uint32_t)debug_buffer;
    881a:	4b0f      	ldr	r3, [pc, #60]	@ (8858 <debug_printf+0x68>)
	DMACC7DestAddr = (uint32_t)&U1THR;
    881c:	4a0f      	ldr	r2, [pc, #60]	@ (885c <debug_printf+0x6c>)
	DMACC7SrcAddr = (uint32_t)debug_buffer;
    881e:	f8c3 41e0 	str.w	r4, [r3, #480]	@ 0x1e0
	DMACC7DestAddr = (uint32_t)&U1THR;
    8822:	f8c3 21e4 	str.w	r2, [r3, #484]	@ 0x1e4
	DMACC7Config =
    8826:	f64c 2280 	movw	r2, #51840	@ 0xca80
			(0b000 << 12)    | // source burst: 1 byte
    882a:	f3c0 000b 	ubfx	r0, r0, #0, #12
			DMACCxControl_SI | // source increment
    882e:	f040 4004 	orr.w	r0, r0, #2214592512	@ 0x84000000
	DMACC7LLI = 0;
    8832:	f8c3 51e8 	str.w	r5, [r3, #488]	@ 0x1e8
	DMACC7Control =
    8836:	f8c3 01ec 	str.w	r0, [r3, #492]	@ 0x1ec
	DMACC7Config =
    883a:	f8c3 21f0 	str.w	r2, [r3, #496]	@ 0x1f0
	DMACC7Config |= 1;
    883e:	f8d3 21f0 	ldr.w	r2, [r3, #496]	@ 0x1f0
    8842:	f042 0201 	orr.w	r2, r2, #1
    8846:	f8c3 21f0 	str.w	r2, [r3, #496]	@ 0x1f0
	debug_send_dma(len);
}
    884a:	b002      	add	sp, #8
    884c:	e8bd 4070 	ldmia.w	sp!, {r4, r5, r6, lr}
    8850:	b004      	add	sp, #16
    8852:	4770      	bx	lr
    8854:	1000364c 	.word	0x1000364c
    8858:	50004000 	.word	0x50004000
    885c:	40010000 	.word	0x40010000

00008860 <ulli2a>:


#ifdef PRINTF_LONG_LONG_SUPPORT
static void _TFP_GCC_NO_INLINE_ ulli2a(
    unsigned long long int num, struct param *p)
{
    8860:	e92d 4ff7 	stmdb	sp!, {r0, r1, r2, r4, r5, r6, r7, r8, r9, sl, fp, lr}
    int n = 0;
    unsigned long long int d = 1;
    8864:	2501      	movs	r5, #1
    char *bf = p->bf;
    while (num / d >= p->base)
    8866:	e9d2 a603 	ldrd	sl, r6, [r2, #12]
{
    886a:	4607      	mov	r7, r0
    886c:	4688      	mov	r8, r1
    886e:	4691      	mov	r9, r2
    unsigned long long int d = 1;
    8870:	2400      	movs	r4, #0
    while (num / d >= p->base)
    8872:	462a      	mov	r2, r5
    8874:	4623      	mov	r3, r4
    8876:	4638      	mov	r0, r7
    8878:	4641      	mov	r1, r8
    887a:	f001 fa53 	bl	9d24 <__aeabi_uldivmod>
    887e:	4550      	cmp	r0, sl
    8880:	f171 0100 	sbcs.w	r1, r1, #0
    8884:	d209      	bcs.n	889a <ulli2a+0x3a>
    int n = 0;
    8886:	f04f 0a00 	mov.w	sl, #0
        d *= p->base;
    while (d != 0) {
    888a:	ea55 0304 	orrs.w	r3, r5, r4
    888e:	d10a      	bne.n	88a6 <ulli2a+0x46>
        if (n || dgt > 0 || d == 0) {
            *bf++ = dgt + (dgt < 10 ? '0' : (p->uc ? 'A' : 'a') - 10);
            ++n;
        }
    }
    *bf = 0;
    8890:	2300      	movs	r3, #0
    8892:	7033      	strb	r3, [r6, #0]
}
    8894:	b003      	add	sp, #12
    8896:	e8bd 8ff0 	ldmia.w	sp!, {r4, r5, r6, r7, r8, r9, sl, fp, pc}
        d *= p->base;
    889a:	fb0a f304 	mul.w	r3, sl, r4
    889e:	fba5 540a 	umull	r5, r4, r5, sl
    88a2:	441c      	add	r4, r3
    88a4:	e7e5      	b.n	8872 <ulli2a+0x12>
        int dgt = num / d;
    88a6:	4638      	mov	r0, r7
    88a8:	4641      	mov	r1, r8
    88aa:	462a      	mov	r2, r5
    88ac:	4623      	mov	r3, r4
    88ae:	f001 fa39 	bl	9d24 <__aeabi_uldivmod>
    88b2:	4617      	mov	r7, r2
        d /= p->base;
    88b4:	f8d9 200c 	ldr.w	r2, [r9, #12]
    88b8:	4683      	mov	fp, r0
    88ba:	4698      	mov	r8, r3
    88bc:	4628      	mov	r0, r5
    88be:	2300      	movs	r3, #0
    88c0:	4621      	mov	r1, r4
    88c2:	9201      	str	r2, [sp, #4]
    88c4:	f001 fa2e 	bl	9d24 <__aeabi_uldivmod>
        if (n || dgt > 0 || d == 0) {
    88c8:	f1ba 0f00 	cmp.w	sl, #0
    88cc:	d109      	bne.n	88e2 <ulli2a+0x82>
    88ce:	45d3      	cmp	fp, sl
    88d0:	dc07      	bgt.n	88e2 <ulli2a+0x82>
    88d2:	9a01      	ldr	r2, [sp, #4]
    88d4:	4295      	cmp	r5, r2
    88d6:	f174 0400 	sbcs.w	r4, r4, #0
    88da:	d312      	bcc.n	8902 <ulli2a+0xa2>
            *bf++ = dgt + (dgt < 10 ? '0' : (p->uc ? 'A' : 'a') - 10);
    88dc:	4605      	mov	r5, r0
    88de:	460c      	mov	r4, r1
    88e0:	e7d3      	b.n	888a <ulli2a+0x2a>
    88e2:	f1bb 0f09 	cmp.w	fp, #9
    88e6:	dd0c      	ble.n	8902 <ulli2a+0xa2>
    88e8:	f899 3000 	ldrb.w	r3, [r9]
    88ec:	f013 0f04 	tst.w	r3, #4
    88f0:	bf0c      	ite	eq
    88f2:	2357      	moveq	r3, #87	@ 0x57
    88f4:	2337      	movne	r3, #55	@ 0x37
    88f6:	445b      	add	r3, fp
    88f8:	f806 3b01 	strb.w	r3, [r6], #1
            ++n;
    88fc:	f10a 0a01 	add.w	sl, sl, #1
    8900:	e7ec      	b.n	88dc <ulli2a+0x7c>
            *bf++ = dgt + (dgt < 10 ? '0' : (p->uc ? 'A' : 'a') - 10);
    8902:	2330      	movs	r3, #48	@ 0x30
    8904:	e7f7      	b.n	88f6 <ulli2a+0x96>

00008906 <ui2a>:
}
#endif

#ifdef PRINTF_LONG_SUPPORT
static void uli2a(unsigned long int num, struct param *p)
{
    8906:	b5f0      	push	{r4, r5, r6, r7, lr}
    int n = 0;
    unsigned long int d = 1;
    8908:	2301      	movs	r3, #1
    char *bf = p->bf;
    while (num / d >= p->base)
    890a:	e9d1 4203 	ldrd	r4, r2, [r1, #12]
    890e:	fbb0 f5f3 	udiv	r5, r0, r3
    8912:	42a5      	cmp	r5, r4
    8914:	d203      	bcs.n	891e <ui2a+0x18>
    int n = 0;
    8916:	2500      	movs	r5, #0
        d *= p->base;
    while (d != 0) {
    8918:	b91b      	cbnz	r3, 8922 <ui2a+0x1c>
        if (n || dgt > 0 || d == 0) {
            *bf++ = dgt + (dgt < 10 ? '0' : (p->uc ? 'A' : 'a') - 10);
            ++n;
        }
    }
    *bf = 0;
    891a:	7013      	strb	r3, [r2, #0]
}
    891c:	bdf0      	pop	{r4, r5, r6, r7, pc}
        d *= p->base;
    891e:	4363      	muls	r3, r4
    8920:	e7f5      	b.n	890e <ui2a+0x8>
        int dgt = num / d;
    8922:	fbb0 f4f3 	udiv	r4, r0, r3
        d /= p->base;
    8926:	68ce      	ldr	r6, [r1, #12]
        num %= d;
    8928:	fb03 0014 	mls	r0, r3, r4, r0
        d /= p->base;
    892c:	fbb3 f7f6 	udiv	r7, r3, r6
        if (n || dgt > 0 || d == 0) {
    8930:	b92d      	cbnz	r5, 893e <ui2a+0x38>
    8932:	42ac      	cmp	r4, r5
    8934:	dc03      	bgt.n	893e <ui2a+0x38>
    8936:	429e      	cmp	r6, r3
    8938:	d80e      	bhi.n	8958 <ui2a+0x52>
            *bf++ = dgt + (dgt < 10 ? '0' : (p->uc ? 'A' : 'a') - 10);
    893a:	463b      	mov	r3, r7
    893c:	e7ec      	b.n	8918 <ui2a+0x12>
    893e:	2c09      	cmp	r4, #9
    8940:	dd0a      	ble.n	8958 <ui2a+0x52>
    8942:	780b      	ldrb	r3, [r1, #0]
    8944:	f013 0f04 	tst.w	r3, #4
    8948:	bf0c      	ite	eq
    894a:	2357      	moveq	r3, #87	@ 0x57
    894c:	2337      	movne	r3, #55	@ 0x37
    894e:	4423      	add	r3, r4
    8950:	f802 3b01 	strb.w	r3, [r2], #1
            ++n;
    8954:	3501      	adds	r5, #1
    8956:	e7f0      	b.n	893a <ui2a+0x34>
            *bf++ = dgt + (dgt < 10 ? '0' : (p->uc ? 'A' : 'a') - 10);
    8958:	2330      	movs	r3, #48	@ 0x30
    895a:	e7f8      	b.n	894e <ui2a+0x48>

0000895c <putchw>:
    *nump = num;
    return ch;
}

static void putchw(void *putp, putcf putf, struct param *p)
{
    895c:	e92d 41f0 	stmdb	sp!, {r4, r5, r6, r7, r8, lr}
    8960:	4606      	mov	r6, r0
    8962:	460f      	mov	r7, r1
    8964:	4615      	mov	r5, r2
    8966:	6913      	ldr	r3, [r2, #16]
    char ch;
    int n = p->width;
    8968:	6854      	ldr	r4, [r2, #4]
    char *bf = p->bf;

    /* Number of filling characters */
    while (*bf++ && n > 0)
    896a:	3b01      	subs	r3, #1
    896c:	f813 2f01 	ldrb.w	r2, [r3, #1]!
    8970:	b10a      	cbz	r2, 8976 <putchw+0x1a>
    8972:	2c00      	cmp	r4, #0
    8974:	dc45      	bgt.n	8a02 <putchw+0xa6>
        n--;
    if (p->sign)
    8976:	7a2b      	ldrb	r3, [r5, #8]
    8978:	b103      	cbz	r3, 897c <putchw+0x20>
        n--;
    897a:	3c01      	subs	r4, #1
    if (p->alt && p->base == 16)
    897c:	782b      	ldrb	r3, [r5, #0]
    897e:	0799      	lsls	r1, r3, #30
    8980:	d503      	bpl.n	898a <putchw+0x2e>
    8982:	68ea      	ldr	r2, [r5, #12]
    8984:	2a10      	cmp	r2, #16
    8986:	d13e      	bne.n	8a06 <putchw+0xaa>
        n -= 2;
    8988:	3c02      	subs	r4, #2
    else if (p->alt && p->base == 8)
        n--;

    /* Fill with space to align to the right, before alternate or sign */
    if (!p->lz && !p->align_left) {
    898a:	f013 0f09 	tst.w	r3, #9
    898e:	d108      	bne.n	89a2 <putchw+0x46>
    8990:	46a0      	mov	r8, r4
        while (n-- > 0)
    8992:	f1b8 0f00 	cmp.w	r8, #0
    8996:	dc3b      	bgt.n	8a10 <putchw+0xb4>
    8998:	1e63      	subs	r3, r4, #1
    899a:	2c00      	cmp	r4, #0
    899c:	bfb4      	ite	lt
    899e:	461c      	movlt	r4, r3
    89a0:	1b1c      	subge	r4, r3, r4
            putf(putp, ' ');
    }

    /* print sign */
    if (p->sign)
    89a2:	7a29      	ldrb	r1, [r5, #8]
    89a4:	b109      	cbz	r1, 89aa <putchw+0x4e>
        putf(putp, p->sign);
    89a6:	4630      	mov	r0, r6
    89a8:	47b8      	blx	r7

    /* Alternate */
    if (p->alt && p->base == 16) {
    89aa:	782b      	ldrb	r3, [r5, #0]
    89ac:	079a      	lsls	r2, r3, #30
    89ae:	d50d      	bpl.n	89cc <putchw+0x70>
    89b0:	68eb      	ldr	r3, [r5, #12]
    89b2:	2b10      	cmp	r3, #16
    89b4:	d132      	bne.n	8a1c <putchw+0xc0>
        putf(putp, '0');
    89b6:	2130      	movs	r1, #48	@ 0x30
    89b8:	4630      	mov	r0, r6
    89ba:	47b8      	blx	r7
        putf(putp, (p->uc ? 'X' : 'x'));
    89bc:	782b      	ldrb	r3, [r5, #0]
    89be:	f013 0f04 	tst.w	r3, #4
    89c2:	bf0c      	ite	eq
    89c4:	2178      	moveq	r1, #120	@ 0x78
    89c6:	2158      	movne	r1, #88	@ 0x58
    } else if (p->alt && p->base == 8) {
        putf(putp, '0');
    89c8:	4630      	mov	r0, r6
    89ca:	47b8      	blx	r7
    }

    /* Fill with zeros, after alternate or sign */
    if (p->lz) {
    89cc:	782b      	ldrb	r3, [r5, #0]
    89ce:	07db      	lsls	r3, r3, #31
    89d0:	d508      	bpl.n	89e4 <putchw+0x88>
    89d2:	46a0      	mov	r8, r4
        while (n-- > 0)
    89d4:	f1b8 0f00 	cmp.w	r8, #0
    89d8:	dc24      	bgt.n	8a24 <putchw+0xc8>
    89da:	1e63      	subs	r3, r4, #1
    89dc:	2c00      	cmp	r4, #0
    89de:	bfb4      	ite	lt
    89e0:	461c      	movlt	r4, r3
    89e2:	1b1c      	subge	r4, r3, r4
            putf(putp, '0');
    }

    /* Put actual buffer */
    bf = p->bf;
    while ((ch = *bf++))
    89e4:	692b      	ldr	r3, [r5, #16]
    89e6:	f103 38ff 	add.w	r8, r3, #4294967295	@ 0xffffffff
    89ea:	f818 1f01 	ldrb.w	r1, [r8, #1]!
    89ee:	b9f9      	cbnz	r1, 8a30 <putchw+0xd4>
        putf(putp, ch);

    /* Fill with space to align to the left, after string */
    if (!p->lz && p->align_left) {
    89f0:	782b      	ldrb	r3, [r5, #0]
    89f2:	f003 0309 	and.w	r3, r3, #9
    89f6:	2b08      	cmp	r3, #8
    89f8:	d101      	bne.n	89fe <putchw+0xa2>
        while (n-- > 0)
    89fa:	2c00      	cmp	r4, #0
    89fc:	dc1b      	bgt.n	8a36 <putchw+0xda>
            putf(putp, ' ');
    }
}
    89fe:	e8bd 81f0 	ldmia.w	sp!, {r4, r5, r6, r7, r8, pc}
        n--;
    8a02:	3c01      	subs	r4, #1
    8a04:	e7b2      	b.n	896c <putchw+0x10>
    else if (p->alt && p->base == 8)
    8a06:	2a08      	cmp	r2, #8
        n--;
    8a08:	bf08      	it	eq
    8a0a:	f104 34ff 	addeq.w	r4, r4, #4294967295	@ 0xffffffff
    8a0e:	e7bc      	b.n	898a <putchw+0x2e>
            putf(putp, ' ');
    8a10:	2120      	movs	r1, #32
    8a12:	4630      	mov	r0, r6
    8a14:	47b8      	blx	r7
    8a16:	f108 38ff 	add.w	r8, r8, #4294967295	@ 0xffffffff
    8a1a:	e7ba      	b.n	8992 <putchw+0x36>
    } else if (p->alt && p->base == 8) {
    8a1c:	2b08      	cmp	r3, #8
    8a1e:	d1d5      	bne.n	89cc <putchw+0x70>
        putf(putp, '0');
    8a20:	2130      	movs	r1, #48	@ 0x30
    8a22:	e7d1      	b.n	89c8 <putchw+0x6c>
            putf(putp, '0');
    8a24:	2130      	movs	r1, #48	@ 0x30
    8a26:	4630      	mov	r0, r6
    8a28:	47b8      	blx	r7
    8a2a:	f108 38ff 	add.w	r8, r8, #4294967295	@ 0xffffffff
    8a2e:	e7d1      	b.n	89d4 <putchw+0x78>
        putf(putp, ch);
    8a30:	4630      	mov	r0, r6
    8a32:	47b8      	blx	r7
    8a34:	e7d9      	b.n	89ea <putchw+0x8e>
            putf(putp, ' ');
    8a36:	2120      	movs	r1, #32
    8a38:	4630      	mov	r0, r6
        while (n-- > 0)
    8a3a:	3c01      	subs	r4, #1
            putf(putp, ' ');
    8a3c:	47b8      	blx	r7
    8a3e:	e7dc      	b.n	89fa <putchw+0x9e>

00008a40 <_vsnprintf_putcf>:
};

static void _vsnprintf_putcf(void *p, char c)
{
  struct _vsnprintf_putcf_data *data = (struct _vsnprintf_putcf_data*)p;
  if (data->num_chars < data->dest_capacity)
    8a40:	6883      	ldr	r3, [r0, #8]
    8a42:	6802      	ldr	r2, [r0, #0]
    8a44:	4293      	cmp	r3, r2
    data->dest[data->num_chars] = c;
    8a46:	bf3c      	itt	cc
    8a48:	6842      	ldrcc	r2, [r0, #4]
    8a4a:	54d1      	strbcc	r1, [r2, r3]
  data->num_chars ++;
    8a4c:	6883      	ldr	r3, [r0, #8]
    8a4e:	3301      	adds	r3, #1
    8a50:	6083      	str	r3, [r0, #8]
}
    8a52:	4770      	bx	lr

00008a54 <tfp_format>:
{
    8a54:	e92d 47f0 	stmdb	sp!, {r4, r5, r6, r7, r8, r9, sl, lr}
    8a58:	b08c      	sub	sp, #48	@ 0x30
            p.width = 0;
    8a5a:	f04f 0900 	mov.w	r9, #0
{
    8a5e:	4606      	mov	r6, r0
    8a60:	460f      	mov	r7, r1
    8a62:	4615      	mov	r5, r2
    8a64:	461c      	mov	r4, r3
    p.bf = bf;
    8a66:	f10d 0818 	add.w	r8, sp, #24
    8a6a:	f8cd 8014 	str.w	r8, [sp, #20]
    while ((ch = *(fmt++))) {
    8a6e:	f895 a000 	ldrb.w	sl, [r5]
    8a72:	f1ba 0f00 	cmp.w	sl, #0
    8a76:	d066      	beq.n	8b46 <tfp_format+0xf2>
        if (ch != '%') {
    8a78:	f1ba 0f25 	cmp.w	sl, #37	@ 0x25
    while ((ch = *(fmt++))) {
    8a7c:	f105 0501 	add.w	r5, r5, #1
        if (ch != '%') {
    8a80:	d009      	beq.n	8a96 <tfp_format+0x42>
			if (ch == '\n')
    8a82:	f1ba 0f0a 	cmp.w	sl, #10
    8a86:	d102      	bne.n	8a8e <tfp_format+0x3a>
				putf(putp, '\r');
    8a88:	210d      	movs	r1, #13
    8a8a:	4630      	mov	r0, r6
    8a8c:	47b8      	blx	r7
            putf(putp, ch);
    8a8e:	4651      	mov	r1, sl
                putf(putp, ch);
    8a90:	4630      	mov	r0, r6
    8a92:	47b8      	blx	r7
    8a94:	e7eb      	b.n	8a6e <tfp_format+0x1a>
            p.lz = 0;
    8a96:	f89d 3004 	ldrb.w	r3, [sp, #4]
            p.width = 0;
    8a9a:	f8cd 9008 	str.w	r9, [sp, #8]
            p.lz = 0;
    8a9e:	f023 030b 	bic.w	r3, r3, #11
    8aa2:	f88d 3004 	strb.w	r3, [sp, #4]
            p.sign = 0;
    8aa6:	f88d 900c 	strb.w	r9, [sp, #12]
            while ((ch = *(fmt++))) {
    8aaa:	f815 1b01 	ldrb.w	r1, [r5], #1
    8aae:	b909      	cbnz	r1, 8ab4 <tfp_format+0x60>
            char lng = 0;  /* 1 for long, 2 for long long */
    8ab0:	2300      	movs	r3, #0
    8ab2:	e03d      	b.n	8b30 <tfp_format+0xdc>
                switch (ch) {
    8ab4:	292d      	cmp	r1, #45	@ 0x2d
    8ab6:	d00a      	beq.n	8ace <tfp_format+0x7a>
    8ab8:	2930      	cmp	r1, #48	@ 0x30
    8aba:	d00f      	beq.n	8adc <tfp_format+0x88>
    8abc:	2923      	cmp	r1, #35	@ 0x23
    8abe:	d012      	beq.n	8ae6 <tfp_format+0x92>
            if (ch >= '0' && ch <= '9') {
    8ac0:	f1a1 0330 	sub.w	r3, r1, #48	@ 0x30
    8ac4:	2b09      	cmp	r3, #9
    8ac6:	d842      	bhi.n	8b4e <tfp_format+0xfa>
    unsigned int num = 0;
    8ac8:	2200      	movs	r2, #0
        num = num * base + digit;
    8aca:	200a      	movs	r0, #10
    8acc:	e01c      	b.n	8b08 <tfp_format+0xb4>
                    p.align_left = 1;
    8ace:	f89d 3004 	ldrb.w	r3, [sp, #4]
    8ad2:	f043 0308 	orr.w	r3, r3, #8
                    p.alt = 1;
    8ad6:	f88d 3004 	strb.w	r3, [sp, #4]
                    continue;
    8ada:	e7e6      	b.n	8aaa <tfp_format+0x56>
                    p.lz = 1;
    8adc:	f89d 3004 	ldrb.w	r3, [sp, #4]
    8ae0:	f043 0301 	orr.w	r3, r3, #1
    8ae4:	e7f7      	b.n	8ad6 <tfp_format+0x82>
                    p.alt = 1;
    8ae6:	f89d 3004 	ldrb.w	r3, [sp, #4]
    8aea:	f043 0302 	orr.w	r3, r3, #2
    8aee:	e7f2      	b.n	8ad6 <tfp_format+0x82>
    else if (ch >= 'A' && ch <= 'F')
    8af0:	f1a1 0341 	sub.w	r3, r1, #65	@ 0x41
    8af4:	2b05      	cmp	r3, #5
    8af6:	d829      	bhi.n	8b4c <tfp_format+0xf8>
        return ch - 'A' + 10;
    8af8:	f1a1 0337 	sub.w	r3, r1, #55	@ 0x37
        if (digit > base)
    8afc:	2b0a      	cmp	r3, #10
    8afe:	d111      	bne.n	8b24 <tfp_format+0xd0>
        num = num * base + digit;
    8b00:	fb00 3202 	mla	r2, r0, r2, r3
        ch = *p++;
    8b04:	f815 1b01 	ldrb.w	r1, [r5], #1
    if (ch >= '0' && ch <= '9')
    8b08:	f1a1 0330 	sub.w	r3, r1, #48	@ 0x30
    8b0c:	fa5f fc83 	uxtb.w	ip, r3
    8b10:	f1bc 0f09 	cmp.w	ip, #9
    8b14:	d9f4      	bls.n	8b00 <tfp_format+0xac>
    else if (ch >= 'a' && ch <= 'f')
    8b16:	f1a1 0361 	sub.w	r3, r1, #97	@ 0x61
    8b1a:	2b05      	cmp	r3, #5
    8b1c:	d8e8      	bhi.n	8af0 <tfp_format+0x9c>
        return ch - 'a' + 10;
    8b1e:	f1a1 0357 	sub.w	r3, r1, #87	@ 0x57
    8b22:	e7eb      	b.n	8afc <tfp_format+0xa8>
    *nump = num;
    8b24:	9202      	str	r2, [sp, #8]
            if (ch == 'z') {
    8b26:	297a      	cmp	r1, #122	@ 0x7a
    8b28:	d120      	bne.n	8b6c <tfp_format+0x118>
                ch = *(fmt++);
    8b2a:	f815 1b01 	ldrb.w	r1, [r5], #1
                lng = 1;
    8b2e:	2301      	movs	r3, #1
            switch (ch) {
    8b30:	2978      	cmp	r1, #120	@ 0x78
    8b32:	d89c      	bhi.n	8a6e <tfp_format+0x1a>
    8b34:	2962      	cmp	r1, #98	@ 0x62
    8b36:	d824      	bhi.n	8b82 <tfp_format+0x12e>
    8b38:	2925      	cmp	r1, #37	@ 0x25
    8b3a:	d0a9      	beq.n	8a90 <tfp_format+0x3c>
    8b3c:	2958      	cmp	r1, #88	@ 0x58
    8b3e:	f000 8092 	beq.w	8c66 <tfp_format+0x212>
    8b42:	2900      	cmp	r1, #0
    8b44:	d193      	bne.n	8a6e <tfp_format+0x1a>
}
    8b46:	b00c      	add	sp, #48	@ 0x30
    8b48:	e8bd 87f0 	ldmia.w	sp!, {r4, r5, r6, r7, r8, r9, sl, pc}
    *nump = num;
    8b4c:	9202      	str	r2, [sp, #8]
            if (ch == '.') {
    8b4e:	292e      	cmp	r1, #46	@ 0x2e
    8b50:	d1e9      	bne.n	8b26 <tfp_format+0xd2>
              p.lz = 1;  /* zero-padding */
    8b52:	f89d 3004 	ldrb.w	r3, [sp, #4]
    8b56:	f043 0301 	orr.w	r3, r3, #1
    8b5a:	f88d 3004 	strb.w	r3, [sp, #4]
                ch = *(fmt++);
    8b5e:	f815 1b01 	ldrb.w	r1, [r5], #1
              } while ((ch >= '0') && (ch <= '9'));
    8b62:	f1a1 0330 	sub.w	r3, r1, #48	@ 0x30
    8b66:	2b09      	cmp	r3, #9
    8b68:	d9f9      	bls.n	8b5e <tfp_format+0x10a>
    8b6a:	e7dc      	b.n	8b26 <tfp_format+0xd2>
            if (ch == 'l') {
    8b6c:	296c      	cmp	r1, #108	@ 0x6c
    8b6e:	d19f      	bne.n	8ab0 <tfp_format+0x5c>
                ch = *(fmt++);
    8b70:	7829      	ldrb	r1, [r5, #0]
                if (ch == 'l') {
    8b72:	296c      	cmp	r1, #108	@ 0x6c
    8b74:	d001      	beq.n	8b7a <tfp_format+0x126>
                ch = *(fmt++);
    8b76:	3501      	adds	r5, #1
    8b78:	e7d9      	b.n	8b2e <tfp_format+0xda>
                  ch = *(fmt++);
    8b7a:	7869      	ldrb	r1, [r5, #1]
                  lng = 2;
    8b7c:	2302      	movs	r3, #2
                  ch = *(fmt++);
    8b7e:	3502      	adds	r5, #2
    8b80:	e7d6      	b.n	8b30 <tfp_format+0xdc>
            switch (ch) {
    8b82:	f1a1 0263 	sub.w	r2, r1, #99	@ 0x63
    8b86:	2a15      	cmp	r2, #21
    8b88:	f63f af71 	bhi.w	8a6e <tfp_format+0x1a>
    8b8c:	a001      	add	r0, pc, #4	@ (adr r0, 8b94 <tfp_format+0x140>)
    8b8e:	f850 f022 	ldr.w	pc, [r0, r2, lsl #2]
    8b92:	bf00      	nop
    8b94:	00008ca9 	.word	0x00008ca9
    8b98:	00008c03 	.word	0x00008c03
    8b9c:	00008a6f 	.word	0x00008a6f
    8ba0:	00008a6f 	.word	0x00008a6f
    8ba4:	00008a6f 	.word	0x00008a6f
    8ba8:	00008a6f 	.word	0x00008a6f
    8bac:	00008c03 	.word	0x00008c03
    8bb0:	00008a6f 	.word	0x00008a6f
    8bb4:	00008a6f 	.word	0x00008a6f
    8bb8:	00008a6f 	.word	0x00008a6f
    8bbc:	00008a6f 	.word	0x00008a6f
    8bc0:	00008a6f 	.word	0x00008a6f
    8bc4:	00008c97 	.word	0x00008c97
    8bc8:	00008c59 	.word	0x00008c59
    8bcc:	00008a6f 	.word	0x00008a6f
    8bd0:	00008a6f 	.word	0x00008a6f
    8bd4:	00008caf 	.word	0x00008caf
    8bd8:	00008a6f 	.word	0x00008a6f
    8bdc:	00008bed 	.word	0x00008bed
    8be0:	00008a6f 	.word	0x00008a6f
    8be4:	00008a6f 	.word	0x00008a6f
    8be8:	00008c67 	.word	0x00008c67
                p.base = 10;
    8bec:	220a      	movs	r2, #10
    8bee:	9204      	str	r2, [sp, #16]
                if (2 == lng)
    8bf0:	2b02      	cmp	r3, #2
    8bf2:	d145      	bne.n	8c80 <tfp_format+0x22c>
                    ulli2a(va_arg(va, unsigned long long int), &p);
    8bf4:	3407      	adds	r4, #7
    8bf6:	f024 0407 	bic.w	r4, r4, #7
    8bfa:	aa01      	add	r2, sp, #4
    8bfc:	e8f4 0102 	ldrd	r0, r1, [r4], #8
    8c00:	e013      	b.n	8c2a <tfp_format+0x1d6>
                p.base = 10;
    8c02:	220a      	movs	r2, #10
                if (2 == lng)
    8c04:	2b02      	cmp	r3, #2
                p.base = 10;
    8c06:	9204      	str	r2, [sp, #16]
                if (2 == lng)
    8c08:	d112      	bne.n	8c30 <tfp_format+0x1dc>
                    lli2a(va_arg(va, long long int), &p);
    8c0a:	1de3      	adds	r3, r4, #7
    8c0c:	f023 0307 	bic.w	r3, r3, #7
    8c10:	461c      	mov	r4, r3
    8c12:	6859      	ldr	r1, [r3, #4]
    8c14:	f854 0b08 	ldr.w	r0, [r4], #8
    if (num < 0) {
    8c18:	2900      	cmp	r1, #0
    8c1a:	da05      	bge.n	8c28 <tfp_format+0x1d4>
        p->sign = '-';
    8c1c:	232d      	movs	r3, #45	@ 0x2d
        num = -num;
    8c1e:	4240      	negs	r0, r0
    8c20:	eb61 0141 	sbc.w	r1, r1, r1, lsl #1
        p->sign = '-';
    8c24:	f88d 300c 	strb.w	r3, [sp, #12]
    ulli2a(num, p);
    8c28:	aa01      	add	r2, sp, #4
                    ulli2a(va_arg(va, unsigned long long int), &p);
    8c2a:	f7ff fe19 	bl	8860 <ulli2a>
    8c2e:	e00d      	b.n	8c4c <tfp_format+0x1f8>
                    li2a(va_arg(va, long int), &p);
    8c30:	6820      	ldr	r0, [r4, #0]
                    uli2a(va_arg(va, unsigned long int), &p);
    8c32:	f104 0a04 	add.w	sl, r4, #4
    if (num < 0) {
    8c36:	2800      	cmp	r0, #0
        p->sign = '-';
    8c38:	bfbc      	itt	lt
    8c3a:	232d      	movlt	r3, #45	@ 0x2d
        num = -num;
    8c3c:	4240      	neglt	r0, r0
    uli2a(num, p);
    8c3e:	a901      	add	r1, sp, #4
        p->sign = '-';
    8c40:	bfb8      	it	lt
    8c42:	f88d 300c 	strblt.w	r3, [sp, #12]
                    li2a(va_arg(va, long int), &p);
    8c46:	4654      	mov	r4, sl
    uli2a(num, p);
    8c48:	f7ff fe5d 	bl	8906 <ui2a>
                putchw(putp, putf, &p);
    8c4c:	aa01      	add	r2, sp, #4
                putchw(putp, putf, &p);
    8c4e:	4639      	mov	r1, r7
    8c50:	4630      	mov	r0, r6
    8c52:	f7ff fe83 	bl	895c <putchw>
                break;
    8c56:	e70a      	b.n	8a6e <tfp_format+0x1a>
                p.alt = 1;
    8c58:	f89d 3004 	ldrb.w	r3, [sp, #4]
    8c5c:	f043 0302 	orr.w	r3, r3, #2
    8c60:	f88d 3004 	strb.w	r3, [sp, #4]
                lng = 0;
    8c64:	2300      	movs	r3, #0
                p.base = 16;
    8c66:	2210      	movs	r2, #16
    8c68:	9204      	str	r2, [sp, #16]
                p.uc = (ch == 'X')?1:0;
    8c6a:	f1a1 0258 	sub.w	r2, r1, #88	@ 0x58
    8c6e:	4251      	negs	r1, r2
    8c70:	4151      	adcs	r1, r2
    8c72:	f89d 2004 	ldrb.w	r2, [sp, #4]
    8c76:	f361 0282 	bfi	r2, r1, #2, #1
    8c7a:	f88d 2004 	strb.w	r2, [sp, #4]
    8c7e:	e7b7      	b.n	8bf0 <tfp_format+0x19c>
                  if (1 == lng)
    8c80:	2b01      	cmp	r3, #1
                    li2a(va_arg(va, long int), &p);
    8c82:	f854 0b04 	ldr.w	r0, [r4], #4
                    uli2a(va_arg(va, unsigned long int), &p);
    8c86:	a901      	add	r1, sp, #4
                  if (1 == lng)
    8c88:	d102      	bne.n	8c90 <tfp_format+0x23c>
                    uli2a(va_arg(va, unsigned long int), &p);
    8c8a:	f7ff fe3c 	bl	8906 <ui2a>
    8c8e:	e7dd      	b.n	8c4c <tfp_format+0x1f8>
                    ui2a(va_arg(va, unsigned int), &p);
    8c90:	f7ff fe39 	bl	8906 <ui2a>
    8c94:	e7da      	b.n	8c4c <tfp_format+0x1f8>
                p.base = 8;
    8c96:	2308      	movs	r3, #8
                ui2a(va_arg(va, unsigned int), &p);
    8c98:	a901      	add	r1, sp, #4
    8c9a:	f854 0b04 	ldr.w	r0, [r4], #4
                p.base = 8;
    8c9e:	9304      	str	r3, [sp, #16]
                ui2a(va_arg(va, unsigned int), &p);
    8ca0:	f7ff fe31 	bl	8906 <ui2a>
                putchw(putp, putf, &p);
    8ca4:	460a      	mov	r2, r1
    8ca6:	e7d2      	b.n	8c4e <tfp_format+0x1fa>
                putf(putp, (char)(va_arg(va, int)));
    8ca8:	f814 1b04 	ldrb.w	r1, [r4], #4
    8cac:	e6f0      	b.n	8a90 <tfp_format+0x3c>
                p.bf = va_arg(va, char *);
    8cae:	f854 3b04 	ldr.w	r3, [r4], #4
                putchw(putp, putf, &p);
    8cb2:	4639      	mov	r1, r7
    8cb4:	4630      	mov	r0, r6
    8cb6:	aa01      	add	r2, sp, #4
                p.bf = va_arg(va, char *);
    8cb8:	9305      	str	r3, [sp, #20]
                putchw(putp, putf, &p);
    8cba:	f7ff fe4f 	bl	895c <putchw>
                p.bf = bf;
    8cbe:	f8cd 8014 	str.w	r8, [sp, #20]
                break;
    8cc2:	e6d4      	b.n	8a6e <tfp_format+0x1a>

00008cc4 <tfp_vsnprintf>:

int tfp_vsnprintf(char *str, size_t size, const char *format, va_list ap)
{
    8cc4:	b51f      	push	{r0, r1, r2, r3, r4, lr}
  struct _vsnprintf_putcf_data data;

  if (size < 1)
    8cc6:	2400      	movs	r4, #0
    8cc8:	b189      	cbz	r1, 8cee <tfp_vsnprintf+0x2a>
    return 0;

  data.dest = str;
  data.dest_capacity = size-1;
    8cca:	3901      	subs	r1, #1
  data.dest = str;
    8ccc:	9002      	str	r0, [sp, #8]
  data.dest_capacity = size-1;
    8cce:	9101      	str	r1, [sp, #4]
  data.num_chars = 0;
  tfp_format(&data, _vsnprintf_putcf, format, ap);
    8cd0:	a801      	add	r0, sp, #4
    8cd2:	4908      	ldr	r1, [pc, #32]	@ (8cf4 <tfp_vsnprintf+0x30>)
  data.num_chars = 0;
    8cd4:	9403      	str	r4, [sp, #12]
  tfp_format(&data, _vsnprintf_putcf, format, ap);
    8cd6:	f7ff febd 	bl	8a54 <tfp_format>

  if (data.num_chars < data.dest_capacity)
    data.dest[data.num_chars] = '\0';
    8cda:	e9dd 3201 	ldrd	r3, r2, [sp, #4]
  if (data.num_chars < data.dest_capacity)
    8cde:	9903      	ldr	r1, [sp, #12]
    8ce0:	4299      	cmp	r1, r3
    data.dest[data.num_chars] = '\0';
    8ce2:	bf34      	ite	cc
    8ce4:	5454      	strbcc	r4, [r2, r1]
  else
    data.dest[data.dest_capacity] = '\0';
    8ce6:	54d4      	strbcs	r4, [r2, r3]

  return data.num_chars;
    8ce8:	9803      	ldr	r0, [sp, #12]
}
    8cea:	b004      	add	sp, #16
    8cec:	bd10      	pop	{r4, pc}
    return 0;
    8cee:	4608      	mov	r0, r1
    8cf0:	e7fb      	b.n	8cea <tfp_vsnprintf+0x26>
    8cf2:	bf00      	nop
    8cf4:	00008a41 	.word	0x00008a41

00008cf8 <delay_30ms>:
 */

#include "ubertooth.h"

// delay for about 30 ms (very rough)
static void delay_30ms(void) {
    8cf8:	b082      	sub	sp, #8
	volatile int i;
	for (i = 0; i < 3000000; ++i)
    8cfa:	2300      	movs	r3, #0
    8cfc:	4a05      	ldr	r2, [pc, #20]	@ (8d14 <delay_30ms+0x1c>)
    8cfe:	9301      	str	r3, [sp, #4]
    8d00:	9b01      	ldr	r3, [sp, #4]
    8d02:	4293      	cmp	r3, r2
    8d04:	dd01      	ble.n	8d0a <delay_30ms+0x12>
		;
}
    8d06:	b002      	add	sp, #8
    8d08:	4770      	bx	lr
	for (i = 0; i < 3000000; ++i)
    8d0a:	9b01      	ldr	r3, [sp, #4]
    8d0c:	3301      	adds	r3, #1
    8d0e:	9301      	str	r3, [sp, #4]
    8d10:	e7f6      	b.n	8d00 <delay_30ms+0x8>
    8d12:	bf00      	nop
    8d14:	002dc6bf 	.word	0x002dc6bf

00008d18 <flash_leds>:

// flash LEDs a certain number of times
static void flash_leds(int count) {
    8d18:	b5f8      	push	{r3, r4, r5, r6, r7, lr}
	int i;

	for (i = 0; i < count; ++i) {
    8d1a:	2400      	movs	r4, #0
		USRLED_SET;
    8d1c:	2702      	movs	r7, #2
    8d1e:	490c      	ldr	r1, [pc, #48]	@ (8d50 <flash_leds+0x38>)
		RXLED_SET;
    8d20:	2610      	movs	r6, #16
		TXLED_SET;
    8d22:	f44f 7580 	mov.w	r5, #256	@ 0x100
		USRLED_SET;
    8d26:	638f      	str	r7, [r1, #56]	@ 0x38
		RXLED_SET;
    8d28:	638e      	str	r6, [r1, #56]	@ 0x38
		TXLED_SET;
    8d2a:	638d      	str	r5, [r1, #56]	@ 0x38
		delay_30ms();
    8d2c:	f7ff ffe4 	bl	8cf8 <delay_30ms>
	for (i = 0; i < count; ++i) {
    8d30:	3401      	adds	r4, #1
		USRLED_CLR;
    8d32:	63cf      	str	r7, [r1, #60]	@ 0x3c
		RXLED_CLR;
    8d34:	63ce      	str	r6, [r1, #60]	@ 0x3c
		TXLED_CLR;
    8d36:	63cd      	str	r5, [r1, #60]	@ 0x3c
		delay_30ms();
    8d38:	f7ff ffde 	bl	8cf8 <delay_30ms>
	for (i = 0; i < count; ++i) {
    8d3c:	42a0      	cmp	r0, r4
    8d3e:	d1ef      	bne.n	8d20 <flash_leds+0x8>
	}
	delay_30ms();
    8d40:	f7ff ffda 	bl	8cf8 <delay_30ms>
	delay_30ms();
    8d44:	f7ff ffd8 	bl	8cf8 <delay_30ms>
	delay_30ms();
}
    8d48:	e8bd 40f8 	ldmia.w	sp!, {r3, r4, r5, r6, r7, lr}
	delay_30ms();
    8d4c:	f7ff bfd4 	b.w	8cf8 <delay_30ms>
    8d50:	2009c000 	.word	0x2009c000

00008d54 <HardFault_Handler>:

void HardFault_Handler(void) {
    8d54:	b538      	push	{r3, r4, r5, lr}
	uint32_t val = SCB_HFSR;
    8d56:	f04f 23e0 	mov.w	r3, #3758153728	@ 0xe000e000
    8d5a:	f8d3 4d2c 	ldr.w	r4, [r3, #3372]	@ 0xd2c

	while (1) {
		flash_leds(2);

		if (val & (1 << 1)) {
    8d5e:	f004 0502 	and.w	r5, r4, #2
			flash_leds(3); // vector table read
		} else if (val & (1 << 30)) {
    8d62:	f004 4480 	and.w	r4, r4, #1073741824	@ 0x40000000
		flash_leds(2);
    8d66:	2002      	movs	r0, #2
    8d68:	f7ff ffd6 	bl	8d18 <flash_leds>
		if (val & (1 << 1)) {
    8d6c:	b14d      	cbz	r5, 8d82 <HardFault_Handler+0x2e>
			flash_leds(3); // vector table read
    8d6e:	2003      	movs	r0, #3
			flash_leds(4); // forced (should never happen)
    8d70:	f7ff ffd2 	bl	8d18 <flash_leds>
		}

		delay_30ms();
    8d74:	f7ff ffc0 	bl	8cf8 <delay_30ms>
		delay_30ms();
    8d78:	f7ff ffbe 	bl	8cf8 <delay_30ms>
		delay_30ms();
    8d7c:	f7ff ffbc 	bl	8cf8 <delay_30ms>
		flash_leds(2);
    8d80:	e7f1      	b.n	8d66 <HardFault_Handler+0x12>
		} else if (val & (1 << 30)) {
    8d82:	2c00      	cmp	r4, #0
    8d84:	d0f6      	beq.n	8d74 <HardFault_Handler+0x20>
			flash_leds(4); // forced (should never happen)
    8d86:	2004      	movs	r0, #4
    8d88:	e7f2      	b.n	8d70 <HardFault_Handler+0x1c>
    8d8a:	0000      	movs	r0, r0

00008d8c <MemManagement_Handler>:
	}
}

void MemManagement_Handler(void) {
    8d8c:	b530      	push	{r4, r5, lr}
    8d8e:	b087      	sub	sp, #28
	int i;
	int offset[5] = { 7, 4, 3, 1, 0 };
    8d90:	4d11      	ldr	r5, [pc, #68]	@ (8dd8 <MemManagement_Handler+0x4c>)
    8d92:	ac01      	add	r4, sp, #4
    8d94:	cd0f      	ldmia	r5!, {r0, r1, r2, r3}
    8d96:	c40f      	stmia	r4!, {r0, r1, r2, r3}
    8d98:	682b      	ldr	r3, [r5, #0]
    8d9a:	6023      	str	r3, [r4, #0]
	uint8_t mmsr = SCB_MMSR;
    8d9c:	4b0f      	ldr	r3, [pc, #60]	@ (8ddc <MemManagement_Handler+0x50>)
    8d9e:	f893 4028 	ldrb.w	r4, [r3, #40]	@ 0x28
    8da2:	b2e4      	uxtb	r4, r4

	while (1) {
		flash_leds(3);
    8da4:	2003      	movs	r0, #3
    8da6:	f7ff ffb7 	bl	8d18 <flash_leds>

		for (i = 0; i < 5; ++i) {
    8daa:	2000      	movs	r0, #0
    8dac:	ab01      	add	r3, sp, #4
			if (mmsr & (1 << offset[i])) {
    8dae:	681a      	ldr	r2, [r3, #0]
				flash_leds(i+1);
    8db0:	3001      	adds	r0, #1
			if (mmsr & (1 << offset[i])) {
    8db2:	fa44 f202 	asr.w	r2, r4, r2
    8db6:	07d2      	lsls	r2, r2, #31
    8db8:	d508      	bpl.n	8dcc <MemManagement_Handler+0x40>
				flash_leds(i+1);
    8dba:	f7ff ffad 	bl	8d18 <flash_leds>
				break;
			}
		}

		delay_30ms();
    8dbe:	f7ff ff9b 	bl	8cf8 <delay_30ms>
		delay_30ms();
    8dc2:	f7ff ff99 	bl	8cf8 <delay_30ms>
		delay_30ms();
    8dc6:	f7ff ff97 	bl	8cf8 <delay_30ms>
		flash_leds(3);
    8dca:	e7eb      	b.n	8da4 <MemManagement_Handler+0x18>
		for (i = 0; i < 5; ++i) {
    8dcc:	2805      	cmp	r0, #5
    8dce:	f103 0304 	add.w	r3, r3, #4
    8dd2:	d1ec      	bne.n	8dae <MemManagement_Handler+0x22>
    8dd4:	e7f3      	b.n	8dbe <MemManagement_Handler+0x32>
    8dd6:	bf00      	nop
    8dd8:	0000acb4 	.word	0x0000acb4
    8ddc:	e000ed00 	.word	0xe000ed00

00008de0 <BusFault_Handler>:
	}
}

void BusFault_Handler(void) {
    8de0:	b530      	push	{r4, r5, lr}
    8de2:	b087      	sub	sp, #28
	int i;
	int offset[6] = { 7, 4, 3, 2, 1, 0 };
    8de4:	466c      	mov	r4, sp
    8de6:	4d12      	ldr	r5, [pc, #72]	@ (8e30 <BusFault_Handler+0x50>)
    8de8:	cd0f      	ldmia	r5!, {r0, r1, r2, r3}
    8dea:	c40f      	stmia	r4!, {r0, r1, r2, r3}
    8dec:	e895 0003 	ldmia.w	r5, {r0, r1}
    8df0:	e884 0003 	stmia.w	r4, {r0, r1}
	uint8_t bfsr = SCB_BFSR;
    8df4:	4b0f      	ldr	r3, [pc, #60]	@ (8e34 <BusFault_Handler+0x54>)
    8df6:	f893 4029 	ldrb.w	r4, [r3, #41]	@ 0x29
    8dfa:	b2e4      	uxtb	r4, r4

	while (1) {
		flash_leds(4);
    8dfc:	2004      	movs	r0, #4
    8dfe:	f7ff ff8b 	bl	8d18 <flash_leds>

		for (i = 0; i < 6; ++i) {
    8e02:	466b      	mov	r3, sp
    8e04:	2000      	movs	r0, #0
			if (bfsr & (1 << offset[i])) {
    8e06:	681a      	ldr	r2, [r3, #0]
				flash_leds(i+1);
    8e08:	3001      	adds	r0, #1
			if (bfsr & (1 << offset[i])) {
    8e0a:	fa44 f202 	asr.w	r2, r4, r2
    8e0e:	07d2      	lsls	r2, r2, #31
    8e10:	d508      	bpl.n	8e24 <BusFault_Handler+0x44>
				flash_leds(i+1);
    8e12:	f7ff ff81 	bl	8d18 <flash_leds>
				break;
			}
		}

		delay_30ms();
    8e16:	f7ff ff6f 	bl	8cf8 <delay_30ms>
		delay_30ms();
    8e1a:	f7ff ff6d 	bl	8cf8 <delay_30ms>
		delay_30ms();
    8e1e:	f7ff ff6b 	bl	8cf8 <delay_30ms>
		flash_leds(4);
    8e22:	e7eb      	b.n	8dfc <BusFault_Handler+0x1c>
		for (i = 0; i < 6; ++i) {
    8e24:	2806      	cmp	r0, #6
    8e26:	f103 0304 	add.w	r3, r3, #4
    8e2a:	d1ec      	bne.n	8e06 <BusFault_Handler+0x26>
    8e2c:	e7f3      	b.n	8e16 <BusFault_Handler+0x36>
    8e2e:	bf00      	nop
    8e30:	0000acc8 	.word	0x0000acc8
    8e34:	e000ed00 	.word	0xe000ed00

00008e38 <UsageFault_Handler>:
	}
}

void UsageFault_Handler(void) {
    8e38:	b530      	push	{r4, r5, lr}
    8e3a:	b087      	sub	sp, #28
	int i;
	int offset[6] = { 9, 8, 3, 2, 1, 0 };
    8e3c:	466c      	mov	r4, sp
    8e3e:	4d11      	ldr	r5, [pc, #68]	@ (8e84 <UsageFault_Handler+0x4c>)
    8e40:	cd0f      	ldmia	r5!, {r0, r1, r2, r3}
    8e42:	c40f      	stmia	r4!, {r0, r1, r2, r3}
    8e44:	e895 0003 	ldmia.w	r5, {r0, r1}
	uint16_t ufsr = SCB_UFSR;
    8e48:	4b0f      	ldr	r3, [pc, #60]	@ (8e88 <UsageFault_Handler+0x50>)
	int offset[6] = { 9, 8, 3, 2, 1, 0 };
    8e4a:	e884 0003 	stmia.w	r4, {r0, r1}
	uint16_t ufsr = SCB_UFSR;
    8e4e:	8d5c      	ldrh	r4, [r3, #42]	@ 0x2a
    8e50:	b2a4      	uxth	r4, r4

	while (1) {
		flash_leds(5);
    8e52:	2005      	movs	r0, #5
    8e54:	f7ff ff60 	bl	8d18 <flash_leds>

		for (i = 0; i < 6; ++i) {
    8e58:	466b      	mov	r3, sp
    8e5a:	2000      	movs	r0, #0
			if (ufsr & (1 << offset[i])) {
    8e5c:	681a      	ldr	r2, [r3, #0]
				flash_leds(i+1);
    8e5e:	3001      	adds	r0, #1
			if (ufsr & (1 << offset[i])) {
    8e60:	fa44 f202 	asr.w	r2, r4, r2
    8e64:	07d2      	lsls	r2, r2, #31
    8e66:	d508      	bpl.n	8e7a <UsageFault_Handler+0x42>
				flash_leds(i+1);
    8e68:	f7ff ff56 	bl	8d18 <flash_leds>
				break;
			}
		}

		delay_30ms();
    8e6c:	f7ff ff44 	bl	8cf8 <delay_30ms>
		delay_30ms();
    8e70:	f7ff ff42 	bl	8cf8 <delay_30ms>
		delay_30ms();
    8e74:	f7ff ff40 	bl	8cf8 <delay_30ms>
		flash_leds(5);
    8e78:	e7eb      	b.n	8e52 <UsageFault_Handler+0x1a>
		for (i = 0; i < 6; ++i) {
    8e7a:	2806      	cmp	r0, #6
    8e7c:	f103 0304 	add.w	r3, r3, #4
    8e80:	d1ec      	bne.n	8e5c <UsageFault_Handler+0x24>
    8e82:	e7f3      	b.n	8e6c <UsageFault_Handler+0x34>
    8e84:	0000ace0 	.word	0x0000ace0
    8e88:	e000ed00 	.word	0xe000ed00

00008e8c <xmas_main>:
	PCONP &= ~PCONP_PCTIM2;
}

#define BLINK (NOW + 400 + (rand() % 1200))

void xmas_main(void) {
    8e8c:	b570      	push	{r4, r5, r6, lr}
	// enable USB interrupts
	ISER0 = ISER0_ISE_USB;
    8e8e:	f04f 22e0 	mov.w	r2, #3758153728	@ 0xe000e000
    8e92:	f04f 7380 	mov.w	r3, #16777216	@ 0x1000000
	PCONP |= PCONP_PCTIM2;
    8e96:	492a      	ldr	r1, [pc, #168]	@ (8f40 <xmas_main+0xb4>)
	ISER0 = ISER0_ISE_USB;
    8e98:	f8c2 3100 	str.w	r3, [r2, #256]	@ 0x100
	PCONP |= PCONP_PCTIM2;
    8e9c:	f8d1 30c4 	ldr.w	r3, [r1, #196]	@ 0xc4
	T2TCR = TCR_Counter_Reset;
    8ea0:	4c28      	ldr	r4, [pc, #160]	@ (8f44 <xmas_main+0xb8>)
	PCONP |= PCONP_PCTIM2;
    8ea2:	f443 0380 	orr.w	r3, r3, #4194304	@ 0x400000
    8ea6:	f8c1 30c4 	str.w	r3, [r1, #196]	@ 0xc4
	T2TCR = TCR_Counter_Reset;
    8eaa:	2302      	movs	r3, #2
    8eac:	6063      	str	r3, [r4, #4]
	T2PR = 50000-1; // 1 ms
    8eae:	f24c 334f 	movw	r3, #49999	@ 0xc34f
    8eb2:	60e3      	str	r3, [r4, #12]
	T2TCR = TCR_Counter_Enable;
    8eb4:	2301      	movs	r3, #1
    8eb6:	6063      	str	r3, [r4, #4]
	ISER0 = ISER0_ISE_TIMER2;
    8eb8:	2308      	movs	r3, #8
    8eba:	f8c2 3100 	str.w	r3, [r2, #256]	@ 0x100

	timer2_start();

	T2MR0 = BLINK;
    8ebe:	f44f 6596 	mov.w	r5, #1200	@ 0x4b0
    8ec2:	68a6      	ldr	r6, [r4, #8]
    8ec4:	f001 f902 	bl	a0cc <rand>
    8ec8:	fb90 f3f5 	sdiv	r3, r0, r5
    8ecc:	fb03 0015 	mls	r0, r3, r5, r0
    8ed0:	f506 76c8 	add.w	r6, r6, #400	@ 0x190
    8ed4:	4430      	add	r0, r6
    8ed6:	61a0      	str	r0, [r4, #24]
	T2MR1 = BLINK;
    8ed8:	68a6      	ldr	r6, [r4, #8]
    8eda:	f001 f8f7 	bl	a0cc <rand>
    8ede:	fb90 f3f5 	sdiv	r3, r0, r5
    8ee2:	fb03 0015 	mls	r0, r3, r5, r0
    8ee6:	f506 76c8 	add.w	r6, r6, #400	@ 0x190
    8eea:	4430      	add	r0, r6
    8eec:	61e0      	str	r0, [r4, #28]
	T2MR2 = BLINK;
    8eee:	68a6      	ldr	r6, [r4, #8]
    8ef0:	f001 f8ec 	bl	a0cc <rand>
    8ef4:	fb90 f3f5 	sdiv	r3, r0, r5
    8ef8:	fb03 0015 	mls	r0, r3, r5, r0
    8efc:	f506 76c8 	add.w	r6, r6, #400	@ 0x190
    8f00:	4430      	add	r0, r6
    8f02:	6220      	str	r0, [r4, #32]

	T2MCR |= TMCR_MR0I | TMCR_MR1I | TMCR_MR2I;
    8f04:	6963      	ldr	r3, [r4, #20]

	while (requested_mode == MODE_XMAS)
    8f06:	4a10      	ldr	r2, [pc, #64]	@ (8f48 <xmas_main+0xbc>)
	T2MCR |= TMCR_MR0I | TMCR_MR1I | TMCR_MR2I;
    8f08:	f043 0349 	orr.w	r3, r3, #73	@ 0x49
    8f0c:	6163      	str	r3, [r4, #20]
	while (requested_mode == MODE_XMAS)
    8f0e:	7813      	ldrb	r3, [r2, #0]
    8f10:	2b11      	cmp	r3, #17
    8f12:	d012      	beq.n	8f3a <xmas_main+0xae>
	T2TCR = TCR_Counter_Reset;
    8f14:	2302      	movs	r3, #2
	ICER0 = ICER0_ICE_TIMER2;
    8f16:	f04f 22e0 	mov.w	r2, #3758153728	@ 0xe000e000
	T2TCR = TCR_Counter_Reset;
    8f1a:	6063      	str	r3, [r4, #4]
	ICER0 = ICER0_ICE_TIMER2;
    8f1c:	2308      	movs	r3, #8
	PCONP &= ~PCONP_PCTIM2;
    8f1e:	4908      	ldr	r1, [pc, #32]	@ (8f40 <xmas_main+0xb4>)
	ICER0 = ICER0_ICE_TIMER2;
    8f20:	f8c2 3180 	str.w	r3, [r2, #384]	@ 0x180
	PCONP &= ~PCONP_PCTIM2;
    8f24:	f8d1 30c4 	ldr.w	r3, [r1, #196]	@ 0xc4
    8f28:	f423 0380 	bic.w	r3, r3, #4194304	@ 0x400000
    8f2c:	f8c1 30c4 	str.w	r3, [r1, #196]	@ 0xc4
		asm("WFI"); // wait for interrupt

	timer2_stop();

	// disable USB interrupts
	ICER0 = ICER0_ICE_USB;
    8f30:	f04f 7380 	mov.w	r3, #16777216	@ 0x1000000
    8f34:	f8c2 3180 	str.w	r3, [r2, #384]	@ 0x180
}
    8f38:	bd70      	pop	{r4, r5, r6, pc}
		asm("WFI"); // wait for interrupt
    8f3a:	bf30      	wfi
    8f3c:	e7e7      	b.n	8f0e <xmas_main+0x82>
    8f3e:	bf00      	nop
    8f40:	400fc000 	.word	0x400fc000
    8f44:	40090000 	.word	0x40090000
    8f48:	10000711 	.word	0x10000711

00008f4c <TIMER2_IRQHandler>:

void TIMER2_IRQHandler(void) {
    8f4c:	b538      	push	{r3, r4, r5, lr}
	if (T2IR & TIR_MR0_Interrupt) {
    8f4e:	4b2c      	ldr	r3, [pc, #176]	@ (9000 <TIMER2_IRQHandler+0xb4>)
    8f50:	681a      	ldr	r2, [r3, #0]
    8f52:	07d0      	lsls	r0, r2, #31
    8f54:	d518      	bpl.n	8f88 <TIMER2_IRQHandler+0x3c>
		T2IR = TIR_MR0_Interrupt;
    8f56:	2201      	movs	r2, #1
    8f58:	601a      	str	r2, [r3, #0]
		if (USRLED) USRLED_CLR; else USRLED_SET;
    8f5a:	4b2a      	ldr	r3, [pc, #168]	@ (9004 <TIMER2_IRQHandler+0xb8>)
		T2MR0 = BLINK;
    8f5c:	4d28      	ldr	r5, [pc, #160]	@ (9000 <TIMER2_IRQHandler+0xb4>)
		if (USRLED) USRLED_CLR; else USRLED_SET;
    8f5e:	6b5a      	ldr	r2, [r3, #52]	@ 0x34
    8f60:	f012 0f02 	tst.w	r2, #2
    8f64:	f04f 0202 	mov.w	r2, #2
    8f68:	bf14      	ite	ne
    8f6a:	63da      	strne	r2, [r3, #60]	@ 0x3c
    8f6c:	639a      	streq	r2, [r3, #56]	@ 0x38
		T2MR0 = BLINK;
    8f6e:	68ac      	ldr	r4, [r5, #8]
    8f70:	f001 f8ac 	bl	a0cc <rand>
    8f74:	f44f 6396 	mov.w	r3, #1200	@ 0x4b0
    8f78:	fb90 f2f3 	sdiv	r2, r0, r3
    8f7c:	fb02 0013 	mls	r0, r2, r3, r0
    8f80:	f504 74c8 	add.w	r4, r4, #400	@ 0x190
    8f84:	4420      	add	r0, r4
    8f86:	61a8      	str	r0, [r5, #24]
	}
	if (T2IR & TIR_MR1_Interrupt) {
    8f88:	4b1d      	ldr	r3, [pc, #116]	@ (9000 <TIMER2_IRQHandler+0xb4>)
    8f8a:	681a      	ldr	r2, [r3, #0]
    8f8c:	0791      	lsls	r1, r2, #30
    8f8e:	d518      	bpl.n	8fc2 <TIMER2_IRQHandler+0x76>
		T2IR = TIR_MR1_Interrupt;
    8f90:	2202      	movs	r2, #2
    8f92:	601a      	str	r2, [r3, #0]
		if (RXLED) RXLED_CLR; else RXLED_SET;
    8f94:	4b1b      	ldr	r3, [pc, #108]	@ (9004 <TIMER2_IRQHandler+0xb8>)
		T2MR1 = BLINK;
    8f96:	4d1a      	ldr	r5, [pc, #104]	@ (9000 <TIMER2_IRQHandler+0xb4>)
		if (RXLED) RXLED_CLR; else RXLED_SET;
    8f98:	6b5a      	ldr	r2, [r3, #52]	@ 0x34
    8f9a:	f012 0f10 	tst.w	r2, #16
    8f9e:	f04f 0210 	mov.w	r2, #16
    8fa2:	bf14      	ite	ne
    8fa4:	63da      	strne	r2, [r3, #60]	@ 0x3c
    8fa6:	639a      	streq	r2, [r3, #56]	@ 0x38
		T2MR1 = BLINK;
    8fa8:	68ac      	ldr	r4, [r5, #8]
    8faa:	f001 f88f 	bl	a0cc <rand>
    8fae:	f44f 6396 	mov.w	r3, #1200	@ 0x4b0
    8fb2:	fb90 f2f3 	sdiv	r2, r0, r3
    8fb6:	fb02 0013 	mls	r0, r2, r3, r0
    8fba:	f504 74c8 	add.w	r4, r4, #400	@ 0x190
    8fbe:	4420      	add	r0, r4
    8fc0:	61e8      	str	r0, [r5, #28]
	}
	if (T2IR & TIR_MR2_Interrupt) {
    8fc2:	4b0f      	ldr	r3, [pc, #60]	@ (9000 <TIMER2_IRQHandler+0xb4>)
    8fc4:	681a      	ldr	r2, [r3, #0]
    8fc6:	0752      	lsls	r2, r2, #29
    8fc8:	d518      	bpl.n	8ffc <TIMER2_IRQHandler+0xb0>
		T2IR = TIR_MR2_Interrupt;
    8fca:	2204      	movs	r2, #4
    8fcc:	601a      	str	r2, [r3, #0]
		if (TXLED) TXLED_CLR; else TXLED_SET;
    8fce:	4b0d      	ldr	r3, [pc, #52]	@ (9004 <TIMER2_IRQHandler+0xb8>)
		T2MR2 = BLINK;
    8fd0:	4d0b      	ldr	r5, [pc, #44]	@ (9000 <TIMER2_IRQHandler+0xb4>)
		if (TXLED) TXLED_CLR; else TXLED_SET;
    8fd2:	6b5a      	ldr	r2, [r3, #52]	@ 0x34
    8fd4:	f412 7f80 	tst.w	r2, #256	@ 0x100
    8fd8:	f44f 7280 	mov.w	r2, #256	@ 0x100
    8fdc:	bf14      	ite	ne
    8fde:	63da      	strne	r2, [r3, #60]	@ 0x3c
    8fe0:	639a      	streq	r2, [r3, #56]	@ 0x38
		T2MR2 = BLINK;
    8fe2:	68ac      	ldr	r4, [r5, #8]
    8fe4:	f001 f872 	bl	a0cc <rand>
    8fe8:	f44f 6396 	mov.w	r3, #1200	@ 0x4b0
    8fec:	fb90 f2f3 	sdiv	r2, r0, r3
    8ff0:	fb02 0013 	mls	r0, r2, r3, r0
    8ff4:	f504 74c8 	add.w	r4, r4, #400	@ 0x190
    8ff8:	4420      	add	r0, r4
    8ffa:	6228      	str	r0, [r5, #32]
	}
}
    8ffc:	bd38      	pop	{r3, r4, r5, pc}
    8ffe:	bf00      	nop
    9000:	40090000 	.word	0x40090000
    9004:	2009c000 	.word	0x2009c000

00009008 <USB_IRQHandler>:
	return fifo_get(&rxfifo, &c) ? c : EOF;
}

void USB_IRQHandler()
{
	USBHwISR();
    9008:	f000 bcbc 	b.w	9984 <USBHwISR>

0000900c <Reset_Handler>:
extern void __libc_init_array(void);
extern int main(void);

/* Reset Handler */
void Reset_Handler(void)
{
    900c:	b508      	push	{r3, lr}
	unsigned long *src, *dest;

	// Copy the data segment initializers from flash to SRAM
	src = &_etext;
	for(dest = &_data; dest < &_edata; )
    900e:	4b0e      	ldr	r3, [pc, #56]	@ (9048 <Reset_Handler+0x3c>)
	src = &_etext;
    9010:	4a0e      	ldr	r2, [pc, #56]	@ (904c <Reset_Handler+0x40>)
	for(dest = &_data; dest < &_edata; )
    9012:	490f      	ldr	r1, [pc, #60]	@ (9050 <Reset_Handler+0x44>)
    9014:	428b      	cmp	r3, r1
    9016:	d30e      	bcc.n	9036 <Reset_Handler+0x2a>

	// Initialize the .bss segment of memory to zeros
	src = &_bss;
	while (src < &_ebss)
	{
		*src++ = 0;
    9018:	2100      	movs	r1, #0
	src = &_bss;
    901a:	4b0e      	ldr	r3, [pc, #56]	@ (9054 <Reset_Handler+0x48>)
	while (src < &_ebss)
    901c:	4a0e      	ldr	r2, [pc, #56]	@ (9058 <Reset_Handler+0x4c>)
    901e:	4293      	cmp	r3, r2
    9020:	d30e      	bcc.n	9040 <Reset_Handler+0x34>
	}

	__libc_init_array();
    9022:	f7fb f919 	bl	4258 <__libc_init_array>

	// Set the vector table location.
	SCB_VTOR = (uint32_t)&_interrupt_vector_table;
    9026:	f04f 23e0 	mov.w	r3, #3758153728	@ 0xe000e000
    902a:	4a0c      	ldr	r2, [pc, #48]	@ (905c <Reset_Handler+0x50>)
    902c:	f8c3 2d08 	str.w	r2, [r3, #3336]	@ 0xd08

	main();
    9030:	f7fd fbf6 	bl	6820 <main>

	// In case main() fails, have something to breakpoint
	while (1) {;}
    9034:	e7fe      	b.n	9034 <Reset_Handler+0x28>
		*dest++ = *src++;
    9036:	f852 0b04 	ldr.w	r0, [r2], #4
    903a:	f843 0b04 	str.w	r0, [r3], #4
    903e:	e7e9      	b.n	9014 <Reset_Handler+0x8>
		*src++ = 0;
    9040:	f843 1b04 	str.w	r1, [r3], #4
    9044:	e7eb      	b.n	901e <Reset_Handler+0x12>
    9046:	bf00      	nop
    9048:	10000020 	.word	0x10000020
    904c:	0000ad30 	.word	0x0000ad30
    9050:	100006ec 	.word	0x100006ec
    9054:	100006f8 	.word	0x100006f8
    9058:	100037e9 	.word	0x100037e9
    905c:	00004000 	.word	0x00004000

00009060 <ADC_IRQHandler>:
extern unsigned long _StackTop;

extern void Reset_Handler(void);

/* Default interrupt handler */
static void Default_Handler(void) { while(1) {;} }
    9060:	e7fe      	b.n	9060 <ADC_IRQHandler>
    9062:	0000      	movs	r0, r0

00009064 <spi_delay>:
	cc2400_spi(16, out);
}

static volatile u32 delay_counter;
static void spi_delay() {
       delay_counter = 10;
    9064:	230a      	movs	r3, #10
    9066:	4a04      	ldr	r2, [pc, #16]	@ (9078 <spi_delay+0x14>)
    9068:	6013      	str	r3, [r2, #0]
       while (--delay_counter);
    906a:	6813      	ldr	r3, [r2, #0]
    906c:	3b01      	subs	r3, #1
    906e:	6013      	str	r3, [r2, #0]
    9070:	2b00      	cmp	r3, #0
    9072:	d1fa      	bne.n	906a <spi_delay+0x6>
}
    9074:	4770      	bx	lr
    9076:	bf00      	nop
    9078:	10003750 	.word	0x10003750

0000907c <rbit>:
  asm("rbit %0, %1" : "=r" (result) : "r" (value));
    907c:	fa90 f0a0 	rbit	r0, r0
}
    9080:	4770      	bx	lr
    9082:	0000      	movs	r0, r0

00009084 <wait_us>:
		(us>>2) + (us>>3) + (us>>6) + (us>>7) + (us>>10) + (us>>11);
    9084:	08c3      	lsrs	r3, r0, #3
    9086:	eb03 0390 	add.w	r3, r3, r0, lsr #2
    908a:	eb03 1390 	add.w	r3, r3, r0, lsr #6
    908e:	eb03 13d0 	add.w	r3, r3, r0, lsr #7
	wait_us_counter =
    9092:	4a06      	ldr	r2, [pc, #24]	@ (90ac <wait_us+0x28>)
		(us>>2) + (us>>3) + (us>>6) + (us>>7) + (us>>10) + (us>>11);
    9094:	eb03 2390 	add.w	r3, r3, r0, lsr #10
    9098:	eb03 23d0 	add.w	r3, r3, r0, lsr #11
	wait_us_counter =
    909c:	6053      	str	r3, [r2, #4]
	while(--wait_us_counter);
    909e:	6853      	ldr	r3, [r2, #4]
    90a0:	3b01      	subs	r3, #1
    90a2:	6053      	str	r3, [r2, #4]
    90a4:	2b00      	cmp	r3, #0
    90a6:	d1fa      	bne.n	909e <wait_us+0x1a>
}
    90a8:	4770      	bx	lr
    90aa:	bf00      	nop
    90ac:	10003750 	.word	0x10003750

000090b0 <wait>:
	wait_us(seconds * 1000000);
    90b0:	4b01      	ldr	r3, [pc, #4]	@ (90b8 <wait+0x8>)
    90b2:	4358      	muls	r0, r3
    90b4:	f7ff bfe6 	b.w	9084 <wait_us>
    90b8:	000f4240 	.word	0x000f4240

000090bc <all_pins_off>:
	PINSEL0 = 0;
    90bc:	2300      	movs	r3, #0
    90be:	4a0f      	ldr	r2, [pc, #60]	@ (90fc <all_pins_off+0x40>)
	FIO0DIR = 0;
    90c0:	490f      	ldr	r1, [pc, #60]	@ (9100 <all_pins_off+0x44>)
	PINSEL0 = 0;
    90c2:	6013      	str	r3, [r2, #0]
	PINSEL1 = 0;
    90c4:	6053      	str	r3, [r2, #4]
	PINSEL2 = 0;
    90c6:	6093      	str	r3, [r2, #8]
	PINSEL3 = 0;
    90c8:	60d3      	str	r3, [r2, #12]
	PINSEL4 = 0;
    90ca:	6113      	str	r3, [r2, #16]
	PINSEL7 = 0;
    90cc:	61d3      	str	r3, [r2, #28]
	PINSEL9 = 0;
    90ce:	6253      	str	r3, [r2, #36]	@ 0x24
	PINSEL10 = 0;
    90d0:	6293      	str	r3, [r2, #40]	@ 0x28
	FIO0DIR = 0;
    90d2:	600b      	str	r3, [r1, #0]
	FIO1DIR = 0;
    90d4:	620b      	str	r3, [r1, #32]
	FIO2DIR = 0;
    90d6:	640b      	str	r3, [r1, #64]	@ 0x40
	FIO3DIR = 0;
    90d8:	660b      	str	r3, [r1, #96]	@ 0x60
	FIO4DIR = 0;
    90da:	f8c1 3080 	str.w	r3, [r1, #128]	@ 0x80
	PINMODE0 = 0;
    90de:	6413      	str	r3, [r2, #64]	@ 0x40
	PINMODE1 = 0;
    90e0:	6453      	str	r3, [r2, #68]	@ 0x44
	PINMODE2 = 0;
    90e2:	6493      	str	r3, [r2, #72]	@ 0x48
	PINMODE3 = 0;
    90e4:	64d3      	str	r3, [r2, #76]	@ 0x4c
	PINMODE4 = 0;
    90e6:	6513      	str	r3, [r2, #80]	@ 0x50
	PINMODE7 = 0;
    90e8:	65d3      	str	r3, [r2, #92]	@ 0x5c
	PINMODE9 = 0;
    90ea:	6653      	str	r3, [r2, #100]	@ 0x64
	FIO0PIN = 0;
    90ec:	614b      	str	r3, [r1, #20]
	FIO1PIN = 0;
    90ee:	634b      	str	r3, [r1, #52]	@ 0x34
	FIO2PIN = 0;
    90f0:	654b      	str	r3, [r1, #84]	@ 0x54
	FIO3PIN = 0;
    90f2:	674b      	str	r3, [r1, #116]	@ 0x74
	FIO4PIN = 0;
    90f4:	f8c1 3094 	str.w	r3, [r1, #148]	@ 0x94
}
    90f8:	4770      	bx	lr
    90fa:	bf00      	nop
    90fc:	4002c000 	.word	0x4002c000
    9100:	2009c000 	.word	0x2009c000

00009104 <gpio_init>:
{
    9104:	b508      	push	{r3, lr}
	all_pins_off();
    9106:	f7ff ffd9 	bl	90bc <all_pins_off>
	FIO0DIR = 0;
    910a:	2200      	movs	r2, #0
	FIO1DIR = (PIN_USRLED | PIN_RXLED | PIN_TXLED | PIN_CC3V3 |
    910c:	f24c 7112 	movw	r1, #50962	@ 0xc712
	FIO0DIR = 0;
    9110:	4b08      	ldr	r3, [pc, #32]	@ (9134 <gpio_init+0x30>)
    9112:	601a      	str	r2, [r3, #0]
	FIO1DIR = (PIN_USRLED | PIN_RXLED | PIN_TXLED | PIN_CC3V3 |
    9114:	6219      	str	r1, [r3, #32]
	FIO2DIR = (PIN_CSN | PIN_SCLK | PIN_MOSI | PIN_PAEN | PIN_HGM);
    9116:	f240 11b1 	movw	r1, #433	@ 0x1b1
    911a:	6419      	str	r1, [r3, #64]	@ 0x40
	FIO4DIR = (PIN_TX | PIN_SSEL1);
    911c:	f04f 5140 	mov.w	r1, #805306368	@ 0x30000000
	FIO3DIR = 0;
    9120:	661a      	str	r2, [r3, #96]	@ 0x60
	FIO4DIR = (PIN_TX | PIN_SSEL1);
    9122:	f8c3 1080 	str.w	r1, [r3, #128]	@ 0x80
	FIO0PIN = 0;
    9126:	615a      	str	r2, [r3, #20]
	FIO1PIN = 0;
    9128:	635a      	str	r2, [r3, #52]	@ 0x34
	FIO2PIN = 0;
    912a:	655a      	str	r2, [r3, #84]	@ 0x54
	FIO3PIN = 0;
    912c:	675a      	str	r2, [r3, #116]	@ 0x74
	FIO4PIN = 0;
    912e:	f8c3 2094 	str.w	r2, [r3, #148]	@ 0x94
}
    9132:	bd08      	pop	{r3, pc}
    9134:	2009c000 	.word	0x2009c000

00009138 <dio_ssp_init>:
	PINSEL0 = (PINSEL0 & ~(3 << 14)) | (2 << 14);
    9138:	4b11      	ldr	r3, [pc, #68]	@ (9180 <dio_ssp_init+0x48>)
    913a:	681a      	ldr	r2, [r3, #0]
    913c:	f422 4240 	bic.w	r2, r2, #49152	@ 0xc000
    9140:	f442 4200 	orr.w	r2, r2, #32768	@ 0x8000
    9144:	601a      	str	r2, [r3, #0]
	PINSEL0 = (PINSEL0 & ~(3 << 12)) | (2 << 12);
    9146:	681a      	ldr	r2, [r3, #0]
    9148:	f422 5240 	bic.w	r2, r2, #12288	@ 0x3000
    914c:	f442 5200 	orr.w	r2, r2, #8192	@ 0x2000
    9150:	601a      	str	r2, [r3, #0]
	PINSEL0 = (PINSEL0 & ~(3 << 16)) | (2 << 16);
    9152:	681a      	ldr	r2, [r3, #0]
    9154:	f422 3240 	bic.w	r2, r2, #196608	@ 0x30000
    9158:	f442 3200 	orr.w	r2, r2, #131072	@ 0x20000
    915c:	601a      	str	r2, [r3, #0]
	PINSEL0 = (PINSEL0 & ~(3 << 18)) | (2 << 18);
    915e:	681a      	ldr	r2, [r3, #0]
    9160:	f422 2240 	bic.w	r2, r2, #786432	@ 0xc0000
    9164:	f442 2200 	orr.w	r2, r2, #524288	@ 0x80000
    9168:	601a      	str	r2, [r3, #0]
	DIO_SSEL_SET;
    916a:	f04f 5280 	mov.w	r2, #268435456	@ 0x10000000
    916e:	4b05      	ldr	r3, [pc, #20]	@ (9184 <dio_ssp_init+0x4c>)
    9170:	f8c3 2098 	str.w	r2, [r3, #152]	@ 0x98
	DIO_SSP_CR0 = (0x7 /* 8 bit transfer */ | SSPCR0_CPOL | SSPCR0_CPHA);
    9174:	22c7      	movs	r2, #199	@ 0xc7
    9176:	4b04      	ldr	r3, [pc, #16]	@ (9188 <dio_ssp_init+0x50>)
    9178:	601a      	str	r2, [r3, #0]
	DIO_SSP_CR1 = (SSPCR1_MS | SSPCR1_SOD);
    917a:	220c      	movs	r2, #12
    917c:	605a      	str	r2, [r3, #4]
}
    917e:	4770      	bx	lr
    9180:	4002c000 	.word	0x4002c000
    9184:	2009c000 	.word	0x2009c000
    9188:	40030000 	.word	0x40030000

0000918c <atest_init>:
	PINSEL1 &= ~((0x3 << 20) | (0x3 << 18)); // set as GPIO
    918c:	4b09      	ldr	r3, [pc, #36]	@ (91b4 <atest_init+0x28>)
	FIO0DIR &= ~(0x3 << 25); // set as input
    918e:	490a      	ldr	r1, [pc, #40]	@ (91b8 <atest_init+0x2c>)
	PINSEL1 &= ~((0x3 << 20) | (0x3 << 18)); // set as GPIO
    9190:	685a      	ldr	r2, [r3, #4]
    9192:	f422 1270 	bic.w	r2, r2, #3932160	@ 0x3c0000
    9196:	605a      	str	r2, [r3, #4]
	FIO0DIR &= ~(0x3 << 25); // set as input
    9198:	680a      	ldr	r2, [r1, #0]
    919a:	f022 62c0 	bic.w	r2, r2, #100663296	@ 0x6000000
    919e:	600a      	str	r2, [r1, #0]
	PINMODE1 |= (0x5 << 19); // no pull-up/pull-down
    91a0:	6c5a      	ldr	r2, [r3, #68]	@ 0x44
    91a2:	f442 1220 	orr.w	r2, r2, #2621440	@ 0x280000
    91a6:	645a      	str	r2, [r3, #68]	@ 0x44
	PINMODE1 &= ~(0x5 << 18); // no pull-up/pull-down
    91a8:	6c5a      	ldr	r2, [r3, #68]	@ 0x44
    91aa:	f422 12a0 	bic.w	r2, r2, #1310720	@ 0x140000
    91ae:	645a      	str	r2, [r3, #68]	@ 0x44
}
    91b0:	4770      	bx	lr
    91b2:	bf00      	nop
    91b4:	4002c000 	.word	0x4002c000
    91b8:	2009c000 	.word	0x2009c000

000091bc <cc2400_spi>:
{
    91bc:	b570      	push	{r4, r5, r6, lr}
	u32 msb = 1 << (len - 1);
    91be:	1e44      	subs	r4, r0, #1
{
    91c0:	4603      	mov	r3, r0
	CSN_CLR;
    91c2:	2020      	movs	r0, #32
    91c4:	4a0c      	ldr	r2, [pc, #48]	@ (91f8 <cc2400_spi+0x3c>)
	u32 msb = 1 << (len - 1);
    91c6:	2501      	movs	r5, #1
	CSN_CLR;
    91c8:	65d0      	str	r0, [r2, #92]	@ 0x5c
		SCLK_SET;
    91ca:	2610      	movs	r6, #16
	while (len--) {
    91cc:	4608      	mov	r0, r1
	u32 msb = 1 << (len - 1);
    91ce:	fa05 f404 	lsl.w	r4, r5, r4
	while (len--) {
    91d2:	b913      	cbnz	r3, 91da <cc2400_spi+0x1e>
	CSN_SET;
    91d4:	2320      	movs	r3, #32
    91d6:	6593      	str	r3, [r2, #88]	@ 0x58
}
    91d8:	bd70      	pop	{r4, r5, r6, pc}
		if (data & msb)
    91da:	4220      	tst	r0, r4
			MOSI_SET;
    91dc:	bf14      	ite	ne
    91de:	6595      	strne	r5, [r2, #88]	@ 0x58
			MOSI_CLR;
    91e0:	65d5      	streq	r5, [r2, #92]	@ 0x5c
		SCLK_SET;
    91e2:	6596      	str	r6, [r2, #88]	@ 0x58
		data |= !!MISO;
    91e4:	6d51      	ldr	r1, [r2, #84]	@ 0x54
	while (len--) {
    91e6:	3b01      	subs	r3, #1
		data |= !!MISO;
    91e8:	f3c1 0140 	ubfx	r1, r1, #1, #1
	while (len--) {
    91ec:	b2db      	uxtb	r3, r3
		data |= !!MISO;
    91ee:	ea41 0040 	orr.w	r0, r1, r0, lsl #1
		SCLK_CLR;
    91f2:	65d6      	str	r6, [r2, #92]	@ 0x5c
    91f4:	e7ed      	b.n	91d2 <cc2400_spi+0x16>
    91f6:	bf00      	nop
    91f8:	2009c000 	.word	0x2009c000

000091fc <cc2400_init>:
{
    91fc:	b508      	push	{r3, lr}
	atest_init();
    91fe:	f7ff ffc5 	bl	918c <atest_init>
	CC1V8_SET;
    9202:	f44f 7300 	mov.w	r3, #512	@ 0x200
    9206:	4908      	ldr	r1, [pc, #32]	@ (9228 <cc2400_init+0x2c>)
	wait_us(50);
    9208:	2032      	movs	r0, #50	@ 0x32
	CC1V8_SET;
    920a:	638b      	str	r3, [r1, #56]	@ 0x38
	wait_us(50);
    920c:	f7ff ff3a 	bl	9084 <wait_us>
	CSN_SET;
    9210:	2320      	movs	r3, #32
    9212:	658b      	str	r3, [r1, #88]	@ 0x58
	CC3V3_SET;
    9214:	f44f 4380 	mov.w	r3, #16384	@ 0x4000
	cc2400_spi(24, out);
    9218:	2018      	movs	r0, #24
	CC3V3_SET;
    921a:	638b      	str	r3, [r1, #56]	@ 0x38
	cc2400_spi(24, out);
    921c:	4903      	ldr	r1, [pc, #12]	@ (922c <cc2400_init+0x30>)
}
    921e:	e8bd 4008 	ldmia.w	sp!, {r3, lr}
	cc2400_spi(24, out);
    9222:	f7ff bfcb 	b.w	91bc <cc2400_spi>
    9226:	bf00      	nop
    9228:	2009c000 	.word	0x2009c000
    922c:	000d7fff 	.word	0x000d7fff

00009230 <cc2400_get>:
{
    9230:	b508      	push	{r3, lr}
	u32 out = (reg | 0x80) << 16;
    9232:	f040 0180 	orr.w	r1, r0, #128	@ 0x80
	in = cc2400_spi(24, out);
    9236:	0409      	lsls	r1, r1, #16
    9238:	2018      	movs	r0, #24
    923a:	f7ff ffbf 	bl	91bc <cc2400_spi>
}
    923e:	b280      	uxth	r0, r0
    9240:	bd08      	pop	{r3, pc}

00009242 <cc2400_set>:
	cc2400_spi(24, out);
    9242:	ea41 4100 	orr.w	r1, r1, r0, lsl #16
    9246:	2018      	movs	r0, #24
    9248:	f7ff bfb8 	b.w	91bc <cc2400_spi>

0000924c <cc2400_get8>:
{
    924c:	b508      	push	{r3, lr}
	u16 out = (reg | 0x80) << 8;
    924e:	0201      	lsls	r1, r0, #8
	in = cc2400_spi(16, out);
    9250:	f441 4100 	orr.w	r1, r1, #32768	@ 0x8000
    9254:	2010      	movs	r0, #16
    9256:	f7ff ffb1 	bl	91bc <cc2400_spi>
}
    925a:	b2c0      	uxtb	r0, r0
    925c:	bd08      	pop	{r3, pc}

0000925e <cc2400_set8>:
	cc2400_spi(16, out);
    925e:	ea41 2100 	orr.w	r1, r1, r0, lsl #8
    9262:	2010      	movs	r0, #16
    9264:	f7ff bfaa 	b.w	91bc <cc2400_spi>

00009268 <cc2400_fifo_write>:


/* write multiple bytes to SPI */
void cc2400_fifo_write(u8 len, u8 *data) {
    9268:	b570      	push	{r4, r5, r6, lr}
	u8 msb = 1 << 7;
	u8 reg = FIFOREG;
	u8 i, j, temp;

	/* start transaction by dropping CSN */
	CSN_CLR;
    926a:	2320      	movs	r3, #32
    926c:	4a1c      	ldr	r2, [pc, #112]	@ (92e0 <cc2400_fifo_write+0x78>)
	u8 reg = FIFOREG;
    926e:	2470      	movs	r4, #112	@ 0x70
	CSN_CLR;
    9270:	65d3      	str	r3, [r2, #92]	@ 0x5c

	for (i = 0; i < 8; ++i) {
    9272:	2601      	movs	r6, #1
	CSN_CLR;
    9274:	2308      	movs	r3, #8
		if (reg & msb)
			MOSI_SET;
		else
			MOSI_CLR;
		reg <<= 1;
		SCLK_SET;
    9276:	2510      	movs	r5, #16
		if (reg & msb)
    9278:	f014 0f80 	tst.w	r4, #128	@ 0x80
	for (i = 0; i < 8; ++i) {
    927c:	f103 33ff 	add.w	r3, r3, #4294967295	@ 0xffffffff
			MOSI_SET;
    9280:	bf14      	ite	ne
    9282:	6596      	strne	r6, [r2, #88]	@ 0x58
			MOSI_CLR;
    9284:	65d6      	streq	r6, [r2, #92]	@ 0x5c
	for (i = 0; i < 8; ++i) {
    9286:	f013 03ff 	ands.w	r3, r3, #255	@ 0xff
		SCLK_SET;
    928a:	6595      	str	r5, [r2, #88]	@ 0x58
		reg <<= 1;
    928c:	ea4f 0444 	mov.w	r4, r4, lsl #1
		SCLK_CLR;
    9290:	65d5      	str	r5, [r2, #92]	@ 0x5c
	for (i = 0; i < 8; ++i) {
    9292:	d1f1      	bne.n	9278 <cc2400_fifo_write+0x10>
    9294:	2501      	movs	r5, #1
			if (temp & msb)
				MOSI_SET;
			else
				MOSI_CLR;
			temp <<= 1;
			SCLK_SET;
    9296:	2610      	movs	r6, #16
    9298:	4c11      	ldr	r4, [pc, #68]	@ (92e0 <cc2400_fifo_write+0x78>)
    929a:	4408      	add	r0, r1
	for (i = 0; i < len; ++i) {
    929c:	4281      	cmp	r1, r0
    929e:	d10d      	bne.n	92bc <cc2400_fifo_write+0x54>
    92a0:	2308      	movs	r3, #8
		}
	}

	// this is necessary to clock in the last byte
	for (i = 0; i < 8; ++i) {
		SCLK_SET;
    92a2:	2210      	movs	r2, #16
    92a4:	490e      	ldr	r1, [pc, #56]	@ (92e0 <cc2400_fifo_write+0x78>)
	for (i = 0; i < 8; ++i) {
    92a6:	3b01      	subs	r3, #1
    92a8:	f013 03ff 	ands.w	r3, r3, #255	@ 0xff
		SCLK_SET;
    92ac:	658a      	str	r2, [r1, #88]	@ 0x58
		SCLK_CLR;
    92ae:	65ca      	str	r2, [r1, #92]	@ 0x5c
	for (i = 0; i < 8; ++i) {
    92b0:	d1f9      	bne.n	92a6 <cc2400_fifo_write+0x3e>
	}
	
	spi_delay();
    92b2:	f7ff fed7 	bl	9064 <spi_delay>
	/* end transaction by raising CSN */
	CSN_SET;
    92b6:	2320      	movs	r3, #32
    92b8:	658b      	str	r3, [r1, #88]	@ 0x58
}
    92ba:	bd70      	pop	{r4, r5, r6, pc}
		temp = data[i];
    92bc:	2308      	movs	r3, #8
    92be:	f811 2b01 	ldrb.w	r2, [r1], #1
			if (temp & msb)
    92c2:	f012 0f80 	tst.w	r2, #128	@ 0x80
		for (j = 0; j < 8; ++j) {
    92c6:	f103 33ff 	add.w	r3, r3, #4294967295	@ 0xffffffff
				MOSI_SET;
    92ca:	bf14      	ite	ne
    92cc:	65a5      	strne	r5, [r4, #88]	@ 0x58
				MOSI_CLR;
    92ce:	65e5      	streq	r5, [r4, #92]	@ 0x5c
			temp <<= 1;
    92d0:	0052      	lsls	r2, r2, #1
		for (j = 0; j < 8; ++j) {
    92d2:	f013 03ff 	ands.w	r3, r3, #255	@ 0xff
			SCLK_SET;
    92d6:	65a6      	str	r6, [r4, #88]	@ 0x58
			temp <<= 1;
    92d8:	b2d2      	uxtb	r2, r2
			SCLK_CLR;
    92da:	65e6      	str	r6, [r4, #92]	@ 0x5c
		for (j = 0; j < 8; ++j) {
    92dc:	d1f1      	bne.n	92c2 <cc2400_fifo_write+0x5a>
    92de:	e7dd      	b.n	929c <cc2400_fifo_write+0x34>
    92e0:	2009c000 	.word	0x2009c000

000092e4 <cc2400_fifo_read>:

/* read multiple bytes from SPI */
void cc2400_fifo_read(u8 len, u8 *buf) {
    92e4:	b5f8      	push	{r3, r4, r5, r6, r7, lr}
	u8 i, j, temp, reg;
	// Set first bit because it's a read
	reg = 0x80 | FIFOREG;

	/* start transaction by dropping CSN */
	CSN_CLR;
    92e6:	2320      	movs	r3, #32
    92e8:	4a1a      	ldr	r2, [pc, #104]	@ (9354 <cc2400_fifo_read+0x70>)
	reg = 0x80 | FIFOREG;
    92ea:	24f0      	movs	r4, #240	@ 0xf0
	CSN_CLR;
    92ec:	65d3      	str	r3, [r2, #92]	@ 0x5c

	for (i = 0; i < 8; ++i) {
    92ee:	2601      	movs	r6, #1
	CSN_CLR;
    92f0:	2308      	movs	r3, #8
		if (reg & msb)
			MOSI_SET;
		else
			MOSI_CLR;
		reg <<= 1;
		SCLK_SET;
    92f2:	2510      	movs	r5, #16
		if (reg & msb)
    92f4:	0627      	lsls	r7, r4, #24
	for (i = 0; i < 8; ++i) {
    92f6:	f103 33ff 	add.w	r3, r3, #4294967295	@ 0xffffffff
			MOSI_SET;
    92fa:	bf4c      	ite	mi
    92fc:	6596      	strmi	r6, [r2, #88]	@ 0x58
			MOSI_CLR;
    92fe:	65d6      	strpl	r6, [r2, #92]	@ 0x5c
	for (i = 0; i < 8; ++i) {
    9300:	f013 03ff 	ands.w	r3, r3, #255	@ 0xff
		SCLK_SET;
    9304:	6595      	str	r5, [r2, #88]	@ 0x58
		reg <<= 1;
    9306:	ea4f 0444 	mov.w	r4, r4, lsl #1
		SCLK_CLR;
    930a:	65d5      	str	r5, [r2, #92]	@ 0x5c
	for (i = 0; i < 8; ++i) {
    930c:	d1f2      	bne.n	92f4 <cc2400_fifo_read+0x10>

	for (i = 0; i < len; ++i) {
		temp = 0;
		for (j = 0; j < 8; ++j) {
			spi_delay();
			SCLK_SET;
    930e:	4e11      	ldr	r6, [pc, #68]	@ (9354 <cc2400_fifo_read+0x70>)
    9310:	4408      	add	r0, r1
	for (i = 0; i < len; ++i) {
    9312:	4281      	cmp	r1, r0
    9314:	d105      	bne.n	9322 <cc2400_fifo_read+0x3e>
		}
		buf[i] = temp;
	}

	/* end transaction by raising CSN */
	spi_delay();
    9316:	f7ff fea5 	bl	9064 <spi_delay>
	CSN_SET;
    931a:	2220      	movs	r2, #32
    931c:	4b0d      	ldr	r3, [pc, #52]	@ (9354 <cc2400_fifo_read+0x70>)
    931e:	659a      	str	r2, [r3, #88]	@ 0x58
}
    9320:	bdf8      	pop	{r3, r4, r5, r6, r7, pc}
		temp = 0;
    9322:	2400      	movs	r4, #0
    9324:	2508      	movs	r5, #8
			SCLK_SET;
    9326:	2710      	movs	r7, #16
			spi_delay();
    9328:	f7ff fe9c 	bl	9064 <spi_delay>
			SCLK_SET;
    932c:	65b7      	str	r7, [r6, #88]	@ 0x58
			if (MISO)
    932e:	6d73      	ldr	r3, [r6, #84]	@ 0x54
			temp <<= 1;
    9330:	0064      	lsls	r4, r4, #1
				temp |= 1;
    9332:	f013 0f02 	tst.w	r3, #2
			temp <<= 1;
    9336:	b2e4      	uxtb	r4, r4
		for (j = 0; j < 8; ++j) {
    9338:	f105 35ff 	add.w	r5, r5, #4294967295	@ 0xffffffff
				temp |= 1;
    933c:	bf18      	it	ne
    933e:	f044 0401 	orrne.w	r4, r4, #1
			spi_delay();
    9342:	f7ff fe8f 	bl	9064 <spi_delay>
		for (j = 0; j < 8; ++j) {
    9346:	f015 05ff 	ands.w	r5, r5, #255	@ 0xff
			SCLK_CLR;
    934a:	65f7      	str	r7, [r6, #92]	@ 0x5c
		for (j = 0; j < 8; ++j) {
    934c:	d1ec      	bne.n	9328 <cc2400_fifo_read+0x44>
		buf[i] = temp;
    934e:	f801 4b01 	strb.w	r4, [r1], #1
	for (i = 0; i < len; ++i) {
    9352:	e7de      	b.n	9312 <cc2400_fifo_read+0x2e>
    9354:	2009c000 	.word	0x2009c000

00009358 <cc2400_status>:

/* get the status */
u8 cc2400_status()
{
    9358:	b508      	push	{r3, lr}
	return cc2400_spi(8, 0);
    935a:	2100      	movs	r1, #0
    935c:	2008      	movs	r0, #8
    935e:	f7ff ff2d 	bl	91bc <cc2400_spi>
}
    9362:	b2c0      	uxtb	r0, r0
    9364:	bd08      	pop	{r3, pc}

00009366 <cc2400_strobe>:

/* strobe register, return status */
u8 cc2400_strobe(u8 reg)
{
    9366:	b508      	push	{r3, lr}
    9368:	4601      	mov	r1, r0
	return cc2400_spi(8, reg);
    936a:	2008      	movs	r0, #8
    936c:	f7ff ff26 	bl	91bc <cc2400_spi>
}
    9370:	b2c0      	uxtb	r0, r0
    9372:	bd08      	pop	{r3, pc}

00009374 <cc2400_reset>:
/*
 * Warning: This should only be called when running on the internal oscillator.
 * Otherwise use clock_start().
 */
void cc2400_reset()
{
    9374:	b508      	push	{r3, lr}
	cc2400_spi(24, out);
    9376:	2100      	movs	r1, #0
    9378:	2018      	movs	r0, #24
    937a:	f7ff ff1f 	bl	91bc <cc2400_spi>
	cc2400_set(MAIN, 0x0000);
	while (cc2400_get(MAIN) != 0x0000);
    937e:	2000      	movs	r0, #0
    9380:	f7ff ff56 	bl	9230 <cc2400_get>
    9384:	2800      	cmp	r0, #0
    9386:	d1fa      	bne.n	937e <cc2400_reset+0xa>
	cc2400_spi(24, out);
    9388:	f44f 4100 	mov.w	r1, #32768	@ 0x8000
    938c:	2018      	movs	r0, #24
    938e:	f7ff ff15 	bl	91bc <cc2400_spi>
	cc2400_set(MAIN, 0x8000);
	while (cc2400_get(MAIN) != 0x8000);
    9392:	2000      	movs	r0, #0
    9394:	f7ff ff4c 	bl	9230 <cc2400_get>
    9398:	f5b0 4f00 	cmp.w	r0, #32768	@ 0x8000
    939c:	d1f9      	bne.n	9392 <cc2400_reset+0x1e>
}
    939e:	bd08      	pop	{r3, pc}

000093a0 <clock_start>:

/* activate the CC2400's 16 MHz oscillator and sync LPC175x to it */
void clock_start()
{
    93a0:	b508      	push	{r3, lr}
	/* configure flash accelerator for higher clock rate */
	FLASHCFG = (0x03A | (FLASHTIM << 12));
    93a2:	f244 023a 	movw	r2, #16442	@ 0x403a
    93a6:	4b51      	ldr	r3, [pc, #324]	@ (94ec <clock_start+0x14c>)
    93a8:	601a      	str	r2, [r3, #0]

	/* switch to the internal oscillator if necessary */
	CLKSRCSEL = 0;
    93aa:	2200      	movs	r2, #0
    93ac:	f8c3 210c 	str.w	r2, [r3, #268]	@ 0x10c

	/* disconnect PLL0 */
	PLL0CON &= ~PLL0CON_PLLC0;
    93b0:	f8d3 2080 	ldr.w	r2, [r3, #128]	@ 0x80
    93b4:	f022 0202 	bic.w	r2, r2, #2
    93b8:	f8c3 2080 	str.w	r2, [r3, #128]	@ 0x80
	PLL0FEED_SEQUENCE;
    93bc:	22aa      	movs	r2, #170	@ 0xaa
    93be:	f8c3 208c 	str.w	r2, [r3, #140]	@ 0x8c
    93c2:	2255      	movs	r2, #85	@ 0x55
    93c4:	f8c3 208c 	str.w	r2, [r3, #140]	@ 0x8c
	while (PLL0STAT & PLL0STAT_PLLC0_STAT);
    93c8:	f8d3 2088 	ldr.w	r2, [r3, #136]	@ 0x88
    93cc:	0192      	lsls	r2, r2, #6
    93ce:	d4fb      	bmi.n	93c8 <clock_start+0x28>

	/* turn off PLL0 */
	PLL0CON &= ~PLL0CON_PLLE0;
    93d0:	f8d3 2080 	ldr.w	r2, [r3, #128]	@ 0x80
    93d4:	f022 0201 	bic.w	r2, r2, #1
    93d8:	f8c3 2080 	str.w	r2, [r3, #128]	@ 0x80
	PLL0FEED_SEQUENCE;
    93dc:	22aa      	movs	r2, #170	@ 0xaa
    93de:	f8c3 208c 	str.w	r2, [r3, #140]	@ 0x8c
    93e2:	2255      	movs	r2, #85	@ 0x55
    93e4:	f8c3 208c 	str.w	r2, [r3, #140]	@ 0x8c
	while (PLL0STAT & PLL0STAT_PLLE0_STAT);
    93e8:	4a40      	ldr	r2, [pc, #256]	@ (94ec <clock_start+0x14c>)
    93ea:	f8d2 3088 	ldr.w	r3, [r2, #136]	@ 0x88
    93ee:	f013 7380 	ands.w	r3, r3, #16777216	@ 0x1000000
    93f2:	d1fa      	bne.n	93ea <clock_start+0x4a>

	/* temporarily set CPU clock divider to 1 */
	CCLKCFG = 0;
    93f4:	f8c2 3104 	str.w	r3, [r2, #260]	@ 0x104

	/* configure CC2400 oscillator, output carrier sense on GIO6 */
	cc2400_reset();
    93f8:	f7ff ffbc 	bl	9374 <cc2400_reset>
	cc2400_spi(24, out);
    93fc:	2018      	movs	r0, #24
    93fe:	493c      	ldr	r1, [pc, #240]	@ (94f0 <clock_start+0x150>)
    9400:	f7ff fedc 	bl	91bc <cc2400_spi>
	cc2400_set(IOCFG, (GIO_CARRIER_SENSE_N << 9) | (GIO_CLK_16M << 3));
	cc2400_strobe(SXOSCON);
    9404:	2060      	movs	r0, #96	@ 0x60
    9406:	f7ff ffae 	bl	9366 <cc2400_strobe>
	while (!(cc2400_status() & XOSC16M_STABLE));
    940a:	f7ff ffa5 	bl	9358 <cc2400_status>
    940e:	0640      	lsls	r0, r0, #25
    9410:	d5fb      	bpl.n	940a <clock_start+0x6a>

	/* activate main oscillator */
	SCS = SCS_OSCEN;
    9412:	2220      	movs	r2, #32
    9414:	4b35      	ldr	r3, [pc, #212]	@ (94ec <clock_start+0x14c>)
    9416:	f8c3 21a0 	str.w	r2, [r3, #416]	@ 0x1a0
	while (!(SCS & SCS_OSCSTAT));
    941a:	f8d3 21a0 	ldr.w	r2, [r3, #416]	@ 0x1a0
    941e:	0651      	lsls	r1, r2, #25
    9420:	d5fb      	bpl.n	941a <clock_start+0x7a>
#ifdef TC13BADGE
	PCLKSEL0  = (1 << 2); /* TIMER0 at cclk (30 MHz) */
	PCLKSEL1  = 0;
#else
        // XXX here
	PCLKSEL0  = (2 << 2) | (2 << 4); /* TIMER0 and TIMER1 at cclk/2 (50 MHz) */
    9422:	2228      	movs	r2, #40	@ 0x28
    9424:	f8c3 21a8 	str.w	r2, [r3, #424]	@ 0x1a8
	PCLKSEL1  = (2 << 12); /* TIMER2 at cclk/2 (50 MHz) */
    9428:	f44f 5200 	mov.w	r2, #8192	@ 0x2000
    942c:	f8c3 21ac 	str.w	r2, [r3, #428]	@ 0x1ac
#endif

	/* switch to main oscillator */
	CLKSRCSEL = 1;
    9430:	2201      	movs	r2, #1

	/* configure PLL0 */
	PLL0CFG = (MSEL0 << 0) | (NSEL0 << 16);
	PLL0FEED_SEQUENCE;
    9432:	20aa      	movs	r0, #170	@ 0xaa
    9434:	2155      	movs	r1, #85	@ 0x55
	CLKSRCSEL = 1;
    9436:	f8c3 210c 	str.w	r2, [r3, #268]	@ 0x10c
	PLL0CFG = (MSEL0 << 0) | (NSEL0 << 16);
    943a:	4a2e      	ldr	r2, [pc, #184]	@ (94f4 <clock_start+0x154>)
    943c:	f8c3 2084 	str.w	r2, [r3, #132]	@ 0x84
	PLL0FEED_SEQUENCE;
    9440:	f8c3 008c 	str.w	r0, [r3, #140]	@ 0x8c
    9444:	f8c3 108c 	str.w	r1, [r3, #140]	@ 0x8c

	/* turn on PLL0 */
	PLL0CON |= PLL0CON_PLLE0;
    9448:	f8d3 2080 	ldr.w	r2, [r3, #128]	@ 0x80
    944c:	f042 0201 	orr.w	r2, r2, #1
    9450:	f8c3 2080 	str.w	r2, [r3, #128]	@ 0x80
	PLL0FEED_SEQUENCE;
    9454:	f8c3 008c 	str.w	r0, [r3, #140]	@ 0x8c
    9458:	f8c3 108c 	str.w	r1, [r3, #140]	@ 0x8c
	while (!(PLL0STAT & PLL0STAT_PLLE0_STAT));
    945c:	4b23      	ldr	r3, [pc, #140]	@ (94ec <clock_start+0x14c>)
    945e:	f8d3 2088 	ldr.w	r2, [r3, #136]	@ 0x88
    9462:	01d2      	lsls	r2, r2, #7
    9464:	d5fb      	bpl.n	945e <clock_start+0xbe>

	/* set CPU clock divider */
	CCLKCFG = CCLKSEL;
    9466:	2203      	movs	r2, #3
    9468:	f8c3 2104 	str.w	r2, [r3, #260]	@ 0x104

	/* connect PLL0 */
	PLL0CON |= PLL0CON_PLLC0;
    946c:	f8d3 2080 	ldr.w	r2, [r3, #128]	@ 0x80
    9470:	f042 0202 	orr.w	r2, r2, #2
    9474:	f8c3 2080 	str.w	r2, [r3, #128]	@ 0x80
	PLL0FEED_SEQUENCE;
    9478:	22aa      	movs	r2, #170	@ 0xaa
    947a:	f8c3 208c 	str.w	r2, [r3, #140]	@ 0x8c
    947e:	2255      	movs	r2, #85	@ 0x55
    9480:	f8c3 208c 	str.w	r2, [r3, #140]	@ 0x8c
	while (!(PLL0STAT & PLL0STAT_PLLC0_STAT));
    9484:	4b19      	ldr	r3, [pc, #100]	@ (94ec <clock_start+0x14c>)
    9486:	f8d3 2088 	ldr.w	r2, [r3, #136]	@ 0x88
    948a:	0190      	lsls	r0, r2, #6
    948c:	d5fb      	bpl.n	9486 <clock_start+0xe6>

	/* configure PLL1 */
	PLL1CFG = (MSEL1 << 0) | (PSEL1 << 5);
    948e:	2222      	movs	r2, #34	@ 0x22
	PLL1FEED_SEQUENCE;
    9490:	20aa      	movs	r0, #170	@ 0xaa
    9492:	2155      	movs	r1, #85	@ 0x55
	PLL1CFG = (MSEL1 << 0) | (PSEL1 << 5);
    9494:	f8c3 20a4 	str.w	r2, [r3, #164]	@ 0xa4
	PLL1FEED_SEQUENCE;
    9498:	f8c3 00ac 	str.w	r0, [r3, #172]	@ 0xac
    949c:	f8c3 10ac 	str.w	r1, [r3, #172]	@ 0xac

	/* turn on PLL1 */
	PLL1CON |= PLL1CON_PLLE1;
    94a0:	f8d3 20a0 	ldr.w	r2, [r3, #160]	@ 0xa0
    94a4:	f042 0201 	orr.w	r2, r2, #1
    94a8:	f8c3 20a0 	str.w	r2, [r3, #160]	@ 0xa0
	PLL1FEED_SEQUENCE;
    94ac:	f8c3 00ac 	str.w	r0, [r3, #172]	@ 0xac
    94b0:	f8c3 10ac 	str.w	r1, [r3, #172]	@ 0xac
	while (!(PLL1STAT & PLL1STAT_PLLE1_STAT));
    94b4:	4b0d      	ldr	r3, [pc, #52]	@ (94ec <clock_start+0x14c>)
    94b6:	f8d3 20a8 	ldr.w	r2, [r3, #168]	@ 0xa8
    94ba:	05d1      	lsls	r1, r2, #23
    94bc:	d5fb      	bpl.n	94b6 <clock_start+0x116>
	while (!(PLL1STAT & PLL1STAT_PLOCK1));
    94be:	f8d3 20a8 	ldr.w	r2, [r3, #168]	@ 0xa8
    94c2:	0552      	lsls	r2, r2, #21
    94c4:	d5fb      	bpl.n	94be <clock_start+0x11e>

	/* connect PLL1 */
	PLL1CON |= PLL1CON_PLLC1;
    94c6:	f8d3 20a0 	ldr.w	r2, [r3, #160]	@ 0xa0
    94ca:	f042 0202 	orr.w	r2, r2, #2
    94ce:	f8c3 20a0 	str.w	r2, [r3, #160]	@ 0xa0
	PLL1FEED_SEQUENCE;
    94d2:	22aa      	movs	r2, #170	@ 0xaa
    94d4:	f8c3 20ac 	str.w	r2, [r3, #172]	@ 0xac
    94d8:	2255      	movs	r2, #85	@ 0x55
    94da:	f8c3 20ac 	str.w	r2, [r3, #172]	@ 0xac
	while (!(PLL1STAT & PLL1STAT_PLLC1_STAT));
    94de:	4a03      	ldr	r2, [pc, #12]	@ (94ec <clock_start+0x14c>)
    94e0:	f8d2 30a8 	ldr.w	r3, [r2, #168]	@ 0xa8
    94e4:	059b      	lsls	r3, r3, #22
    94e6:	d5fb      	bpl.n	94e0 <clock_start+0x140>
}
    94e8:	bd08      	pop	{r3, pc}
    94ea:	bf00      	nop
    94ec:	400fc000 	.word	0x400fc000
    94f0:	00081570 	.word	0x00081570
    94f4:	00010018 	.word	0x00010018

000094f8 <ubertooth_init>:
{
    94f8:	b508      	push	{r3, lr}
	gpio_init();
    94fa:	f7ff fe03 	bl	9104 <gpio_init>
	cc2400_init();
    94fe:	f7ff fe7d 	bl	91fc <cc2400_init>
}
    9502:	e8bd 4008 	ldmia.w	sp!, {r3, lr}
	clock_start();
    9506:	f7ff bf4b 	b.w	93a0 <clock_start>
    950a:	0000      	movs	r0, r0

0000950c <reset>:

/* reset the LPC17xx, the cc2400 will be handled by the boot code */
void reset()
{
    950c:	b508      	push	{r3, lr}
	all_pins_off();
    950e:	f7ff fdd5 	bl	90bc <all_pins_off>

	/* Enable the watchdog with reset enabled */
	USRLED_CLR;
    9512:	2202      	movs	r2, #2
    9514:	4b08      	ldr	r3, [pc, #32]	@ (9538 <reset+0x2c>)
	wait_us(seconds * 1000000);
    9516:	4809      	ldr	r0, [pc, #36]	@ (953c <reset+0x30>)
	USRLED_CLR;
    9518:	63da      	str	r2, [r3, #60]	@ 0x3c
	WDMOD |= WDMOD_WDEN | WDMOD_WDRESET;
    951a:	f04f 4380 	mov.w	r3, #1073741824	@ 0x40000000
    951e:	681a      	ldr	r2, [r3, #0]
    9520:	f042 0203 	orr.w	r2, r2, #3
    9524:	601a      	str	r2, [r3, #0]
	WDFEED_SEQUENCE;
    9526:	22aa      	movs	r2, #170	@ 0xaa
    9528:	609a      	str	r2, [r3, #8]
    952a:	2255      	movs	r2, #85	@ 0x55
    952c:	609a      	str	r2, [r3, #8]
	
	/* Set watchdog timeout to 256us (minimum) */
	
	/* sleep for 1s (minimum) */
	wait(1);
}
    952e:	e8bd 4008 	ldmia.w	sp!, {r3, lr}
	wait_us(seconds * 1000000);
    9532:	f7ff bda7 	b.w	9084 <wait_us>
    9536:	bf00      	nop
    9538:	2009c000 	.word	0x2009c000
    953c:	000f4240 	.word	0x000f4240

00009540 <get_part_num>:
	while (!(cc2400_status() & FS_LOCK));
	cc2400_strobe(SRX);
}

void get_part_num(uint8_t *buffer, int *len)
{
    9540:	b530      	push	{r4, r5, lr}
    9542:	b08b      	sub	sp, #44	@ 0x2c
	u32 command[5];
	u32 result[5];
	command[0] = 54; /* read part number */
    9544:	2336      	movs	r3, #54	@ 0x36
{
    9546:	4604      	mov	r4, r0
    9548:	460d      	mov	r5, r1
	command[0] = 54; /* read part number */
    954a:	9300      	str	r3, [sp, #0]
	iap_entry(command, result);
    954c:	4668      	mov	r0, sp
    954e:	4b08      	ldr	r3, [pc, #32]	@ (9570 <get_part_num+0x30>)
    9550:	a905      	add	r1, sp, #20
    9552:	4798      	blx	r3
	buffer[0] = result[0] & 0xFF; /* status */
    9554:	9b05      	ldr	r3, [sp, #20]
    9556:	7023      	strb	r3, [r4, #0]
	buffer[1] = result[1] & 0xFF;
    9558:	9b06      	ldr	r3, [sp, #24]
	buffer[2] = (result[1] >> 8) & 0xFF;
    955a:	0a1a      	lsrs	r2, r3, #8
	buffer[1] = result[1] & 0xFF;
    955c:	7063      	strb	r3, [r4, #1]
	buffer[2] = (result[1] >> 8) & 0xFF;
    955e:	70a2      	strb	r2, [r4, #2]
	buffer[3] = (result[1] >> 16) & 0xFF;
    9560:	0c1a      	lsrs	r2, r3, #16
	buffer[4] = (result[1] >> 24) & 0xFF;
    9562:	0e1b      	lsrs	r3, r3, #24
    9564:	7123      	strb	r3, [r4, #4]
	*len = 5;
    9566:	2305      	movs	r3, #5
	buffer[3] = (result[1] >> 16) & 0xFF;
    9568:	70e2      	strb	r2, [r4, #3]
	*len = 5;
    956a:	602b      	str	r3, [r5, #0]
	
}
    956c:	b00b      	add	sp, #44	@ 0x2c
    956e:	bd30      	pop	{r4, r5, pc}
    9570:	1fff1ff1 	.word	0x1fff1ff1

00009574 <get_device_serial>:

void get_device_serial(uint8_t *buffer, int *len)
{
    9574:	b530      	push	{r4, r5, lr}
    9576:	b08b      	sub	sp, #44	@ 0x2c
	u32 command[5];
	u32 result[5];
	command[0] = 58; /* read device serial number */
    9578:	233a      	movs	r3, #58	@ 0x3a
{
    957a:	4604      	mov	r4, r0
    957c:	460d      	mov	r5, r1
	command[0] = 58; /* read device serial number */
    957e:	9300      	str	r3, [sp, #0]
	iap_entry(command, result);
    9580:	4668      	mov	r0, sp
    9582:	4b14      	ldr	r3, [pc, #80]	@ (95d4 <get_device_serial+0x60>)
    9584:	a905      	add	r1, sp, #20
    9586:	4798      	blx	r3
	buffer[0] = result[0] & 0xFF; /* status */
    9588:	9b05      	ldr	r3, [sp, #20]
    958a:	7023      	strb	r3, [r4, #0]
	buffer[1] = result[1] & 0xFF;
    958c:	9b06      	ldr	r3, [sp, #24]
	buffer[2] = (result[1] >> 8) & 0xFF;
    958e:	0a1a      	lsrs	r2, r3, #8
	buffer[1] = result[1] & 0xFF;
    9590:	7063      	strb	r3, [r4, #1]
	buffer[2] = (result[1] >> 8) & 0xFF;
    9592:	70a2      	strb	r2, [r4, #2]
	buffer[3] = (result[1] >> 16) & 0xFF;
    9594:	0c1a      	lsrs	r2, r3, #16
	buffer[4] = (result[1] >> 24) & 0xFF;
    9596:	0e1b      	lsrs	r3, r3, #24
    9598:	7123      	strb	r3, [r4, #4]
	buffer[5] = result[2] & 0xFF;
    959a:	9b07      	ldr	r3, [sp, #28]
	buffer[3] = (result[1] >> 16) & 0xFF;
    959c:	70e2      	strb	r2, [r4, #3]
	buffer[6] = (result[2] >> 8) & 0xFF;
    959e:	0a1a      	lsrs	r2, r3, #8
	buffer[5] = result[2] & 0xFF;
    95a0:	7163      	strb	r3, [r4, #5]
	buffer[6] = (result[2] >> 8) & 0xFF;
    95a2:	71a2      	strb	r2, [r4, #6]
	buffer[7] = (result[2] >> 16) & 0xFF;
    95a4:	0c1a      	lsrs	r2, r3, #16
	buffer[8] = (result[2] >> 24) & 0xFF;
    95a6:	0e1b      	lsrs	r3, r3, #24
    95a8:	7223      	strb	r3, [r4, #8]
	buffer[9] = result[3] & 0xFF;
    95aa:	9b08      	ldr	r3, [sp, #32]
	buffer[7] = (result[2] >> 16) & 0xFF;
    95ac:	71e2      	strb	r2, [r4, #7]
	buffer[10] = (result[3] >> 8) & 0xFF;
    95ae:	0a1a      	lsrs	r2, r3, #8
	buffer[9] = result[3] & 0xFF;
    95b0:	7263      	strb	r3, [r4, #9]
	buffer[10] = (result[3] >> 8) & 0xFF;
    95b2:	72a2      	strb	r2, [r4, #10]
	buffer[11] = (result[3] >> 16) & 0xFF;
    95b4:	0c1a      	lsrs	r2, r3, #16
	buffer[12] = (result[3] >> 24) & 0xFF;
    95b6:	0e1b      	lsrs	r3, r3, #24
    95b8:	7323      	strb	r3, [r4, #12]
	buffer[13] = result[4] & 0xFF;
    95ba:	9b09      	ldr	r3, [sp, #36]	@ 0x24
	buffer[11] = (result[3] >> 16) & 0xFF;
    95bc:	72e2      	strb	r2, [r4, #11]
	buffer[14] = (result[4] >> 8) & 0xFF;
    95be:	0a1a      	lsrs	r2, r3, #8
	buffer[13] = result[4] & 0xFF;
    95c0:	7363      	strb	r3, [r4, #13]
	buffer[14] = (result[4] >> 8) & 0xFF;
    95c2:	73a2      	strb	r2, [r4, #14]
	buffer[15] = (result[4] >> 16) & 0xFF;
    95c4:	0c1a      	lsrs	r2, r3, #16
	buffer[16] = (result[4] >> 24) & 0xFF;
    95c6:	0e1b      	lsrs	r3, r3, #24
    95c8:	7423      	strb	r3, [r4, #16]
	*len = 17;
    95ca:	2311      	movs	r3, #17
	buffer[15] = (result[4] >> 16) & 0xFF;
    95cc:	73e2      	strb	r2, [r4, #15]
	*len = 17;
    95ce:	602b      	str	r3, [r5, #0]
}
    95d0:	b00b      	add	sp, #44	@ 0x2c
    95d2:	bd30      	pop	{r4, r5, pc}
    95d4:	1fff1ff1 	.word	0x1fff1ff1

000095d8 <set_isp>:

void set_isp(void)
{
    95d8:	b500      	push	{lr}
    95da:	b08b      	sub	sp, #44	@ 0x2c
	u32 command[5];
	u32 result[5];
	command[0] = 57;
    95dc:	2339      	movs	r3, #57	@ 0x39
	iap_entry(command, result);
    95de:	4668      	mov	r0, sp
	command[0] = 57;
    95e0:	9300      	str	r3, [sp, #0]
	iap_entry(command, result);
    95e2:	a905      	add	r1, sp, #20
    95e4:	4b01      	ldr	r3, [pc, #4]	@ (95ec <set_isp+0x14>)
    95e6:	4798      	blx	r3
}
    95e8:	b00b      	add	sp, #44	@ 0x2c
    95ea:	bd00      	pop	{pc}
    95ec:	1fff1ff1 	.word	0x1fff1ff1

000095f0 <DataIn>:

/**
	Sends next chunk of data (possibly 0 bytes) to host
 */
static void DataIn(void)
{
    95f0:	b538      	push	{r3, r4, r5, lr}
	int iChunk;

	iChunk = MIN(MAX_PACKET_SIZE0, iResidue);
    95f2:	4c08      	ldr	r4, [pc, #32]	@ (9614 <DataIn+0x24>)
	USBHwEPWrite(0x80, pbData, iChunk);
    95f4:	2080      	movs	r0, #128	@ 0x80
	iChunk = MIN(MAX_PACKET_SIZE0, iResidue);
    95f6:	6825      	ldr	r5, [r4, #0]
	USBHwEPWrite(0x80, pbData, iChunk);
    95f8:	6861      	ldr	r1, [r4, #4]
	iChunk = MIN(MAX_PACKET_SIZE0, iResidue);
    95fa:	2d40      	cmp	r5, #64	@ 0x40
    95fc:	bfa8      	it	ge
    95fe:	2540      	movge	r5, #64	@ 0x40
	USBHwEPWrite(0x80, pbData, iChunk);
    9600:	462a      	mov	r2, r5
    9602:	f000 f959 	bl	98b8 <USBHwEPWrite>
	pbData += iChunk;
    9606:	6863      	ldr	r3, [r4, #4]
    9608:	442b      	add	r3, r5
    960a:	6063      	str	r3, [r4, #4]
	iResidue -= iChunk;
    960c:	6823      	ldr	r3, [r4, #0]
    960e:	1b5b      	subs	r3, r3, r5
    9610:	6023      	str	r3, [r4, #0]
}
    9612:	bd38      	pop	{r3, r4, r5, pc}
    9614:	10003758 	.word	0x10003758

00009618 <_HandleRequest.constprop.0>:
static BOOL _HandleRequest(TSetupPacket *pSetup, int *piLen, U8 **ppbData)
    9618:	b537      	push	{r0, r1, r2, r4, r5, lr}
	iType = REQTYPE_GET_TYPE(pSetup->bmRequestType);
    961a:	4c11      	ldr	r4, [pc, #68]	@ (9660 <_HandleRequest.constprop.0+0x48>)
    961c:	7a25      	ldrb	r5, [r4, #8]
    961e:	f3c5 1541 	ubfx	r5, r5, #5, #2
	if(iType == REQTYPE_TYPE_VENDOR) {
    9622:	2d02      	cmp	r5, #2
    9624:	d10d      	bne.n	9642 <_HandleRequest.constprop.0+0x2a>
		BOOL fFilterStatus = FALSE;
    9626:	2300      	movs	r3, #0
		if(USBFilterOsVendorMessage(pSetup, &fFilterStatus, piLen, ppbData)) {
    9628:	f104 0210 	add.w	r2, r4, #16
		BOOL fFilterStatus = FALSE;
    962c:	9301      	str	r3, [sp, #4]
		if(USBFilterOsVendorMessage(pSetup, &fFilterStatus, piLen, ppbData)) {
    962e:	a901      	add	r1, sp, #4
    9630:	1d23      	adds	r3, r4, #4
    9632:	f104 0008 	add.w	r0, r4, #8
    9636:	f000 fa55 	bl	9ae4 <USBFilterOsVendorMessage>
    963a:	b110      	cbz	r0, 9642 <_HandleRequest.constprop.0+0x2a>
			return fFilterStatus;
    963c:	9801      	ldr	r0, [sp, #4]
}
    963e:	b003      	add	sp, #12
    9640:	bd30      	pop	{r4, r5, pc}
	pfnHandler = apfnReqHandlers[iType];
    9642:	eb04 0485 	add.w	r4, r4, r5, lsl #2
    9646:	6963      	ldr	r3, [r4, #20]
	if (pfnHandler == NULL) {
    9648:	b13b      	cbz	r3, 965a <_HandleRequest.constprop.0+0x42>
	return pfnHandler(pSetup, piLen, ppbData);
    964a:	4a06      	ldr	r2, [pc, #24]	@ (9664 <_HandleRequest.constprop.0+0x4c>)
    964c:	f102 010c 	add.w	r1, r2, #12
    9650:	1d10      	adds	r0, r2, #4
}
    9652:	b003      	add	sp, #12
    9654:	e8bd 4030 	ldmia.w	sp!, {r4, r5, lr}
	return pfnHandler(pSetup, piLen, ppbData);
    9658:	4718      	bx	r3
		return FALSE;
    965a:	4618      	mov	r0, r3
    965c:	e7ef      	b.n	963e <_HandleRequest.constprop.0+0x26>
    965e:	bf00      	nop
    9660:	10003758 	.word	0x10003758
    9664:	1000375c 	.word	0x1000375c

00009668 <USBHandleControlTransfer>:
 *
 *	@param [in]	bEP		Endpoint address
 *	@param [in]	bEPStat	Endpoint status
 */
void USBHandleControlTransfer(U8 bEP, U8 bEPStat)
{
    9668:	b510      	push	{r4, lr}
	int iChunk, iType;

	if (bEP == 0x00) {
    966a:	2800      	cmp	r0, #0
    966c:	d147      	bne.n	96fe <USBHandleControlTransfer+0x96>
		// OUT transfer
		if (bEPStat & EP_STATUS_SETUP) {
    966e:	f011 0104 	ands.w	r1, r1, #4
    9672:	4c24      	ldr	r4, [pc, #144]	@ (9704 <USBHandleControlTransfer+0x9c>)
    9674:	d023      	beq.n	96be <USBHandleControlTransfer+0x56>
			// setup packet, reset request message state machine
			USBHwEPRead(0x00, (U8 *)&Setup, sizeof(Setup));
    9676:	2208      	movs	r2, #8
    9678:	18a1      	adds	r1, r4, r2
    967a:	f000 f945 	bl	9908 <USBHwEPRead>
			DBG("S%x", Setup.bRequest);

			// defaults for data pointer and residue
			iType = REQTYPE_GET_TYPE(Setup.bmRequestType);
    967e:	7a23      	ldrb	r3, [r4, #8]
    9680:	f3c3 1241 	ubfx	r2, r3, #5, #2
			pbData = apbDataStore[iType];
    9684:	eb04 0282 	add.w	r2, r4, r2, lsl #2
    9688:	6a52      	ldr	r2, [r2, #36]	@ 0x24
    968a:	6062      	str	r2, [r4, #4]
			iResidue = Setup.wLength;
    968c:	89e2      	ldrh	r2, [r4, #14]
    968e:	6022      	str	r2, [r4, #0]
			iLen = Setup.wLength;
    9690:	6122      	str	r2, [r4, #16]

			if ((Setup.wLength == 0) ||
    9692:	b10a      	cbz	r2, 9698 <USBHandleControlTransfer+0x30>
    9694:	09db      	lsrs	r3, r3, #7
    9696:	d034      	beq.n	9702 <USBHandleControlTransfer+0x9a>
				(REQTYPE_GET_DIR(Setup.bmRequestType) == REQTYPE_DIR_TO_HOST)) {
				// ask installed handler to process request
				if (!_HandleRequest(&Setup, &iLen, &pbData)) {
    9698:	f7ff ffbe 	bl	9618 <_HandleRequest.constprop.0>
    969c:	b928      	cbnz	r0, 96aa <USBHandleControlTransfer+0x42>
		DataIn();
	}
	else {
		ASSERT(FALSE);
	}
}
    969e:	e8bd 4010 	ldmia.w	sp!, {r4, lr}
	USBHwEPStall(0x80, TRUE);
    96a2:	2101      	movs	r1, #1
    96a4:	2080      	movs	r0, #128	@ 0x80
    96a6:	f000 b8fb 	b.w	98a0 <USBHwEPStall>
				iResidue = MIN(iLen, Setup.wLength);
    96aa:	89e2      	ldrh	r2, [r4, #14]
    96ac:	6923      	ldr	r3, [r4, #16]
    96ae:	429a      	cmp	r2, r3
    96b0:	bfd4      	ite	le
    96b2:	6022      	strle	r2, [r4, #0]
    96b4:	6023      	strgt	r3, [r4, #0]
}
    96b6:	e8bd 4010 	ldmia.w	sp!, {r4, lr}
					DataIn();
    96ba:	f7ff bf99 	b.w	95f0 <DataIn>
			if (iResidue > 0) {
    96be:	6822      	ldr	r2, [r4, #0]
    96c0:	2a00      	cmp	r2, #0
    96c2:	dd17      	ble.n	96f4 <USBHandleControlTransfer+0x8c>
				iChunk = USBHwEPRead(0x00, pbData, iResidue);
    96c4:	6861      	ldr	r1, [r4, #4]
    96c6:	f000 f91f 	bl	9908 <USBHwEPRead>
				if (iChunk < 0) {
    96ca:	2800      	cmp	r0, #0
    96cc:	dbe7      	blt.n	969e <USBHandleControlTransfer+0x36>
				pbData += iChunk;
    96ce:	6863      	ldr	r3, [r4, #4]
    96d0:	4403      	add	r3, r0
    96d2:	6063      	str	r3, [r4, #4]
				iResidue -= iChunk;
    96d4:	6823      	ldr	r3, [r4, #0]
    96d6:	1a1b      	subs	r3, r3, r0
    96d8:	6023      	str	r3, [r4, #0]
				if (iResidue == 0) {
    96da:	b993      	cbnz	r3, 9702 <USBHandleControlTransfer+0x9a>
					iType = REQTYPE_GET_TYPE(Setup.bmRequestType);
    96dc:	7a23      	ldrb	r3, [r4, #8]
    96de:	f3c3 1341 	ubfx	r3, r3, #5, #2
					pbData = apbDataStore[iType];
    96e2:	eb04 0383 	add.w	r3, r4, r3, lsl #2
    96e6:	6a5b      	ldr	r3, [r3, #36]	@ 0x24
    96e8:	6063      	str	r3, [r4, #4]
					if (!_HandleRequest(&Setup, &iLen, &pbData)) {
    96ea:	f7ff ff95 	bl	9618 <_HandleRequest.constprop.0>
    96ee:	2800      	cmp	r0, #0
    96f0:	d1e1      	bne.n	96b6 <USBHandleControlTransfer+0x4e>
    96f2:	e7d4      	b.n	969e <USBHandleControlTransfer+0x36>
				iChunk = USBHwEPRead(0x00, NULL, 0);
    96f4:	460a      	mov	r2, r1
}
    96f6:	e8bd 4010 	ldmia.w	sp!, {r4, lr}
				iChunk = USBHwEPRead(0x00, NULL, 0);
    96fa:	f000 b905 	b.w	9908 <USBHwEPRead>
	else if (bEP == 0x80) {
    96fe:	2880      	cmp	r0, #128	@ 0x80
    9700:	d0d9      	beq.n	96b6 <USBHandleControlTransfer+0x4e>
}
    9702:	bd10      	pop	{r4, pc}
    9704:	10003758 	.word	0x10003758

00009708 <USBRegisterRequestHandler>:
 */
void USBRegisterRequestHandler(int iType, TFnHandleRequest *pfnHandler, U8 *pbDataStore)
{
	ASSERT(iType >= 0);
	ASSERT(iType < 4);
	apfnReqHandlers[iType] = pfnHandler;
    9708:	4b02      	ldr	r3, [pc, #8]	@ (9714 <USBRegisterRequestHandler+0xc>)
    970a:	eb03 0080 	add.w	r0, r3, r0, lsl #2
    970e:	6141      	str	r1, [r0, #20]
	apbDataStore[iType] = pbDataStore;
    9710:	6242      	str	r2, [r0, #36]	@ 0x24
}
    9712:	4770      	bx	lr
    9714:	10003758 	.word	0x10003758

00009718 <HandleUsbReset>:
static void HandleUsbReset(U8 bDevStatus)
{
	if (bDevStatus & DEV_STATUS_RESET) {
		DBG("\n!");
	}
}
    9718:	4770      	bx	lr
    971a:	0000      	movs	r0, r0

0000971c <USBInit>:
	installing default callbacks.
	
	@return TRUE if initialisation was successful
 */
BOOL USBInit(void)
{
    971c:	b508      	push	{r3, lr}
	// init hardware
	USBHwInit();
    971e:	f000 f991 	bl	9a44 <USBHwInit>
	
	// register bus reset handler
	USBHwRegisterDevIntHandler(HandleUsbReset);
    9722:	480d      	ldr	r0, [pc, #52]	@ (9758 <USBInit+0x3c>)
    9724:	f000 f886 	bl	9834 <USBHwRegisterDevIntHandler>
	
	// register control transfer handler on EP0
	USBHwRegisterEPIntHandler(0x00, USBHandleControlTransfer);
    9728:	2000      	movs	r0, #0
    972a:	490c      	ldr	r1, [pc, #48]	@ (975c <USBInit+0x40>)
    972c:	f000 f866 	bl	97fc <USBHwRegisterEPIntHandler>
	USBHwRegisterEPIntHandler(0x80, USBHandleControlTransfer);
    9730:	2080      	movs	r0, #128	@ 0x80
    9732:	490a      	ldr	r1, [pc, #40]	@ (975c <USBInit+0x40>)
    9734:	f000 f862 	bl	97fc <USBHwRegisterEPIntHandler>
	
	// setup control endpoints
	USBHwEPConfig(0x00, MAX_PACKET_SIZE0);
    9738:	2140      	movs	r1, #64	@ 0x40
    973a:	2000      	movs	r0, #0
    973c:	f000 f83e 	bl	97bc <USBHwEPConfig>
	USBHwEPConfig(0x80, MAX_PACKET_SIZE0);
    9740:	2140      	movs	r1, #64	@ 0x40
    9742:	2080      	movs	r0, #128	@ 0x80
    9744:	f000 f83a 	bl	97bc <USBHwEPConfig>
	
	// register standard request handler
	USBRegisterRequestHandler(REQTYPE_TYPE_STANDARD, USBHandleStandardRequest, abStdReqData);
    9748:	2000      	movs	r0, #0
    974a:	4a05      	ldr	r2, [pc, #20]	@ (9760 <USBInit+0x44>)
    974c:	4905      	ldr	r1, [pc, #20]	@ (9764 <USBInit+0x48>)
    974e:	f7ff ffdb 	bl	9708 <USBRegisterRequestHandler>

	return TRUE;
}
    9752:	2001      	movs	r0, #1
    9754:	bd08      	pop	{r3, pc}
    9756:	bf00      	nop
    9758:	00009719 	.word	0x00009719
    975c:	00009669 	.word	0x00009669
    9760:	1000378c 	.word	0x1000378c
    9764:	00009bd1 	.word	0x00009bd1

00009768 <Wait4DevInt>:
    @param [in] dwIntr      Bitmask of interrupts to wait for   
 */
static void Wait4DevInt(U32 dwIntr)
{
    // wait for specific interrupt
    while ((USBDevIntSt & dwIntr) != dwIntr);
    9768:	4b04      	ldr	r3, [pc, #16]	@ (977c <Wait4DevInt+0x14>)
    976a:	f8d3 2200 	ldr.w	r2, [r3, #512]	@ 0x200
    976e:	ea30 0202 	bics.w	r2, r0, r2
    9772:	d1fa      	bne.n	976a <Wait4DevInt+0x2>
    // clear the interrupt bits
    USBDevIntClr = dwIntr;
    9774:	f8c3 0208 	str.w	r0, [r3, #520]	@ 0x208
}
    9778:	4770      	bx	lr
    977a:	bf00      	nop
    977c:	5000c000 	.word	0x5000c000

00009780 <USBHwCmd>:
    @param [in] bCmd        Command to send
 */
static void USBHwCmd(U8 bCmd)
{
    // clear CDFULL/CCEMTY
    USBDevIntClr = CDFULL | CCEMTY;
    9780:	2230      	movs	r2, #48	@ 0x30
    9782:	4b05      	ldr	r3, [pc, #20]	@ (9798 <USBHwCmd+0x18>)
    // write command code
    USBCmdCode = 0x00000500 | (bCmd << 16);
    9784:	0400      	lsls	r0, r0, #16
    9786:	f440 60a0 	orr.w	r0, r0, #1280	@ 0x500
    USBDevIntClr = CDFULL | CCEMTY;
    978a:	f8c3 2208 	str.w	r2, [r3, #520]	@ 0x208
    USBCmdCode = 0x00000500 | (bCmd << 16);
    978e:	f8c3 0210 	str.w	r0, [r3, #528]	@ 0x210
    Wait4DevInt(CCEMTY);
    9792:	2010      	movs	r0, #16
    9794:	f7ff bfe8 	b.w	9768 <Wait4DevInt>
    9798:	5000c000 	.word	0x5000c000

0000979c <USBHwCmdWrite>:
        
    @param [in] bCmd        Command to send
    @param [in] bData       Data to send
 */
static void USBHwCmdWrite(U8 bCmd, U16 bData)
{
    979c:	b508      	push	{r3, lr}
    // write command code
    USBHwCmd(bCmd);
    979e:	f7ff ffef 	bl	9780 <USBHwCmd>

    // write command data
    USBCmdCode = 0x00000100 | (bData << 16);
    97a2:	0409      	lsls	r1, r1, #16
    97a4:	4b04      	ldr	r3, [pc, #16]	@ (97b8 <USBHwCmdWrite+0x1c>)
    97a6:	f441 7180 	orr.w	r1, r1, #256	@ 0x100
    97aa:	f8c3 1210 	str.w	r1, [r3, #528]	@ 0x210
    Wait4DevInt(CCEMTY);
    97ae:	2010      	movs	r0, #16
}
    97b0:	e8bd 4008 	ldmia.w	sp!, {r3, lr}
    Wait4DevInt(CCEMTY);
    97b4:	f7ff bfd8 	b.w	9768 <Wait4DevInt>
    97b8:	5000c000 	.word	0x5000c000

000097bc <USBHwEPConfig>:
        
    @param [in] bEP             Endpoint number
    @param [in] wMaxPacketSize  Maximum packet size for this EP
 */
void USBHwEPConfig(U8 bEP, U16 wMaxPacketSize)
{
    97bc:	b510      	push	{r4, lr}
    USBReEp |= (1 << idx);
    97be:	2301      	movs	r3, #1
    97c0:	4a0d      	ldr	r2, [pc, #52]	@ (97f8 <USBHwEPConfig+0x3c>)
    int idx;
    
    idx = EP2IDX(bEP);
    97c2:	0044      	lsls	r4, r0, #1
    97c4:	f004 041e 	and.w	r4, r4, #30
    97c8:	ea44 14d0 	orr.w	r4, r4, r0, lsr #7
    USBReEp |= (1 << idx);
    97cc:	f8d2 0244 	ldr.w	r0, [r2, #580]	@ 0x244
    97d0:	40a3      	lsls	r3, r4
    97d2:	4303      	orrs	r3, r0
    97d4:	f8c2 3244 	str.w	r3, [r2, #580]	@ 0x244
    Wait4DevInt(EP_RLZED);
    97d8:	f44f 7080 	mov.w	r0, #256	@ 0x100
    USBEpIn = idx;
    97dc:	f8c2 4248 	str.w	r4, [r2, #584]	@ 0x248
    USBMaxPSize = wMaxPSize;
    97e0:	f8c2 124c 	str.w	r1, [r2, #588]	@ 0x24c
    Wait4DevInt(EP_RLZED);
    97e4:	f7ff ffc0 	bl	9768 <Wait4DevInt>
    USBHwCmdWrite(CMD_EP_SET_STATUS | idx, fEnable ? 0 : EP_DA);
    97e8:	2100      	movs	r1, #0
    97ea:	f044 0040 	orr.w	r0, r4, #64	@ 0x40
    // realise EP
    USBHwEPRealize(idx, wMaxPacketSize);

    // enable EP
    USBHwEPEnable(idx, TRUE);
}
    97ee:	e8bd 4010 	ldmia.w	sp!, {r4, lr}
    USBHwCmdWrite(CMD_EP_SET_STATUS | idx, fEnable ? 0 : EP_DA);
    97f2:	f7ff bfd3 	b.w	979c <USBHwCmdWrite>
    97f6:	bf00      	nop
    97f8:	5000c000 	.word	0x5000c000

000097fc <USBHwRegisterEPIntHandler>:
    idx = EP2IDX(bEP);

    ASSERT(idx<32);

    /* add handler to list of EP handlers */
    _apfnEPIntHandlers[idx / 2] = pfnHandler;
    97fc:	4a0b      	ldr	r2, [pc, #44]	@ (982c <USBHwRegisterEPIntHandler+0x30>)
    idx = EP2IDX(bEP);
    97fe:	0043      	lsls	r3, r0, #1
    9800:	f003 031e 	and.w	r3, r3, #30
    _apfnEPIntHandlers[idx / 2] = pfnHandler;
    9804:	f842 1013 	str.w	r1, [r2, r3, lsl #1]
    idx = EP2IDX(bEP);
    9808:	ea43 10d0 	orr.w	r0, r3, r0, lsr #7
    
    /* enable EP interrupt */
    USBEpIntEn |= (1 << idx);
    980c:	2301      	movs	r3, #1
    980e:	4a08      	ldr	r2, [pc, #32]	@ (9830 <USBHwRegisterEPIntHandler+0x34>)
    9810:	4083      	lsls	r3, r0
    9812:	f8d2 1234 	ldr.w	r1, [r2, #564]	@ 0x234
    9816:	430b      	orrs	r3, r1
    9818:	f8c2 3234 	str.w	r3, [r2, #564]	@ 0x234
    USBDevIntEn |= EP_SLOW;
    981c:	f8d2 3204 	ldr.w	r3, [r2, #516]	@ 0x204
    9820:	f043 0304 	orr.w	r3, r3, #4
    9824:	f8c2 3204 	str.w	r3, [r2, #516]	@ 0x204
    
    DBG("Registered handler for EP 0x%x\n", bEP);
}
    9828:	4770      	bx	lr
    982a:	bf00      	nop
    982c:	10003794 	.word	0x10003794
    9830:	5000c000 	.word	0x5000c000

00009834 <USBHwRegisterDevIntHandler>:
        
    @param [in] pfnHandler  Callback function
 */
void USBHwRegisterDevIntHandler(TFnDevIntHandler *pfnHandler)
{
    _pfnDevIntHandler = pfnHandler;
    9834:	4b04      	ldr	r3, [pc, #16]	@ (9848 <USBHwRegisterDevIntHandler+0x14>)
    
    // enable device interrupt
    USBDevIntEn |= DEV_STAT;
    9836:	4a05      	ldr	r2, [pc, #20]	@ (984c <USBHwRegisterDevIntHandler+0x18>)
    _pfnDevIntHandler = pfnHandler;
    9838:	6418      	str	r0, [r3, #64]	@ 0x40
    USBDevIntEn |= DEV_STAT;
    983a:	f8d2 3204 	ldr.w	r3, [r2, #516]	@ 0x204
    983e:	f043 0308 	orr.w	r3, r3, #8
    9842:	f8c2 3204 	str.w	r3, [r2, #516]	@ 0x204

    DBG("Registered handler for device status\n");
}
    9846:	4770      	bx	lr
    9848:	10003794 	.word	0x10003794
    984c:	5000c000 	.word	0x5000c000

00009850 <USBHwSetAddress>:
        
    @param [in] bAddr       Device address to set
 */
void USBHwSetAddress(U8 bAddr)
{
    USBHwCmdWrite(CMD_DEV_SET_ADDRESS, DEV_EN | bAddr);
    9850:	f040 0180 	orr.w	r1, r0, #128	@ 0x80
    9854:	20d0      	movs	r0, #208	@ 0xd0
    9856:	f7ff bfa1 	b.w	979c <USBHwCmdWrite>

0000985a <USBHwConnect>:
    FIO0CLR = (1<<14);
  else
    FIO0SET = (1<<14);
#endif
#endif
    USBHwCmdWrite(CMD_DEV_STATUS, fConnect ? CON : 0);
    985a:	1e01      	subs	r1, r0, #0
    985c:	bf18      	it	ne
    985e:	2101      	movne	r1, #1
    9860:	20fe      	movs	r0, #254	@ 0xfe
    9862:	f7ff bf9b 	b.w	979c <USBHwCmdWrite>

00009866 <USBHwNakIntEnable>:
    from NAK interrupt by checking the bits in their bEPStatus argument.
    
    @param [in] bIntBits    Bitmap indicating which NAK interrupts to enable
 */
void USBHwNakIntEnable(U8 bIntBits)
{
    9866:	4601      	mov	r1, r0
    USBHwCmdWrite(CMD_DEV_SET_MODE, bIntBits);
    9868:	20f3      	movs	r0, #243	@ 0xf3
    986a:	f7ff bf97 	b.w	979c <USBHwCmdWrite>
    986e:	0000      	movs	r0, r0

00009870 <USBHwEPGetStatus>:
        
    @param [in] bEP     Endpoint number
    @return Endpoint status byte (containing EP_STATUS_xxx bits)
 */
U8  USBHwEPGetStatus(U8 bEP)
{
    9870:	b510      	push	{r4, lr}
    int idx = EP2IDX(bEP);
    9872:	0043      	lsls	r3, r0, #1
    9874:	f003 031e 	and.w	r3, r3, #30
    9878:	ea43 11d0 	orr.w	r1, r3, r0, lsr #7
    USBHwCmd(bCmd);
    987c:	4608      	mov	r0, r1
    USBCmdCode = 0x00000200 | (bCmd << 16);
    987e:	4c07      	ldr	r4, [pc, #28]	@ (989c <USBHwEPGetStatus+0x2c>)
    9880:	0409      	lsls	r1, r1, #16
    9882:	f441 7100 	orr.w	r1, r1, #512	@ 0x200
    USBHwCmd(bCmd);
    9886:	f7ff ff7b 	bl	9780 <USBHwCmd>
    Wait4DevInt(CDFULL);
    988a:	2020      	movs	r0, #32
    USBCmdCode = 0x00000200 | (bCmd << 16);
    988c:	f8c4 1210 	str.w	r1, [r4, #528]	@ 0x210
    Wait4DevInt(CDFULL);
    9890:	f7ff ff6a 	bl	9768 <Wait4DevInt>
    return USBCmdData;
    9894:	f8d4 0214 	ldr.w	r0, [r4, #532]	@ 0x214

    return USBHwCmdRead(CMD_EP_SELECT | idx);
}
    9898:	b2c0      	uxtb	r0, r0
    989a:	bd10      	pop	{r4, pc}
    989c:	5000c000 	.word	0x5000c000

000098a0 <USBHwEPStall>:
    @param [in] bEP     Endpoint number
    @param [in] fStall  TRUE to stall, FALSE to unstall
 */
void USBHwEPStall(U8 bEP, BOOL fStall)
{
    int idx = EP2IDX(bEP);
    98a0:	0043      	lsls	r3, r0, #1
    98a2:	f003 031e 	and.w	r3, r3, #30
    98a6:	ea43 10d0 	orr.w	r0, r3, r0, lsr #7

    USBHwCmdWrite(CMD_EP_SET_STATUS | idx, fStall ? EP_ST : 0);
    98aa:	3900      	subs	r1, #0
    98ac:	bf18      	it	ne
    98ae:	2101      	movne	r1, #1
    98b0:	f040 0040 	orr.w	r0, r0, #64	@ 0x40
    98b4:	f7ff bf72 	b.w	979c <USBHwCmdWrite>

000098b8 <USBHwEPWrite>:
    @param [in] iLen    Number of bytes to write
            
    @return number of bytes written into the endpoint buffer
*/
int USBHwEPWrite(U8 bEP, U8 *pbBuf, U32 iLen)
{
    98b8:	b538      	push	{r3, r4, r5, lr}
    98ba:	4603      	mov	r3, r0
    98bc:	4615      	mov	r5, r2
    U32 idx;
    
    idx = EP2IDX(bEP);
    98be:	0040      	lsls	r0, r0, #1
    98c0:	f000 001e 	and.w	r0, r0, #30
    98c4:	ea40 10d3 	orr.w	r0, r0, r3, lsr #7
    
    // set write enable for specific endpoint
    USBCtrl = WR_EN | ((bEP & 0xF) << 2);
    98c8:	009b      	lsls	r3, r3, #2
    98ca:	4c0e      	ldr	r4, [pc, #56]	@ (9904 <USBHwEPWrite+0x4c>)
    98cc:	f003 033c 	and.w	r3, r3, #60	@ 0x3c
    98d0:	f043 0302 	orr.w	r3, r3, #2
    98d4:	f8c4 3228 	str.w	r3, [r4, #552]	@ 0x228
    
    // set packet length
    USBTxPLen = iLen;
    98d8:	f8c4 2224 	str.w	r2, [r4, #548]	@ 0x224
    
    // write data
    while (USBCtrl & WR_EN) {
    98dc:	f8d4 3228 	ldr.w	r3, [r4, #552]	@ 0x228
    98e0:	f013 0302 	ands.w	r3, r3, #2
    98e4:	d108      	bne.n	98f8 <USBHwEPWrite+0x40>
        USBTxData = (pbBuf[3] << 24) | (pbBuf[2] << 16) | (pbBuf[1] << 8) | pbBuf[0];
        pbBuf += 4;
    }

    USBCtrl = 0;
    98e6:	f8c4 3228 	str.w	r3, [r4, #552]	@ 0x228

    // select endpoint and validate buffer
    USBHwCmd(CMD_EP_SELECT | idx);
    98ea:	f7ff ff49 	bl	9780 <USBHwCmd>
    USBHwCmd(CMD_EP_VALIDATE_BUFFER);
    98ee:	20fa      	movs	r0, #250	@ 0xfa
    98f0:	f7ff ff46 	bl	9780 <USBHwCmd>
    
    return iLen;
}
    98f4:	4628      	mov	r0, r5
    98f6:	bd38      	pop	{r3, r4, r5, pc}
        USBTxData = (pbBuf[3] << 24) | (pbBuf[2] << 16) | (pbBuf[1] << 8) | pbBuf[0];
    98f8:	f851 3b04 	ldr.w	r3, [r1], #4
    98fc:	f8c4 321c 	str.w	r3, [r4, #540]	@ 0x21c
        pbBuf += 4;
    9900:	e7ec      	b.n	98dc <USBHwEPWrite+0x24>
    9902:	bf00      	nop
    9904:	5000c000 	.word	0x5000c000

00009908 <USBHwEPRead>:
            
    @return the number of bytes available in the EP (possibly more than iMaxLen),
    or <0 in case of error.
 */
int USBHwEPRead(U8 bEP, U8 *pbBuf, U32 iMaxLen)
{
    9908:	b570      	push	{r4, r5, r6, lr}
    U32 dwData, dwLen;
    
    idx = EP2IDX(bEP);
    
    // set read enable bit for specific endpoint
    USBCtrl = RD_EN | ((bEP & 0xF) << 2);
    990a:	0083      	lsls	r3, r0, #2
    990c:	4d19      	ldr	r5, [pc, #100]	@ (9974 <USBHwEPRead+0x6c>)
    990e:	f003 033c 	and.w	r3, r3, #60	@ 0x3c
    9912:	f043 0301 	orr.w	r3, r3, #1
    9916:	f8c5 3228 	str.w	r3, [r5, #552]	@ 0x228
    
    // wait for PKT_RDY
    do {
        dwLen = USBRxPLen;
    991a:	f8d5 4220 	ldr.w	r4, [r5, #544]	@ 0x220
    } while ((dwLen & PKT_RDY) == 0);
    991e:	0526      	lsls	r6, r4, #20
    9920:	d5fb      	bpl.n	991a <USBHwEPRead+0x12>
    
    // packet valid?
    if ((dwLen & DV) == 0) {
    9922:	0563      	lsls	r3, r4, #21
    9924:	d522      	bpl.n	996c <USBHwEPRead+0x64>
    
    // get length
    dwLen &= PKT_LNGTH_MASK;
    
    // get data
    dwData = 0;
    9926:	2500      	movs	r5, #0
    idx = EP2IDX(bEP);
    9928:	0043      	lsls	r3, r0, #1
    992a:	f003 031e 	and.w	r3, r3, #30
    992e:	ea43 10d0 	orr.w	r0, r3, r0, lsr #7
    dwLen &= PKT_LNGTH_MASK;
    9932:	f3c4 0309 	ubfx	r3, r4, #0, #10
    for (i = 0; i < dwLen; i++) {
    9936:	462c      	mov	r4, r5
        if ((i % 4) == 0) {
            dwData = USBRxData;
    9938:	4e0e      	ldr	r6, [pc, #56]	@ (9974 <USBHwEPRead+0x6c>)
    for (i = 0; i < dwLen; i++) {
    993a:	429c      	cmp	r4, r3
    993c:	d10a      	bne.n	9954 <USBHwEPRead+0x4c>
        }
        dwData >>= 8;
    }

    // make sure RD_EN is clear
    USBCtrl = 0;
    993e:	2200      	movs	r2, #0
    9940:	4b0c      	ldr	r3, [pc, #48]	@ (9974 <USBHwEPRead+0x6c>)
    9942:	f8c3 2228 	str.w	r2, [r3, #552]	@ 0x228

    // select endpoint and clear buffer
    USBHwCmd(CMD_EP_SELECT | idx);
    9946:	f7ff ff1b 	bl	9780 <USBHwCmd>
    USBHwCmd(CMD_EP_CLEAR_BUFFER);
    994a:	20f2      	movs	r0, #242	@ 0xf2
    994c:	f7ff ff18 	bl	9780 <USBHwCmd>
    
    return dwLen;
    9950:	4620      	mov	r0, r4
}
    9952:	bd70      	pop	{r4, r5, r6, pc}
        if ((i % 4) == 0) {
    9954:	f014 0f03 	tst.w	r4, #3
            dwData = USBRxData;
    9958:	bf08      	it	eq
    995a:	f8d6 5218 	ldreq.w	r5, [r6, #536]	@ 0x218
        if ((pbBuf != NULL) && (i < iMaxLen)) {
    995e:	b111      	cbz	r1, 9966 <USBHwEPRead+0x5e>
    9960:	4294      	cmp	r4, r2
            pbBuf[i] = dwData & 0xFF;
    9962:	bf38      	it	cc
    9964:	550d      	strbcc	r5, [r1, r4]
        dwData >>= 8;
    9966:	0a2d      	lsrs	r5, r5, #8
    for (i = 0; i < dwLen; i++) {
    9968:	3401      	adds	r4, #1
    996a:	e7e6      	b.n	993a <USBHwEPRead+0x32>
        return -1;
    996c:	f04f 30ff 	mov.w	r0, #4294967295	@ 0xffffffff
    9970:	e7ef      	b.n	9952 <USBHwEPRead+0x4a>
    9972:	bf00      	nop
    9974:	5000c000 	.word	0x5000c000

00009978 <USBHwConfigDevice>:
    @param [in] fConfigured If TRUE, configure device, else unconfigure
 */
void USBHwConfigDevice(BOOL fConfigured)
{
    // set configured bit
    USBHwCmdWrite(CMD_DEV_CONFIG, fConfigured ? CONF_DEVICE : 0);
    9978:	1e01      	subs	r1, r0, #0
    997a:	bf18      	it	ne
    997c:	2101      	movne	r1, #1
    997e:	20d8      	movs	r0, #216	@ 0xd8
    9980:	f7ff bf0c 	b.w	979c <USBHwCmdWrite>

00009984 <USBHwISR>:
    @todo Get all 11 bits of frame number instead of just 8

    Endpoint interrupts are mapped to the slow interrupt
 */
void USBHwISR(void)
{
    9984:	b5f8      	push	{r3, r4, r5, r6, r7, lr}

// LED9 monitors total time in interrupt routine
DEBUG_LED_ON(9);

    // handle device interrupts
    dwStatus = USBDevIntSt;
    9986:	492b      	ldr	r1, [pc, #172]	@ (9a34 <USBHwISR+0xb0>)
    9988:	f8d1 4200 	ldr.w	r4, [r1, #512]	@ 0x200
    
    // frame interrupt
    if (dwStatus & FRAME) {
    998c:	07e0      	lsls	r0, r4, #31
    998e:	d512      	bpl.n	99b6 <USBHwISR+0x32>
        // clear int
        USBDevIntClr = FRAME;
    9990:	2301      	movs	r3, #1
    9992:	f8c1 3208 	str.w	r3, [r1, #520]	@ 0x208
        // call handler
        if (_pfnFrameHandler != NULL) {
    9996:	4b28      	ldr	r3, [pc, #160]	@ (9a38 <USBHwISR+0xb4>)
    9998:	6c5d      	ldr	r5, [r3, #68]	@ 0x44
    999a:	b165      	cbz	r5, 99b6 <USBHwISR+0x32>
    USBHwCmd(bCmd);
    999c:	20f5      	movs	r0, #245	@ 0xf5
    999e:	f7ff feef 	bl	9780 <USBHwCmd>
    USBCmdCode = 0x00000200 | (bCmd << 16);
    99a2:	4b26      	ldr	r3, [pc, #152]	@ (9a3c <USBHwISR+0xb8>)
    Wait4DevInt(CDFULL);
    99a4:	2020      	movs	r0, #32
    USBCmdCode = 0x00000200 | (bCmd << 16);
    99a6:	f8c1 3210 	str.w	r3, [r1, #528]	@ 0x210
    Wait4DevInt(CDFULL);
    99aa:	f7ff fedd 	bl	9768 <Wait4DevInt>
    return USBCmdData;
    99ae:	f8d1 0214 	ldr.w	r0, [r1, #532]	@ 0x214
            wFrame = USBHwCmdRead(CMD_DEV_READ_CUR_FRAME_NR);
            _pfnFrameHandler(wFrame);
    99b2:	b2c0      	uxtb	r0, r0
    99b4:	47a8      	blx	r5
        }
    }
    
    // device status interrupt
    if (dwStatus & DEV_STAT) {
    99b6:	0722      	lsls	r2, r4, #28
    99b8:	d517      	bpl.n	99ea <USBHwISR+0x66>
        /*  Clear DEV_STAT interrupt before reading DEV_STAT register.
            This prevents corrupted device status reads, see
            LPC2148 User manual revision 2, 25 july 2006.
        */
        USBDevIntClr = DEV_STAT;
    99ba:	2308      	movs	r3, #8
    99bc:	491d      	ldr	r1, [pc, #116]	@ (9a34 <USBHwISR+0xb0>)
    USBHwCmd(bCmd);
    99be:	20fe      	movs	r0, #254	@ 0xfe
        USBDevIntClr = DEV_STAT;
    99c0:	f8c1 3208 	str.w	r3, [r1, #520]	@ 0x208
    USBHwCmd(bCmd);
    99c4:	f7ff fedc 	bl	9780 <USBHwCmd>
    USBCmdCode = 0x00000200 | (bCmd << 16);
    99c8:	4b1d      	ldr	r3, [pc, #116]	@ (9a40 <USBHwISR+0xbc>)
    Wait4DevInt(CDFULL);
    99ca:	2020      	movs	r0, #32
    USBCmdCode = 0x00000200 | (bCmd << 16);
    99cc:	f8c1 3210 	str.w	r3, [r1, #528]	@ 0x210
    Wait4DevInt(CDFULL);
    99d0:	f7ff feca 	bl	9768 <Wait4DevInt>
    return USBCmdData;
    99d4:	f8d1 0214 	ldr.w	r0, [r1, #532]	@ 0x214
        bDevStat = USBHwCmdRead(CMD_DEV_STATUS);
        if (bDevStat & (CON_CH | SUS_CH | RST)) {
    99d8:	f010 0f1a 	tst.w	r0, #26
    99dc:	d005      	beq.n	99ea <USBHwISR+0x66>
            // convert device status into something HW independent
            bStat = ((bDevStat & CON) ? DEV_STATUS_CONNECT : 0) |
                    ((bDevStat & SUS) ? DEV_STATUS_SUSPEND : 0) |
                    ((bDevStat & RST) ? DEV_STATUS_RESET : 0);
            // call handler
            if (_pfnDevIntHandler != NULL) {
    99de:	4b16      	ldr	r3, [pc, #88]	@ (9a38 <USBHwISR+0xb4>)
    99e0:	6c1b      	ldr	r3, [r3, #64]	@ 0x40
    99e2:	b113      	cbz	r3, 99ea <USBHwISR+0x66>
DEBUG_LED_ON(8);        
                _pfnDevIntHandler(bStat);
    99e4:	f000 0015 	and.w	r0, r0, #21
    99e8:	4798      	blx	r3
            }
        }
    }
    
    // endpoint interrupt
    if (dwStatus & EP_SLOW) {
    99ea:	0763      	lsls	r3, r4, #29
    99ec:	d520      	bpl.n	9a30 <USBHwISR+0xac>
        // clear EP_SLOW
        USBDevIntClr = EP_SLOW;
    99ee:	2304      	movs	r3, #4
        // check all endpoints
        for (i = 0; i < 32; i++) {
    99f0:	2400      	movs	r4, #0
            dwIntBit = (1 << i);
    99f2:	2601      	movs	r6, #1
        USBDevIntClr = EP_SLOW;
    99f4:	4d0f      	ldr	r5, [pc, #60]	@ (9a34 <USBHwISR+0xb0>)
                        ((bEPStat & EPSTAT_ST) ? EP_STATUS_STALLED : 0) |
                        ((bEPStat & EPSTAT_STP) ? EP_STATUS_SETUP : 0) |
                        ((bEPStat & EPSTAT_EPN) ? EP_STATUS_NACKED : 0) |
                        ((bEPStat & EPSTAT_PO) ? EP_STATUS_ERROR : 0);
                // call handler
                if (_apfnEPIntHandlers[i / 2] != NULL) {
    99f6:	4f10      	ldr	r7, [pc, #64]	@ (9a38 <USBHwISR+0xb4>)
        USBDevIntClr = EP_SLOW;
    99f8:	f8c5 3208 	str.w	r3, [r5, #520]	@ 0x208
            if (USBEpIntSt & dwIntBit) {
    99fc:	f8d5 2230 	ldr.w	r2, [r5, #560]	@ 0x230
            dwIntBit = (1 << i);
    9a00:	fa06 f304 	lsl.w	r3, r6, r4
            if (USBEpIntSt & dwIntBit) {
    9a04:	421a      	tst	r2, r3
    9a06:	d010      	beq.n	9a2a <USBHwISR+0xa6>
                Wait4DevInt(CDFULL);
    9a08:	2020      	movs	r0, #32
                USBEpIntClr = dwIntBit;
    9a0a:	f8c5 3238 	str.w	r3, [r5, #568]	@ 0x238
                Wait4DevInt(CDFULL);
    9a0e:	f7ff feab 	bl	9768 <Wait4DevInt>
                if (_apfnEPIntHandlers[i / 2] != NULL) {
    9a12:	1060      	asrs	r0, r4, #1
    9a14:	f857 3020 	ldr.w	r3, [r7, r0, lsl #2]
                bEPStat = USBCmdData;
    9a18:	f8d5 1214 	ldr.w	r1, [r5, #532]	@ 0x214
                if (_apfnEPIntHandlers[i / 2] != NULL) {
    9a1c:	b12b      	cbz	r3, 9a2a <USBHwISR+0xa6>
DEBUG_LED_ON(10);       
                    _apfnEPIntHandlers[i / 2](IDX2EP(i), bStat);
    9a1e:	ea40 10c4 	orr.w	r0, r0, r4, lsl #7
    9a22:	f001 011f 	and.w	r1, r1, #31
    9a26:	b2c0      	uxtb	r0, r0
    9a28:	4798      	blx	r3
        for (i = 0; i < 32; i++) {
    9a2a:	3401      	adds	r4, #1
    9a2c:	2c20      	cmp	r4, #32
    9a2e:	d1e5      	bne.n	99fc <USBHwISR+0x78>
            }
        }
    }
    
DEBUG_LED_OFF(9);       
}
    9a30:	bdf8      	pop	{r3, r4, r5, r6, r7, pc}
    9a32:	bf00      	nop
    9a34:	5000c000 	.word	0x5000c000
    9a38:	10003794 	.word	0x10003794
    9a3c:	00f50200 	.word	0x00f50200
    9a40:	00fe0200 	.word	0x00fe0200

00009a44 <USBHwInit>:
    acts as a pull-up and so prevents detection of USB disconnect.
        
    @return TRUE if the hardware was successfully initialised
 */
BOOL USBHwInit(void)
{
    9a44:	b508      	push	{r3, lr}
#ifdef LPC17xx
	// P2.9 is USB_CONNECT
    PINSEL4 = (PINSEL4 & ~(3 << 18)) | (1 << 18);
    9a46:	4b24      	ldr	r3, [pc, #144]	@ (9ad8 <USBHwInit+0x94>)
    9a48:	691a      	ldr	r2, [r3, #16]
    9a4a:	f422 2240 	bic.w	r2, r2, #786432	@ 0xc0000
    9a4e:	f442 2280 	orr.w	r2, r2, #262144	@ 0x40000
    9a52:	611a      	str	r2, [r3, #16]

	// P1.18 is USB_UP_LED
    PINSEL3 = (PINSEL3 & ~(3 << 4)) | (1 << 4);
    9a54:	68da      	ldr	r2, [r3, #12]
    9a56:	f022 0230 	bic.w	r2, r2, #48	@ 0x30
    9a5a:	f042 0210 	orr.w	r2, r2, #16
    9a5e:	60da      	str	r2, [r3, #12]

	// P1.30 is VBUS
    PINSEL3 = (PINSEL3 & ~(3 << 28)) | (2 << 28);
    9a60:	68da      	ldr	r2, [r3, #12]
    9a62:	f022 5240 	bic.w	r2, r2, #805306368	@ 0x30000000
    9a66:	f042 5200 	orr.w	r2, r2, #536870912	@ 0x20000000
    9a6a:	60da      	str	r2, [r3, #12]

	// P0.29 is USB_D+
    PINSEL1 = (PINSEL1 & ~(3 << 26)) | (1 << 26);
    9a6c:	685a      	ldr	r2, [r3, #4]
    9a6e:	f022 6240 	bic.w	r2, r2, #201326592	@ 0xc000000
    9a72:	f042 6280 	orr.w	r2, r2, #67108864	@ 0x4000000
    9a76:	605a      	str	r2, [r3, #4]

	// P0.30 is USB_D-
    PINSEL1 = (PINSEL1 & ~(3 << 28)) | (1 << 28);
    9a78:	685a      	ldr	r2, [r3, #4]
    9a7a:	f022 5240 	bic.w	r2, r2, #805306368	@ 0x30000000
    9a7e:	f042 5280 	orr.w	r2, r2, #268435456	@ 0x10000000
    9a82:	605a      	str	r2, [r3, #4]

	// enable PUSB
	PCONP |= PCONP_PCUSB;
    9a84:	4a15      	ldr	r2, [pc, #84]	@ (9adc <USBHwInit+0x98>)
    9a86:	f8d2 30c4 	ldr.w	r3, [r2, #196]	@ 0xc4
    9a8a:	f043 4300 	orr.w	r3, r3, #2147483648	@ 0x80000000
    9a8e:	f8c2 30c4 	str.w	r3, [r2, #196]	@ 0xc4

	/* enable the USB controller clocks */
    USBClkCtrl |= (USBClkCtrl_DEV_CLK_EN | USBClkCtrl_AHB_CLK_EN);
    9a92:	4b13      	ldr	r3, [pc, #76]	@ (9ae0 <USBHwInit+0x9c>)
    9a94:	f8d3 2ff4 	ldr.w	r2, [r3, #4084]	@ 0xff4
    9a98:	f042 0212 	orr.w	r2, r2, #18
    9a9c:	f8c3 2ff4 	str.w	r2, [r3, #4084]	@ 0xff4
    while (!(USBClkSt & USBClkSt_DEV_CLK_ON));
    9aa0:	f8d3 2ff8 	ldr.w	r2, [r3, #4088]	@ 0xff8
    9aa4:	0791      	lsls	r1, r2, #30
    9aa6:	d5fb      	bpl.n	9aa0 <USBHwInit+0x5c>
    while (!(USBClkSt & USBClkSt_AHB_CLK_ON));
    9aa8:	f8d3 2ff8 	ldr.w	r2, [r3, #4088]	@ 0xff8
    9aac:	06d2      	lsls	r2, r2, #27
    9aae:	d5fb      	bpl.n	9aa8 <USBHwInit+0x64>
#endif

#endif
    
    // disable/clear all interrupts for now
    USBDevIntEn = 0;
    9ab0:	2000      	movs	r0, #0
    USBDevIntClr = 0xFFFFFFFF;
    9ab2:	f04f 32ff 	mov.w	r2, #4294967295	@ 0xffffffff
    USBDevIntEn = 0;
    9ab6:	f8c3 0204 	str.w	r0, [r3, #516]	@ 0x204
    USBDevIntClr = 0xFFFFFFFF;
    9aba:	f8c3 2208 	str.w	r2, [r3, #520]	@ 0x208
    USBDevIntPri = 0;
    9abe:	f8c3 022c 	str.w	r0, [r3, #556]	@ 0x22c

    USBEpIntEn = 0;
    9ac2:	f8c3 0234 	str.w	r0, [r3, #564]	@ 0x234
    USBEpIntClr = 0xFFFFFFFF;
    9ac6:	f8c3 2238 	str.w	r2, [r3, #568]	@ 0x238
    USBEpIntPri = 0;
    9aca:	f8c3 0240 	str.w	r0, [r3, #576]	@ 0x240

    // by default, only ACKs generate interrupts
    USBHwNakIntEnable(0);
    9ace:	f7ff feca 	bl	9866 <USBHwNakIntEnable>
    DEBUG_LED_INIT(8);
    DEBUG_LED_INIT(9);
    DEBUG_LED_INIT(10);

    return TRUE;
}
    9ad2:	2001      	movs	r0, #1
    9ad4:	bd08      	pop	{r3, pc}
    9ad6:	bf00      	nop
    9ad8:	4002c000 	.word	0x4002c000
    9adc:	400fc000 	.word	0x400fc000
    9ae0:	5000c000 	.word	0x5000c000

00009ae4 <USBFilterOsVendorMessage>:
	@param [out]	*ppbData	Descriptor data
	
	@return TRUE if the request was handled by this filter, FALSE otherwise
 */
BOOL USBFilterOsVendorMessage(TSetupPacket *pSetup, BOOL *pfSuccess, int *piLen, U8 **ppbData)
{
    9ae4:	b570      	push	{r4, r5, r6, lr}
	if(bMsVendorIndex == 0)	{
    9ae6:	4c13      	ldr	r4, [pc, #76]	@ (9b34 <USBFilterOsVendorMessage+0x50>)
    9ae8:	7825      	ldrb	r5, [r4, #0]
    9aea:	2400      	movs	r4, #0
    9aec:	b1f5      	cbz	r5, 9b2c <USBFilterOsVendorMessage+0x48>
		// Feature is disabled.
		return FALSE;
	}
	
	if(pSetup->bRequest == bMsVendorIndex) {
    9aee:	7846      	ldrb	r6, [r0, #1]
    9af0:	42ae      	cmp	r6, r5
    9af2:	d11d      	bne.n	9b30 <USBFilterOsVendorMessage+0x4c>
		// Fail unless we make it to the end.
		*pfSuccess = FALSE;
    9af4:	600c      	str	r4, [r1, #0]
	
		int iRequestLength = pSetup->wLength;
		U8 bInterfaceNumber = GET_OS_DESC_INTERFACE(pSetup->wValue);
		U8 bPageNumber = GET_OS_DESC_PAGE(pSetup->wValue);
	
		switch (pSetup->wIndex) {
    9af6:	8884      	ldrh	r4, [r0, #4]
    9af8:	2c04      	cmp	r4, #4
    9afa:	d014      	beq.n	9b26 <USBFilterOsVendorMessage+0x42>
    9afc:	2c05      	cmp	r4, #5
    9afe:	d110      	bne.n	9b22 <USBFilterOsVendorMessage+0x3e>
    9b00:	2492      	movs	r4, #146	@ 0x92
    9b02:	4d0d      	ldr	r5, [pc, #52]	@ (9b38 <USBFilterOsVendorMessage+0x54>)
		int iRequestLength = pSetup->wLength;
    9b04:	88c6      	ldrh	r6, [r0, #6]
		U8 bPageNumber = GET_OS_DESC_PAGE(pSetup->wValue);
    9b06:	8840      	ldrh	r0, [r0, #2]
		case DESC_EXT_OS_FEATURES:
			*ppbData = (U8*)abExtendedOsFeatureDescriptor;
    9b08:	601d      	str	r5, [r3, #0]
		U8 bPageNumber = GET_OS_DESC_PAGE(pSetup->wValue);
    9b0a:	0a00      	lsrs	r0, r0, #8
			return TRUE;
		}
		
		// Decide what portion of the descriptor to return.
		int iPageOffset = bPageNumber*0x10000; // This will probably always be zero...
		if (*piLen < iPageOffset) {
    9b0c:	ebb4 4f00 	cmp.w	r4, r0, lsl #16
			*piLen = sizeof(abExtendedOsFeatureDescriptor);
    9b10:	6014      	str	r4, [r2, #0]
		if (*piLen < iPageOffset) {
    9b12:	db06      	blt.n	9b22 <USBFilterOsVendorMessage+0x3e>
			// Not enough data for the requested offset.
			return TRUE;
		}
		*ppbData += iPageOffset;
    9b14:	601d      	str	r5, [r3, #0]
		if (*piLen > iRequestLength) {
			// Clip data longer than the requested length
			*piLen = iRequestLength;
		}
	
		*pfSuccess = TRUE;
    9b16:	2301      	movs	r3, #1
    9b18:	42a6      	cmp	r6, r4
    9b1a:	bfd4      	ite	le
    9b1c:	6016      	strle	r6, [r2, #0]
    9b1e:	6014      	strgt	r4, [r2, #0]
    9b20:	600b      	str	r3, [r1, #0]
			return TRUE;
    9b22:	2001      	movs	r0, #1
		return TRUE;
	}
	
	// These are not the requests you are looking for
	return FALSE;
}
    9b24:	bd70      	pop	{r4, r5, r6, pc}
		switch (pSetup->wIndex) {
    9b26:	2428      	movs	r4, #40	@ 0x28
    9b28:	4d04      	ldr	r5, [pc, #16]	@ (9b3c <USBFilterOsVendorMessage+0x58>)
    9b2a:	e7eb      	b.n	9b04 <USBFilterOsVendorMessage+0x20>
		return FALSE;
    9b2c:	4628      	mov	r0, r5
    9b2e:	e7f9      	b.n	9b24 <USBFilterOsVendorMessage+0x40>
    9b30:	4620      	mov	r0, r4
    9b32:	e7f7      	b.n	9b24 <USBFilterOsVendorMessage+0x40>
    9b34:	100037dc 	.word	0x100037dc
    9b38:	10000648 	.word	0x10000648
    9b3c:	0000acfc 	.word	0x0000acfc

00009b40 <USBRegisterWinusbInterface>:
												Windows will use this as a 
												Device Interface GUID
 */
void USBRegisterWinusbInterface(U8 bVendorRequestIndex, const char* pcInterfaceGuid)
{
	bMsVendorIndex = bVendorRequestIndex;
    9b40:	4b08      	ldr	r3, [pc, #32]	@ (9b64 <USBRegisterWinusbInterface+0x24>)
    9b42:	7018      	strb	r0, [r3, #0]
	
	if(!pcInterfaceGuid) {
    9b44:	b161      	cbz	r1, 9b60 <USBRegisterWinusbInterface+0x20>
		return; // Trust that caller is actually specifying this with nonzero RequestIndex.
	}
	
	// Copy GUID into Extended Properties feature descriptor.
	// Trust that the caller did the right thing, but ensure double null termination if string terminates early.
	U8* pbWriteCursor = abExtendedPropertiesFeatureDescriptor + EXTENDEDPROPERTIESFEATURE_GUIDSTRINGOFFSET;
    9b46:	4b08      	ldr	r3, [pc, #32]	@ (9b68 <USBRegisterWinusbInterface+0x28>)
    9b48:	1e4a      	subs	r2, r1, #1
    9b4a:	3125      	adds	r1, #37	@ 0x25
	const int ciMaxLength = 38;
	
	for(int i = 0; i < ciMaxLength; i++) {
		if(!pcInterfaceGuid[i]) break;
    9b4c:	f812 0f01 	ldrb.w	r0, [r2, #1]!
    9b50:	b118      	cbz	r0, 9b5a <USBRegisterWinusbInterface+0x1a>
	for(int i = 0; i < ciMaxLength; i++) {
    9b52:	428a      	cmp	r2, r1
		pbWriteCursor[0] = (U8) pcInterfaceGuid[i];
    9b54:	f803 0b02 	strb.w	r0, [r3], #2
	for(int i = 0; i < ciMaxLength; i++) {
    9b58:	d1f8      	bne.n	9b4c <USBRegisterWinusbInterface+0xc>
		pbWriteCursor += 2;
	}
	// Double terminate
	pbWriteCursor[0] = 0;
    9b5a:	2200      	movs	r2, #0
    9b5c:	701a      	strb	r2, [r3, #0]
	pbWriteCursor[2] = 0;
    9b5e:	709a      	strb	r2, [r3, #2]
	
}
    9b60:	4770      	bx	lr
    9b62:	bf00      	nop
    9b64:	100037dc 	.word	0x100037dc
    9b68:	1000068a 	.word	0x1000068a

00009b6c <USBRegisterDescriptors>:

	@param [in]	pabDescriptors	The descriptor byte array
 */
void USBRegisterDescriptors(U8 *pabDescriptors)
{
	pabDescrip = pabDescriptors;
    9b6c:	4b01      	ldr	r3, [pc, #4]	@ (9b74 <USBRegisterDescriptors+0x8>)
    9b6e:	6058      	str	r0, [r3, #4]
}
    9b70:	4770      	bx	lr
    9b72:	bf00      	nop
    9b74:	100037dc 	.word	0x100037dc

00009b78 <USBGetDescriptor>:
	@param [out]	*ppbData	Descriptor data
	
	@return TRUE if the descriptor was found, FALSE otherwise
 */
BOOL USBGetDescriptor(U16 wTypeIndex, U16 wLangID, int *piLen, U8 **ppbData)
{
    9b78:	b5f0      	push	{r4, r5, r6, r7, lr}
	ASSERT(pabDescrip != NULL);

	bType = GET_DESC_TYPE(wTypeIndex);
	bIndex = GET_DESC_INDEX(wTypeIndex);
	
    if (bType == DESC_STRING &&
    9b7a:	f240 31ee 	movw	r1, #1006	@ 0x3ee
    9b7e:	4288      	cmp	r0, r1
    9b80:	4c11      	ldr	r4, [pc, #68]	@ (9bc8 <USBGetDescriptor+0x50>)
    9b82:	d108      	bne.n	9b96 <USBGetDescriptor+0x1e>
	abOsStringDescriptor[sizeof(abOsStringDescriptor)-2] = bMsVendorIndex;
    9b84:	4911      	ldr	r1, [pc, #68]	@ (9bcc <USBGetDescriptor+0x54>)
    9b86:	7820      	ldrb	r0, [r4, #0]
	*ppbData = abOsStringDescriptor;
    9b88:	3192      	adds	r1, #146	@ 0x92
	abOsStringDescriptor[sizeof(abOsStringDescriptor)-2] = bMsVendorIndex;
    9b8a:	7408      	strb	r0, [r1, #16]
	*ppbData = abOsStringDescriptor;
    9b8c:	6019      	str	r1, [r3, #0]
        bIndex == DESC_STRING_OS) {
        
        if (USBGetOsStringDescriptor(piLen, ppbData)) {
            
            return TRUE;
    9b8e:	2312      	movs	r3, #18
    9b90:	2001      	movs	r0, #1
					*piLen =	(pab[CONF_DESC_wTotalLength]) |
								(pab[CONF_DESC_wTotalLength + 1] << 8);
				}
				else {
					// normally length is at offset 0
					*piLen = pab[DESC_bLength];
    9b92:	6013      	str	r3, [r2, #0]
		pab += pab[DESC_bLength];
	}
	// nothing found
	DBG("Desc %x not found!\n", wTypeIndex);
	return FALSE;
}
    9b94:	bdf0      	pop	{r4, r5, r6, r7, pc}
	iCurIndex = 0;
    9b96:	2500      	movs	r5, #0
	pab = (U8 *)pabDescrip;
    9b98:	6861      	ldr	r1, [r4, #4]
	bType = GET_DESC_TYPE(wTypeIndex);
    9b9a:	0a06      	lsrs	r6, r0, #8
			if (iCurIndex == bIndex) {
    9b9c:	b2c7      	uxtb	r7, r0
	while (pab[DESC_bLength] != 0) {
    9b9e:	780c      	ldrb	r4, [r1, #0]
    9ba0:	b90c      	cbnz	r4, 9ba6 <USBGetDescriptor+0x2e>
	return FALSE;
    9ba2:	4620      	mov	r0, r4
    9ba4:	e7f6      	b.n	9b94 <USBGetDescriptor+0x1c>
		if (pab[DESC_bDescriptorType] == bType) {
    9ba6:	f891 c001 	ldrb.w	ip, [r1, #1]
    9baa:	ebbc 2f10 	cmp.w	ip, r0, lsr #8
    9bae:	d108      	bne.n	9bc2 <USBGetDescriptor+0x4a>
			if (iCurIndex == bIndex) {
    9bb0:	42af      	cmp	r7, r5
    9bb2:	d105      	bne.n	9bc0 <USBGetDescriptor+0x48>
				*ppbData = pab;
    9bb4:	6019      	str	r1, [r3, #0]
				if (bType == DESC_CONFIGURATION) {
    9bb6:	2e02      	cmp	r6, #2
					*piLen =	(pab[CONF_DESC_wTotalLength]) |
    9bb8:	bf0c      	ite	eq
    9bba:	884b      	ldrheq	r3, [r1, #2]
					*piLen = pab[DESC_bLength];
    9bbc:	780b      	ldrbne	r3, [r1, #0]
    9bbe:	e7e7      	b.n	9b90 <USBGetDescriptor+0x18>
			iCurIndex++;
    9bc0:	3501      	adds	r5, #1
		pab += pab[DESC_bLength];
    9bc2:	4421      	add	r1, r4
    9bc4:	e7eb      	b.n	9b9e <USBGetDescriptor+0x26>
    9bc6:	bf00      	nop
    9bc8:	100037dc 	.word	0x100037dc
    9bcc:	10000648 	.word	0x10000648

00009bd0 <USBHandleStandardRequest>:
	@param [in]		ppbData		Data buffer.

	@return TRUE if the request was handled successfully
 */
BOOL USBHandleStandardRequest(TSetupPacket	*pSetup, int *piLen, U8 **ppbData)
{
    9bd0:	e92d 47f0 	stmdb	sp!, {r4, r5, r6, r7, r8, r9, sl, lr}
	// try the custom request handler first
	if ((pfnHandleCustomReq != NULL) && pfnHandleCustomReq(pSetup, piLen, ppbData)) {
    9bd4:	4f52      	ldr	r7, [pc, #328]	@ (9d20 <USBHandleStandardRequest+0x150>)
{
    9bd6:	4604      	mov	r4, r0
	if ((pfnHandleCustomReq != NULL) && pfnHandleCustomReq(pSetup, piLen, ppbData)) {
    9bd8:	68bb      	ldr	r3, [r7, #8]
{
    9bda:	460d      	mov	r5, r1
    9bdc:	4690      	mov	r8, r2
	if ((pfnHandleCustomReq != NULL) && pfnHandleCustomReq(pSetup, piLen, ppbData)) {
    9bde:	b94b      	cbnz	r3, 9bf4 <USBHandleStandardRequest+0x24>
		return TRUE;
	}
	
	switch (REQTYPE_GET_RECIP(pSetup->bmRequestType)) {
    9be0:	7826      	ldrb	r6, [r4, #0]
    9be2:	f006 061f 	and.w	r6, r6, #31
    9be6:	2e01      	cmp	r6, #1
    9be8:	d065      	beq.n	9cb6 <USBHandleStandardRequest+0xe6>
    9bea:	2e02      	cmp	r6, #2
    9bec:	d077      	beq.n	9cde <USBHandleStandardRequest+0x10e>
    9bee:	b13e      	cbz	r6, 9c00 <USBHandleStandardRequest+0x30>
	case REQTYPE_RECIP_DEVICE:		return HandleStdDeviceReq(pSetup, piLen, ppbData);
	case REQTYPE_RECIP_INTERFACE:	return HandleStdInterfaceReq(pSetup, piLen, ppbData);
	case REQTYPE_RECIP_ENDPOINT: 	return HandleStdEndPointReq(pSetup, piLen, ppbData);
	default: 						return FALSE;
    9bf0:	2000      	movs	r0, #0
    9bf2:	e003      	b.n	9bfc <USBHandleStandardRequest+0x2c>
	if ((pfnHandleCustomReq != NULL) && pfnHandleCustomReq(pSetup, piLen, ppbData)) {
    9bf4:	4798      	blx	r3
    9bf6:	2800      	cmp	r0, #0
    9bf8:	d0f2      	beq.n	9be0 <USBHandleStandardRequest+0x10>
		return TRUE;
    9bfa:	2001      	movs	r0, #1
	}
}
    9bfc:	e8bd 87f0 	ldmia.w	sp!, {r4, r5, r6, r7, r8, r9, sl, pc}
	switch (pSetup->bRequest) {
    9c00:	7862      	ldrb	r2, [r4, #1]
	U8	*pbData = *ppbData;
    9c02:	f8d8 3000 	ldr.w	r3, [r8]
	switch (pSetup->bRequest) {
    9c06:	2a09      	cmp	r2, #9
    9c08:	d8f2      	bhi.n	9bf0 <USBHandleStandardRequest+0x20>
    9c0a:	a101      	add	r1, pc, #4	@ (adr r1, 9c10 <USBHandleStandardRequest+0x40>)
    9c0c:	f851 f022 	ldr.w	pc, [r1, r2, lsl #2]
    9c10:	00009c39 	.word	0x00009c39
    9c14:	00009bf1 	.word	0x00009bf1
    9c18:	00009bf1 	.word	0x00009bf1
    9c1c:	00009bf1 	.word	0x00009bf1
    9c20:	00009bf1 	.word	0x00009bf1
    9c24:	00009c43 	.word	0x00009c43
    9c28:	00009c4b 	.word	0x00009c4b
    9c2c:	00009bf1 	.word	0x00009bf1
    9c30:	00009c5b 	.word	0x00009c5b
    9c34:	00009c65 	.word	0x00009c65
		pbData[0] = 0;
    9c38:	2200      	movs	r2, #0
    9c3a:	701a      	strb	r2, [r3, #0]
		pbData[1] = 0;
    9c3c:	705a      	strb	r2, [r3, #1]
		*piLen = 2;
    9c3e:	2302      	movs	r3, #2
    9c40:	e00e      	b.n	9c60 <USBHandleStandardRequest+0x90>
		USBHwSetAddress(pSetup->wValue);
    9c42:	78a0      	ldrb	r0, [r4, #2]
    9c44:	f7ff fe04 	bl	9850 <USBHwSetAddress>
		break;
    9c48:	e7d7      	b.n	9bfa <USBHandleStandardRequest+0x2a>
		return USBGetDescriptor(pSetup->wValue, pSetup->wIndex, piLen, ppbData);
    9c4a:	4643      	mov	r3, r8
    9c4c:	462a      	mov	r2, r5
    9c4e:	88a1      	ldrh	r1, [r4, #4]
    9c50:	8860      	ldrh	r0, [r4, #2]
}
    9c52:	e8bd 47f0 	ldmia.w	sp!, {r4, r5, r6, r7, r8, r9, sl, lr}
		return USBGetDescriptor(pSetup->wValue, pSetup->wIndex, piLen, ppbData);
    9c56:	f7ff bf8f 	b.w	9b78 <USBGetDescriptor>
		pbData[0] = bConfiguration;
    9c5a:	7b3a      	ldrb	r2, [r7, #12]
    9c5c:	701a      	strb	r2, [r3, #0]
		*piLen = 1;
    9c5e:	2301      	movs	r3, #1
		*piLen = 2;
    9c60:	602b      	str	r3, [r5, #0]
		break;
    9c62:	e7ca      	b.n	9bfa <USBHandleStandardRequest+0x2a>
		if (!USBSetConfiguration(pSetup->wValue & 0xFF, 0)) {
    9c64:	78a6      	ldrb	r6, [r4, #2]
	if (bConfigIndex == 0) {
    9c66:	b92e      	cbnz	r6, 9c74 <USBHandleStandardRequest+0xa4>
		USBHwConfigDevice(FALSE);
    9c68:	4630      	mov	r0, r6
		USBHwConfigDevice(TRUE);
    9c6a:	f7ff fe85 	bl	9978 <USBHwConfigDevice>
		bConfiguration = pSetup->wValue & 0xFF;	
    9c6e:	8863      	ldrh	r3, [r4, #2]
    9c70:	733b      	strb	r3, [r7, #12]
		break;
    9c72:	e7c2      	b.n	9bfa <USBHandleStandardRequest+0x2a>
		bCurAltSetting = 0xFF;
    9c74:	f04f 08ff 	mov.w	r8, #255	@ 0xff
		bCurConfig = 0xFF;
    9c78:	46c1      	mov	r9, r8
		pab = (U8 *)pabDescrip;
    9c7a:	687d      	ldr	r5, [r7, #4]
		while (pab[DESC_bLength] != 0) {
    9c7c:	782b      	ldrb	r3, [r5, #0]
    9c7e:	b90b      	cbnz	r3, 9c84 <USBHandleStandardRequest+0xb4>
		USBHwConfigDevice(TRUE);
    9c80:	2001      	movs	r0, #1
    9c82:	e7f2      	b.n	9c6a <USBHandleStandardRequest+0x9a>
			switch (pab[DESC_bDescriptorType]) {
    9c84:	786b      	ldrb	r3, [r5, #1]
    9c86:	2b04      	cmp	r3, #4
    9c88:	d008      	beq.n	9c9c <USBHandleStandardRequest+0xcc>
    9c8a:	2b05      	cmp	r3, #5
    9c8c:	d009      	beq.n	9ca2 <USBHandleStandardRequest+0xd2>
    9c8e:	2b02      	cmp	r3, #2
    9c90:	d101      	bne.n	9c96 <USBHandleStandardRequest+0xc6>
				bCurConfig = pab[CONF_DESC_bConfigurationValue];
    9c92:	f895 9005 	ldrb.w	r9, [r5, #5]
			pab += pab[DESC_bLength];
    9c96:	782b      	ldrb	r3, [r5, #0]
    9c98:	441d      	add	r5, r3
    9c9a:	e7ef      	b.n	9c7c <USBHandleStandardRequest+0xac>
				bCurAltSetting = pab[INTF_DESC_bAlternateSetting];
    9c9c:	f895 8003 	ldrb.w	r8, [r5, #3]
				break;
    9ca0:	e7f9      	b.n	9c96 <USBHandleStandardRequest+0xc6>
				if ((bCurConfig == bConfigIndex) &&
    9ca2:	454e      	cmp	r6, r9
    9ca4:	d1f7      	bne.n	9c96 <USBHandleStandardRequest+0xc6>
    9ca6:	f1b8 0f00 	cmp.w	r8, #0
    9caa:	d1f4      	bne.n	9c96 <USBHandleStandardRequest+0xc6>
					USBHwEPConfig(bEP, wMaxPktSize);
    9cac:	88a9      	ldrh	r1, [r5, #4]
    9cae:	78a8      	ldrb	r0, [r5, #2]
    9cb0:	f7ff fd84 	bl	97bc <USBHwEPConfig>
    9cb4:	e7ef      	b.n	9c96 <USBHandleStandardRequest+0xc6>
	switch (pSetup->bRequest) {
    9cb6:	7863      	ldrb	r3, [r4, #1]
    9cb8:	f8d8 2000 	ldr.w	r2, [r8]
    9cbc:	2b0a      	cmp	r3, #10
    9cbe:	d006      	beq.n	9cce <USBHandleStandardRequest+0xfe>
    9cc0:	2b0b      	cmp	r3, #11
    9cc2:	d008      	beq.n	9cd6 <USBHandleStandardRequest+0x106>
    9cc4:	2b00      	cmp	r3, #0
    9cc6:	d193      	bne.n	9bf0 <USBHandleStandardRequest+0x20>
		pbData[0] = 0;
    9cc8:	7013      	strb	r3, [r2, #0]
		pbData[1] = 0;
    9cca:	7053      	strb	r3, [r2, #1]
    9ccc:	e7b7      	b.n	9c3e <USBHandleStandardRequest+0x6e>
		pbData[0] = 0;
    9cce:	2300      	movs	r3, #0
    9cd0:	7013      	strb	r3, [r2, #0]
		*piLen = 2;
    9cd2:	602e      	str	r6, [r5, #0]
		break;
    9cd4:	e791      	b.n	9bfa <USBHandleStandardRequest+0x2a>
		if (pSetup->wValue != 0) {
    9cd6:	8863      	ldrh	r3, [r4, #2]
    9cd8:	2b00      	cmp	r3, #0
    9cda:	d0c1      	beq.n	9c60 <USBHandleStandardRequest+0x90>
    9cdc:	e788      	b.n	9bf0 <USBHandleStandardRequest+0x20>
	switch (pSetup->bRequest) {
    9cde:	7867      	ldrb	r7, [r4, #1]
    9ce0:	2f01      	cmp	r7, #1
    9ce2:	d00f      	beq.n	9d04 <USBHandleStandardRequest+0x134>
    9ce4:	2f03      	cmp	r7, #3
    9ce6:	d015      	beq.n	9d14 <USBHandleStandardRequest+0x144>
    9ce8:	2f00      	cmp	r7, #0
    9cea:	d181      	bne.n	9bf0 <USBHandleStandardRequest+0x20>
		pbData[0] = (USBHwEPGetStatus(pSetup->wIndex) & EP_STATUS_STALLED) ? 1 : 0;
    9cec:	7920      	ldrb	r0, [r4, #4]
    9cee:	f8d8 8000 	ldr.w	r8, [r8]
    9cf2:	f7ff fdbd 	bl	9870 <USBHwEPGetStatus>
    9cf6:	f3c0 0040 	ubfx	r0, r0, #1, #1
    9cfa:	f888 0000 	strb.w	r0, [r8]
		pbData[1] = 0;
    9cfe:	f888 7001 	strb.w	r7, [r8, #1]
    9d02:	e7e6      	b.n	9cd2 <USBHandleStandardRequest+0x102>
		if (pSetup->wValue == FEA_ENDPOINT_HALT) {
    9d04:	8861      	ldrh	r1, [r4, #2]
    9d06:	2900      	cmp	r1, #0
    9d08:	f47f af72 	bne.w	9bf0 <USBHandleStandardRequest+0x20>
			USBHwEPStall(pSetup->wIndex, TRUE);
    9d0c:	7920      	ldrb	r0, [r4, #4]
    9d0e:	f7ff fdc7 	bl	98a0 <USBHwEPStall>
			break;
    9d12:	e772      	b.n	9bfa <USBHandleStandardRequest+0x2a>
		if (pSetup->wValue == FEA_ENDPOINT_HALT) {
    9d14:	8863      	ldrh	r3, [r4, #2]
    9d16:	2b00      	cmp	r3, #0
    9d18:	f47f af6a 	bne.w	9bf0 <USBHandleStandardRequest+0x20>
			USBHwEPStall(pSetup->wIndex, TRUE);
    9d1c:	2101      	movs	r1, #1
    9d1e:	e7f5      	b.n	9d0c <USBHandleStandardRequest+0x13c>
    9d20:	100037dc 	.word	0x100037dc

00009d24 <__aeabi_uldivmod>:
    9d24:	b953      	cbnz	r3, 9d3c <__aeabi_uldivmod+0x18>
    9d26:	b94a      	cbnz	r2, 9d3c <__aeabi_uldivmod+0x18>
    9d28:	2900      	cmp	r1, #0
    9d2a:	bf08      	it	eq
    9d2c:	2800      	cmpeq	r0, #0
    9d2e:	bf1c      	itt	ne
    9d30:	f04f 31ff 	movne.w	r1, #4294967295	@ 0xffffffff
    9d34:	f04f 30ff 	movne.w	r0, #4294967295	@ 0xffffffff
    9d38:	f000 b998 	b.w	a06c <__aeabi_idiv0>
    9d3c:	f1ad 0c08 	sub.w	ip, sp, #8
    9d40:	e96d ce04 	strd	ip, lr, [sp, #-16]!
    9d44:	f000 f806 	bl	9d54 <__udivmoddi4>
    9d48:	f8dd e004 	ldr.w	lr, [sp, #4]
    9d4c:	e9dd 2302 	ldrd	r2, r3, [sp, #8]
    9d50:	b004      	add	sp, #16
    9d52:	4770      	bx	lr

00009d54 <__udivmoddi4>:
    9d54:	e92d 47f0 	stmdb	sp!, {r4, r5, r6, r7, r8, r9, sl, lr}
    9d58:	4607      	mov	r7, r0
    9d5a:	4616      	mov	r6, r2
    9d5c:	4608      	mov	r0, r1
    9d5e:	46bc      	mov	ip, r7
    9d60:	460d      	mov	r5, r1
    9d62:	9a08      	ldr	r2, [sp, #32]
    9d64:	2b00      	cmp	r3, #0
    9d66:	d14f      	bne.n	9e08 <__udivmoddi4+0xb4>
    9d68:	428e      	cmp	r6, r1
    9d6a:	46b6      	mov	lr, r6
    9d6c:	d969      	bls.n	9e42 <__udivmoddi4+0xee>
    9d6e:	fab6 f486 	clz	r4, r6
    9d72:	b14c      	cbz	r4, 9d88 <__udivmoddi4+0x34>
    9d74:	f1c4 0320 	rsb	r3, r4, #32
    9d78:	40a5      	lsls	r5, r4
    9d7a:	fa27 f303 	lsr.w	r3, r7, r3
    9d7e:	fa06 fe04 	lsl.w	lr, r6, r4
    9d82:	431d      	orrs	r5, r3
    9d84:	fa07 fc04 	lsl.w	ip, r7, r4
    9d88:	ea4f 471e 	mov.w	r7, lr, lsr #16
    9d8c:	fbb5 f1f7 	udiv	r1, r5, r7
    9d90:	fb07 5511 	mls	r5, r7, r1, r5
    9d94:	fa1f f08e 	uxth.w	r0, lr
    9d98:	ea4f 431c 	mov.w	r3, ip, lsr #16
    9d9c:	ea43 4305 	orr.w	r3, r3, r5, lsl #16
    9da0:	fb01 f500 	mul.w	r5, r1, r0
    9da4:	429d      	cmp	r5, r3
    9da6:	d90a      	bls.n	9dbe <__udivmoddi4+0x6a>
    9da8:	eb1e 0303 	adds.w	r3, lr, r3
    9dac:	f101 36ff 	add.w	r6, r1, #4294967295	@ 0xffffffff
    9db0:	f080 80f6 	bcs.w	9fa0 <__udivmoddi4+0x24c>
    9db4:	429d      	cmp	r5, r3
    9db6:	f240 80f3 	bls.w	9fa0 <__udivmoddi4+0x24c>
    9dba:	3902      	subs	r1, #2
    9dbc:	4473      	add	r3, lr
    9dbe:	1b5b      	subs	r3, r3, r5
    9dc0:	fbb3 f5f7 	udiv	r5, r3, r7
    9dc4:	fb07 3315 	mls	r3, r7, r5, r3
    9dc8:	fb05 f000 	mul.w	r0, r5, r0
    9dcc:	fa1f fc8c 	uxth.w	ip, ip
    9dd0:	ea4c 4c03 	orr.w	ip, ip, r3, lsl #16
    9dd4:	4560      	cmp	r0, ip
    9dd6:	d90a      	bls.n	9dee <__udivmoddi4+0x9a>
    9dd8:	eb1e 0c0c 	adds.w	ip, lr, ip
    9ddc:	f105 33ff 	add.w	r3, r5, #4294967295	@ 0xffffffff
    9de0:	f080 80e0 	bcs.w	9fa4 <__udivmoddi4+0x250>
    9de4:	4560      	cmp	r0, ip
    9de6:	f240 80dd 	bls.w	9fa4 <__udivmoddi4+0x250>
    9dea:	44f4      	add	ip, lr
    9dec:	3d02      	subs	r5, #2
    9dee:	ebac 0c00 	sub.w	ip, ip, r0
    9df2:	ea45 4001 	orr.w	r0, r5, r1, lsl #16
    9df6:	2100      	movs	r1, #0
    9df8:	b122      	cbz	r2, 9e04 <__udivmoddi4+0xb0>
    9dfa:	fa2c f304 	lsr.w	r3, ip, r4
    9dfe:	2400      	movs	r4, #0
    9e00:	e9c2 3400 	strd	r3, r4, [r2]
    9e04:	e8bd 87f0 	ldmia.w	sp!, {r4, r5, r6, r7, r8, r9, sl, pc}
    9e08:	428b      	cmp	r3, r1
    9e0a:	d906      	bls.n	9e1a <__udivmoddi4+0xc6>
    9e0c:	b10a      	cbz	r2, 9e12 <__udivmoddi4+0xbe>
    9e0e:	e9c2 7100 	strd	r7, r1, [r2]
    9e12:	2100      	movs	r1, #0
    9e14:	4608      	mov	r0, r1
    9e16:	e8bd 87f0 	ldmia.w	sp!, {r4, r5, r6, r7, r8, r9, sl, pc}
    9e1a:	fab3 f183 	clz	r1, r3
    9e1e:	2900      	cmp	r1, #0
    9e20:	d14c      	bne.n	9ebc <__udivmoddi4+0x168>
    9e22:	4283      	cmp	r3, r0
    9e24:	d302      	bcc.n	9e2c <__udivmoddi4+0xd8>
    9e26:	42be      	cmp	r6, r7
    9e28:	f200 810f 	bhi.w	a04a <__udivmoddi4+0x2f6>
    9e2c:	ebb7 0c06 	subs.w	ip, r7, r6
    9e30:	eb60 0303 	sbc.w	r3, r0, r3
    9e34:	2001      	movs	r0, #1
    9e36:	461d      	mov	r5, r3
    9e38:	2a00      	cmp	r2, #0
    9e3a:	d0e3      	beq.n	9e04 <__udivmoddi4+0xb0>
    9e3c:	e9c2 c500 	strd	ip, r5, [r2]
    9e40:	e7e0      	b.n	9e04 <__udivmoddi4+0xb0>
    9e42:	2e00      	cmp	r6, #0
    9e44:	f000 8095 	beq.w	9f72 <__udivmoddi4+0x21e>
    9e48:	461c      	mov	r4, r3
    9e4a:	fab6 f386 	clz	r3, r6
    9e4e:	2b00      	cmp	r3, #0
    9e50:	f040 80aa 	bne.w	9fa8 <__udivmoddi4+0x254>
    9e54:	1b8d      	subs	r5, r1, r6
    9e56:	2101      	movs	r1, #1
    9e58:	0c37      	lsrs	r7, r6, #16
    9e5a:	b2b6      	uxth	r6, r6
    9e5c:	fbb5 f0f7 	udiv	r0, r5, r7
    9e60:	fb07 5510 	mls	r5, r7, r0, r5
    9e64:	ea4f 431c 	mov.w	r3, ip, lsr #16
    9e68:	ea43 4305 	orr.w	r3, r3, r5, lsl #16
    9e6c:	fb06 f500 	mul.w	r5, r6, r0
    9e70:	429d      	cmp	r5, r3
    9e72:	d908      	bls.n	9e86 <__udivmoddi4+0x132>
    9e74:	eb1e 0303 	adds.w	r3, lr, r3
    9e78:	f100 38ff 	add.w	r8, r0, #4294967295	@ 0xffffffff
    9e7c:	d202      	bcs.n	9e84 <__udivmoddi4+0x130>
    9e7e:	429d      	cmp	r5, r3
    9e80:	f200 80e8 	bhi.w	a054 <__udivmoddi4+0x300>
    9e84:	4640      	mov	r0, r8
    9e86:	1b5b      	subs	r3, r3, r5
    9e88:	fbb3 f5f7 	udiv	r5, r3, r7
    9e8c:	fb07 3315 	mls	r3, r7, r5, r3
    9e90:	fa1f fc8c 	uxth.w	ip, ip
    9e94:	ea4c 4c03 	orr.w	ip, ip, r3, lsl #16
    9e98:	fb06 f305 	mul.w	r3, r6, r5
    9e9c:	4563      	cmp	r3, ip
    9e9e:	d908      	bls.n	9eb2 <__udivmoddi4+0x15e>
    9ea0:	eb1e 0c0c 	adds.w	ip, lr, ip
    9ea4:	f105 36ff 	add.w	r6, r5, #4294967295	@ 0xffffffff
    9ea8:	d202      	bcs.n	9eb0 <__udivmoddi4+0x15c>
    9eaa:	4563      	cmp	r3, ip
    9eac:	f200 80cf 	bhi.w	a04e <__udivmoddi4+0x2fa>
    9eb0:	4635      	mov	r5, r6
    9eb2:	ebac 0c03 	sub.w	ip, ip, r3
    9eb6:	ea45 4000 	orr.w	r0, r5, r0, lsl #16
    9eba:	e79d      	b.n	9df8 <__udivmoddi4+0xa4>
    9ebc:	f1c1 0520 	rsb	r5, r1, #32
    9ec0:	408b      	lsls	r3, r1
    9ec2:	fa26 fc05 	lsr.w	ip, r6, r5
    9ec6:	ea4c 0c03 	orr.w	ip, ip, r3
    9eca:	fa20 f405 	lsr.w	r4, r0, r5
    9ece:	ea4f 4e1c 	mov.w	lr, ip, lsr #16
    9ed2:	fa06 f901 	lsl.w	r9, r6, r1
    9ed6:	fbb4 f6fe 	udiv	r6, r4, lr
    9eda:	4088      	lsls	r0, r1
    9edc:	fa27 f305 	lsr.w	r3, r7, r5
    9ee0:	4303      	orrs	r3, r0
    9ee2:	fb0e 4016 	mls	r0, lr, r6, r4
    9ee6:	fa1f f88c 	uxth.w	r8, ip
    9eea:	fa07 fa01 	lsl.w	sl, r7, r1
    9eee:	0c1f      	lsrs	r7, r3, #16
    9ef0:	ea47 4400 	orr.w	r4, r7, r0, lsl #16
    9ef4:	fb06 f008 	mul.w	r0, r6, r8
    9ef8:	42a0      	cmp	r0, r4
    9efa:	d90a      	bls.n	9f12 <__udivmoddi4+0x1be>
    9efc:	eb1c 0404 	adds.w	r4, ip, r4
    9f00:	f106 37ff 	add.w	r7, r6, #4294967295	@ 0xffffffff
    9f04:	f080 809f 	bcs.w	a046 <__udivmoddi4+0x2f2>
    9f08:	42a0      	cmp	r0, r4
    9f0a:	f240 809c 	bls.w	a046 <__udivmoddi4+0x2f2>
    9f0e:	3e02      	subs	r6, #2
    9f10:	4464      	add	r4, ip
    9f12:	1a24      	subs	r4, r4, r0
    9f14:	fbb4 f0fe 	udiv	r0, r4, lr
    9f18:	fb0e 4410 	mls	r4, lr, r0, r4
    9f1c:	fb00 fe08 	mul.w	lr, r0, r8
    9f20:	b29b      	uxth	r3, r3
    9f22:	ea43 4304 	orr.w	r3, r3, r4, lsl #16
    9f26:	459e      	cmp	lr, r3
    9f28:	d90a      	bls.n	9f40 <__udivmoddi4+0x1ec>
    9f2a:	eb1c 0303 	adds.w	r3, ip, r3
    9f2e:	f100 34ff 	add.w	r4, r0, #4294967295	@ 0xffffffff
    9f32:	f080 8086 	bcs.w	a042 <__udivmoddi4+0x2ee>
    9f36:	459e      	cmp	lr, r3
    9f38:	f240 8083 	bls.w	a042 <__udivmoddi4+0x2ee>
    9f3c:	3802      	subs	r0, #2
    9f3e:	4463      	add	r3, ip
    9f40:	ea40 4006 	orr.w	r0, r0, r6, lsl #16
    9f44:	fba0 7409 	umull	r7, r4, r0, r9
    9f48:	eba3 030e 	sub.w	r3, r3, lr
    9f4c:	42a3      	cmp	r3, r4
    9f4e:	46be      	mov	lr, r7
    9f50:	4626      	mov	r6, r4
    9f52:	d365      	bcc.n	a020 <__udivmoddi4+0x2cc>
    9f54:	d062      	beq.n	a01c <__udivmoddi4+0x2c8>
    9f56:	b152      	cbz	r2, 9f6e <__udivmoddi4+0x21a>
    9f58:	ebba 040e 	subs.w	r4, sl, lr
    9f5c:	eb63 0306 	sbc.w	r3, r3, r6
    9f60:	fa03 f505 	lsl.w	r5, r3, r5
    9f64:	40cc      	lsrs	r4, r1
    9f66:	4325      	orrs	r5, r4
    9f68:	40cb      	lsrs	r3, r1
    9f6a:	e9c2 5300 	strd	r5, r3, [r2]
    9f6e:	2100      	movs	r1, #0
    9f70:	e748      	b.n	9e04 <__udivmoddi4+0xb0>
    9f72:	087b      	lsrs	r3, r7, #1
    9f74:	ea43 73c1 	orr.w	r3, r3, r1, lsl #31
    9f78:	084c      	lsrs	r4, r1, #1
    9f7a:	0c19      	lsrs	r1, r3, #16
    9f7c:	ea41 4104 	orr.w	r1, r1, r4, lsl #16
    9f80:	b29b      	uxth	r3, r3
    9f82:	fbb4 f0f6 	udiv	r0, r4, r6
    9f86:	ea4f 7cc7 	mov.w	ip, r7, lsl #31
    9f8a:	ea43 4301 	orr.w	r3, r3, r1, lsl #16
    9f8e:	4635      	mov	r5, r6
    9f90:	fbb1 f1f6 	udiv	r1, r1, r6
    9f94:	4637      	mov	r7, r6
    9f96:	241f      	movs	r4, #31
    9f98:	1b5d      	subs	r5, r3, r5
    9f9a:	ea41 4100 	orr.w	r1, r1, r0, lsl #16
    9f9e:	e75d      	b.n	9e5c <__udivmoddi4+0x108>
    9fa0:	4631      	mov	r1, r6
    9fa2:	e70c      	b.n	9dbe <__udivmoddi4+0x6a>
    9fa4:	461d      	mov	r5, r3
    9fa6:	e722      	b.n	9dee <__udivmoddi4+0x9a>
    9fa8:	461c      	mov	r4, r3
    9faa:	fa06 fe03 	lsl.w	lr, r6, r3
    9fae:	f1c3 0320 	rsb	r3, r3, #32
    9fb2:	fa21 f503 	lsr.w	r5, r1, r3
    9fb6:	40a0      	lsls	r0, r4
    9fb8:	fa27 f303 	lsr.w	r3, r7, r3
    9fbc:	fa07 fc04 	lsl.w	ip, r7, r4
    9fc0:	ea4f 471e 	mov.w	r7, lr, lsr #16
    9fc4:	4303      	orrs	r3, r0
    9fc6:	fbb5 f0f7 	udiv	r0, r5, r7
    9fca:	fb07 5510 	mls	r5, r7, r0, r5
    9fce:	fa1f f68e 	uxth.w	r6, lr
    9fd2:	0c19      	lsrs	r1, r3, #16
    9fd4:	ea41 4105 	orr.w	r1, r1, r5, lsl #16
    9fd8:	fb00 f506 	mul.w	r5, r0, r6
    9fdc:	428d      	cmp	r5, r1
    9fde:	d93e      	bls.n	a05e <__udivmoddi4+0x30a>
    9fe0:	eb1e 0101 	adds.w	r1, lr, r1
    9fe4:	d201      	bcs.n	9fea <__udivmoddi4+0x296>
    9fe6:	428d      	cmp	r5, r1
    9fe8:	d821      	bhi.n	a02e <__udivmoddi4+0x2da>
    9fea:	1b49      	subs	r1, r1, r5
    9fec:	fbb1 f5f7 	udiv	r5, r1, r7
    9ff0:	46a8      	mov	r8, r5
    9ff2:	fb05 f506 	mul.w	r5, r5, r6
    9ff6:	3801      	subs	r0, #1
    9ff8:	fb07 1118 	mls	r1, r7, r8, r1
    9ffc:	b29b      	uxth	r3, r3
    9ffe:	ea43 4301 	orr.w	r3, r3, r1, lsl #16
    a002:	42ab      	cmp	r3, r5
    a004:	d229      	bcs.n	a05a <__udivmoddi4+0x306>
    a006:	eb1e 0303 	adds.w	r3, lr, r3
    a00a:	f108 31ff 	add.w	r1, r8, #4294967295	@ 0xffffffff
    a00e:	d2c3      	bcs.n	9f98 <__udivmoddi4+0x244>
    a010:	42ab      	cmp	r3, r5
    a012:	d2c1      	bcs.n	9f98 <__udivmoddi4+0x244>
    a014:	f1a8 0102 	sub.w	r1, r8, #2
    a018:	4473      	add	r3, lr
    a01a:	e7bd      	b.n	9f98 <__udivmoddi4+0x244>
    a01c:	45ba      	cmp	sl, r7
    a01e:	d29a      	bcs.n	9f56 <__udivmoddi4+0x202>
    a020:	ebb7 0e09 	subs.w	lr, r7, r9
    a024:	eb64 040c 	sbc.w	r4, r4, ip
    a028:	3801      	subs	r0, #1
    a02a:	4626      	mov	r6, r4
    a02c:	e793      	b.n	9f56 <__udivmoddi4+0x202>
    a02e:	ebae 0505 	sub.w	r5, lr, r5
    a032:	4429      	add	r1, r5
    a034:	fbb1 f5f7 	udiv	r5, r1, r7
    a038:	3802      	subs	r0, #2
    a03a:	46a8      	mov	r8, r5
    a03c:	fb05 f506 	mul.w	r5, r5, r6
    a040:	e7da      	b.n	9ff8 <__udivmoddi4+0x2a4>
    a042:	4620      	mov	r0, r4
    a044:	e77c      	b.n	9f40 <__udivmoddi4+0x1ec>
    a046:	463e      	mov	r6, r7
    a048:	e763      	b.n	9f12 <__udivmoddi4+0x1be>
    a04a:	4608      	mov	r0, r1
    a04c:	e6f4      	b.n	9e38 <__udivmoddi4+0xe4>
    a04e:	44f4      	add	ip, lr
    a050:	3d02      	subs	r5, #2
    a052:	e72e      	b.n	9eb2 <__udivmoddi4+0x15e>
    a054:	3802      	subs	r0, #2
    a056:	4473      	add	r3, lr
    a058:	e715      	b.n	9e86 <__udivmoddi4+0x132>
    a05a:	4641      	mov	r1, r8
    a05c:	e79c      	b.n	9f98 <__udivmoddi4+0x244>
    a05e:	1b49      	subs	r1, r1, r5
    a060:	fbb1 f5f7 	udiv	r5, r1, r7
    a064:	46a8      	mov	r8, r5
    a066:	fb05 f506 	mul.w	r5, r5, r6
    a06a:	e7c5      	b.n	9ff8 <__udivmoddi4+0x2a4>

0000a06c <__aeabi_idiv0>:
    a06c:	4770      	bx	lr
    a06e:	bf00      	nop

0000a070 <strlen>:
    a070:	f020 0103 	bic.w	r1, r0, #3
    a074:	f010 0003 	ands.w	r0, r0, #3
    a078:	f1c0 0000 	rsb	r0, r0, #0
    a07c:	f851 3b04 	ldr.w	r3, [r1], #4
    a080:	f100 0c04 	add.w	ip, r0, #4
    a084:	ea4f 0ccc 	mov.w	ip, ip, lsl #3
    a088:	f06f 0200 	mvn.w	r2, #0
    a08c:	bf1c      	itt	ne
    a08e:	fa22 f20c 	lsrne.w	r2, r2, ip
    a092:	4313      	orrne	r3, r2
    a094:	f04f 0c01 	mov.w	ip, #1
    a098:	ea4c 2c0c 	orr.w	ip, ip, ip, lsl #8
    a09c:	ea4c 4c0c 	orr.w	ip, ip, ip, lsl #16
    a0a0:	eba3 020c 	sub.w	r2, r3, ip
    a0a4:	ea22 0203 	bic.w	r2, r2, r3
    a0a8:	ea12 12cc 	ands.w	r2, r2, ip, lsl #7
    a0ac:	bf04      	itt	eq
    a0ae:	f851 3b04 	ldreq.w	r3, [r1], #4
    a0b2:	3004      	addeq	r0, #4
    a0b4:	d0f4      	beq.n	a0a0 <strlen+0x30>
    a0b6:	f1c2 0100 	rsb	r1, r2, #0
    a0ba:	ea02 0201 	and.w	r2, r2, r1
    a0be:	fab2 f282 	clz	r2, r2
    a0c2:	f1c2 021f 	rsb	r2, r2, #31
    a0c6:	eb00 00d2 	add.w	r0, r0, r2, lsr #3
    a0ca:	4770      	bx	lr

0000a0cc <rand>:
    a0cc:	b508      	push	{r3, lr}
    a0ce:	f000 f803 	bl	a0d8 <random>
    a0d2:	f020 4000 	bic.w	r0, r0, #2147483648	@ 0x80000000
    a0d6:	bd08      	pop	{r3, pc}

0000a0d8 <random>:
    a0d8:	b510      	push	{r4, lr}
    a0da:	f000 f869 	bl	a1b0 <__aeabi_read_tp>
    a0de:	f8df c034 	ldr.w	ip, [pc, #52]	@ a114 <random+0x3c>
    a0e2:	4a0d      	ldr	r2, [pc, #52]	@ (a118 <random+0x40>)
    a0e4:	f85c 3000 	ldr.w	r3, [ip, r0]
    a0e8:	eb0c 0e00 	add.w	lr, ip, r0
    a0ec:	fb03 f202 	mul.w	r2, r3, r2
    a0f0:	f8de 4004 	ldr.w	r4, [lr, #4]
    a0f4:	4909      	ldr	r1, [pc, #36]	@ (a11c <random+0x44>)
    a0f6:	fb01 2204 	mla	r2, r1, r4, r2
    a0fa:	fba3 3101 	umull	r3, r1, r3, r1
    a0fe:	3301      	adds	r3, #1
    a100:	f84c 3000 	str.w	r3, [ip, r0]
    a104:	eb42 0001 	adc.w	r0, r2, r1
    a108:	f8ce 0004 	str.w	r0, [lr, #4]
    a10c:	f020 4000 	bic.w	r0, r0, #2147483648	@ 0x80000000
    a110:	bd10      	pop	{r4, pc}
    a112:	bf00      	nop
    a114:	00000008 	.word	0x00000008
    a118:	5851f42d 	.word	0x5851f42d
    a11c:	4c957f2d 	.word	0x4c957f2d

0000a120 <memcmp>:
    a120:	2a03      	cmp	r2, #3
    a122:	d811      	bhi.n	a148 <memcmp+0x28>
    a124:	2a00      	cmp	r2, #0
    a126:	d03b      	beq.n	a1a0 <memcmp+0x80>
    a128:	3a01      	subs	r2, #1
    a12a:	1e43      	subs	r3, r0, #1
    a12c:	3901      	subs	r1, #1
    a12e:	4402      	add	r2, r0
    a130:	e001      	b.n	a136 <memcmp+0x16>
    a132:	429a      	cmp	r2, r3
    a134:	d034      	beq.n	a1a0 <memcmp+0x80>
    a136:	f813 0f01 	ldrb.w	r0, [r3, #1]!
    a13a:	f811 cf01 	ldrb.w	ip, [r1, #1]!
    a13e:	4560      	cmp	r0, ip
    a140:	d0f7      	beq.n	a132 <memcmp+0x12>
    a142:	eba0 000c 	sub.w	r0, r0, ip
    a146:	4770      	bx	lr
    a148:	b510      	push	{r4, lr}
    a14a:	ea41 0400 	orr.w	r4, r1, r0
    a14e:	07a4      	lsls	r4, r4, #30
    a150:	4684      	mov	ip, r0
    a152:	460b      	mov	r3, r1
    a154:	d00f      	beq.n	a176 <memcmp+0x56>
    a156:	3a01      	subs	r2, #1
    a158:	1e43      	subs	r3, r0, #1
    a15a:	3901      	subs	r1, #1
    a15c:	4402      	add	r2, r0
    a15e:	e001      	b.n	a164 <memcmp+0x44>
    a160:	429a      	cmp	r2, r3
    a162:	d01b      	beq.n	a19c <memcmp+0x7c>
    a164:	f813 0f01 	ldrb.w	r0, [r3, #1]!
    a168:	f811 cf01 	ldrb.w	ip, [r1, #1]!
    a16c:	4560      	cmp	r0, ip
    a16e:	d0f7      	beq.n	a160 <memcmp+0x40>
    a170:	eba0 000c 	sub.w	r0, r0, ip
    a174:	bd10      	pop	{r4, pc}
    a176:	f8dc 4000 	ldr.w	r4, [ip]
    a17a:	f8d3 e000 	ldr.w	lr, [r3]
    a17e:	4619      	mov	r1, r3
    a180:	4574      	cmp	r4, lr
    a182:	4660      	mov	r0, ip
    a184:	d1e7      	bne.n	a156 <memcmp+0x36>
    a186:	3a04      	subs	r2, #4
    a188:	2a03      	cmp	r2, #3
    a18a:	f103 0304 	add.w	r3, r3, #4
    a18e:	f10c 0c04 	add.w	ip, ip, #4
    a192:	d8f0      	bhi.n	a176 <memcmp+0x56>
    a194:	4660      	mov	r0, ip
    a196:	4619      	mov	r1, r3
    a198:	2a00      	cmp	r2, #0
    a19a:	d1dc      	bne.n	a156 <memcmp+0x36>
    a19c:	2000      	movs	r0, #0
    a19e:	bd10      	pop	{r4, pc}
    a1a0:	2000      	movs	r0, #0
    a1a2:	4770      	bx	lr
    a1a4:	0000      	movs	r0, r0
    a1a6:	0000      	movs	r0, r0
    a1a8:	0000      	movs	r0, r0
    a1aa:	0000      	movs	r0, r0
    a1ac:	0000      	movs	r0, r0
    a1ae:	0000      	movs	r0, r0

0000a1b0 <__aeabi_read_tp>:
    a1b0:	4801      	ldr	r0, [pc, #4]	@ (a1b8 <__aeabi_read_tp+0x8>)
    a1b2:	6800      	ldr	r0, [r0, #0]
    a1b4:	4770      	bx	lr
    a1b6:	0000      	.short	0x0000
    a1b8:	100006f8 	.word	0x100006f8
    a1bc:	30323032 	.word	0x30323032
    a1c0:	2d32312d 	.word	0x2d32312d
    a1c4:	0a003152 	.word	0x0a003152
    a1c8:	2a2a2a0a 	.word	0x2a2a2a0a
    a1cc:	4542552a 	.word	0x4542552a
    a1d0:	4f4f5452 	.word	0x4f4f5452
    a1d4:	42204854 	.word	0x42204854
    a1d8:	2a544f4f 	.word	0x2a544f4f
    a1dc:	0a2a2a2a 	.word	0x0a2a2a2a
    a1e0:	000a7325 	.word	0x000a7325
    a1e4:	6361387b 	.word	0x6361387b
    a1e8:	38613734 	.word	0x38613734
    a1ec:	63632d38 	.word	0x63632d38
    a1f0:	342d3632 	.word	0x342d3632
    a1f4:	2d396161 	.word	0x2d396161
    a1f8:	62373838 	.word	0x62373838
    a1fc:	6332342d 	.word	0x6332342d
    a200:	66633861 	.word	0x66633861
    a204:	36613730 	.word	0x36613730
    a208:	00007d33 	.word	0x00007d33

0000a20c <compile_info>:
    a20c:	72656275 746f6f74 30322068 312d3032     ubertooth 2020-1
    a21c:	31522d32 61642820 68406576 44202970     2-R1 (dave@hp) D
    a22c:	32322069 6553202e 38312070 3a34343a     i 22. Sep 18:44:
    a23c:	43203033 20545345 36323032               30 CEST 2026.

0000a249 <whitening_index>:
    a249:	6f783e46 650f2e4d 1a1f2742 597d5350     F>xoM..eB'..PS}Y
    a259:	3608230a 0021117a 5e06733a 14343156     .#.6z.!.:s.^V14.
    a269:	5a541b28 662f703f                       (.TZ?p/f

0000a271 <whitening>:
    a271:	01010101 01000100 00000100 00010000     ................
    a281:	01000101 00010101 01010100 00010000     ................
    a291:	01010001 01010000 00000000 00010100     ................
    a2a1:	01000101 01010100 00000100 00010100     ................
    a2b1:	00000100 00000100 00000000 01000001     ................
    a2c1:	01010000 00000100 01010101 01010100     ................
    a2d1:	00000000 01010101 00010101 01010000     ................
    a2e1:	01010001 01000000 00000100               ...............

0000a2f0 <whitening_word>:
    a2f0:	c3bcb240 5f4a371f 9a9cf685 44c5d6c1     @....7J_.......D
    a300:	e1de5920 afa51b8f cd4e7b42 2262eb60      Y......B{N.`.b"
    a310:	f0ef2c90 57d28dc7 66a73da1 113175b0     .,.....W.=.f.u1.
    a320:	bcb24089 4a371fc3 9cf6855f c5d6c19a     .@....7J_.......
    a330:	de592044 a51b8fe1 4e7b42af 62eb60cd     D Y......B{N.`.b
    a340:	ef2c9022 d28dc7f0 a73da157 3175b066     ".,.....W.=.f.u1
    a350:	3da157d2 75b066a7 96481131 46e3f877     .W.=.f.u1.H.w..F
    a360:	9ed0abe9 bad83353 cb240898 a371fc3b     ....S3....$.;.q.
    a370:	cf6855f4 5d6c19a9 e592044c 51b8fe1d     .Uh...l]L......Q
    a380:	42afa51b 60cd4e7b 902262eb c7f0ef2c     ...B{N.`.b".,...
    a390:	a157d28d b066a73d 48113175 e3f87796     ..W.=.f.u1.H.w..
    a3a0:	d0abe946 d833539e 240898ba 71fc3bcb     F....S3....$.;.q
    a3b0:	3f877964 0abe946e 833539ed 40898bad     dy.?n....95....@
    a3c0:	1fc3bcb2 855f4a37 c19a9cf6 2044c5d6     ....7J_.......D 
    a3d0:	8fe1de59 42afa51b 60cd4e7b 902262eb     Y......B{N.`.b".
    a3e0:	40898bad 1fc3bcb2 855f4a37 c19a9cf6     ...@....7J_.....
    a3f0:	2044c5d6 8fe1de59 42afa51b 60cd4e7b     ..D Y......B{N.`
    a400:	902262eb c7f0ef2c a157d28d b066a73d     .b".,.....W.=.f.
    a410:	c19a9cf6 2044c5d6 8fe1de59 42afa51b     ......D Y......B
    a420:	60cd4e7b 902262eb c7f0ef2c a157d28d     {N.`.b".,.....W.
    a430:	b066a73d 48113175 e3f87796 d0abe946     =.f.u1.H.w..F...
    a440:	be946e3f 3539ed0a 898bad83 c3bcb240     ?n....95....@...
    a450:	5f4a371f 9a9cf685 44c5d6c1 e1de5920     .7J_.......D Y..
    a460:	afa51b8f cd4e7b42 2262eb60 f0ef2c90     ....B{N.`.b".,..
    a470:	3bcb2408 f4a371fc a9cf6855 4c5d6c19     .$.;.q..Uh...l]L
    a480:	1de59204 fa51b8fe d4e7b42a 262eb60c     ......Q.*......&
    a490:	0ef2c902 7d28dc7f 6a73da15 13175b06     ......(}..sj.[..
    a4a0:	44c5d6c1 e1de5920 afa51b8f cd4e7b42     ...D Y......B{N.
    a4b0:	2262eb60 f0ef2c90 57d28dc7 66a73da1     `.b".,.....W.=.f
    a4c0:	113175b0 f8779648 abe946e3 33539ed0     .u1.H.w..F....S3
    a4d0:	c5d6c19a de592044 a51b8fe1 4e7b42af     ....D Y......B{N
    a4e0:	62eb60cd ef2c9022 d28dc7f0 a73da157     .`.b".,.....W.=.
    a4f0:	3175b066 77964811 e946e3f8 539ed0ab     f.u1.H.w..F....S
    a500:	bad83353 cb240898 a371fc3b cf6855f4     S3....$.;.q..Uh.
    a510:	5d6c19a9 e592044c 51b8fe1d e7b42afa     ..l]L......Q.*..
    a520:	2eb60cd4 f2c90226 28dc7f0e 73da157d     ....&......(}..s
    a530:	c7f0ef2c a157d28d b066a73d 48113175     ,.....W.=.f.u1.H
    a540:	e3f87796 d0abe946 d833539e 240898ba     .w..F....S3....$
    a550:	71fc3bcb 6855f4a3 6c19a9cf 92044c5d     .;.q..Uh...l]L..
    a560:	b8fe1de5 b42afa51 b60cd4e7 c902262e     ....Q.*......&..
    a570:	dc7f0ef2 da157d28 5b066a73 64811317     ....(}..sj.[...d
    a580:	6e3f8779 ed0abe94 ad833539 b240898b     y.?n....95....@.
    a590:	39ed0abe 8bad8335 bcb24089 4a371fc3     ...95....@....7J
    a5a0:	9cf6855f c5d6c19a de592044 a51b8fe1     _.......D Y.....
    a5b0:	4e7b42af 62eb60cd ef2c9022 d28dc7f0     .B{N.`.b".,.....
    a5c0:	46e3f877 9ed0abe9 bad83353 cb240898     w..F....S3....$.
    a5d0:	a371fc3b cf6855f4 5d6c19a9 e592044c     ;.q..Uh...l]L...
    a5e0:	51b8fe1d e7b42afa 2eb60cd4 f2c90226     ...Q.*......&...
    a5f0:	33539ed0 0898bad8 fc3bcb24 55f4a371     ..S3....$.;.q..U
    a600:	19a9cf68 044c5d6c fe1de592 2afa51b8     h...l]L......Q.*
    a610:	0cd4e7b4 02262eb6 7f0ef2c9 157d28dc     ......&......(}.
    a620:	4c5d6c19 1de59204 fa51b8fe d4e7b42a     .l]L......Q.*...
    a630:	262eb60c 0ef2c902 7d28dc7f 6a73da15     ...&......(}..sj
    a640:	13175b06 87796481 be946e3f 3539ed0a     .[...dy.?n....95
    a650:	cd4e7b42 2262eb60 f0ef2c90 57d28dc7     B{N.`.b".,.....W
    a660:	66a73da1 113175b0 f8779648 abe946e3     .=.f.u1.H.w..F..
    a670:	33539ed0 0898bad8 fc3bcb24 55f4a371     ..S3....$.;.q..U
    a680:	b240898b 371fc3bc f6855f4a d6c19a9c     ..@....7J_......
    a690:	592044c5 1b8fe1de 7b42afa5 eb60cd4e     .D Y......B{N.`.
    a6a0:	2c902262 8dc7f0ef 3da157d2 75b066a7     b".,.....W.=.f.u
    a6b0:	cf6855f4 5d6c19a9 e592044c 51b8fe1d     .Uh...l]L......Q
    a6c0:	e7b42afa 2eb60cd4 f2c90226 28dc7f0e     .*......&......(
    a6d0:	73da157d 175b066a 79648113 946e3f87     }..sj.[...dy.?n.
    a6e0:	b066a73d 48113175 e3f87796 d0abe946     =.f.u1.H.w..F...
    a6f0:	d833539e 240898ba 71fc3bcb 6855f4a3     .S3....$.;.q..Uh
    a700:	6c19a9cf 92044c5d b8fe1de5 b42afa51     ...l]L......Q.*.
    a710:	3175b066 77964811 e946e3f8 539ed0ab     f.u1.H.w..F....S
    a720:	98bad833 3bcb2408 f4a371fc a9cf6855     3....$.;.q..Uh..
    a730:	4c5d6c19 1de59204 fa51b8fe d4e7b42a     .l]L......Q.*...
    a740:	4e7b42af 62eb60cd ef2c9022 d28dc7f0     .B{N.`.b".,.....
    a750:	a73da157 3175b066 77964811 e946e3f8     W.=.f.u1.H.w..F.
    a760:	539ed0ab 98bad833 3bcb2408 f4a371fc     ...S3....$.;.q..
    a770:	cb240898 a371fc3b cf6855f4 5d6c19a9     ..$.;.q..Uh...l]
    a780:	e592044c 51b8fe1d e7b42afa 2eb60cd4     L......Q.*......
    a790:	f2c90226 28dc7f0e 73da157d 175b066a     &......(}..sj.[.
    a7a0:	b42afa51 b60cd4e7 c902262e dc7f0ef2     Q.*......&......
    a7b0:	da157d28 5b066a73 64811317 6e3f8779     (}..sj.[...dy.?n
    a7c0:	ed0abe94 ad833539 b240898b 371fc3bc     ....95....@....7
    a7d0:	3539ed0a 898bad83 c3bcb240 5f4a371f     ..95....@....7J_
    a7e0:	9a9cf685 44c5d6c1 e1de5920 afa51b8f     .......D Y......
    a7f0:	cd4e7b42 2262eb60 f0ef2c90 57d28dc7     B{N.`.b".,.....W
    a800:	4a371fc3 9cf6855f c5d6c19a de592044     ..7J_.......D Y.
    a810:	a51b8fe1 4e7b42af 62eb60cd ef2c9022     .....B{N.`.b".,.
    a820:	d28dc7f0 a73da157 3175b066 77964811     ....W.=.f.u1.H.w
    a830:	371fc3bc f6855f4a d6c19a9c 592044c5     ...7J_.......D Y
    a840:	1b8fe1de 7b42afa5 eb60cd4e 2c902262     ......B{N.`.b".,
    a850:	8dc7f0ef 3da157d2 75b066a7 96481131     .....W.=.f.u1.H.
    a860:	48113175 e3f87796 d0abe946 d833539e     u1.H.w..F....S3.
    a870:	240898ba 71fc3bcb 6855f4a3 6c19a9cf     ...$.;.q..Uh...l
    a880:	92044c5d b8fe1de5 b42afa51 b60cd4e7     ]L......Q.*.....
    a890:	c902262e dc7f0ef2 da157d28 5b066a73     .&......(}..sj.[
    a8a0:	64811317 6e3f8779 ed0abe94 ad833539     ...dy.?n....95..
    a8b0:	b240898b 371fc3bc f6855f4a d6c19a9c     ..@....7J_......
    a8c0:	b60cd4e7 c902262e dc7f0ef2 da157d28     .....&......(}..
    a8d0:	5b066a73 64811317 6e3f8779 ed0abe94     sj.[...dy.?n....
    a8e0:	ad833539 b240898b 371fc3bc f6855f4a     95....@....7J_..
    a8f0:	2262eb60 f0ef2c90 57d28dc7 66a73da1     `.b".,.....W.=.f
    a900:	113175b0 f8779648 abe946e3 33539ed0     .u1.H.w..F....S3
    a910:	0898bad8 fc3bcb24 55f4a371 19a9cf68     ....$.;.q..Uh...
    a920:	5d6c19a9 e592044c 51b8fe1d e7b42afa     ..l]L......Q.*..
    a930:	2eb60cd4 f2c90226 28dc7f0e 73da157d     ....&......(}..s
    a940:	175b066a 79648113 946e3f87 39ed0abe     j.[...dy.?n....9
    a950:	dc7f0ef2 da157d28 5b066a73 64811317     ....(}..sj.[...d
    a960:	6e3f8779 ed0abe94 ad833539 b240898b     y.?n....95....@.
    a970:	371fc3bc f6855f4a d6c19a9c 592044c5     ...7J_.......D Y
    a980:	a371fc3b cf6855f4 5d6c19a9 e592044c     ;.q..Uh...l]L...
    a990:	51b8fe1d e7b42afa 2eb60cd4 f2c90226     ...Q.*......&...
    a9a0:	28dc7f0e 73da157d 175b066a 79648113     ...(}..sj.[...dy
    a9b0:	de592044 a51b8fe1 4e7b42af 62eb60cd     D Y......B{N.`.b
    a9c0:	ef2c9022 d28dc7f0 a73da157 3175b066     ".,.....W.=.f.u1
    a9d0:	77964811 e946e3f8 539ed0ab 98bad833     .H.w..F....S3...
    a9e0:	a157d28d b066a73d 48113175 e3f87796     ..W.=.f.u1.H.w..
    a9f0:	d0abe946 d833539e 240898ba 71fc3bcb     F....S3....$.;.q
    aa00:	6855f4a3 6c19a9cf 92044c5d b8fe1de5     ..Uh...l]L......
    aa10:	2044c5d6 8fe1de59 42afa51b 60cd4e7b     ..D Y......B{N.`
    aa20:	902262eb c7f0ef2c a157d28d b066a73d     .b".,.....W.=.f.
    aa30:	48113175 e3f87796 d0abe946 d833539e     u1.H.w..F....S3.
    aa40:	5f4a371f 9a9cf685 44c5d6c1 e1de5920     .7J_.......D Y..
    aa50:	afa51b8f cd4e7b42 2262eb60 f0ef2c90     ....B{N.`.b".,..
    aa60:	57d28dc7 66a73da1 113175b0 f8779648     ...W.=.f.u1.H.w.

0000aa70 <hop_interval_lut>:
    aa70:	19130100 101f0f1c 1b1a210e 05081422     .........!.."...
    aa80:	02231807 1d201e0d 0b0a0311 06151704     ..#... .........
    aa90:	120c0916 00000124 00000000 00000000     ....$...........
    aaa0:	00000000 00000100 00000001 00000000     ................
    aab0:	00000000 01000100 00000000 00000000     ................
    aac0:	00000000 01000100 00000001 00000000     ................
    aad0:	00000000 00000000 00000001 00000001     ................
    aae0:	00000001 00000001                       ........

0000aae8 <index1.1>:
    aae8:	03010200 03000100 01020001               ..............

0000aaf6 <index2.0>:
    aaf6:	04020301 04020304 03040304               ..............

0000ab04 <whitening_index>:
    ab04:	6f783e46 650f2e4d 1a1f2742 597d5350     F>xoM..eB'..PS}Y
    ab14:	3608230a 0021117a 5e06733a 14343156     .#.6z.!.:s.^V14.
    ab24:	5a541b28 662f703f                       (.TZ?p/f

0000ab2c <whitening>:
    ab2c:	01010101 01000100 00000100 00010000     ................
    ab3c:	01000101 00010101 01010100 00010000     ................
    ab4c:	01010001 01010000 00000000 00010100     ................
    ab5c:	01000101 01010100 00000100 00010100     ................
    ab6c:	00000100 00000100 00000000 01000001     ................
    ab7c:	01010000 00000100 01010101 01010100     ................
    ab8c:	00000000 01010101 00010101 01010000     ................
    ab9c:	01010001 01000000 00000100               ...............

0000abab <whitening_index>:
    abab:	6f783e46 650f2e4d 1a1f2742 597d5350     F>xoM..eB'..PS}Y
    abbb:	3608230a 0021117a 5e06733a 14343156     .#.6z.!.:s.^V14.
    abcb:	5a541b28 662f703f                       (.TZ?p/f

0000abd3 <whitening>:
    abd3:	01010101 01000100 00000100 00010000     ................
    abe3:	01000101 00010101 01010100 00010000     ................
    abf3:	01010001 01010000 00000000 00010100     ................
    ac03:	01000101 01010100 00000100 00010100     ................
    ac13:	00000100 00000100 00000000 01000001     ................
    ac23:	01010000 00000100 01010101 01010100     ................
    ac33:	00000000 01010101 00010101 01010000     ................
    ac43:	01010001 01000000 00000100 00010001     ................
    ac53:	                                         .

0000ac54 <channels>:
    ac54:	09720968 09a50977                       h.r.w...

0000ac5c <CSWTCH.38>:
    ac5c:	0000ac98 0000ac80 0000ac68              ........h...

0000ac68 <jam_handler.0>:
    ac68:	000082d5 00008381 0000858d 00008515     ................
    ac78:	00008435 00008535                       5...5...

0000ac80 <continuous_rx_handler.1>:
    ac80:	000082ed 00008381 000085f1 000082d1     ................
    ac90:	000082d1 000082d1                       ........

0000ac98 <follow_handler.2>:
    ac98:	000082d5 00008381 000082f5 000084d5     ................
    aca8:	000082d1 000082d1 000082d1 00000007     ................
    acb8:	00000004 00000003 00000001 00000000     ................
    acc8:	00000007 00000004 00000003 00000002     ................
    acd8:	00000001 00000000 00000009 00000008     ................
    ace8:	00000003 00000002 00000001 00000000     ................

0000acf8 <iap_entry>:
    acf8:	1fff1ff1                                ....

0000acfc <abExtendedOsFeatureDescriptor>:
    acfc:	00000028 00040100 00000001 00000000     (...............
    ad0c:	49570100 4253554e 00000000 00000000     ..WINUSB........
    ad1c:	00000000 00000000                       ........

0000ad24 <__fini_array_end>:
    ad24:	00000000 	.word	0x00000000
