ARM GAS  /tmp/cc7dqibQ.s 			page 1


   1              		.cpu cortex-m3
   2              		.arch armv7-m
   3              		.fpu softvfp
   4              		.eabi_attribute 20, 1
   5              		.eabi_attribute 21, 1
   6              		.eabi_attribute 23, 3
   7              		.eabi_attribute 24, 1
   8              		.eabi_attribute 25, 1
   9              		.eabi_attribute 26, 1
  10              		.eabi_attribute 30, 4
  11              		.eabi_attribute 34, 1
  12              		.eabi_attribute 18, 4
  13              		.file	"le_phy.c"
  14              		.text
  15              	.Ltext0:
  16              		.cfi_sections	.debug_frame
  17              		.file 1 "le_phy.c"
  18              		.section	.text.le_dma_init,"ax",%progbits
  19              		.align	1
  20              		.syntax unified
  21              		.thumb
  22              		.thumb_func
  24              	le_dma_init:
  25              	.LFB8:
   1:le_phy.c      **** /*
   2:le_phy.c      ****  * Copyright 2017 Mike Ryan
   3:le_phy.c      ****  *
   4:le_phy.c      ****  * This file is part of Project Ubertooth and is released under the
   5:le_phy.c      ****  * terms of the GPL. Refer to COPYING for more information.
   6:le_phy.c      ****  */
   7:le_phy.c      **** 
   8:le_phy.c      **** #include <stdlib.h>
   9:le_phy.c      **** #include <string.h>
  10:le_phy.c      **** 
  11:le_phy.c      **** #include "ubertooth.h"
  12:le_phy.c      **** #include "ubertooth_clock.h"
  13:le_phy.c      **** #include "ubertooth_dma.h"
  14:le_phy.c      **** #include "ubertooth_usb.h"
  15:le_phy.c      **** #include "bluetooth_le.h"
  16:le_phy.c      **** #include "queue.h"
  17:le_phy.c      **** 
  18:le_phy.c      **** // current time, from timer1
  19:le_phy.c      **** #define NOW T1TC
  20:le_phy.c      **** #define USEC(X) ((X)*10)
  21:le_phy.c      **** #define MSEC(X) ((X)*10000)
  22:le_phy.c      **** #define  SEC(X) ((X)*10000000)
  23:le_phy.c      **** #define PACKET_DURATION(X) (USEC(40 + (X)->size * 8))
  24:le_phy.c      **** 
  25:le_phy.c      **** #define ADVERTISING_AA (0x8e89bed6)
  26:le_phy.c      **** 
  27:le_phy.c      **** ///////////////////////
  28:le_phy.c      **** // time constants
  29:le_phy.c      **** 
  30:le_phy.c      **** // time for the radio to warmup + some timing slack
  31:le_phy.c      **** #define RX_WARMUP_TIME USEC(300)
  32:le_phy.c      **** 
  33:le_phy.c      **** // max inter-frame space between packets in a connection event
ARM GAS  /tmp/cc7dqibQ.s 			page 2


  34:le_phy.c      **** #define IFS_TIMEOUT USEC(300)
  35:le_phy.c      **** 
  36:le_phy.c      **** // observed connection anchor must be within ANCHOR_EPSILON of
  37:le_phy.c      **** // calculated anchor
  38:le_phy.c      **** #define ANCHOR_EPSILON USEC(3)
  39:le_phy.c      **** 
  40:le_phy.c      **** 
  41:le_phy.c      **** //////////////////////
  42:le_phy.c      **** // global state
  43:le_phy.c      **** 
  44:le_phy.c      **** extern le_state_t le; // FIXME - refactor this struct
  45:le_phy.c      **** volatile uint16_t rf_channel;
  46:le_phy.c      **** uint8_t le_dma_dest[2];
  47:le_phy.c      **** 
  48:le_phy.c      **** extern volatile uint8_t mode;
  49:le_phy.c      **** extern volatile uint8_t requested_mode;
  50:le_phy.c      **** extern volatile uint16_t le_adv_channel;
  51:le_phy.c      **** extern volatile int cancel_follow;
  52:le_phy.c      **** 
  53:le_phy.c      **** ////////////////////
  54:le_phy.c      **** // buffers
  55:le_phy.c      **** 
  56:le_phy.c      **** // packet buffers live in a pool. a minimum of one buffer is always
  57:le_phy.c      **** // being used, either waiting to receive or actively receiving a packet
  58:le_phy.c      **** // (current_rxbuf). once a packet is received, it is placed into the
  59:le_phy.c      **** // packet queue. the main loop pulls packets from this queue and
  60:le_phy.c      **** // processes them, and then returns the buffers back to the pool by
  61:le_phy.c      **** // calling buffer_release()
  62:le_phy.c      **** 
  63:le_phy.c      **** #define LE_BUFFER_POOL_SIZE 4
  64:le_phy.c      **** typedef struct _le_rx_t {
  65:le_phy.c      **** 	uint8_t data[2 + 255 + 3];  // header + PDU + CRC
  66:le_phy.c      **** 	unsigned size;              // total data length (known after header rx)
  67:le_phy.c      **** 	unsigned pos;               // current input byte offset
  68:le_phy.c      **** 	uint32_t timestamp;         // timestamp taken after first byte rx
  69:le_phy.c      **** 	unsigned channel;           // physical channel
  70:le_phy.c      **** 	uint32_t access_address;    // access address
  71:le_phy.c      **** 	int available;              // 1 if available, 0 in use
  72:le_phy.c      **** 	int8_t rssi_min, rssi_max;  // min and max RSSI observed values
  73:le_phy.c      **** 	int rssi_sum;               // running sum of all RSSI values
  74:le_phy.c      **** } le_rx_t;
  75:le_phy.c      **** 
  76:le_phy.c      **** // pool of all buffers
  77:le_phy.c      **** static le_rx_t le_buffer_pool[LE_BUFFER_POOL_SIZE];
  78:le_phy.c      **** 
  79:le_phy.c      **** // buffer waiting for or actively receiving packet
  80:le_phy.c      **** static le_rx_t *current_rxbuf = NULL;
  81:le_phy.c      **** 
  82:le_phy.c      **** // received packets, waiting to be processed
  83:le_phy.c      **** queue_t packet_queue;
  84:le_phy.c      **** 
  85:le_phy.c      **** 
  86:le_phy.c      **** /////////////////////
  87:le_phy.c      **** // connections
  88:le_phy.c      **** 
  89:le_phy.c      **** // this system is architected so that following multiple connections may
  90:le_phy.c      **** // be possible in the future. all connection state lives in an le_conn_t
ARM GAS  /tmp/cc7dqibQ.s 			page 3


  91:le_phy.c      **** // struct. at present only one such structure exists. refer to
  92:le_phy.c      **** // connection event below for how anchors are handled.
  93:le_phy.c      **** 
  94:le_phy.c      **** typedef struct _le_conn_t {
  95:le_phy.c      **** 	uint32_t access_address;
  96:le_phy.c      **** 	uint32_t crc_init;
  97:le_phy.c      **** 	uint32_t crc_init_reversed;
  98:le_phy.c      **** 
  99:le_phy.c      **** 	uint8_t  channel_idx;
 100:le_phy.c      **** 	uint8_t  hop_increment;
 101:le_phy.c      **** 	uint32_t conn_interval; // in units of 100 ns
 102:le_phy.c      **** 	uint32_t supervision_timeout; // in units of 100 ns
 103:le_phy.c      **** 
 104:le_phy.c      **** 	uint8_t  win_size;
 105:le_phy.c      **** 	uint32_t win_offset; // in units of 100 ns
 106:le_phy.c      **** 
 107:le_phy.c      **** 	le_channel_remapping_t remapping;
 108:le_phy.c      **** 
 109:le_phy.c      **** 	uint32_t last_anchor;
 110:le_phy.c      **** 	int      anchor_set;
 111:le_phy.c      **** 	uint32_t last_packet_ts; // used to check supervision timeout
 112:le_phy.c      **** 
 113:le_phy.c      **** 	uint16_t conn_event_counter;
 114:le_phy.c      **** 
 115:le_phy.c      **** 	int      conn_update_pending;
 116:le_phy.c      **** 	uint32_t conn_update_pending_interval;
 117:le_phy.c      **** 	uint32_t conn_update_pending_supervision_timeout;
 118:le_phy.c      **** 	uint16_t conn_update_instant;
 119:le_phy.c      **** 
 120:le_phy.c      **** 	int      channel_map_update_pending;
 121:le_phy.c      **** 	uint16_t channel_map_update_instant;
 122:le_phy.c      **** 	le_channel_remapping_t pending_remapping;
 123:le_phy.c      **** } le_conn_t;
 124:le_phy.c      **** le_conn_t conn = { 0, };
 125:le_phy.c      **** 
 126:le_phy.c      **** // every connection event is tracked using this global le_conn_event_t
 127:le_phy.c      **** // structure named conn_event. when a packet is observed, anchor is set.
 128:le_phy.c      **** // the event may close due to receiving two packets, or if a timeout
 129:le_phy.c      **** // occurs. in both cases, finish_conn_event() is called, which updates
 130:le_phy.c      **** // the active connection's anchor. opened is set to 1 once the radio is
 131:le_phy.c      **** // tuned to the data channel for the connection event.
 132:le_phy.c      **** typedef struct _le_conn_event_t {
 133:le_phy.c      **** 	uint32_t anchor;
 134:le_phy.c      **** 	unsigned num_packets;
 135:le_phy.c      **** 	int opened;
 136:le_phy.c      **** } le_conn_event_t;
 137:le_phy.c      **** le_conn_event_t conn_event;
 138:le_phy.c      **** 
 139:le_phy.c      **** static void reset_conn(void) {
 140:le_phy.c      **** 	memset(&conn, 0, sizeof(conn));
 141:le_phy.c      **** 	conn.access_address = ADVERTISING_AA;
 142:le_phy.c      **** }
 143:le_phy.c      **** 
 144:le_phy.c      **** 
 145:le_phy.c      **** //////////////////////
 146:le_phy.c      **** // code
 147:le_phy.c      **** 
ARM GAS  /tmp/cc7dqibQ.s 			page 4


 148:le_phy.c      **** // pre-declarations for utility stuff
 149:le_phy.c      **** static void timer1_start(void);
 150:le_phy.c      **** static void timer1_stop(void);
 151:le_phy.c      **** static void timer1_set_match(uint32_t match);
 152:le_phy.c      **** static void timer1_clear_match(void);
 153:le_phy.c      **** static void timer1_wait_fs_lock(void);
 154:le_phy.c      **** static void timer1_cancel_fs_lock(void);
 155:le_phy.c      **** static void timer1_wait_buffer(void);
 156:le_phy.c      **** static void timer1_cancel_buffer(void);
 157:le_phy.c      **** static void blink(int tx, int rx, int usr);
 158:le_phy.c      **** static void le_dma_init(void);
 159:le_phy.c      **** static void le_cc2400_strobe_rx(void);
 160:le_phy.c      **** static void change_channel(void);
 161:le_phy.c      **** static uint8_t dewhiten_length(unsigned channel, uint8_t data);
 162:le_phy.c      **** 
 163:le_phy.c      **** // resets the state of all available buffers
 164:le_phy.c      **** static void buffers_init(void) {
 165:le_phy.c      **** 	int i;
 166:le_phy.c      **** 
 167:le_phy.c      **** 	for (i = 0; i < LE_BUFFER_POOL_SIZE; ++i)
 168:le_phy.c      **** 		le_buffer_pool[i].available = 1;
 169:le_phy.c      **** }
 170:le_phy.c      **** 
 171:le_phy.c      **** // clear a buffer for new data
 172:le_phy.c      **** static void buffer_clear(le_rx_t *buf) {
 173:le_phy.c      **** 	buf->pos = 0;
 174:le_phy.c      **** 	buf->size = 0;
 175:le_phy.c      **** 	memset(buf->data, 0, sizeof(buf->data));
 176:le_phy.c      **** 	buf->rssi_min = INT8_MAX;
 177:le_phy.c      **** 	buf->rssi_max = INT8_MIN;
 178:le_phy.c      **** 	buf->rssi_sum = 0;
 179:le_phy.c      **** }
 180:le_phy.c      **** 
 181:le_phy.c      **** // get a packet buffer
 182:le_phy.c      **** // returns a pointer to a buffer if available
 183:le_phy.c      **** // returns NULL otherwise
 184:le_phy.c      **** static le_rx_t *buffer_get(void) {
 185:le_phy.c      **** 	int i;
 186:le_phy.c      **** 
 187:le_phy.c      **** 	for (i = 0; i < LE_BUFFER_POOL_SIZE; ++i) {
 188:le_phy.c      **** 		if (le_buffer_pool[i].available) {
 189:le_phy.c      **** 			le_buffer_pool[i].available = 0;
 190:le_phy.c      **** 			buffer_clear(&le_buffer_pool[i]);
 191:le_phy.c      **** 			return &le_buffer_pool[i];
 192:le_phy.c      **** 		}
 193:le_phy.c      **** 	}
 194:le_phy.c      **** 
 195:le_phy.c      **** 	return NULL;
 196:le_phy.c      **** }
 197:le_phy.c      **** 
 198:le_phy.c      **** // release a buffer back to the pool
 199:le_phy.c      **** static void buffer_release(le_rx_t *buffer) {
 200:le_phy.c      **** 	buffer->available = 1;
 201:le_phy.c      **** }
 202:le_phy.c      **** 
 203:le_phy.c      **** // clear a connection event
 204:le_phy.c      **** static void reset_conn_event(void) {
ARM GAS  /tmp/cc7dqibQ.s 			page 5


 205:le_phy.c      **** 	conn_event.num_packets = 0;
 206:le_phy.c      **** 	conn_event.opened = 0;
 207:le_phy.c      **** }
 208:le_phy.c      **** 
 209:le_phy.c      **** // finish a connection event
 210:le_phy.c      **** //
 211:le_phy.c      **** // 1) update the anchor point (see details below)
 212:le_phy.c      **** // 2) increment connection event counter
 213:le_phy.c      **** // 3) check if supervision timeout is exceeded
 214:le_phy.c      **** // 4) setup radio for next packet (data or adv if timeout exceeded)
 215:le_phy.c      **** //
 216:le_phy.c      **** // anchor update logic can be summarized thusly:
 217:le_phy.c      **** // 1) if we received two packets, set the connection anchor to the
 218:le_phy.c      **** //    observed value
 219:le_phy.c      **** // 2) if we received one packet, see if it's within ANCHOR_EPISLON
 220:le_phy.c      **** //    microseconds if the expected anchor time. if so, it's the master
 221:le_phy.c      **** //    and we can update the anchor
 222:le_phy.c      **** // 3) if the single packet is a slave or we received zero packets,
 223:le_phy.c      **** //    update the anchor to the estimated value
 224:le_phy.c      **** //
 225:le_phy.c      **** // FIXME this code does not properly handle the case where the initial
 226:le_phy.c      **** // connection transmit window has no received packets
 227:le_phy.c      **** static void finish_conn_event(void) {
 228:le_phy.c      **** 	uint32_t last_anchor = 0;
 229:le_phy.c      **** 	int last_anchor_set = 0;
 230:le_phy.c      **** 
 231:le_phy.c      **** 	// two packets -- update anchor
 232:le_phy.c      **** 	if (conn_event.num_packets == 2) {
 233:le_phy.c      **** 		last_anchor = conn_event.anchor;
 234:le_phy.c      **** 		last_anchor_set = 1;
 235:le_phy.c      **** 	}
 236:le_phy.c      **** 
 237:le_phy.c      **** 	// if there's one packet, we need to find out if it was the master
 238:le_phy.c      **** 	else if (conn_event.num_packets == 1 && conn.anchor_set) {
 239:le_phy.c      **** 		// calculate the difference between the estimated and observed anchor
 240:le_phy.c      **** 		uint32_t estimated_anchor = conn.last_anchor + conn.conn_interval;
 241:le_phy.c      **** 		uint32_t delta = estimated_anchor - conn_event.anchor;
 242:le_phy.c      **** 		// see whether the observed anchor is within 3 us of the estimate
 243:le_phy.c      **** 		delta += ANCHOR_EPSILON;
 244:le_phy.c      **** 		if (delta < 2 * ANCHOR_EPSILON) {
 245:le_phy.c      **** 			last_anchor = conn_event.anchor;
 246:le_phy.c      **** 			last_anchor_set = 1;
 247:le_phy.c      **** 		}
 248:le_phy.c      **** 	}
 249:le_phy.c      **** 
 250:le_phy.c      **** 	// if we observed a new anchor, set it
 251:le_phy.c      **** 	if (last_anchor_set) {
 252:le_phy.c      **** 		conn.last_anchor = last_anchor;
 253:le_phy.c      **** 		conn.anchor_set = 1;
 254:le_phy.c      **** 	}
 255:le_phy.c      **** 
 256:le_phy.c      **** 	// without a new anchor, estimate the next anchor
 257:le_phy.c      **** 	else if (conn.anchor_set) {
 258:le_phy.c      **** 		conn.last_anchor += conn.conn_interval;
 259:le_phy.c      **** 	}
 260:le_phy.c      **** 
 261:le_phy.c      **** 	else {
ARM GAS  /tmp/cc7dqibQ.s 			page 6


 262:le_phy.c      **** 		// FIXME this is totally broken if we receive the slave's packet first
 263:le_phy.c      **** 		conn.last_anchor = conn_event.anchor;
 264:le_phy.c      **** 		conn.last_packet_ts = NOW; // FIXME gross hack
 265:le_phy.c      **** 	}
 266:le_phy.c      **** 
 267:le_phy.c      **** 	// update last packet for supervision timeout
 268:le_phy.c      **** 	if (conn_event.num_packets > 0) {
 269:le_phy.c      **** 		conn.last_packet_ts = NOW;
 270:le_phy.c      **** 	}
 271:le_phy.c      **** 
 272:le_phy.c      **** 	reset_conn_event();
 273:le_phy.c      **** 
 274:le_phy.c      **** 	// increment connection event counter
 275:le_phy.c      **** 	++conn.conn_event_counter;
 276:le_phy.c      **** 
 277:le_phy.c      **** 	// supervision timeout reached - switch back to advertising
 278:le_phy.c      **** 	if (NOW - conn.last_packet_ts > conn.supervision_timeout) {
 279:le_phy.c      **** 		reset_conn();
 280:le_phy.c      **** 		change_channel();
 281:le_phy.c      **** 	}
 282:le_phy.c      **** 
 283:le_phy.c      **** 	// FIXME - hack to cancel following a connection
 284:le_phy.c      **** 	else if (cancel_follow) {
 285:le_phy.c      **** 		cancel_follow = 0;
 286:le_phy.c      **** 		reset_conn();
 287:le_phy.c      **** 		change_channel();
 288:le_phy.c      **** 	}
 289:le_phy.c      **** 
 290:le_phy.c      **** 	// supervision timeout not reached - hop to next channel
 291:le_phy.c      **** 	else {
 292:le_phy.c      **** 		timer1_set_match(conn.last_anchor + conn.conn_interval - RX_WARMUP_TIME);
 293:le_phy.c      **** 	}
 294:le_phy.c      **** }
 295:le_phy.c      **** 
 296:le_phy.c      **** // DMA handler
 297:le_phy.c      **** // called once per byte. handles all incoming data, but only minimally
 298:le_phy.c      **** // processes received data. at the end of a packet, it enqueues the
 299:le_phy.c      **** // received packet, fetches a new buffer, and restarts RX.
 300:le_phy.c      **** void le_DMA_IRQHandler(void) {
 301:le_phy.c      **** 	unsigned pos;
 302:le_phy.c      **** 	int8_t rssi;
 303:le_phy.c      **** 	uint32_t timestamp = NOW; // sampled early for most accurate measurement
 304:le_phy.c      **** 
 305:le_phy.c      **** 	// channel 0
 306:le_phy.c      **** 	if (DMACIntStat & (1 << 0)) {
 307:le_phy.c      **** 		// terminal count - byte received
 308:le_phy.c      **** 		if (DMACIntTCStat & (1 << 0)) {
 309:le_phy.c      **** 			DMACIntTCClear = (1 << 0);
 310:le_phy.c      **** 
 311:le_phy.c      **** 			// poll RSSI
 312:le_phy.c      **** 			rssi = (int8_t)(cc2400_get(RSSI) >> 8);
 313:le_phy.c      **** 			current_rxbuf->rssi_sum += rssi;
 314:le_phy.c      **** 			if (rssi < current_rxbuf->rssi_min) current_rxbuf->rssi_min = rssi;
 315:le_phy.c      **** 			if (rssi > current_rxbuf->rssi_max) current_rxbuf->rssi_max = rssi;
 316:le_phy.c      **** 
 317:le_phy.c      **** 			// grab byte from DMA buffer
 318:le_phy.c      **** 			pos = current_rxbuf->pos;
ARM GAS  /tmp/cc7dqibQ.s 			page 7


 319:le_phy.c      **** 			current_rxbuf->data[pos] = le_dma_dest[pos & 1]; // dirty hack
 320:le_phy.c      **** 			pos += 1;
 321:le_phy.c      **** 			current_rxbuf->pos = pos;
 322:le_phy.c      **** 
 323:le_phy.c      **** 			if (pos == 1) {
 324:le_phy.c      **** 				current_rxbuf->timestamp = timestamp - USEC(8 + 32); // packet starts at preamble
 325:le_phy.c      **** 				current_rxbuf->channel = rf_channel;
 326:le_phy.c      **** 				current_rxbuf->access_address = conn.access_address;
 327:le_phy.c      **** 
 328:le_phy.c      **** 				// data packet received: cancel timeout
 329:le_phy.c      **** 				// new timeout or hop timer will be set at end of packet RX
 330:le_phy.c      **** 				if (btle_channel_index(rf_channel) < 37) {
 331:le_phy.c      **** 					timer1_clear_match();
 332:le_phy.c      **** 				}
 333:le_phy.c      **** 			}
 334:le_phy.c      **** 
 335:le_phy.c      **** 			// get length from header
 336:le_phy.c      **** 			if (pos == 2) {
 337:le_phy.c      **** 				uint8_t length = dewhiten_length(current_rxbuf->channel, current_rxbuf->data[1]);
 338:le_phy.c      **** 				current_rxbuf->size = length + 2 + 3; // two bytes for header and three for CRC
 339:le_phy.c      **** 			}
 340:le_phy.c      **** 
 341:le_phy.c      **** 			// finished packet - state transition
 342:le_phy.c      **** 			if (pos > 2 && pos >= current_rxbuf->size) {
 343:le_phy.c      **** 				// stop the CC2400 before flushing SSP
 344:le_phy.c      **** 				cc2400_strobe(SFSON);
 345:le_phy.c      **** 
 346:le_phy.c      **** 				// stop DMA on this channel and flush SSP
 347:le_phy.c      **** 				DMACC0Config = 0;
 348:le_phy.c      **** 				DMACIntTCClear = (1 << 0); // if we don't clear a second time, data is corrupt
 349:le_phy.c      **** 
 350:le_phy.c      **** 				DIO_SSP_DMACR &= ~SSPDMACR_RXDMAE;
 351:le_phy.c      **** 				while (SSP1SR & SSPSR_RNE) {
 352:le_phy.c      **** 					uint8_t tmp = (uint8_t)DIO_SSP_DR;
 353:le_phy.c      **** 				}
 354:le_phy.c      **** 
 355:le_phy.c      **** 				// XXX disable DMA interrupt as a workaround
 356:le_phy.c      **** 				ICER0 = ICER0_ICE_DMA;
 357:le_phy.c      **** 
 358:le_phy.c      **** 				// TODO error transition on queue_insert
 359:le_phy.c      **** 				queue_insert(&packet_queue, current_rxbuf);
 360:le_phy.c      **** 
 361:le_phy.c      **** 				// track connection events
 362:le_phy.c      **** 				if (btle_channel_index(rf_channel) < 37) {
 363:le_phy.c      **** 					++conn_event.num_packets;
 364:le_phy.c      **** 
 365:le_phy.c      **** 					// first packet: set connection anchor
 366:le_phy.c      **** 					if (conn_event.num_packets == 1) {
 367:le_phy.c      **** 						conn_event.anchor = current_rxbuf->timestamp;
 368:le_phy.c      **** 						timer1_set_match(NOW + IFS_TIMEOUT); // set a timeout for next packet
 369:le_phy.c      **** 					}
 370:le_phy.c      **** 
 371:le_phy.c      **** 					// second packet: close connection event, and set hop timer
 372:le_phy.c      **** 					else if (conn_event.num_packets == 2) {
 373:le_phy.c      **** 						cc2400_strobe(SRFOFF);
 374:le_phy.c      **** 						current_rxbuf = buffer_get();
 375:le_phy.c      **** 						// TODO handle NULL
ARM GAS  /tmp/cc7dqibQ.s 			page 8


 376:le_phy.c      **** 						finish_conn_event();
 377:le_phy.c      **** 						return;
 378:le_phy.c      **** 					}
 379:le_phy.c      **** 				}
 380:le_phy.c      **** 
 381:le_phy.c      **** 				// get a new packet
 382:le_phy.c      **** 				// TODO handle error transition
 383:le_phy.c      **** 				current_rxbuf = buffer_get();
 384:le_phy.c      **** 				if (current_rxbuf == NULL) {
 385:le_phy.c      **** 					// if all buffers are in use, wait for one to free up in background
 386:le_phy.c      **** 					timer1_wait_buffer();
 387:le_phy.c      **** 				} else {
 388:le_phy.c      **** 					// wait for FS_LOCK in background
 389:le_phy.c      **** 					timer1_wait_fs_lock();
 390:le_phy.c      **** 				}
 391:le_phy.c      **** 			}
 392:le_phy.c      **** 		}
 393:le_phy.c      **** 
 394:le_phy.c      **** 		// error - transition to error state
 395:le_phy.c      **** 		if (DMACIntErrStat & (1 << 0)) {
 396:le_phy.c      **** 			// TODO error state transition
 397:le_phy.c      **** 			DMACIntErrClr = (1 << 0);
 398:le_phy.c      **** 		}
 399:le_phy.c      **** 	}
 400:le_phy.c      **** }
 401:le_phy.c      **** 
 402:le_phy.c      **** static void le_dma_init(void) {
  26              		.loc 1 402 31 view -0
  27              		.cfi_startproc
  28              		@ args = 0, pretend = 0, frame = 0
  29              		@ frame_needed = 0, uses_anonymous_args = 0
  30 0000 30B5     		push	{r4, r5, lr}
  31              		.cfi_def_cfa_offset 12
  32              		.cfi_offset 4, -12
  33              		.cfi_offset 5, -8
  34              		.cfi_offset 14, -4
 403:le_phy.c      **** 	int i;
  35              		.loc 1 403 2 view .LVU1
 404:le_phy.c      **** 
 405:le_phy.c      **** 	// DMA linked list items
 406:le_phy.c      **** 	typedef struct {
  36              		.loc 1 406 2 view .LVU2
 407:le_phy.c      **** 		uint32_t src;
 408:le_phy.c      **** 		uint32_t dest;
 409:le_phy.c      **** 		uint32_t next_lli;
 410:le_phy.c      **** 		uint32_t control;
 411:le_phy.c      **** 	} dma_lli;
 412:le_phy.c      **** 	static dma_lli le_dma_lli[2];
  37              		.loc 1 412 2 view .LVU3
 413:le_phy.c      **** 
 414:le_phy.c      **** 	for (i = 0; i < 2; ++i) {
  38              		.loc 1 414 2 view .LVU4
  39              	.LVL0:
  40              		.loc 1 414 16 discriminator 1 view .LVU5
 415:le_phy.c      **** 		le_dma_lli[i].src = (uint32_t)&(DIO_SSP_DR);
  41              		.loc 1 415 3 view .LVU6
  42              		.loc 1 415 21 is_stmt 0 view .LVU7
ARM GAS  /tmp/cc7dqibQ.s 			page 9


  43 0002 0F4B     		ldr	r3, .L2
  44 0004 0F48     		ldr	r0, .L2+4
  45 0006 1A46     		mov	r2, r3
 416:le_phy.c      **** 		le_dma_lli[i].dest = (uint32_t)&le_dma_dest[i];
 417:le_phy.c      **** 		le_dma_lli[i].next_lli = (uint32_t)&le_dma_lli[1-i]; // two elements pointing back at each other
 418:le_phy.c      **** 		le_dma_lli[i].control = 1 |
  46              		.loc 1 418 25 view .LVU8
  47 0008 0F49     		ldr	r1, .L2+8
 415:le_phy.c      **** 		le_dma_lli[i].src = (uint32_t)&(DIO_SSP_DR);
  48              		.loc 1 415 21 view .LVU9
  49 000a 42F8200B 		str	r0, [r2], #32
 416:le_phy.c      **** 		le_dma_lli[i].dest = (uint32_t)&le_dma_dest[i];
  50              		.loc 1 416 3 is_stmt 1 view .LVU10
 417:le_phy.c      **** 		le_dma_lli[i].control = 1 |
  51              		.loc 1 417 28 is_stmt 0 view .LVU11
  52 000e 03F11004 		add	r4, r3, #16
 416:le_phy.c      **** 		le_dma_lli[i].dest = (uint32_t)&le_dma_dest[i];
  53              		.loc 1 416 24 view .LVU12
  54 0012 03F12105 		add	r5, r3, #33
 416:le_phy.c      **** 		le_dma_lli[i].dest = (uint32_t)&le_dma_dest[i];
  55              		.loc 1 416 22 view .LVU13
  56 0016 5A60     		str	r2, [r3, #4]
 417:le_phy.c      **** 		le_dma_lli[i].control = 1 |
  57              		.loc 1 417 3 is_stmt 1 view .LVU14
 415:le_phy.c      **** 		le_dma_lli[i].src = (uint32_t)&(DIO_SSP_DR);
  58              		.loc 1 415 21 is_stmt 0 view .LVU15
  59 0018 C3E90310 		strd	r1, r0, [r3, #12]
 417:le_phy.c      **** 		le_dma_lli[i].control = 1 |
  60              		.loc 1 417 26 view .LVU16
  61 001c C3E90553 		strd	r5, r3, [r3, #20]
  62 0020 9C60     		str	r4, [r3, #8]
  63              		.loc 1 418 3 is_stmt 1 view .LVU17
 416:le_phy.c      **** 		le_dma_lli[i].dest = (uint32_t)&le_dma_dest[i];
  64              		.loc 1 416 3 view .LVU18
  65              		.loc 1 418 3 view .LVU19
  66              		.loc 1 418 25 is_stmt 0 view .LVU20
  67 0022 D961     		str	r1, [r3, #28]
 414:le_phy.c      **** 		le_dma_lli[i].src = (uint32_t)&(DIO_SSP_DR);
  68              		.loc 1 414 21 is_stmt 1 discriminator 3 view .LVU21
  69              	.LVL1:
 414:le_phy.c      **** 		le_dma_lli[i].src = (uint32_t)&(DIO_SSP_DR);
  70              		.loc 1 414 16 discriminator 1 view .LVU22
 419:le_phy.c      **** 				(0 << 12) |        // source burst size = 1
 420:le_phy.c      **** 				(0 << 15) |        // destination burst size = 1
 421:le_phy.c      **** 				(0 << 18) |        // source width 8 bits
 422:le_phy.c      **** 				(0 << 21) |        // destination width 8 bits
 423:le_phy.c      **** 				DMACCxControl_I;   // terminal count interrupt enable
 424:le_phy.c      **** 	}
 425:le_phy.c      **** 
 426:le_phy.c      **** 	// configure DMA channel 0
 427:le_phy.c      **** 	DMACC0SrcAddr = le_dma_lli[0].src;
  71              		.loc 1 427 2 view .LVU23
  72              		.loc 1 427 16 is_stmt 0 view .LVU24
  73 0024 094B     		ldr	r3, .L2+12
  74 0026 C3F80001 		str	r0, [r3, #256]
 428:le_phy.c      **** 	DMACC0DestAddr = le_dma_lli[0].dest;
  75              		.loc 1 428 2 is_stmt 1 view .LVU25
ARM GAS  /tmp/cc7dqibQ.s 			page 10


  76              		.loc 1 428 17 is_stmt 0 view .LVU26
  77 002a C3F80421 		str	r2, [r3, #260]
 429:le_phy.c      **** 	DMACC0LLI = le_dma_lli[0].next_lli;
  78              		.loc 1 429 2 is_stmt 1 view .LVU27
 430:le_phy.c      **** 	DMACC0Control = le_dma_lli[0].control;
 431:le_phy.c      **** 	DMACC0Config =
  79              		.loc 1 431 15 is_stmt 0 view .LVU28
  80 002e 4DF20602 		movw	r2, #53254
 429:le_phy.c      **** 	DMACC0LLI = le_dma_lli[0].next_lli;
  81              		.loc 1 429 12 view .LVU29
  82 0032 C3F80841 		str	r4, [r3, #264]
 430:le_phy.c      **** 	DMACC0Control = le_dma_lli[0].control;
  83              		.loc 1 430 2 is_stmt 1 view .LVU30
 430:le_phy.c      **** 	DMACC0Control = le_dma_lli[0].control;
  84              		.loc 1 430 16 is_stmt 0 view .LVU31
  85 0036 C3F80C11 		str	r1, [r3, #268]
  86              		.loc 1 431 2 is_stmt 1 view .LVU32
  87              		.loc 1 431 15 is_stmt 0 view .LVU33
  88 003a C3F81021 		str	r2, [r3, #272]
 432:le_phy.c      **** 			DIO_SSP_SRC |
 433:le_phy.c      **** 			(0x2 << 11) |     // peripheral to memory
 434:le_phy.c      **** 			DMACCxConfig_IE | // allow error interrupts
 435:le_phy.c      **** 			DMACCxConfig_ITC; // allow terminal count interrupts
 436:le_phy.c      **** }
  89              		.loc 1 436 1 view .LVU34
  90 003e 30BD     		pop	{r4, r5, pc}
  91              	.L3:
  92              		.align	2
  93              	.L2:
  94 0040 00000000 		.word	.LANCHOR0
  95 0044 08000340 		.word	1073938440
  96 0048 01000080 		.word	-2147483647
  97 004c 00400050 		.word	1342193664
  98              		.cfi_endproc
  99              	.LFE8:
 101              		.section	.text.timer1_set_match,"ax",%progbits
 102              		.align	1
 103              		.syntax unified
 104              		.thumb
 105              		.thumb_func
 107              	timer1_set_match:
 108              	.LVL2:
 109              	.LFB15:
 437:le_phy.c      **** 
 438:le_phy.c      **** // initalize USB, SSP, and DMA
 439:le_phy.c      **** static void le_sys_init(void) {
 440:le_phy.c      **** 	usb_queue_init(); // USB FIFO FIXME replace with safer queue
 441:le_phy.c      **** 	dio_ssp_init();   // init SSP and raise !CS (self-routed GPIO)
 442:le_phy.c      **** 	le_dma_init();    // prepare DMA + interrupts
 443:le_phy.c      **** 	dio_ssp_start();  // enable SSP + DMA
 444:le_phy.c      **** }
 445:le_phy.c      **** 
 446:le_phy.c      **** // initialize RF and strobe FSON
 447:le_phy.c      **** static void le_cc2400_init_rf(void) {
 448:le_phy.c      **** 	u16 grmdm, mdmctrl;
 449:le_phy.c      **** 	uint32_t sync = rbit(conn.access_address);
 450:le_phy.c      **** 
ARM GAS  /tmp/cc7dqibQ.s 			page 11


 451:le_phy.c      **** 	mdmctrl = 0x0040; // 250 kHz frequency deviation
 452:le_phy.c      **** 	grmdm = 0x44E1; // un-buffered mode, packet w/ sync word detection
 453:le_phy.c      **** 	// 0 10 00 1 001 11 0 00 0 1
 454:le_phy.c      **** 	//   |  |  | |   |  +--------> CRC off
 455:le_phy.c      **** 	//   |  |  | |   +-----------> sync word: 32 MSB bits of SYNC_WORD
 456:le_phy.c      **** 	//   |  |  | +---------------> 1 preamble byte of 01010101
 457:le_phy.c      **** 	//   |  |  +-----------------> packet mode
 458:le_phy.c      **** 	//   |  +--------------------> un-buffered mode
 459:le_phy.c      **** 	//   +-----------------------> sync error bits: 2
 460:le_phy.c      **** 
 461:le_phy.c      **** 	cc2400_set(MANAND,  0x7ffe);
 462:le_phy.c      **** 	cc2400_set(LMTST,   0x2b22);
 463:le_phy.c      **** 
 464:le_phy.c      **** 	cc2400_set(MDMTST0, 0x124b);
 465:le_phy.c      **** 	// 1      2      4b
 466:le_phy.c      **** 	// 00 0 1 0 0 10 01001011
 467:le_phy.c      **** 	//    | | | | |  +---------> AFC_DELTA = ??
 468:le_phy.c      **** 	//    | | | | +------------> AFC settling = 4 pairs (8 bit preamble)
 469:le_phy.c      **** 	//    | | | +--------------> no AFC adjust on packet
 470:le_phy.c      **** 	//    | | +----------------> do not invert data
 471:le_phy.c      **** 	//    | +------------------> TX IF freq 1 0Hz
 472:le_phy.c      **** 	//    +--------------------> PRNG off
 473:le_phy.c      **** 	//
 474:le_phy.c      **** 	// ref: CC2400 datasheet page 67
 475:le_phy.c      **** 	// AFC settling explained page 41/42
 476:le_phy.c      **** 
 477:le_phy.c      **** 	cc2400_set(GRMDM,   grmdm);
 478:le_phy.c      **** 
 479:le_phy.c      **** 	cc2400_set(SYNCL,   sync & 0xffff);
 480:le_phy.c      **** 	cc2400_set(SYNCH,   (sync >> 16) & 0xffff);
 481:le_phy.c      **** 
 482:le_phy.c      **** 	cc2400_set(FSDIV,   rf_channel - 1); // 1 MHz IF
 483:le_phy.c      **** 	cc2400_set(MDMCTRL, mdmctrl);
 484:le_phy.c      **** 
 485:le_phy.c      **** 	// XOSC16M should always be stable, but leave this test anyway
 486:le_phy.c      **** 	while (!(cc2400_status() & XOSC16M_STABLE));
 487:le_phy.c      **** 
 488:le_phy.c      **** 	// wait for FS_LOCK in background
 489:le_phy.c      **** 	cc2400_strobe(SFSON);
 490:le_phy.c      **** 	timer1_wait_fs_lock();
 491:le_phy.c      **** }
 492:le_phy.c      **** 
 493:le_phy.c      **** // strobe RX and enable PA
 494:le_phy.c      **** static void le_cc2400_strobe_rx(void) {
 495:le_phy.c      **** 	cc2400_strobe(SRX);
 496:le_phy.c      **** #ifdef UBERTOOTH_ONE
 497:le_phy.c      **** 	PAEN_SET;
 498:le_phy.c      **** 	HGM_SET;
 499:le_phy.c      **** #endif
 500:le_phy.c      **** }
 501:le_phy.c      **** 
 502:le_phy.c      **** // change channel and init rx
 503:le_phy.c      **** static void change_channel(void) {
 504:le_phy.c      **** 	uint8_t channel_idx = 0;
 505:le_phy.c      **** 
 506:le_phy.c      **** 	cc2400_strobe(SRFOFF);
 507:le_phy.c      **** 
ARM GAS  /tmp/cc7dqibQ.s 			page 12


 508:le_phy.c      **** 	// stop DMA and flush SSP
 509:le_phy.c      **** 	DIO_SSP_DMACR &= ~SSPDMACR_RXDMAE;
 510:le_phy.c      **** 	while (SSP1SR & SSPSR_RNE) {
 511:le_phy.c      **** 		uint8_t tmp = (uint8_t)DIO_SSP_DR;
 512:le_phy.c      **** 	}
 513:le_phy.c      **** 
 514:le_phy.c      **** 	buffer_clear(current_rxbuf);
 515:le_phy.c      **** 	le_dma_init();
 516:le_phy.c      **** 	dio_ssp_start();
 517:le_phy.c      **** 
 518:le_phy.c      **** 	if (conn.access_address == ADVERTISING_AA) {
 519:le_phy.c      **** 		// FIXME
 520:le_phy.c      **** 		switch (le_adv_channel) {
 521:le_phy.c      **** 			case 2402: channel_idx = 37; break;
 522:le_phy.c      **** 			case 2426: channel_idx = 38; break;
 523:le_phy.c      **** 			case 2480: channel_idx = 39; break;
 524:le_phy.c      **** 			default:   channel_idx = 37; break;
 525:le_phy.c      **** 		}
 526:le_phy.c      **** 	} else {
 527:le_phy.c      **** 		conn.channel_idx = (conn.channel_idx + conn.hop_increment) % 37;
 528:le_phy.c      **** 		channel_idx = le_map_channel(conn.channel_idx, &conn.remapping);
 529:le_phy.c      **** 	}
 530:le_phy.c      **** 
 531:le_phy.c      **** 	rf_channel = btle_channel_index_to_phys(channel_idx);
 532:le_phy.c      **** 	le_cc2400_init_rf();
 533:le_phy.c      **** }
 534:le_phy.c      **** 
 535:le_phy.c      **** ///////
 536:le_phy.c      **** // timer stuff
 537:le_phy.c      **** 
 538:le_phy.c      **** static void timer1_start(void) {
 539:le_phy.c      **** 	T1TCR = TCR_Counter_Reset;
 540:le_phy.c      **** 	T1PR = 4; // 100 ns
 541:le_phy.c      **** 	T1TCR = TCR_Counter_Enable;
 542:le_phy.c      **** 
 543:le_phy.c      **** 	// set up interrupt handler
 544:le_phy.c      **** 	ISER0 = ISER0_ISE_TIMER1;
 545:le_phy.c      **** }
 546:le_phy.c      **** 
 547:le_phy.c      **** static void timer1_stop(void) {
 548:le_phy.c      **** 	T1TCR = TCR_Counter_Reset;
 549:le_phy.c      **** 
 550:le_phy.c      **** 	// clear interrupt handler
 551:le_phy.c      **** 	ICER0 = ICER0_ICE_TIMER1;
 552:le_phy.c      **** }
 553:le_phy.c      **** 
 554:le_phy.c      **** static void timer1_set_match(uint32_t match) {
 110              		.loc 1 554 46 is_stmt 1 view -0
 111              		.cfi_startproc
 112              		@ args = 0, pretend = 0, frame = 0
 113              		@ frame_needed = 0, uses_anonymous_args = 0
 114              		@ link register save eliminated.
 115              		.loc 1 554 46 is_stmt 0 view .LVU36
 555:le_phy.c      **** 	T1MR0 = match;
 116              		.loc 1 555 2 is_stmt 1 view .LVU37
 117              		.loc 1 555 8 is_stmt 0 view .LVU38
 118 0000 034B     		ldr	r3, .L5
ARM GAS  /tmp/cc7dqibQ.s 			page 13


 119 0002 9861     		str	r0, [r3, #24]
 556:le_phy.c      **** 	T1MCR |= TMCR_MR0I;
 120              		.loc 1 556 2 is_stmt 1 view .LVU39
 121 0004 5A69     		ldr	r2, [r3, #20]
 122              		.loc 1 556 8 is_stmt 0 view .LVU40
 123 0006 42F00102 		orr	r2, r2, #1
 124 000a 5A61     		str	r2, [r3, #20]
 557:le_phy.c      **** }
 125              		.loc 1 557 1 view .LVU41
 126 000c 7047     		bx	lr
 127              	.L6:
 128 000e 00BF     		.align	2
 129              	.L5:
 130 0010 00800040 		.word	1073774592
 131              		.cfi_endproc
 132              	.LFE15:
 134              		.section	.text.timer1_wait_fs_lock,"ax",%progbits
 135              		.align	1
 136              		.syntax unified
 137              		.thumb
 138              		.thumb_func
 140              	timer1_wait_fs_lock:
 141              	.LFB17:
 558:le_phy.c      **** 
 559:le_phy.c      **** static void timer1_clear_match(void) {
 560:le_phy.c      **** 	T1MCR &= ~TMCR_MR0I;
 561:le_phy.c      **** }
 562:le_phy.c      **** 
 563:le_phy.c      **** static void timer1_wait_fs_lock(void) {
 142              		.loc 1 563 39 is_stmt 1 view -0
 143              		.cfi_startproc
 144              		@ args = 0, pretend = 0, frame = 0
 145              		@ frame_needed = 0, uses_anonymous_args = 0
 146              		@ link register save eliminated.
 564:le_phy.c      **** 	T1MR2 = NOW + USEC(3);
 147              		.loc 1 564 2 view .LVU43
 148              		.loc 1 564 10 is_stmt 0 view .LVU44
 149 0000 044B     		ldr	r3, .L8
 150 0002 9A68     		ldr	r2, [r3, #8]
 151              		.loc 1 564 14 view .LVU45
 152 0004 1E32     		adds	r2, r2, #30
 153              		.loc 1 564 8 view .LVU46
 154 0006 1A62     		str	r2, [r3, #32]
 565:le_phy.c      **** 	T1MCR |= TMCR_MR2I;
 155              		.loc 1 565 2 is_stmt 1 view .LVU47
 156 0008 5A69     		ldr	r2, [r3, #20]
 157              		.loc 1 565 8 is_stmt 0 view .LVU48
 158 000a 42F04002 		orr	r2, r2, #64
 159 000e 5A61     		str	r2, [r3, #20]
 566:le_phy.c      **** }
 160              		.loc 1 566 1 view .LVU49
 161 0010 7047     		bx	lr
 162              	.L9:
 163 0012 00BF     		.align	2
 164              	.L8:
 165 0014 00800040 		.word	1073774592
 166              		.cfi_endproc
ARM GAS  /tmp/cc7dqibQ.s 			page 14


 167              	.LFE17:
 169              		.section	.text.timer1_wait_buffer,"ax",%progbits
 170              		.align	1
 171              		.syntax unified
 172              		.thumb
 173              		.thumb_func
 175              	timer1_wait_buffer:
 176              	.LFB19:
 567:le_phy.c      **** 
 568:le_phy.c      **** static void timer1_cancel_fs_lock(void) {
 569:le_phy.c      **** 	T1MCR &= ~TMCR_MR2I;
 570:le_phy.c      **** }
 571:le_phy.c      **** 
 572:le_phy.c      **** static void timer1_wait_buffer(void) {
 177              		.loc 1 572 38 is_stmt 1 view -0
 178              		.cfi_startproc
 179              		@ args = 0, pretend = 0, frame = 0
 180              		@ frame_needed = 0, uses_anonymous_args = 0
 181              		@ link register save eliminated.
 573:le_phy.c      **** 	T1MR3 = NOW + USEC(100);
 182              		.loc 1 573 2 view .LVU51
 183              		.loc 1 573 10 is_stmt 0 view .LVU52
 184 0000 044B     		ldr	r3, .L11
 185 0002 9A68     		ldr	r2, [r3, #8]
 186              		.loc 1 573 14 view .LVU53
 187 0004 02F57A72 		add	r2, r2, #1000
 188              		.loc 1 573 8 view .LVU54
 189 0008 5A62     		str	r2, [r3, #36]
 574:le_phy.c      **** 	T1MCR |= TMCR_MR3I;
 190              		.loc 1 574 2 is_stmt 1 view .LVU55
 191 000a 5A69     		ldr	r2, [r3, #20]
 192              		.loc 1 574 8 is_stmt 0 view .LVU56
 193 000c 42F40072 		orr	r2, r2, #512
 194 0010 5A61     		str	r2, [r3, #20]
 575:le_phy.c      **** }
 195              		.loc 1 575 1 view .LVU57
 196 0012 7047     		bx	lr
 197              	.L12:
 198              		.align	2
 199              	.L11:
 200 0014 00800040 		.word	1073774592
 201              		.cfi_endproc
 202              	.LFE19:
 204              		.section	.text.extract_field,"ax",%progbits
 205              		.align	1
 206              		.syntax unified
 207              		.thumb
 208              		.thumb_func
 210              	extract_field:
 211              	.LVL3:
 212              	.LFB25:
 576:le_phy.c      **** 
 577:le_phy.c      **** static void timer1_cancel_wait_buffer(void) {
 578:le_phy.c      **** 	T1MCR &= ~TMCR_MR3I;
 579:le_phy.c      **** }
 580:le_phy.c      **** 
 581:le_phy.c      **** void TIMER1_IRQHandler(void) {
ARM GAS  /tmp/cc7dqibQ.s 			page 15


 582:le_phy.c      **** 	// MR0: connection events
 583:le_phy.c      **** 	if (T1IR & TIR_MR0_Interrupt) {
 584:le_phy.c      **** 		// ack the interrupt
 585:le_phy.c      **** 		T1IR = TIR_MR0_Interrupt;
 586:le_phy.c      **** 
 587:le_phy.c      **** 		// connection update procedure
 588:le_phy.c      **** 		if (conn.conn_update_pending &&
 589:le_phy.c      **** 				conn.conn_event_counter == conn.conn_update_instant) {
 590:le_phy.c      **** 
 591:le_phy.c      **** 			// on the first past through, handle the transmit window
 592:le_phy.c      **** 			// offset. if there's no offset, skip down to else block
 593:le_phy.c      **** 			if (!conn_event.opened && conn.win_offset > 0) {
 594:le_phy.c      **** 				timer1_set_match(conn.last_anchor + conn.conn_interval +
 595:le_phy.c      **** 						conn.win_offset - RX_WARMUP_TIME);
 596:le_phy.c      **** 				conn_event.opened = 1;
 597:le_phy.c      **** 			}
 598:le_phy.c      **** 
 599:le_phy.c      **** 			// after the transmit window offset, or if there is no
 600:le_phy.c      **** 			// transmit window, set a packet timeout and change the
 601:le_phy.c      **** 			// channel
 602:le_phy.c      **** 			else { // conn_event.opened || conn.win_offset == 0
 603:le_phy.c      **** 				conn_event.opened = 1;
 604:le_phy.c      **** 
 605:le_phy.c      **** 				// this is like a new connection, so set all values
 606:le_phy.c      **** 				// accordingly
 607:le_phy.c      **** 				conn.anchor_set = 0;
 608:le_phy.c      **** 				conn.conn_interval = conn.conn_update_pending_interval;
 609:le_phy.c      **** 				conn.supervision_timeout = conn.conn_update_pending_supervision_timeout;
 610:le_phy.c      **** 				conn.conn_update_pending = 0;
 611:le_phy.c      **** 
 612:le_phy.c      **** 				// timeout after conn window + max packet length
 613:le_phy.c      **** 				timer1_set_match(conn.last_anchor + conn.conn_interval +
 614:le_phy.c      **** 						conn.win_offset + conn.win_size + USEC(2120));
 615:le_phy.c      **** 				change_channel();
 616:le_phy.c      **** 			}
 617:le_phy.c      **** 			return;
 618:le_phy.c      **** 		}
 619:le_phy.c      **** 
 620:le_phy.c      **** 		// channel map update
 621:le_phy.c      **** 		if (conn.channel_map_update_pending &&
 622:le_phy.c      **** 				conn.conn_event_counter == conn.channel_map_update_instant) {
 623:le_phy.c      **** 			conn.remapping = conn.pending_remapping;
 624:le_phy.c      **** 			conn.channel_map_update_pending = 0;
 625:le_phy.c      **** 		}
 626:le_phy.c      **** 
 627:le_phy.c      **** 		// new connection event: set timeout and change channel
 628:le_phy.c      **** 		if (!conn_event.opened) {
 629:le_phy.c      **** 			conn_event.opened = 1;
 630:le_phy.c      **** 			// timeout is max packet length + warmup time (slack)
 631:le_phy.c      **** 			timer1_set_match(NOW + USEC(2120) + RX_WARMUP_TIME);
 632:le_phy.c      **** 			change_channel();
 633:le_phy.c      **** 		}
 634:le_phy.c      **** 
 635:le_phy.c      **** 		// regular connection event, plus timeout from connection updates
 636:le_phy.c      **** 		// FIXME connection update timeouts and initial connection
 637:le_phy.c      **** 		// timeouts need to be handled differently: they should have a
 638:le_phy.c      **** 		// full window until the packets from the new connection are
ARM GAS  /tmp/cc7dqibQ.s 			page 16


 639:le_phy.c      **** 		// captured and a new anchor is set.
 640:le_phy.c      **** 		else {
 641:le_phy.c      **** 			// new connection event: set timeout and change channel
 642:le_phy.c      **** 			if (!conn_event.opened) {
 643:le_phy.c      **** 				conn_event.opened = 1;
 644:le_phy.c      **** 
 645:le_phy.c      **** 				// timeout is max packet length + warmup time (slack)
 646:le_phy.c      **** 				timer1_set_match(NOW + USEC(2120) + RX_WARMUP_TIME);
 647:le_phy.c      **** 				change_channel();
 648:le_phy.c      **** 			}
 649:le_phy.c      **** 
 650:le_phy.c      **** 			// timeout: close connection event and set timer for next hop
 651:le_phy.c      **** 			else {
 652:le_phy.c      **** 				finish_conn_event();
 653:le_phy.c      **** 			}
 654:le_phy.c      **** 		}
 655:le_phy.c      **** 	}
 656:le_phy.c      **** 
 657:le_phy.c      **** 	// LEDs
 658:le_phy.c      **** 	if (T1IR & TIR_MR1_Interrupt) {
 659:le_phy.c      **** 		T1IR = TIR_MR1_Interrupt;
 660:le_phy.c      **** 		T1MCR &= ~TMCR_MR1I;
 661:le_phy.c      **** 
 662:le_phy.c      **** 		TXLED_CLR;
 663:le_phy.c      **** 		RXLED_CLR;
 664:le_phy.c      **** 		USRLED_CLR;
 665:le_phy.c      **** 	}
 666:le_phy.c      **** 
 667:le_phy.c      **** 	// check FS_LOCK
 668:le_phy.c      **** 	if (T1IR & TIR_MR2_Interrupt) {
 669:le_phy.c      **** 		T1IR = TIR_MR2_Interrupt;
 670:le_phy.c      **** 
 671:le_phy.c      **** 		// if FS is locked, strobe RX and clear interrupt
 672:le_phy.c      **** 		if (cc2400_status() & FS_LOCK) {
 673:le_phy.c      **** 			// restart DMA and SSP
 674:le_phy.c      **** 			le_dma_init();
 675:le_phy.c      **** 			dio_ssp_start();
 676:le_phy.c      **** 			ISER0 = ISER0_ISE_DMA;
 677:le_phy.c      **** 
 678:le_phy.c      **** 			le_cc2400_strobe_rx();
 679:le_phy.c      **** 			T1MCR &= ~TMCR_MR2I;
 680:le_phy.c      **** 		}
 681:le_phy.c      **** 
 682:le_phy.c      **** 		// if FS is not locked, check again in 3 us
 683:le_phy.c      **** 		else {
 684:le_phy.c      **** 			timer1_wait_fs_lock();
 685:le_phy.c      **** 		}
 686:le_phy.c      **** 	}
 687:le_phy.c      **** 
 688:le_phy.c      **** 	// check if an rxbuf is available and transition to FS_LOCK/RX
 689:le_phy.c      **** 	if (T1IR & TIR_MR3_Interrupt) {
 690:le_phy.c      **** 		T1IR = TIR_MR3_Interrupt;
 691:le_phy.c      **** 
 692:le_phy.c      **** 		current_rxbuf = buffer_get();
 693:le_phy.c      **** 		if (current_rxbuf == NULL) {
 694:le_phy.c      **** 			timer1_wait_buffer();
 695:le_phy.c      **** 		} else {
ARM GAS  /tmp/cc7dqibQ.s 			page 17


 696:le_phy.c      **** 			if (cc2400_status() & FS_LOCK) {
 697:le_phy.c      **** 				// restart DMA and SSP
 698:le_phy.c      **** 				le_dma_init();
 699:le_phy.c      **** 				dio_ssp_start();
 700:le_phy.c      **** 				ISER0 = ISER0_ISE_DMA;
 701:le_phy.c      **** 
 702:le_phy.c      **** 				le_cc2400_strobe_rx();
 703:le_phy.c      **** 			} else {
 704:le_phy.c      **** 				timer1_wait_fs_lock();
 705:le_phy.c      **** 			}
 706:le_phy.c      **** 		}
 707:le_phy.c      **** 	}
 708:le_phy.c      **** }
 709:le_phy.c      **** 
 710:le_phy.c      **** static void blink(int tx, int rx, int usr) {
 711:le_phy.c      **** 	if (tx)
 712:le_phy.c      **** 		TXLED_SET;
 713:le_phy.c      **** 	if (rx)
 714:le_phy.c      **** 		RXLED_SET;
 715:le_phy.c      **** 	if (usr)
 716:le_phy.c      **** 		USRLED_SET;
 717:le_phy.c      **** 
 718:le_phy.c      **** 	// blink for 10 ms
 719:le_phy.c      **** 	T1MR1 = NOW + MSEC(10);
 720:le_phy.c      **** 	T1MCR |= TMCR_MR1I;
 721:le_phy.c      **** }
 722:le_phy.c      **** 
 723:le_phy.c      **** // helper function to dewhiten length from whitened data (only used
 724:le_phy.c      **** // during DMA)
 725:le_phy.c      **** static uint8_t dewhiten_length(unsigned channel, uint8_t data) {
 726:le_phy.c      **** 	unsigned int i, bit;
 727:le_phy.c      **** 	int idx = whitening_index[btle_channel_index(channel)];
 728:le_phy.c      **** 	uint8_t out = 0;
 729:le_phy.c      **** 
 730:le_phy.c      **** 	// length is second byte of packet
 731:le_phy.c      **** 	idx = (idx + 8) % sizeof(whitening);
 732:le_phy.c      **** 
 733:le_phy.c      **** 	for (i = 0; i < 8; ++i) {
 734:le_phy.c      **** 		bit = (data >> (7-i)) & 1;
 735:le_phy.c      **** 		bit ^= whitening[idx];
 736:le_phy.c      **** 		idx = (idx + 1) % sizeof(whitening);
 737:le_phy.c      **** 		out |= bit << i;
 738:le_phy.c      **** 	}
 739:le_phy.c      **** 
 740:le_phy.c      **** 	return out;
 741:le_phy.c      **** }
 742:le_phy.c      **** 
 743:le_phy.c      **** // enqueue a packet for USB
 744:le_phy.c      **** // FIXME this is cribbed from existing code, but does not have enough
 745:le_phy.c      **** // room for larger LE packets
 746:le_phy.c      **** static int usb_enqueue_le(le_rx_t *packet) {
 747:le_phy.c      **** 	usb_pkt_rx* f = usb_enqueue();
 748:le_phy.c      **** 
 749:le_phy.c      **** 	// fail if queue is full
 750:le_phy.c      **** 	if (f == NULL) {
 751:le_phy.c      **** 		return 0;
 752:le_phy.c      **** 	}
ARM GAS  /tmp/cc7dqibQ.s 			page 18


 753:le_phy.c      **** 
 754:le_phy.c      **** 	f->pkt_type = LE_PACKET;
 755:le_phy.c      **** 
 756:le_phy.c      **** 	f->clkn_high = 0;
 757:le_phy.c      **** 	f->clk100ns = packet->timestamp;
 758:le_phy.c      **** 
 759:le_phy.c      **** 	f->channel = (uint8_t)((packet->channel - 2402) & 0xff);
 760:le_phy.c      **** 	f->rssi_avg = packet->rssi_sum / packet->size;
 761:le_phy.c      **** 	f->rssi_min = packet->rssi_min;
 762:le_phy.c      **** 	f->rssi_max = packet->rssi_max;
 763:le_phy.c      **** 	f->rssi_count = 0;
 764:le_phy.c      **** 
 765:le_phy.c      **** 	memcpy(f->data, &packet->access_address, 4);
 766:le_phy.c      **** 	memcpy(f->data+4, packet->data, DMA_SIZE-4);
 767:le_phy.c      **** 
 768:le_phy.c      **** 	f->status = 0;
 769:le_phy.c      **** 
 770:le_phy.c      **** 	return 1;
 771:le_phy.c      **** }
 772:le_phy.c      **** 
 773:le_phy.c      **** static unsigned extract_field(le_rx_t *buf, size_t offset, unsigned size) {
 213              		.loc 1 773 75 is_stmt 1 view -0
 214              		.cfi_startproc
 215              		@ args = 0, pretend = 0, frame = 0
 216              		@ frame_needed = 0, uses_anonymous_args = 0
 217              		.loc 1 773 75 is_stmt 0 view .LVU59
 218 0000 30B5     		push	{r4, r5, lr}
 219              		.cfi_def_cfa_offset 12
 220              		.cfi_offset 4, -12
 221              		.cfi_offset 5, -8
 222              		.cfi_offset 14, -4
 774:le_phy.c      **** 	unsigned i, ret = 0;
 223              		.loc 1 774 2 is_stmt 1 view .LVU60
 775:le_phy.c      **** 
 776:le_phy.c      **** 	// this could just be replaced by memcpy... right?
 777:le_phy.c      **** 	for (i = 0; i < size; ++i)
 224              		.loc 1 777 2 view .LVU61
 225              	.LVL4:
 226              		.loc 1 777 16 discriminator 1 view .LVU62
 227 0002 0144     		add	r1, r1, r0
 228              	.LVL5:
 774:le_phy.c      **** 	unsigned i, ret = 0;
 229              		.loc 1 774 14 is_stmt 0 view .LVU63
 230 0004 0020     		movs	r0, #0
 231              	.LVL6:
 232              		.loc 1 777 9 view .LVU64
 233 0006 0346     		mov	r3, r0
 234              	.LVL7:
 235              	.L14:
 778:le_phy.c      **** 		ret |= buf->data[offset + i] << (i*8);
 236              		.loc 1 778 3 is_stmt 1 view .LVU65
 237              		.loc 1 778 19 is_stmt 0 view .LVU66
 238 0008 11F8014B 		ldrb	r4, [r1], #1	@ zero_extendqisi2
 239              		.loc 1 778 32 view .LVU67
 240 000c DD00     		lsls	r5, r3, #3
 777:le_phy.c      **** 		ret |= buf->data[offset + i] << (i*8);
 241              		.loc 1 777 24 discriminator 3 view .LVU68
ARM GAS  /tmp/cc7dqibQ.s 			page 19


 242 000e 0133     		adds	r3, r3, #1
 243              	.LVL8:
 244              		.loc 1 778 32 view .LVU69
 245 0010 AC40     		lsls	r4, r4, r5
 777:le_phy.c      **** 		ret |= buf->data[offset + i] << (i*8);
 246              		.loc 1 777 16 discriminator 1 view .LVU70
 247 0012 9A42     		cmp	r2, r3
 248              		.loc 1 778 7 view .LVU71
 249 0014 40EA0400 		orr	r0, r0, r4
 250              	.LVL9:
 777:le_phy.c      **** 		ret |= buf->data[offset + i] << (i*8);
 251              		.loc 1 777 24 is_stmt 1 discriminator 3 view .LVU72
 777:le_phy.c      **** 		ret |= buf->data[offset + i] << (i*8);
 252              		.loc 1 777 16 discriminator 1 view .LVU73
 253 0018 F6D1     		bne	.L14
 779:le_phy.c      **** 
 780:le_phy.c      **** 	return ret;
 254              		.loc 1 780 2 view .LVU74
 781:le_phy.c      **** }
 255              		.loc 1 781 1 is_stmt 0 view .LVU75
 256 001a 30BD     		pop	{r4, r5, pc}
 257              		.cfi_endproc
 258              	.LFE25:
 260              		.section	.text.bd_addr_cmp,"ax",%progbits
 261              		.align	1
 262              		.syntax unified
 263              		.thumb
 264              		.thumb_func
 266              	bd_addr_cmp:
 267              	.LVL10:
 268              	.LFB30:
 782:le_phy.c      **** 
 783:le_phy.c      **** static void le_connect_handler(le_rx_t *buf) {
 784:le_phy.c      **** 	uint32_t aa, crc_init;
 785:le_phy.c      **** 	uint32_t win_size, max_win_size;
 786:le_phy.c      **** 
 787:le_phy.c      **** 	if (!le.do_follow)
 788:le_phy.c      **** 		return;
 789:le_phy.c      **** 
 790:le_phy.c      **** 	if (buf->size != 2 + 6 + 6 + 22 + 3)
 791:le_phy.c      **** 		return;
 792:le_phy.c      **** 
 793:le_phy.c      **** 	// FIXME ugly hack
 794:le_phy.c      **** 	if (cancel_follow)
 795:le_phy.c      **** 		cancel_follow = 0;
 796:le_phy.c      **** 
 797:le_phy.c      **** 	conn.access_address     = extract_field(buf, 14, 4);
 798:le_phy.c      **** 	conn.crc_init           = extract_field(buf, 18, 3);
 799:le_phy.c      **** 	conn.crc_init_reversed  = rbit(conn.crc_init);
 800:le_phy.c      **** 	conn.win_size           = extract_field(buf, 21, 1);
 801:le_phy.c      **** 	conn.win_offset         = extract_field(buf, 22, 2);
 802:le_phy.c      **** 	conn.conn_interval      = extract_field(buf, 24, 2);
 803:le_phy.c      **** 	conn.supervision_timeout = extract_field(buf, 28, 2);
 804:le_phy.c      **** 	conn.hop_increment      = extract_field(buf, 35, 1) & 0x1f;
 805:le_phy.c      **** 
 806:le_phy.c      **** 	if (conn.conn_interval < 6 || conn.conn_interval > 3200) {
 807:le_phy.c      **** 		goto err_out;
ARM GAS  /tmp/cc7dqibQ.s 			page 20


 808:le_phy.c      **** 	} else {
 809:le_phy.c      **** 		conn.conn_interval *= USEC(1250);
 810:le_phy.c      **** 	}
 811:le_phy.c      **** 
 812:le_phy.c      **** 	// window offset is in range [0, conn_interval]
 813:le_phy.c      **** 	conn.win_offset *= USEC(1250);
 814:le_phy.c      **** 	if (conn.win_offset > conn.conn_interval)
 815:le_phy.c      **** 		goto err_out;
 816:le_phy.c      **** 
 817:le_phy.c      **** 	// win size is in range [1.25 ms, MIN(10 ms, conn_interval - 1.25 ms)]
 818:le_phy.c      **** 	win_size = conn.win_size * USEC(1250);
 819:le_phy.c      **** 	max_win_size = conn.conn_interval - USEC(1250);
 820:le_phy.c      **** 	if (max_win_size > MSEC(10))
 821:le_phy.c      **** 		max_win_size = MSEC(10);
 822:le_phy.c      **** 	if (win_size < USEC(1250) || win_size > max_win_size)
 823:le_phy.c      **** 		goto err_out;
 824:le_phy.c      **** 
 825:le_phy.c      **** 	// The connSupervisionTimeout shall be a multiple of 10 ms in the
 826:le_phy.c      **** 	// range of 100 ms to 32.0 s and it shall be larger than (1 +
 827:le_phy.c      **** 	// connSlaveLatency) * connInterval * 2
 828:le_phy.c      **** 	conn.supervision_timeout *= MSEC(10);
 829:le_phy.c      **** 	if (conn.supervision_timeout < MSEC(100) || conn.supervision_timeout > SEC(32))
 830:le_phy.c      **** 		goto err_out;
 831:le_phy.c      **** 	// TODO handle slave latency
 832:le_phy.c      **** 
 833:le_phy.c      **** 	le_parse_channel_map(&buf->data[30], &conn.remapping);
 834:le_phy.c      **** 	if (conn.remapping.total_channels == 0)
 835:le_phy.c      **** 		goto err_out;
 836:le_phy.c      **** 
 837:le_phy.c      **** 	// cancel RX on advertising channel
 838:le_phy.c      **** 	timer1_cancel_fs_lock();
 839:le_phy.c      **** 
 840:le_phy.c      **** 	reset_conn_event();
 841:le_phy.c      **** 	timer1_set_match(buf->timestamp + PACKET_DURATION(buf) +
 842:le_phy.c      **** 			conn.win_offset + USEC(1250) - RX_WARMUP_TIME);
 843:le_phy.c      **** 	return;
 844:le_phy.c      **** 
 845:le_phy.c      **** 	// error condition: reset conn and return
 846:le_phy.c      **** err_out:
 847:le_phy.c      **** 	reset_conn();
 848:le_phy.c      **** }
 849:le_phy.c      **** 
 850:le_phy.c      **** static void connection_update_handler(le_rx_t *buf) {
 851:le_phy.c      **** 	conn.win_size            = extract_field(buf, 3, 1);
 852:le_phy.c      **** 	conn.win_offset          = extract_field(buf, 4, 2);
 853:le_phy.c      **** 	conn.conn_update_pending_interval = extract_field(buf, 6, 2);
 854:le_phy.c      **** 	conn.conn_update_pending_supervision_timeout = extract_field(buf, 10, 2);
 855:le_phy.c      **** 	conn.conn_update_instant = extract_field(buf, 12, 2);
 856:le_phy.c      **** 
 857:le_phy.c      **** 	// TODO check for invalid values. XXX what do we even do in that
 858:le_phy.c      **** 	// case? we will probably drop the connection, but at least it's on
 859:le_phy.c      **** 	// our own terms and not some impossibly long supervision timeout.
 860:le_phy.c      **** 	conn.win_size   *= USEC(1250);
 861:le_phy.c      **** 	conn.win_offset *= USEC(1250);
 862:le_phy.c      **** 	conn.conn_update_pending_interval *= USEC(1250);
 863:le_phy.c      **** 	conn.conn_update_pending_supervision_timeout *= MSEC(10);
 864:le_phy.c      **** 
ARM GAS  /tmp/cc7dqibQ.s 			page 21


 865:le_phy.c      **** 	conn.conn_update_pending = 1;
 866:le_phy.c      **** }
 867:le_phy.c      **** 
 868:le_phy.c      **** static void channel_map_update_handler(le_rx_t *buf) {
 869:le_phy.c      **** 	conn.channel_map_update_pending = 1;
 870:le_phy.c      **** 	conn.channel_map_update_instant = extract_field(buf, 8, 2);
 871:le_phy.c      **** 	le_parse_channel_map(&buf->data[3], &conn.pending_remapping);
 872:le_phy.c      **** }
 873:le_phy.c      **** 
 874:le_phy.c      **** static void packet_handler(le_rx_t *buf) {
 875:le_phy.c      **** 	// advertising packet
 876:le_phy.c      **** 	if (btle_channel_index(buf->channel) >= 37) {
 877:le_phy.c      **** 		switch (buf->data[0] & 0xf) {
 878:le_phy.c      **** 			// CONNECT_REQ
 879:le_phy.c      **** 			case 0x05:
 880:le_phy.c      **** 				// TODO validate length
 881:le_phy.c      **** 				le_connect_handler(buf);
 882:le_phy.c      **** 				break;
 883:le_phy.c      **** 		}
 884:le_phy.c      **** 	}
 885:le_phy.c      **** 
 886:le_phy.c      **** 	// data packet
 887:le_phy.c      **** 	else {
 888:le_phy.c      **** 		// LL control PDU
 889:le_phy.c      **** 		if ((buf->data[0] & 0b11) == 0b11 && buf->data[1] > 0) {
 890:le_phy.c      **** 			switch (buf->data[2]) {
 891:le_phy.c      **** 				// LE_CONNECTION_UPDATE_REQ -- update connection parameters
 892:le_phy.c      **** 				case 0x0:
 893:le_phy.c      **** 					if (buf->data[1] == 12)
 894:le_phy.c      **** 						connection_update_handler(buf);
 895:le_phy.c      **** 					break;
 896:le_phy.c      **** 
 897:le_phy.c      **** 				// LE_CHANNEL_MAP_REQ -- update channel map
 898:le_phy.c      **** 				case 0x1:
 899:le_phy.c      **** 					if (buf->data[1] == 8)
 900:le_phy.c      **** 						channel_map_update_handler(buf);
 901:le_phy.c      **** 					break;
 902:le_phy.c      **** 			}
 903:le_phy.c      **** 		}
 904:le_phy.c      **** 	}
 905:le_phy.c      **** }
 906:le_phy.c      **** 
 907:le_phy.c      **** // compare a BD addr against target with mask
 908:le_phy.c      **** static int bd_addr_cmp(uint8_t *bd_addr) {
 269              		.loc 1 908 42 is_stmt 1 view -0
 270              		.cfi_startproc
 271              		@ args = 0, pretend = 0, frame = 0
 272              		@ frame_needed = 0, uses_anonymous_args = 0
 273              		.loc 1 908 42 is_stmt 0 view .LVU77
 274 0000 10B5     		push	{r4, lr}
 275              		.cfi_def_cfa_offset 8
 276              		.cfi_offset 4, -8
 277              		.cfi_offset 14, -4
 909:le_phy.c      **** 	unsigned i;
 278              		.loc 1 909 2 is_stmt 1 view .LVU78
 910:le_phy.c      **** 	for (i = 0; i < 6; ++i)
 279              		.loc 1 910 2 view .LVU79
ARM GAS  /tmp/cc7dqibQ.s 			page 22


 280              	.LVL11:
 281              		.loc 1 910 16 discriminator 1 view .LVU80
 282 0002 084A     		ldr	r2, .L21
 283 0004 431E     		subs	r3, r0, #1
 284 0006 0530     		adds	r0, r0, #5
 285              	.LVL12:
 286              	.L18:
 911:le_phy.c      **** 		if ((bd_addr[i] & le.target_mask[i]) != le.target[i])
 287              		.loc 1 911 3 view .LVU81
 288              		.loc 1 911 40 is_stmt 0 view .LVU82
 289 0008 D479     		ldrb	r4, [r2, #7]	@ zero_extendqisi2
 290 000a 13F8011F 		ldrb	r1, [r3, #1]!	@ zero_extendqisi2
 291              	.LVL13:
 292              		.loc 1 911 40 view .LVU83
 293 000e 2140     		ands	r1, r1, r4
 294              		.loc 1 911 6 view .LVU84
 295 0010 12F8014F 		ldrb	r4, [r2, #1]!	@ zero_extendqisi2
 296 0014 8C42     		cmp	r4, r1
 297 0016 03D1     		bne	.L19
 910:le_phy.c      **** 	for (i = 0; i < 6; ++i)
 298              		.loc 1 910 21 is_stmt 1 discriminator 2 view .LVU85
 299              	.LVL14:
 910:le_phy.c      **** 	for (i = 0; i < 6; ++i)
 300              		.loc 1 910 16 discriminator 1 view .LVU86
 301 0018 8342     		cmp	r3, r0
 302 001a F5D1     		bne	.L18
 912:le_phy.c      **** 			return 0;
 913:le_phy.c      **** 	return 1;
 303              		.loc 1 913 9 is_stmt 0 view .LVU87
 304 001c 0120     		movs	r0, #1
 305              	.LVL15:
 306              	.L16:
 914:le_phy.c      **** }
 307              		.loc 1 914 1 view .LVU88
 308 001e 10BD     		pop	{r4, pc}
 309              	.LVL16:
 310              	.L19:
 912:le_phy.c      **** 			return 0;
 311              		.loc 1 912 11 view .LVU89
 312 0020 0020     		movs	r0, #0
 313 0022 FCE7     		b	.L16
 314              	.L22:
 315              		.align	2
 316              	.L21:
 317 0024 37000000 		.word	le+55
 318              		.cfi_endproc
 319              	.LFE30:
 321              		.section	.text.reset_conn,"ax",%progbits
 322              		.align	1
 323              		.syntax unified
 324              		.thumb
 325              		.thumb_func
 327              	reset_conn:
 328              	.LFB0:
 139:le_phy.c      **** 	memset(&conn, 0, sizeof(conn));
 329              		.loc 1 139 30 is_stmt 1 view -0
 330              		.cfi_startproc
ARM GAS  /tmp/cc7dqibQ.s 			page 23


 331              		@ args = 0, pretend = 0, frame = 0
 332              		@ frame_needed = 0, uses_anonymous_args = 0
 333 0000 10B5     		push	{r4, lr}
 334              		.cfi_def_cfa_offset 8
 335              		.cfi_offset 4, -8
 336              		.cfi_offset 14, -4
 140:le_phy.c      **** 	conn.access_address = ADVERTISING_AA;
 337              		.loc 1 140 2 view .LVU91
 338 0002 054C     		ldr	r4, .L24
 339 0004 4FF4E472 		mov	r2, #456
 340 0008 0021     		movs	r1, #0
 341 000a 04F12400 		add	r0, r4, #36
 342 000e FFF7FEFF 		bl	memset
 343              	.LVL17:
 141:le_phy.c      **** }
 344              		.loc 1 141 2 view .LVU92
 141:le_phy.c      **** }
 345              		.loc 1 141 22 is_stmt 0 view .LVU93
 346 0012 024B     		ldr	r3, .L24+4
 347 0014 6362     		str	r3, [r4, #36]
 142:le_phy.c      **** 
 348              		.loc 1 142 1 view .LVU94
 349 0016 10BD     		pop	{r4, pc}
 350              	.L25:
 351              		.align	2
 352              	.L24:
 353 0018 00000000 		.word	.LANCHOR0
 354 001c D6BE898E 		.word	-1903575338
 355              		.cfi_endproc
 356              	.LFE0:
 358              		.section	.text.buffer_get,"ax",%progbits
 359              		.align	1
 360              		.syntax unified
 361              		.thumb
 362              		.thumb_func
 364              	buffer_get:
 365              	.LFB3:
 184:le_phy.c      **** 	int i;
 366              		.loc 1 184 34 is_stmt 1 view -0
 367              		.cfi_startproc
 368              		@ args = 0, pretend = 0, frame = 0
 369              		@ frame_needed = 0, uses_anonymous_args = 0
 370 0000 70B5     		push	{r4, r5, r6, lr}
 371              		.cfi_def_cfa_offset 16
 372              		.cfi_offset 4, -16
 373              		.cfi_offset 5, -12
 374              		.cfi_offset 6, -8
 375              		.cfi_offset 14, -4
 185:le_phy.c      **** 
 376              		.loc 1 185 2 view .LVU96
 187:le_phy.c      **** 		if (le_buffer_pool[i].available) {
 377              		.loc 1 187 2 view .LVU97
 378              	.LVL18:
 187:le_phy.c      **** 		if (le_buffer_pool[i].available) {
 379              		.loc 1 187 16 discriminator 1 view .LVU98
 380 0002 134A     		ldr	r2, .L31
 187:le_phy.c      **** 		if (le_buffer_pool[i].available) {
ARM GAS  /tmp/cc7dqibQ.s 			page 24


 381              		.loc 1 187 9 is_stmt 0 view .LVU99
 382 0004 0023     		movs	r3, #0
 383 0006 1146     		mov	r1, r2
 384              	.LVL19:
 385              	.L29:
 188:le_phy.c      **** 			le_buffer_pool[i].available = 0;
 386              		.loc 1 188 3 is_stmt 1 view .LVU100
 188:le_phy.c      **** 			le_buffer_pool[i].available = 0;
 387              		.loc 1 188 6 is_stmt 0 view .LVU101
 388 0008 D2F81851 		ldr	r5, [r2, #280]
 389 000c CDB1     		cbz	r5, .L27
 189:le_phy.c      **** 			buffer_clear(&le_buffer_pool[i]);
 390              		.loc 1 189 4 is_stmt 1 view .LVU102
 189:le_phy.c      **** 			buffer_clear(&le_buffer_pool[i]);
 391              		.loc 1 189 32 is_stmt 0 view .LVU103
 392 000e 4FF49272 		mov	r2, #292
 393 0012 0026     		movs	r6, #0
 394 0014 0F4C     		ldr	r4, .L31+4
 190:le_phy.c      **** 			return &le_buffer_pool[i];
 395              		.loc 1 190 4 view .LVU104
 396 0016 02FB0315 		mla	r5, r2, r3, r1
 189:le_phy.c      **** 			buffer_clear(&le_buffer_pool[i]);
 397              		.loc 1 189 32 view .LVU105
 398 001a 02FB0344 		mla	r4, r2, r3, r4
 399              	.LBB7:
 400              	.LBB8:
 175:le_phy.c      **** 	buf->rssi_min = INT8_MAX;
 401              		.loc 1 175 2 view .LVU106
 402 001e 3146     		mov	r1, r6
 403 0020 4FF48272 		mov	r2, #260
 404 0024 2846     		mov	r0, r5
 174:le_phy.c      **** 	memset(buf->data, 0, sizeof(buf->data));
 405              		.loc 1 174 12 view .LVU107
 406 0026 C4E9BC66 		strd	r6, r6, [r4, #752]
 407              	.LBE8:
 408              	.LBE7:
 189:le_phy.c      **** 			buffer_clear(&le_buffer_pool[i]);
 409              		.loc 1 189 32 view .LVU108
 410 002a C4F80463 		str	r6, [r4, #772]
 190:le_phy.c      **** 			return &le_buffer_pool[i];
 411              		.loc 1 190 4 is_stmt 1 view .LVU109
 412              	.LVL20:
 413              	.LBB10:
 414              	.LBI7:
 172:le_phy.c      **** 	buf->pos = 0;
 415              		.loc 1 172 13 view .LVU110
 416              	.LBB9:
 173:le_phy.c      **** 	buf->size = 0;
 417              		.loc 1 173 2 view .LVU111
 175:le_phy.c      **** 	buf->rssi_min = INT8_MAX;
 418              		.loc 1 175 2 view .LVU112
 419 002e FFF7FEFF 		bl	memset
 420              	.LVL21:
 176:le_phy.c      **** 	buf->rssi_max = INT8_MIN;
 421              		.loc 1 176 2 view .LVU113
 177:le_phy.c      **** 	buf->rssi_sum = 0;
 422              		.loc 1 177 2 view .LVU114
ARM GAS  /tmp/cc7dqibQ.s 			page 25


 176:le_phy.c      **** 	buf->rssi_max = INT8_MIN;
 423              		.loc 1 176 16 is_stmt 0 view .LVU115
 424 0032 48F27F03 		movw	r3, #32895
 178:le_phy.c      **** }
 425              		.loc 1 178 16 view .LVU116
 426 0036 C4F80C63 		str	r6, [r4, #780]
 176:le_phy.c      **** 	buf->rssi_max = INT8_MIN;
 427              		.loc 1 176 16 view .LVU117
 428 003a A4F80833 		strh	r3, [r4, #776]	@ movhi
 178:le_phy.c      **** }
 429              		.loc 1 178 2 is_stmt 1 view .LVU118
 430              	.LVL22:
 178:le_phy.c      **** }
 431              		.loc 1 178 2 is_stmt 0 view .LVU119
 432              	.LBE9:
 433              	.LBE10:
 191:le_phy.c      **** 		}
 434              		.loc 1 191 4 is_stmt 1 view .LVU120
 435              	.L26:
 196:le_phy.c      **** 
 436              		.loc 1 196 1 is_stmt 0 view .LVU121
 437 003e 2846     		mov	r0, r5
 438 0040 70BD     		pop	{r4, r5, r6, pc}
 439              	.LVL23:
 440              	.L27:
 187:le_phy.c      **** 		if (le_buffer_pool[i].available) {
 441              		.loc 1 187 39 is_stmt 1 discriminator 2 view .LVU122
 442 0042 0133     		adds	r3, r3, #1
 443              	.LVL24:
 187:le_phy.c      **** 		if (le_buffer_pool[i].available) {
 444              		.loc 1 187 16 discriminator 1 view .LVU123
 445 0044 042B     		cmp	r3, #4
 446 0046 02F59272 		add	r2, r2, #292
 447 004a DDD1     		bne	.L29
 448 004c F7E7     		b	.L26
 449              	.L32:
 450 004e 00BF     		.align	2
 451              	.L31:
 452 0050 EC010000 		.word	.LANCHOR0+492
 453 0054 00000000 		.word	.LANCHOR0
 454              		.cfi_endproc
 455              	.LFE3:
 457              		.section	.text.le_cc2400_init_rf,"ax",%progbits
 458              		.align	1
 459              		.syntax unified
 460              		.thumb
 461              		.thumb_func
 463              	le_cc2400_init_rf:
 464              	.LFB10:
 447:le_phy.c      **** 	u16 grmdm, mdmctrl;
 465              		.loc 1 447 37 view -0
 466              		.cfi_startproc
 467              		@ args = 0, pretend = 0, frame = 0
 468              		@ frame_needed = 0, uses_anonymous_args = 0
 469 0000 38B5     		push	{r3, r4, r5, lr}
 470              		.cfi_def_cfa_offset 16
 471              		.cfi_offset 3, -16
ARM GAS  /tmp/cc7dqibQ.s 			page 26


 472              		.cfi_offset 4, -12
 473              		.cfi_offset 5, -8
 474              		.cfi_offset 14, -4
 448:le_phy.c      **** 	uint32_t sync = rbit(conn.access_address);
 475              		.loc 1 448 2 view .LVU125
 449:le_phy.c      **** 
 476              		.loc 1 449 2 view .LVU126
 449:le_phy.c      **** 
 477              		.loc 1 449 18 is_stmt 0 view .LVU127
 478 0002 1B4C     		ldr	r4, .L37
 479 0004 606A     		ldr	r0, [r4, #36]
 480 0006 FFF7FEFF 		bl	rbit
 481              	.LVL25:
 482 000a 0546     		mov	r5, r0
 483              	.LVL26:
 451:le_phy.c      **** 	grmdm = 0x44E1; // un-buffered mode, packet w/ sync word detection
 484              		.loc 1 451 2 is_stmt 1 view .LVU128
 452:le_phy.c      **** 	// 0 10 00 1 001 11 0 00 0 1
 485              		.loc 1 452 2 view .LVU129
 461:le_phy.c      **** 	cc2400_set(LMTST,   0x2b22);
 486              		.loc 1 461 2 view .LVU130
 487 000c 47F6FE71 		movw	r1, #32766
 488 0010 0D20     		movs	r0, #13
 489              	.LVL27:
 461:le_phy.c      **** 	cc2400_set(LMTST,   0x2b22);
 490              		.loc 1 461 2 is_stmt 0 view .LVU131
 491 0012 FFF7FEFF 		bl	cc2400_set
 492              	.LVL28:
 462:le_phy.c      **** 
 493              		.loc 1 462 2 is_stmt 1 view .LVU132
 494 0016 42F62231 		movw	r1, #11042
 495 001a 1220     		movs	r0, #18
 496 001c FFF7FEFF 		bl	cc2400_set
 497              	.LVL29:
 464:le_phy.c      **** 	// 1      2      4b
 498              		.loc 1 464 2 view .LVU133
 499 0020 41F24B21 		movw	r1, #4683
 500 0024 1420     		movs	r0, #20
 501 0026 FFF7FEFF 		bl	cc2400_set
 502              	.LVL30:
 477:le_phy.c      **** 
 503              		.loc 1 477 2 view .LVU134
 504 002a 44F2E141 		movw	r1, #17633
 505 002e 2020     		movs	r0, #32
 506 0030 FFF7FEFF 		bl	cc2400_set
 507              	.LVL31:
 479:le_phy.c      **** 	cc2400_set(SYNCH,   (sync >> 16) & 0xffff);
 508              		.loc 1 479 2 view .LVU135
 509 0034 2C20     		movs	r0, #44
 510 0036 A9B2     		uxth	r1, r5
 511 0038 FFF7FEFF 		bl	cc2400_set
 512              	.LVL32:
 480:le_phy.c      **** 
 513              		.loc 1 480 2 view .LVU136
 514 003c 2D20     		movs	r0, #45
 515 003e 290C     		lsrs	r1, r5, #16
 516 0040 FFF7FEFF 		bl	cc2400_set
ARM GAS  /tmp/cc7dqibQ.s 			page 27


 517              	.LVL33:
 482:le_phy.c      **** 	cc2400_set(MDMCTRL, mdmctrl);
 518              		.loc 1 482 2 view .LVU137
 519 0044 B4F87C16 		ldrh	r1, [r4, #1660]
 520 0048 0220     		movs	r0, #2
 521 004a 0139     		subs	r1, r1, #1
 522 004c 89B2     		uxth	r1, r1
 523 004e FFF7FEFF 		bl	cc2400_set
 524              	.LVL34:
 483:le_phy.c      **** 
 525              		.loc 1 483 2 view .LVU138
 526 0052 4021     		movs	r1, #64
 527 0054 0320     		movs	r0, #3
 528 0056 FFF7FEFF 		bl	cc2400_set
 529              	.LVL35:
 486:le_phy.c      **** 
 530              		.loc 1 486 2 view .LVU139
 531              	.L34:
 486:le_phy.c      **** 
 532              		.loc 1 486 9 discriminator 2 view .LVU140
 486:le_phy.c      **** 
 533              		.loc 1 486 11 is_stmt 0 discriminator 2 view .LVU141
 534 005a FFF7FEFF 		bl	cc2400_status
 535              	.LVL36:
 486:le_phy.c      **** 
 536              		.loc 1 486 9 discriminator 2 view .LVU142
 537 005e 4306     		lsls	r3, r0, #25
 538 0060 FBD5     		bpl	.L34
 489:le_phy.c      **** 	timer1_wait_fs_lock();
 539              		.loc 1 489 2 is_stmt 1 view .LVU143
 540 0062 6120     		movs	r0, #97
 541 0064 FFF7FEFF 		bl	cc2400_strobe
 542              	.LVL37:
 490:le_phy.c      **** }
 543              		.loc 1 490 2 view .LVU144
 491:le_phy.c      **** 
 544              		.loc 1 491 1 is_stmt 0 view .LVU145
 545 0068 BDE83840 		pop	{r3, r4, r5, lr}
 546              		.cfi_restore 14
 547              		.cfi_restore 5
 548              		.cfi_restore 4
 549              		.cfi_restore 3
 550              		.cfi_def_cfa_offset 0
 551              	.LVL38:
 490:le_phy.c      **** }
 552              		.loc 1 490 2 view .LVU146
 553 006c FFF7FEBF 		b	timer1_wait_fs_lock
 554              	.LVL39:
 555              	.L38:
 556              		.align	2
 557              	.L37:
 558 0070 00000000 		.word	.LANCHOR0
 559              		.cfi_endproc
 560              	.LFE10:
 562              		.section	.text.change_channel,"ax",%progbits
 563              		.align	1
 564              		.syntax unified
ARM GAS  /tmp/cc7dqibQ.s 			page 28


 565              		.thumb
 566              		.thumb_func
 568              	change_channel:
 569              	.LFB12:
 503:le_phy.c      **** 	uint8_t channel_idx = 0;
 570              		.loc 1 503 34 is_stmt 1 view -0
 571              		.cfi_startproc
 572              		@ args = 0, pretend = 0, frame = 0
 573              		@ frame_needed = 0, uses_anonymous_args = 0
 574 0000 70B5     		push	{r4, r5, r6, lr}
 575              		.cfi_def_cfa_offset 16
 576              		.cfi_offset 4, -16
 577              		.cfi_offset 5, -12
 578              		.cfi_offset 6, -8
 579              		.cfi_offset 14, -4
 504:le_phy.c      **** 
 580              		.loc 1 504 2 view .LVU148
 581              	.LVL40:
 506:le_phy.c      **** 
 582              		.loc 1 506 2 view .LVU149
 583 0002 6420     		movs	r0, #100
 584 0004 FFF7FEFF 		bl	cc2400_strobe
 585              	.LVL41:
 509:le_phy.c      **** 	while (SSP1SR & SSPSR_RNE) {
 586              		.loc 1 509 2 view .LVU150
 509:le_phy.c      **** 	while (SSP1SR & SSPSR_RNE) {
 587              		.loc 1 509 16 is_stmt 0 view .LVU151
 588 0008 254B     		ldr	r3, .L46
 589 000a 5A6A     		ldr	r2, [r3, #36]
 590 000c 22F00102 		bic	r2, r2, #1
 591 0010 5A62     		str	r2, [r3, #36]
 510:le_phy.c      **** 		uint8_t tmp = (uint8_t)DIO_SSP_DR;
 592              		.loc 1 510 2 is_stmt 1 view .LVU152
 593              	.L40:
 510:le_phy.c      **** 		uint8_t tmp = (uint8_t)DIO_SSP_DR;
 594              		.loc 1 510 9 view .LVU153
 595 0012 DD68     		ldr	r5, [r3, #12]
 596 0014 15F00405 		ands	r5, r5, #4
 597 0018 2CD1     		bne	.L41
 514:le_phy.c      **** 	le_dma_init();
 598              		.loc 1 514 2 view .LVU154
 599 001a 224C     		ldr	r4, .L46+4
 600              	.LBB14:
 601              	.LBB15:
 175:le_phy.c      **** 	buf->rssi_min = INT8_MAX;
 602              		.loc 1 175 2 is_stmt 0 view .LVU155
 603 001c 4FF48272 		mov	r2, #260
 604              	.LBE15:
 605              	.LBE14:
 514:le_phy.c      **** 	le_dma_init();
 606              		.loc 1 514 2 view .LVU156
 607 0020 D4F88066 		ldr	r6, [r4, #1664]
 608              	.LVL42:
 609              	.LBB17:
 610              	.LBI14:
 172:le_phy.c      **** 	buf->pos = 0;
 611              		.loc 1 172 13 is_stmt 1 view .LVU157
ARM GAS  /tmp/cc7dqibQ.s 			page 29


 612              	.LBB16:
 173:le_phy.c      **** 	buf->size = 0;
 613              		.loc 1 173 2 view .LVU158
 175:le_phy.c      **** 	buf->rssi_min = INT8_MAX;
 614              		.loc 1 175 2 is_stmt 0 view .LVU159
 615 0024 2946     		mov	r1, r5
 616 0026 3046     		mov	r0, r6
 174:le_phy.c      **** 	memset(buf->data, 0, sizeof(buf->data));
 617              		.loc 1 174 12 view .LVU160
 618 0028 C6E94155 		strd	r5, r5, [r6, #260]
 175:le_phy.c      **** 	buf->rssi_min = INT8_MAX;
 619              		.loc 1 175 2 is_stmt 1 view .LVU161
 620 002c FFF7FEFF 		bl	memset
 621              	.LVL43:
 176:le_phy.c      **** 	buf->rssi_max = INT8_MIN;
 622              		.loc 1 176 2 view .LVU162
 177:le_phy.c      **** 	buf->rssi_sum = 0;
 623              		.loc 1 177 2 view .LVU163
 176:le_phy.c      **** 	buf->rssi_max = INT8_MIN;
 624              		.loc 1 176 16 is_stmt 0 view .LVU164
 625 0030 48F27F03 		movw	r3, #32895
 178:le_phy.c      **** }
 626              		.loc 1 178 16 view .LVU165
 627 0034 C6F82051 		str	r5, [r6, #288]
 176:le_phy.c      **** 	buf->rssi_max = INT8_MIN;
 628              		.loc 1 176 16 view .LVU166
 629 0038 A6F81C31 		strh	r3, [r6, #284]	@ movhi
 178:le_phy.c      **** }
 630              		.loc 1 178 2 is_stmt 1 view .LVU167
 631              	.LVL44:
 178:le_phy.c      **** }
 632              		.loc 1 178 2 is_stmt 0 view .LVU168
 633              	.LBE16:
 634              	.LBE17:
 515:le_phy.c      **** 	dio_ssp_start();
 635              		.loc 1 515 2 is_stmt 1 view .LVU169
 636 003c FFF7FEFF 		bl	le_dma_init
 637              	.LVL45:
 516:le_phy.c      **** 
 638              		.loc 1 516 2 view .LVU170
 639 0040 FFF7FEFF 		bl	dio_ssp_start
 640              	.LVL46:
 518:le_phy.c      **** 		// FIXME
 641              		.loc 1 518 2 view .LVU171
 518:le_phy.c      **** 		// FIXME
 642              		.loc 1 518 5 is_stmt 0 view .LVU172
 643 0044 626A     		ldr	r2, [r4, #36]
 644 0046 184B     		ldr	r3, .L46+8
 645 0048 9A42     		cmp	r2, r3
 646 004a 15D1     		bne	.L42
 520:le_phy.c      **** 			case 2402: channel_idx = 37; break;
 647              		.loc 1 520 3 is_stmt 1 view .LVU173
 648 004c 40F67A12 		movw	r2, #2426
 649 0050 164B     		ldr	r3, .L46+12
 650 0052 1B88     		ldrh	r3, [r3]
 651 0054 9BB2     		uxth	r3, r3
 652 0056 9342     		cmp	r3, r2
ARM GAS  /tmp/cc7dqibQ.s 			page 30


 653 0058 20D0     		beq	.L44
 521:le_phy.c      **** 			case 2426: channel_idx = 38; break;
 654              		.loc 1 521 27 is_stmt 0 view .LVU174
 655 005a B3F51B6F 		cmp	r3, #2480
 656 005e 0CBF     		ite	eq
 657 0060 2720     		moveq	r0, #39
 658 0062 2520     		movne	r0, #37
 659              	.LVL47:
 660              	.L43:
 531:le_phy.c      **** 	le_cc2400_init_rf();
 661              		.loc 1 531 2 is_stmt 1 view .LVU175
 531:le_phy.c      **** 	le_cc2400_init_rf();
 662              		.loc 1 531 15 is_stmt 0 view .LVU176
 663 0064 FFF7FEFF 		bl	btle_channel_index_to_phys
 664              	.LVL48:
 531:le_phy.c      **** 	le_cc2400_init_rf();
 665              		.loc 1 531 13 discriminator 1 view .LVU177
 666 0068 A4F87C06 		strh	r0, [r4, #1660]	@ movhi
 532:le_phy.c      **** }
 667              		.loc 1 532 2 is_stmt 1 view .LVU178
 533:le_phy.c      **** 
 668              		.loc 1 533 1 is_stmt 0 view .LVU179
 669 006c BDE87040 		pop	{r4, r5, r6, lr}
 670              		.cfi_remember_state
 671              		.cfi_restore 14
 672              		.cfi_restore 6
 673              		.cfi_restore 5
 674              		.cfi_restore 4
 675              		.cfi_def_cfa_offset 0
 532:le_phy.c      **** }
 676              		.loc 1 532 2 view .LVU180
 677 0070 FFF7FEBF 		b	le_cc2400_init_rf
 678              	.LVL49:
 679              	.L41:
 680              		.cfi_restore_state
 681              	.LBB18:
 511:le_phy.c      **** 	}
 682              		.loc 1 511 3 is_stmt 1 view .LVU181
 511:le_phy.c      **** 	}
 683              		.loc 1 511 26 is_stmt 0 view .LVU182
 684 0074 9A68     		ldr	r2, [r3, #8]
 685 0076 CCE7     		b	.L40
 686              	.L42:
 687              	.LBE18:
 527:le_phy.c      **** 		channel_idx = le_map_channel(conn.channel_idx, &conn.remapping);
 688              		.loc 1 527 3 is_stmt 1 view .LVU183
 527:le_phy.c      **** 		channel_idx = le_map_channel(conn.channel_idx, &conn.remapping);
 689              		.loc 1 527 27 is_stmt 0 view .LVU184
 690 0078 94F83000 		ldrb	r0, [r4, #48]	@ zero_extendqisi2
 527:le_phy.c      **** 		channel_idx = le_map_channel(conn.channel_idx, &conn.remapping);
 691              		.loc 1 527 46 view .LVU185
 692 007c 94F83130 		ldrb	r3, [r4, #49]	@ zero_extendqisi2
 528:le_phy.c      **** 	}
 693              		.loc 1 528 17 view .LVU186
 694 0080 04F14401 		add	r1, r4, #68
 527:le_phy.c      **** 		channel_idx = le_map_channel(conn.channel_idx, &conn.remapping);
 695              		.loc 1 527 40 view .LVU187
ARM GAS  /tmp/cc7dqibQ.s 			page 31


 696 0084 1844     		add	r0, r0, r3
 527:le_phy.c      **** 		channel_idx = le_map_channel(conn.channel_idx, &conn.remapping);
 697              		.loc 1 527 62 view .LVU188
 698 0086 2523     		movs	r3, #37
 699 0088 B0FBF3F2 		udiv	r2, r0, r3
 700 008c 03FB1200 		mls	r0, r3, r2, r0
 527:le_phy.c      **** 		channel_idx = le_map_channel(conn.channel_idx, &conn.remapping);
 701              		.loc 1 527 20 view .LVU189
 702 0090 C0B2     		uxtb	r0, r0
 703 0092 84F83000 		strb	r0, [r4, #48]
 528:le_phy.c      **** 	}
 704              		.loc 1 528 3 is_stmt 1 view .LVU190
 528:le_phy.c      **** 	}
 705              		.loc 1 528 17 is_stmt 0 view .LVU191
 706 0096 FFF7FEFF 		bl	le_map_channel
 707              	.LVL50:
 528:le_phy.c      **** 	}
 708              		.loc 1 528 17 view .LVU192
 709 009a E3E7     		b	.L43
 710              	.LVL51:
 711              	.L44:
 520:le_phy.c      **** 			case 2402: channel_idx = 37; break;
 712              		.loc 1 520 3 view .LVU193
 713 009c 2620     		movs	r0, #38
 714 009e E1E7     		b	.L43
 715              	.L47:
 716              		.align	2
 717              	.L46:
 718 00a0 00000340 		.word	1073938432
 719 00a4 00000000 		.word	.LANCHOR0
 720 00a8 D6BE898E 		.word	-1903575338
 721 00ac 00000000 		.word	le_adv_channel
 722              		.cfi_endproc
 723              	.LFE12:
 725              		.section	.text.finish_conn_event,"ax",%progbits
 726              		.align	1
 727              		.syntax unified
 728              		.thumb
 729              		.thumb_func
 731              	finish_conn_event:
 732              	.LFB6:
 227:le_phy.c      **** 	uint32_t last_anchor = 0;
 733              		.loc 1 227 37 is_stmt 1 view -0
 734              		.cfi_startproc
 735              		@ args = 0, pretend = 0, frame = 0
 736              		@ frame_needed = 0, uses_anonymous_args = 0
 737 0000 10B5     		push	{r4, lr}
 738              		.cfi_def_cfa_offset 8
 739              		.cfi_offset 4, -8
 740              		.cfi_offset 14, -4
 228:le_phy.c      **** 	int last_anchor_set = 0;
 741              		.loc 1 228 2 view .LVU195
 742              	.LVL52:
 229:le_phy.c      **** 
 743              		.loc 1 229 2 view .LVU196
 232:le_phy.c      **** 		last_anchor = conn_event.anchor;
 744              		.loc 1 232 2 view .LVU197
ARM GAS  /tmp/cc7dqibQ.s 			page 32


 232:le_phy.c      **** 		last_anchor = conn_event.anchor;
 745              		.loc 1 232 16 is_stmt 0 view .LVU198
 746 0002 2D4B     		ldr	r3, .L69
 747 0004 D3F88816 		ldr	r1, [r3, #1672]
 232:le_phy.c      **** 		last_anchor = conn_event.anchor;
 748              		.loc 1 232 5 view .LVU199
 749 0008 0229     		cmp	r1, #2
 750 000a 0BD1     		bne	.L49
 233:le_phy.c      **** 		last_anchor_set = 1;
 751              		.loc 1 233 3 is_stmt 1 view .LVU200
 233:le_phy.c      **** 		last_anchor_set = 1;
 752              		.loc 1 233 15 is_stmt 0 view .LVU201
 753 000c D3F88406 		ldr	r0, [r3, #1668]
 234:le_phy.c      **** 	}
 754              		.loc 1 234 3 is_stmt 1 view .LVU202
 755              	.LVL53:
 251:le_phy.c      **** 		conn.last_anchor = last_anchor;
 756              		.loc 1 251 2 view .LVU203
 757              	.L50:
 252:le_phy.c      **** 		conn.anchor_set = 1;
 758              		.loc 1 252 3 view .LVU204
 253:le_phy.c      **** 	}
 759              		.loc 1 253 19 is_stmt 0 view .LVU205
 760 0010 0122     		movs	r2, #1
 252:le_phy.c      **** 		conn.anchor_set = 1;
 761              		.loc 1 252 20 view .LVU206
 762 0012 C3F80401 		str	r0, [r3, #260]
 253:le_phy.c      **** 	}
 763              		.loc 1 253 3 is_stmt 1 view .LVU207
 253:le_phy.c      **** 	}
 764              		.loc 1 253 19 is_stmt 0 view .LVU208
 765 0016 C3F80821 		str	r2, [r3, #264]
 268:le_phy.c      **** 		conn.last_packet_ts = NOW;
 766              		.loc 1 268 2 is_stmt 1 view .LVU209
 767              	.L54:
 269:le_phy.c      **** 	}
 768              		.loc 1 269 3 view .LVU210
 269:le_phy.c      **** 	}
 769              		.loc 1 269 25 is_stmt 0 view .LVU211
 770 001a 284A     		ldr	r2, .L69+4
 771 001c 9268     		ldr	r2, [r2, #8]
 269:le_phy.c      **** 	}
 772              		.loc 1 269 23 view .LVU212
 773 001e C3F80C21 		str	r2, [r3, #268]
 774 0022 16E0     		b	.L56
 775              	.LVL54:
 776              	.L49:
 238:le_phy.c      **** 		// calculate the difference between the estimated and observed anchor
 777              		.loc 1 238 7 is_stmt 1 view .LVU213
 238:le_phy.c      **** 		// calculate the difference between the estimated and observed anchor
 778              		.loc 1 238 10 is_stmt 0 view .LVU214
 779 0024 0129     		cmp	r1, #1
 238:le_phy.c      **** 		// calculate the difference between the estimated and observed anchor
 780              		.loc 1 238 46 discriminator 1 view .LVU215
 781 0026 D3F80821 		ldr	r2, [r3, #264]
 238:le_phy.c      **** 		// calculate the difference between the estimated and observed anchor
 782              		.loc 1 238 10 view .LVU216
ARM GAS  /tmp/cc7dqibQ.s 			page 33


 783 002a 2AD1     		bne	.L51
 238:le_phy.c      **** 		// calculate the difference between the estimated and observed anchor
 784              		.loc 1 238 39 discriminator 1 view .LVU217
 785 002c 5AB3     		cbz	r2, .L52
 786              	.LBB22:
 240:le_phy.c      **** 		uint32_t delta = estimated_anchor - conn_event.anchor;
 787              		.loc 1 240 12 view .LVU218
 788 002e D3F80421 		ldr	r2, [r3, #260]
 789 0032 5C6B     		ldr	r4, [r3, #52]
 790              	.LBE22:
 233:le_phy.c      **** 		last_anchor_set = 1;
 791              		.loc 1 233 15 view .LVU219
 792 0034 D3F88406 		ldr	r0, [r3, #1668]
 793              	.LBB23:
 240:le_phy.c      **** 		uint32_t delta = estimated_anchor - conn_event.anchor;
 794              		.loc 1 240 3 is_stmt 1 view .LVU220
 795              	.LVL55:
 241:le_phy.c      **** 		// see whether the observed anchor is within 3 us of the estimate
 796              		.loc 1 241 3 view .LVU221
 243:le_phy.c      **** 		if (delta < 2 * ANCHOR_EPSILON) {
 797              		.loc 1 243 3 view .LVU222
 244:le_phy.c      **** 			last_anchor = conn_event.anchor;
 798              		.loc 1 244 3 view .LVU223
 240:le_phy.c      **** 		uint32_t delta = estimated_anchor - conn_event.anchor;
 799              		.loc 1 240 12 is_stmt 0 view .LVU224
 800 0038 2244     		add	r2, r2, r4
 801              	.LVL56:
 243:le_phy.c      **** 		if (delta < 2 * ANCHOR_EPSILON) {
 802              		.loc 1 243 9 view .LVU225
 803 003a 1E32     		adds	r2, r2, #30
 804              	.LVL57:
 243:le_phy.c      **** 		if (delta < 2 * ANCHOR_EPSILON) {
 805              		.loc 1 243 9 view .LVU226
 806 003c 121A     		subs	r2, r2, r0
 807              	.LVL58:
 244:le_phy.c      **** 			last_anchor = conn_event.anchor;
 808              		.loc 1 244 6 view .LVU227
 809 003e 3B2A     		cmp	r2, #59
 810 0040 E6D9     		bls	.L50
 811              	.LVL59:
 812              	.L53:
 244:le_phy.c      **** 			last_anchor = conn_event.anchor;
 813              		.loc 1 244 6 view .LVU228
 814              	.LBE23:
 258:le_phy.c      **** 	}
 815              		.loc 1 258 3 is_stmt 1 view .LVU229
 258:le_phy.c      **** 	}
 816              		.loc 1 258 20 is_stmt 0 view .LVU230
 817 0042 D3F80421 		ldr	r2, [r3, #260]
 818 0046 586B     		ldr	r0, [r3, #52]
 819 0048 0244     		add	r2, r2, r0
 820 004a C3F80421 		str	r2, [r3, #260]
 821              	.L55:
 268:le_phy.c      **** 		conn.last_packet_ts = NOW;
 822              		.loc 1 268 2 is_stmt 1 view .LVU231
 268:le_phy.c      **** 		conn.last_packet_ts = NOW;
 823              		.loc 1 268 5 is_stmt 0 view .LVU232
ARM GAS  /tmp/cc7dqibQ.s 			page 34


 824 004e 0029     		cmp	r1, #0
 825 0050 E3D1     		bne	.L54
 826              	.L56:
 272:le_phy.c      **** 
 827              		.loc 1 272 2 is_stmt 1 view .LVU233
 828              	.LBB24:
 829              	.LBI24:
 204:le_phy.c      **** 	conn_event.num_packets = 0;
 830              		.loc 1 204 13 view .LVU234
 831              	.LBB25:
 205:le_phy.c      **** 	conn_event.opened = 0;
 832              		.loc 1 205 2 view .LVU235
 205:le_phy.c      **** 	conn_event.opened = 0;
 833              		.loc 1 205 25 is_stmt 0 view .LVU236
 834 0052 0022     		movs	r2, #0
 835              	.LBE25:
 836              	.LBE24:
 275:le_phy.c      **** 
 837              		.loc 1 275 2 view .LVU237
 838 0054 B3F81011 		ldrh	r1, [r3, #272]
 278:le_phy.c      **** 		reset_conn();
 839              		.loc 1 278 10 view .LVU238
 840 0058 D3F80C01 		ldr	r0, [r3, #268]
 275:le_phy.c      **** 
 841              		.loc 1 275 2 view .LVU239
 842 005c 0131     		adds	r1, r1, #1
 843 005e A3F81011 		strh	r1, [r3, #272]	@ movhi
 278:le_phy.c      **** 		reset_conn();
 844              		.loc 1 278 6 view .LVU240
 845 0062 1649     		ldr	r1, .L69+4
 846              	.LBB28:
 847              	.LBB26:
 205:le_phy.c      **** 	conn_event.opened = 0;
 848              		.loc 1 205 25 view .LVU241
 849 0064 C3F88826 		str	r2, [r3, #1672]
 206:le_phy.c      **** }
 850              		.loc 1 206 2 is_stmt 1 view .LVU242
 851              	.LBE26:
 852              	.LBE28:
 278:le_phy.c      **** 		reset_conn();
 853              		.loc 1 278 6 is_stmt 0 view .LVU243
 854 0068 8968     		ldr	r1, [r1, #8]
 855              	.LBB29:
 856              	.LBB27:
 206:le_phy.c      **** }
 857              		.loc 1 206 20 view .LVU244
 858 006a C3F88C26 		str	r2, [r3, #1676]
 859              	.LBE27:
 860              	.LBE29:
 275:le_phy.c      **** 
 861              		.loc 1 275 2 is_stmt 1 view .LVU245
 278:le_phy.c      **** 		reset_conn();
 862              		.loc 1 278 2 view .LVU246
 278:le_phy.c      **** 		reset_conn();
 863              		.loc 1 278 10 is_stmt 0 view .LVU247
 864 006e 091A     		subs	r1, r1, r0
 278:le_phy.c      **** 		reset_conn();
ARM GAS  /tmp/cc7dqibQ.s 			page 35


 865              		.loc 1 278 5 view .LVU248
 866 0070 986B     		ldr	r0, [r3, #56]
 867 0072 8142     		cmp	r1, r0
 868 0074 10D9     		bls	.L57
 869              	.L68:
 286:le_phy.c      **** 		change_channel();
 870              		.loc 1 286 3 is_stmt 1 view .LVU249
 871 0076 FFF7FEFF 		bl	reset_conn
 872              	.LVL60:
 287:le_phy.c      **** 	}
 873              		.loc 1 287 3 view .LVU250
 294:le_phy.c      **** 
 874              		.loc 1 294 1 is_stmt 0 view .LVU251
 875 007a BDE81040 		pop	{r4, lr}
 876              		.cfi_remember_state
 877              		.cfi_restore 14
 878              		.cfi_restore 4
 879              		.cfi_def_cfa_offset 0
 287:le_phy.c      **** 	}
 880              		.loc 1 287 3 view .LVU252
 881 007e FFF7FEBF 		b	change_channel
 882              	.LVL61:
 883              	.L51:
 884              		.cfi_restore_state
 257:le_phy.c      **** 		conn.last_anchor += conn.conn_interval;
 885              		.loc 1 257 7 is_stmt 1 view .LVU253
 257:le_phy.c      **** 		conn.last_anchor += conn.conn_interval;
 886              		.loc 1 257 10 is_stmt 0 view .LVU254
 887 0082 002A     		cmp	r2, #0
 888 0084 DDD1     		bne	.L53
 889              	.L52:
 263:le_phy.c      **** 		conn.last_packet_ts = NOW; // FIXME gross hack
 890              		.loc 1 263 3 is_stmt 1 view .LVU255
 263:le_phy.c      **** 		conn.last_packet_ts = NOW; // FIXME gross hack
 891              		.loc 1 263 20 is_stmt 0 view .LVU256
 892 0086 D3F88426 		ldr	r2, [r3, #1668]
 893 008a C3F80421 		str	r2, [r3, #260]
 264:le_phy.c      **** 	}
 894              		.loc 1 264 3 is_stmt 1 view .LVU257
 264:le_phy.c      **** 	}
 895              		.loc 1 264 25 is_stmt 0 view .LVU258
 896 008e 0B4A     		ldr	r2, .L69+4
 897 0090 9268     		ldr	r2, [r2, #8]
 264:le_phy.c      **** 	}
 898              		.loc 1 264 23 view .LVU259
 899 0092 C3F80C21 		str	r2, [r3, #268]
 900 0096 DAE7     		b	.L55
 901              	.L57:
 284:le_phy.c      **** 		cancel_follow = 0;
 902              		.loc 1 284 7 is_stmt 1 view .LVU260
 284:le_phy.c      **** 		cancel_follow = 0;
 903              		.loc 1 284 11 is_stmt 0 view .LVU261
 904 0098 0949     		ldr	r1, .L69+8
 905 009a 0868     		ldr	r0, [r1]
 284:le_phy.c      **** 		cancel_follow = 0;
 906              		.loc 1 284 10 view .LVU262
 907 009c 08B1     		cbz	r0, .L58
ARM GAS  /tmp/cc7dqibQ.s 			page 36


 285:le_phy.c      **** 		reset_conn();
 908              		.loc 1 285 3 is_stmt 1 view .LVU263
 285:le_phy.c      **** 		reset_conn();
 909              		.loc 1 285 17 is_stmt 0 view .LVU264
 910 009e 0A60     		str	r2, [r1]
 911 00a0 E9E7     		b	.L68
 912              	.L58:
 292:le_phy.c      **** 	}
 913              		.loc 1 292 3 is_stmt 1 view .LVU265
 292:le_phy.c      **** 	}
 914              		.loc 1 292 37 is_stmt 0 view .LVU266
 915 00a2 D3F80401 		ldr	r0, [r3, #260]
 916 00a6 5B6B     		ldr	r3, [r3, #52]
 294:le_phy.c      **** 
 917              		.loc 1 294 1 view .LVU267
 918 00a8 BDE81040 		pop	{r4, lr}
 919              		.cfi_restore 14
 920              		.cfi_restore 4
 921              		.cfi_def_cfa_offset 0
 292:le_phy.c      **** 	}
 922              		.loc 1 292 37 view .LVU268
 923 00ac 1844     		add	r0, r0, r3
 292:le_phy.c      **** 	}
 924              		.loc 1 292 3 view .LVU269
 925 00ae A0F6B830 		subw	r0, r0, #3000
 926 00b2 FFF7FEBF 		b	timer1_set_match
 927              	.LVL62:
 928              	.L70:
 929 00b6 00BF     		.align	2
 930              	.L69:
 931 00b8 00000000 		.word	.LANCHOR0
 932 00bc 00800040 		.word	1073774592
 933 00c0 00000000 		.word	cancel_follow
 934              		.cfi_endproc
 935              	.LFE6:
 937              		.section	.text.le_DMA_IRQHandler,"ax",%progbits
 938              		.align	1
 939              		.global	le_DMA_IRQHandler
 940              		.syntax unified
 941              		.thumb
 942              		.thumb_func
 944              	le_DMA_IRQHandler:
 945              	.LFB7:
 300:le_phy.c      **** 	unsigned pos;
 946              		.loc 1 300 30 is_stmt 1 view -0
 947              		.cfi_startproc
 948              		@ args = 0, pretend = 0, frame = 0
 949              		@ frame_needed = 0, uses_anonymous_args = 0
 950 0000 F8B5     		push	{r3, r4, r5, r6, r7, lr}
 951              		.cfi_def_cfa_offset 24
 952              		.cfi_offset 3, -24
 953              		.cfi_offset 4, -20
 954              		.cfi_offset 5, -16
 955              		.cfi_offset 6, -12
 956              		.cfi_offset 7, -8
 957              		.cfi_offset 14, -4
 301:le_phy.c      **** 	int8_t rssi;
ARM GAS  /tmp/cc7dqibQ.s 			page 37


 958              		.loc 1 301 2 view .LVU271
 302:le_phy.c      **** 	uint32_t timestamp = NOW; // sampled early for most accurate measurement
 959              		.loc 1 302 2 view .LVU272
 303:le_phy.c      **** 
 960              		.loc 1 303 2 view .LVU273
 303:le_phy.c      **** 
 961              		.loc 1 303 11 is_stmt 0 view .LVU274
 962 0002 6B4B     		ldr	r3, .L95
 963 0004 9D68     		ldr	r5, [r3, #8]
 964              	.LVL63:
 306:le_phy.c      **** 		// terminal count - byte received
 965              		.loc 1 306 2 is_stmt 1 view .LVU275
 306:le_phy.c      **** 		// terminal count - byte received
 966              		.loc 1 306 6 is_stmt 0 view .LVU276
 967 0006 6B4B     		ldr	r3, .L95+4
 968 0008 1A68     		ldr	r2, [r3]
 306:le_phy.c      **** 		// terminal count - byte received
 969              		.loc 1 306 5 view .LVU277
 970 000a D407     		lsls	r4, r2, #31
 971 000c 48D5     		bpl	.L71
 308:le_phy.c      **** 			DMACIntTCClear = (1 << 0);
 972              		.loc 1 308 3 is_stmt 1 view .LVU278
 308:le_phy.c      **** 			DMACIntTCClear = (1 << 0);
 973              		.loc 1 308 7 is_stmt 0 view .LVU279
 974 000e 5A68     		ldr	r2, [r3, #4]
 308:le_phy.c      **** 			DMACIntTCClear = (1 << 0);
 975              		.loc 1 308 6 view .LVU280
 976 0010 D007     		lsls	r0, r2, #31
 977 0012 3FD5     		bpl	.L80
 309:le_phy.c      **** 
 978              		.loc 1 309 4 is_stmt 1 view .LVU281
 309:le_phy.c      **** 
 979              		.loc 1 309 19 is_stmt 0 view .LVU282
 980 0014 0122     		movs	r2, #1
 312:le_phy.c      **** 			current_rxbuf->rssi_sum += rssi;
 981              		.loc 1 312 20 view .LVU283
 982 0016 0620     		movs	r0, #6
 309:le_phy.c      **** 
 983              		.loc 1 309 19 view .LVU284
 984 0018 9A60     		str	r2, [r3, #8]
 312:le_phy.c      **** 			current_rxbuf->rssi_sum += rssi;
 985              		.loc 1 312 4 is_stmt 1 view .LVU285
 312:le_phy.c      **** 			current_rxbuf->rssi_sum += rssi;
 986              		.loc 1 312 20 is_stmt 0 view .LVU286
 987 001a FFF7FEFF 		bl	cc2400_get
 988              	.LVL64:
 313:le_phy.c      **** 			if (rssi < current_rxbuf->rssi_min) current_rxbuf->rssi_min = rssi;
 989              		.loc 1 313 17 view .LVU287
 990 001e 664C     		ldr	r4, .L95+8
 312:le_phy.c      **** 			current_rxbuf->rssi_sum += rssi;
 991              		.loc 1 312 9 discriminator 1 view .LVU288
 992 0020 40F30720 		sbfx	r0, r0, #8, #8
 993              	.LVL65:
 313:le_phy.c      **** 			if (rssi < current_rxbuf->rssi_min) current_rxbuf->rssi_min = rssi;
 994              		.loc 1 313 4 is_stmt 1 view .LVU289
 313:le_phy.c      **** 			if (rssi < current_rxbuf->rssi_min) current_rxbuf->rssi_min = rssi;
 995              		.loc 1 313 17 is_stmt 0 view .LVU290
ARM GAS  /tmp/cc7dqibQ.s 			page 38


 996 0024 D4F88036 		ldr	r3, [r4, #1664]
 313:le_phy.c      **** 			if (rssi < current_rxbuf->rssi_min) current_rxbuf->rssi_min = rssi;
 997              		.loc 1 313 28 view .LVU291
 998 0028 D3F82021 		ldr	r2, [r3, #288]
 999 002c 0244     		add	r2, r2, r0
 1000 002e C3F82021 		str	r2, [r3, #288]
 314:le_phy.c      **** 			if (rssi > current_rxbuf->rssi_max) current_rxbuf->rssi_max = rssi;
 1001              		.loc 1 314 4 is_stmt 1 view .LVU292
 314:le_phy.c      **** 			if (rssi > current_rxbuf->rssi_max) current_rxbuf->rssi_max = rssi;
 1002              		.loc 1 314 7 is_stmt 0 view .LVU293
 1003 0032 93F91C21 		ldrsb	r2, [r3, #284]
 1004 0036 8242     		cmp	r2, r0
 314:le_phy.c      **** 			if (rssi > current_rxbuf->rssi_max) current_rxbuf->rssi_max = rssi;
 1005              		.loc 1 314 40 is_stmt 1 discriminator 1 view .LVU294
 315:le_phy.c      **** 
 1006              		.loc 1 315 7 is_stmt 0 view .LVU295
 1007 0038 93F91D21 		ldrsb	r2, [r3, #285]
 314:le_phy.c      **** 			if (rssi > current_rxbuf->rssi_max) current_rxbuf->rssi_max = rssi;
 1008              		.loc 1 314 64 discriminator 1 view .LVU296
 1009 003c C8BF     		it	gt
 1010 003e 83F81C01 		strbgt	r0, [r3, #284]
 315:le_phy.c      **** 
 1011              		.loc 1 315 4 is_stmt 1 view .LVU297
 315:le_phy.c      **** 
 1012              		.loc 1 315 7 is_stmt 0 view .LVU298
 1013 0042 8242     		cmp	r2, r0
 315:le_phy.c      **** 
 1014              		.loc 1 315 40 is_stmt 1 discriminator 1 view .LVU299
 318:le_phy.c      **** 			current_rxbuf->data[pos] = le_dma_dest[pos & 1]; // dirty hack
 1015              		.loc 1 318 8 is_stmt 0 view .LVU300
 1016 0044 D3F80821 		ldr	r2, [r3, #264]
 315:le_phy.c      **** 
 1017              		.loc 1 315 64 discriminator 1 view .LVU301
 1018 0048 B8BF     		it	lt
 1019 004a 83F81D01 		strblt	r0, [r3, #285]
 318:le_phy.c      **** 			current_rxbuf->data[pos] = le_dma_dest[pos & 1]; // dirty hack
 1020              		.loc 1 318 4 is_stmt 1 view .LVU302
 1021              	.LVL66:
 319:le_phy.c      **** 			pos += 1;
 1022              		.loc 1 319 4 view .LVU303
 319:le_phy.c      **** 			pos += 1;
 1023              		.loc 1 319 47 is_stmt 0 view .LVU304
 1024 004e 02F00101 		and	r1, r2, #1
 319:le_phy.c      **** 			pos += 1;
 1025              		.loc 1 319 42 view .LVU305
 1026 0052 2144     		add	r1, r1, r4
 1027 0054 91F82010 		ldrb	r1, [r1, #32]	@ zero_extendqisi2
 319:le_phy.c      **** 			pos += 1;
 1028              		.loc 1 319 29 view .LVU306
 1029 0058 9954     		strb	r1, [r3, r2]
 320:le_phy.c      **** 			current_rxbuf->pos = pos;
 1030              		.loc 1 320 4 is_stmt 1 view .LVU307
 320:le_phy.c      **** 			current_rxbuf->pos = pos;
 1031              		.loc 1 320 8 is_stmt 0 view .LVU308
 1032 005a 0132     		adds	r2, r2, #1
 1033              	.LVL67:
 321:le_phy.c      **** 
ARM GAS  /tmp/cc7dqibQ.s 			page 39


 1034              		.loc 1 321 4 is_stmt 1 view .LVU309
 323:le_phy.c      **** 				current_rxbuf->timestamp = timestamp - USEC(8 + 32); // packet starts at preamble
 1035              		.loc 1 323 7 is_stmt 0 view .LVU310
 1036 005c 012A     		cmp	r2, #1
 321:le_phy.c      **** 
 1037              		.loc 1 321 23 view .LVU311
 1038 005e C3F80821 		str	r2, [r3, #264]
 323:le_phy.c      **** 				current_rxbuf->timestamp = timestamp - USEC(8 + 32); // packet starts at preamble
 1039              		.loc 1 323 4 is_stmt 1 view .LVU312
 323:le_phy.c      **** 				current_rxbuf->timestamp = timestamp - USEC(8 + 32); // packet starts at preamble
 1040              		.loc 1 323 7 is_stmt 0 view .LVU313
 1041 0062 1ED1     		bne	.L77
 324:le_phy.c      **** 				current_rxbuf->channel = rf_channel;
 1042              		.loc 1 324 5 is_stmt 1 view .LVU314
 325:le_phy.c      **** 				current_rxbuf->access_address = conn.access_address;
 1043              		.loc 1 325 28 is_stmt 0 view .LVU315
 1044 0064 B4F87C26 		ldrh	r2, [r4, #1660]
 1045              	.LVL68:
 330:le_phy.c      **** 					timer1_clear_match();
 1046              		.loc 1 330 9 view .LVU316
 1047 0068 B4F87C06 		ldrh	r0, [r4, #1660]
 1048              	.LVL69:
 325:le_phy.c      **** 				current_rxbuf->access_address = conn.access_address;
 1049              		.loc 1 325 28 view .LVU317
 1050 006c 92B2     		uxth	r2, r2
 1051 006e C3F81021 		str	r2, [r3, #272]
 326:le_phy.c      **** 
 1052              		.loc 1 326 35 view .LVU318
 1053 0072 626A     		ldr	r2, [r4, #36]
 324:le_phy.c      **** 				current_rxbuf->channel = rf_channel;
 1054              		.loc 1 324 42 view .LVU319
 1055 0074 A5F5C875 		sub	r5, r5, #400
 1056              	.LVL70:
 324:le_phy.c      **** 				current_rxbuf->channel = rf_channel;
 1057              		.loc 1 324 30 view .LVU320
 1058 0078 C3F80C51 		str	r5, [r3, #268]
 325:le_phy.c      **** 				current_rxbuf->access_address = conn.access_address;
 1059              		.loc 1 325 5 is_stmt 1 view .LVU321
 326:le_phy.c      **** 
 1060              		.loc 1 326 5 view .LVU322
 326:le_phy.c      **** 
 1061              		.loc 1 326 35 is_stmt 0 view .LVU323
 1062 007c C3F81421 		str	r2, [r3, #276]
 330:le_phy.c      **** 					timer1_clear_match();
 1063              		.loc 1 330 5 is_stmt 1 view .LVU324
 330:le_phy.c      **** 					timer1_clear_match();
 1064              		.loc 1 330 9 is_stmt 0 view .LVU325
 1065 0080 80B2     		uxth	r0, r0
 1066 0082 FFF7FEFF 		bl	btle_channel_index
 1067              	.LVL71:
 330:le_phy.c      **** 					timer1_clear_match();
 1068              		.loc 1 330 8 discriminator 1 view .LVU326
 1069 0086 2428     		cmp	r0, #36
 1070 0088 04D8     		bhi	.L80
 331:le_phy.c      **** 				}
 1071              		.loc 1 331 6 is_stmt 1 view .LVU327
 1072              	.LBB36:
ARM GAS  /tmp/cc7dqibQ.s 			page 40


 1073              	.LBI36:
 559:le_phy.c      **** 	T1MCR &= ~TMCR_MR0I;
 1074              		.loc 1 559 13 view .LVU328
 1075              	.LBB37:
 560:le_phy.c      **** }
 1076              		.loc 1 560 2 view .LVU329
 560:le_phy.c      **** }
 1077              		.loc 1 560 8 is_stmt 0 view .LVU330
 1078 008a 494A     		ldr	r2, .L95
 1079 008c 5369     		ldr	r3, [r2, #20]
 1080 008e 23F00103 		bic	r3, r3, #1
 1081 0092 5361     		str	r3, [r2, #20]
 1082              	.LBE37:
 1083              	.LBE36:
 336:le_phy.c      **** 				uint8_t length = dewhiten_length(current_rxbuf->channel, current_rxbuf->data[1]);
 1084              		.loc 1 336 4 is_stmt 1 view .LVU331
 1085              	.LVL72:
 1086              	.L80:
 395:le_phy.c      **** 			// TODO error state transition
 1087              		.loc 1 395 3 view .LVU332
 395:le_phy.c      **** 			// TODO error state transition
 1088              		.loc 1 395 7 is_stmt 0 view .LVU333
 1089 0094 474B     		ldr	r3, .L95+4
 1090 0096 DA68     		ldr	r2, [r3, #12]
 395:le_phy.c      **** 			// TODO error state transition
 1091              		.loc 1 395 6 view .LVU334
 1092 0098 D207     		lsls	r2, r2, #31
 397:le_phy.c      **** 		}
 1093              		.loc 1 397 4 is_stmt 1 view .LVU335
 397:le_phy.c      **** 		}
 1094              		.loc 1 397 18 is_stmt 0 view .LVU336
 1095 009a 44BF     		itt	mi
 1096 009c 0122     		movmi	r2, #1
 1097 009e 1A61     		strmi	r2, [r3, #16]
 1098              	.L71:
 400:le_phy.c      **** 
 1099              		.loc 1 400 1 view .LVU337
 1100 00a0 F8BD     		pop	{r3, r4, r5, r6, r7, pc}
 1101              	.LVL73:
 1102              	.L77:
 336:le_phy.c      **** 				uint8_t length = dewhiten_length(current_rxbuf->channel, current_rxbuf->data[1]);
 1103              		.loc 1 336 4 is_stmt 1 view .LVU338
 336:le_phy.c      **** 				uint8_t length = dewhiten_length(current_rxbuf->channel, current_rxbuf->data[1]);
 1104              		.loc 1 336 7 is_stmt 0 view .LVU339
 1105 00a2 022A     		cmp	r2, #2
 1106 00a4 2FD1     		bne	.L78
 1107              	.LBB38:
 337:le_phy.c      **** 				current_rxbuf->size = length + 2 + 3; // two bytes for header and three for CRC
 1108              		.loc 1 337 5 is_stmt 1 view .LVU340
 1109              	.LBB39:
 1110              	.LBB40:
 727:le_phy.c      **** 	uint8_t out = 0;
 1111              		.loc 1 727 28 is_stmt 0 view .LVU341
 1112 00a6 B3F81001 		ldrh	r0, [r3, #272]
 1113              	.LVL74:
 727:le_phy.c      **** 	uint8_t out = 0;
 1114              		.loc 1 727 28 view .LVU342
ARM GAS  /tmp/cc7dqibQ.s 			page 41


 1115              	.LBE40:
 1116              	.LBE39:
 337:le_phy.c      **** 				current_rxbuf->size = length + 2 + 3; // two bytes for header and three for CRC
 1117              		.loc 1 337 22 view .LVU343
 1118 00aa 5E78     		ldrb	r6, [r3, #1]	@ zero_extendqisi2
 1119              	.LVL75:
 1120              	.LBB42:
 1121              	.LBI39:
 725:le_phy.c      **** 	unsigned int i, bit;
 1122              		.loc 1 725 16 is_stmt 1 view .LVU344
 1123              	.LBB41:
 726:le_phy.c      **** 	int idx = whitening_index[btle_channel_index(channel)];
 1124              		.loc 1 726 2 view .LVU345
 727:le_phy.c      **** 	uint8_t out = 0;
 1125              		.loc 1 727 2 view .LVU346
 727:le_phy.c      **** 	uint8_t out = 0;
 1126              		.loc 1 727 28 is_stmt 0 view .LVU347
 1127 00ac FFF7FEFF 		bl	btle_channel_index
 1128              	.LVL76:
 728:le_phy.c      **** 
 1129              		.loc 1 728 2 is_stmt 1 view .LVU348
 731:le_phy.c      **** 
 1130              		.loc 1 731 2 view .LVU349
 731:le_phy.c      **** 
 1131              		.loc 1 731 18 is_stmt 0 view .LVU350
 1132 00b0 7F27     		movs	r7, #127
 728:le_phy.c      **** 
 1133              		.loc 1 728 10 view .LVU351
 1134 00b2 0021     		movs	r1, #0
 727:le_phy.c      **** 	uint8_t out = 0;
 1135              		.loc 1 727 27 discriminator 1 view .LVU352
 1136 00b4 DFF804C1 		ldr	ip, .L95+12
 727:le_phy.c      **** 	uint8_t out = 0;
 1137              		.loc 1 727 6 discriminator 1 view .LVU353
 1138 00b8 1CF80030 		ldrb	r3, [ip, r0]	@ zero_extendqisi2
 733:le_phy.c      **** 		bit = (data >> (7-i)) & 1;
 1139              		.loc 1 733 9 view .LVU354
 1140 00bc 0846     		mov	r0, r1
 1141              	.LVL77:
 731:le_phy.c      **** 
 1142              		.loc 1 731 13 view .LVU355
 1143 00be 0833     		adds	r3, r3, #8
 731:le_phy.c      **** 
 1144              		.loc 1 731 18 view .LVU356
 1145 00c0 B3FBF7F2 		udiv	r2, r3, r7
 1146 00c4 C2EBC212 		rsb	r2, r2, r2, lsl #7
 1147 00c8 9B1A     		subs	r3, r3, r2
 733:le_phy.c      **** 		bit = (data >> (7-i)) & 1;
 1148              		.loc 1 733 2 is_stmt 1 view .LVU357
 1149              	.LVL78:
 733:le_phy.c      **** 		bit = (data >> (7-i)) & 1;
 1150              		.loc 1 733 16 discriminator 1 view .LVU358
 1151              	.L79:
 734:le_phy.c      **** 		bit ^= whitening[idx];
 1152              		.loc 1 734 3 view .LVU359
 734:le_phy.c      **** 		bit ^= whitening[idx];
 1153              		.loc 1 734 20 is_stmt 0 view .LVU360
ARM GAS  /tmp/cc7dqibQ.s 			page 42


 1154 00ca C0F10705 		rsb	r5, r0, #7
 735:le_phy.c      **** 		idx = (idx + 1) % sizeof(whitening);
 1155              		.loc 1 735 19 view .LVU361
 1156 00ce 0CEB0302 		add	r2, ip, r3
 1157 00d2 92F82820 		ldrb	r2, [r2, #40]	@ zero_extendqisi2
 734:le_phy.c      **** 		bit ^= whitening[idx];
 1158              		.loc 1 734 15 view .LVU362
 1159 00d6 46FA05F5 		asr	r5, r6, r5
 734:le_phy.c      **** 		bit ^= whitening[idx];
 1160              		.loc 1 734 7 view .LVU363
 1161 00da 05F00105 		and	r5, r5, #1
 1162              	.LVL79:
 735:le_phy.c      **** 		idx = (idx + 1) % sizeof(whitening);
 1163              		.loc 1 735 3 is_stmt 1 view .LVU364
 736:le_phy.c      **** 		out |= bit << i;
 1164              		.loc 1 736 14 is_stmt 0 view .LVU365
 1165 00de 0133     		adds	r3, r3, #1
 1166              	.LVL80:
 735:le_phy.c      **** 		idx = (idx + 1) % sizeof(whitening);
 1167              		.loc 1 735 7 view .LVU366
 1168 00e0 6A40     		eors	r2, r2, r5
 1169              	.LVL81:
 736:le_phy.c      **** 		out |= bit << i;
 1170              		.loc 1 736 3 is_stmt 1 view .LVU367
 736:le_phy.c      **** 		out |= bit << i;
 1171              		.loc 1 736 19 is_stmt 0 view .LVU368
 1172 00e2 B3FBF7F5 		udiv	r5, r3, r7
 737:le_phy.c      **** 	}
 1173              		.loc 1 737 14 view .LVU369
 1174 00e6 8240     		lsls	r2, r2, r0
 1175              	.LVL82:
 733:le_phy.c      **** 		bit = (data >> (7-i)) & 1;
 1176              		.loc 1 733 21 discriminator 3 view .LVU370
 1177 00e8 0130     		adds	r0, r0, #1
 1178              	.LVL83:
 736:le_phy.c      **** 		out |= bit << i;
 1179              		.loc 1 736 19 view .LVU371
 1180 00ea C5EBC515 		rsb	r5, r5, r5, lsl #7
 737:le_phy.c      **** 	}
 1181              		.loc 1 737 7 view .LVU372
 1182 00ee 0A43     		orrs	r2, r2, r1
 733:le_phy.c      **** 		bit = (data >> (7-i)) & 1;
 1183              		.loc 1 733 16 discriminator 1 view .LVU373
 1184 00f0 0828     		cmp	r0, #8
 736:le_phy.c      **** 		out |= bit << i;
 1185              		.loc 1 736 19 view .LVU374
 1186 00f2 A3EB0503 		sub	r3, r3, r5
 1187              	.LVL84:
 737:le_phy.c      **** 	}
 1188              		.loc 1 737 3 is_stmt 1 view .LVU375
 737:le_phy.c      **** 	}
 1189              		.loc 1 737 7 is_stmt 0 view .LVU376
 1190 00f6 D1B2     		uxtb	r1, r2
 1191              	.LVL85:
 733:le_phy.c      **** 		bit = (data >> (7-i)) & 1;
 1192              		.loc 1 733 21 is_stmt 1 discriminator 3 view .LVU377
 733:le_phy.c      **** 		bit = (data >> (7-i)) & 1;
ARM GAS  /tmp/cc7dqibQ.s 			page 43


 1193              		.loc 1 733 16 discriminator 1 view .LVU378
 1194 00f8 E7D1     		bne	.L79
 740:le_phy.c      **** }
 1195              		.loc 1 740 2 view .LVU379
 1196              	.LVL86:
 740:le_phy.c      **** }
 1197              		.loc 1 740 2 is_stmt 0 view .LVU380
 1198              	.LBE41:
 1199              	.LBE42:
 338:le_phy.c      **** 			}
 1200              		.loc 1 338 5 is_stmt 1 view .LVU381
 338:le_phy.c      **** 			}
 1201              		.loc 1 338 25 is_stmt 0 view .LVU382
 1202 00fa D4F88036 		ldr	r3, [r4, #1664]
 338:le_phy.c      **** 			}
 1203              		.loc 1 338 38 view .LVU383
 1204 00fe 0531     		adds	r1, r1, #5
 1205              	.LVL87:
 338:le_phy.c      **** 			}
 1206              		.loc 1 338 25 view .LVU384
 1207 0100 C3F80411 		str	r1, [r3, #260]
 1208              	.LBE38:
 342:le_phy.c      **** 				// stop the CC2400 before flushing SSP
 1209              		.loc 1 342 4 is_stmt 1 view .LVU385
 1210 0104 C6E7     		b	.L80
 1211              	.LVL88:
 1212              	.L78:
 342:le_phy.c      **** 				// stop the CC2400 before flushing SSP
 1213              		.loc 1 342 4 view .LVU386
 342:le_phy.c      **** 				// stop the CC2400 before flushing SSP
 1214              		.loc 1 342 7 is_stmt 0 view .LVU387
 1215 0106 C5D9     		bls	.L80
 342:le_phy.c      **** 				// stop the CC2400 before flushing SSP
 1216              		.loc 1 342 16 discriminator 1 view .LVU388
 1217 0108 D3F80431 		ldr	r3, [r3, #260]
 1218 010c 9342     		cmp	r3, r2
 1219 010e C1D8     		bhi	.L80
 344:le_phy.c      **** 
 1220              		.loc 1 344 5 is_stmt 1 view .LVU389
 1221 0110 6120     		movs	r0, #97
 1222              	.LVL89:
 344:le_phy.c      **** 
 1223              		.loc 1 344 5 is_stmt 0 view .LVU390
 1224 0112 FFF7FEFF 		bl	cc2400_strobe
 1225              	.LVL90:
 347:le_phy.c      **** 				DMACIntTCClear = (1 << 0); // if we don't clear a second time, data is corrupt
 1226              		.loc 1 347 5 is_stmt 1 view .LVU391
 347:le_phy.c      **** 				DMACIntTCClear = (1 << 0); // if we don't clear a second time, data is corrupt
 1227              		.loc 1 347 18 is_stmt 0 view .LVU392
 1228 0116 0022     		movs	r2, #0
 1229 0118 264B     		ldr	r3, .L95+4
 1230 011a C3F81021 		str	r2, [r3, #272]
 348:le_phy.c      **** 
 1231              		.loc 1 348 5 is_stmt 1 view .LVU393
 348:le_phy.c      **** 
 1232              		.loc 1 348 20 is_stmt 0 view .LVU394
 1233 011e 0122     		movs	r2, #1
ARM GAS  /tmp/cc7dqibQ.s 			page 44


 1234 0120 9A60     		str	r2, [r3, #8]
 350:le_phy.c      **** 				while (SSP1SR & SSPSR_RNE) {
 1235              		.loc 1 350 5 is_stmt 1 view .LVU395
 350:le_phy.c      **** 				while (SSP1SR & SSPSR_RNE) {
 1236              		.loc 1 350 19 is_stmt 0 view .LVU396
 1237 0122 274B     		ldr	r3, .L95+16
 1238 0124 5A6A     		ldr	r2, [r3, #36]
 1239 0126 22F00102 		bic	r2, r2, #1
 1240 012a 5A62     		str	r2, [r3, #36]
 351:le_phy.c      **** 					uint8_t tmp = (uint8_t)DIO_SSP_DR;
 1241              		.loc 1 351 5 is_stmt 1 view .LVU397
 1242              	.L81:
 351:le_phy.c      **** 					uint8_t tmp = (uint8_t)DIO_SSP_DR;
 1243              		.loc 1 351 12 view .LVU398
 1244 012c DA68     		ldr	r2, [r3, #12]
 1245 012e 5107     		lsls	r1, r2, #29
 1246 0130 2CD4     		bmi	.L82
 356:le_phy.c      **** 
 1247              		.loc 1 356 5 view .LVU399
 356:le_phy.c      **** 
 1248              		.loc 1 356 11 is_stmt 0 view .LVU400
 1249 0132 4FF0E023 		mov	r3, #-536813568
 1250 0136 4FF08062 		mov	r2, #67108864
 359:le_phy.c      **** 
 1251              		.loc 1 359 5 view .LVU401
 1252 013a D4F88016 		ldr	r1, [r4, #1664]
 356:le_phy.c      **** 
 1253              		.loc 1 356 11 view .LVU402
 1254 013e C3F88021 		str	r2, [r3, #384]
 359:le_phy.c      **** 
 1255              		.loc 1 359 5 is_stmt 1 view .LVU403
 1256 0142 2048     		ldr	r0, .L95+20
 1257 0144 FFF7FEFF 		bl	queue_insert
 1258              	.LVL91:
 362:le_phy.c      **** 					++conn_event.num_packets;
 1259              		.loc 1 362 5 view .LVU404
 362:le_phy.c      **** 					++conn_event.num_packets;
 1260              		.loc 1 362 9 is_stmt 0 view .LVU405
 1261 0148 B4F87C06 		ldrh	r0, [r4, #1660]
 1262 014c 80B2     		uxth	r0, r0
 1263 014e FFF7FEFF 		bl	btle_channel_index
 1264              	.LVL92:
 362:le_phy.c      **** 					++conn_event.num_packets;
 1265              		.loc 1 362 8 discriminator 1 view .LVU406
 1266 0152 2428     		cmp	r0, #36
 1267 0154 12D8     		bhi	.L85
 363:le_phy.c      **** 
 1268              		.loc 1 363 6 is_stmt 1 view .LVU407
 1269 0156 D4F88836 		ldr	r3, [r4, #1672]
 1270 015a 0133     		adds	r3, r3, #1
 366:le_phy.c      **** 						conn_event.anchor = current_rxbuf->timestamp;
 1271              		.loc 1 366 9 is_stmt 0 view .LVU408
 1272 015c 012B     		cmp	r3, #1
 363:le_phy.c      **** 
 1273              		.loc 1 363 6 view .LVU409
 1274 015e C4F88836 		str	r3, [r4, #1672]
 366:le_phy.c      **** 						conn_event.anchor = current_rxbuf->timestamp;
ARM GAS  /tmp/cc7dqibQ.s 			page 45


 1275              		.loc 1 366 6 is_stmt 1 view .LVU410
 366:le_phy.c      **** 						conn_event.anchor = current_rxbuf->timestamp;
 1276              		.loc 1 366 9 is_stmt 0 view .LVU411
 1277 0162 15D1     		bne	.L84
 367:le_phy.c      **** 						timer1_set_match(NOW + IFS_TIMEOUT); // set a timeout for next packet
 1278              		.loc 1 367 7 is_stmt 1 view .LVU412
 367:le_phy.c      **** 						timer1_set_match(NOW + IFS_TIMEOUT); // set a timeout for next packet
 1279              		.loc 1 367 40 is_stmt 0 view .LVU413
 1280 0164 D4F88036 		ldr	r3, [r4, #1664]
 367:le_phy.c      **** 						timer1_set_match(NOW + IFS_TIMEOUT); // set a timeout for next packet
 1281              		.loc 1 367 25 view .LVU414
 1282 0168 D3F80C31 		ldr	r3, [r3, #268]
 1283 016c C4F88436 		str	r3, [r4, #1668]
 368:le_phy.c      **** 					}
 1284              		.loc 1 368 7 is_stmt 1 view .LVU415
 368:le_phy.c      **** 					}
 1285              		.loc 1 368 24 is_stmt 0 view .LVU416
 1286 0170 0F4B     		ldr	r3, .L95
 1287 0172 9868     		ldr	r0, [r3, #8]
 368:le_phy.c      **** 					}
 1288              		.loc 1 368 7 view .LVU417
 1289 0174 00F6B830 		addw	r0, r0, #3000
 1290 0178 FFF7FEFF 		bl	timer1_set_match
 1291              	.LVL93:
 1292              	.L85:
 383:le_phy.c      **** 				if (current_rxbuf == NULL) {
 1293              		.loc 1 383 5 is_stmt 1 view .LVU418
 383:le_phy.c      **** 				if (current_rxbuf == NULL) {
 1294              		.loc 1 383 21 is_stmt 0 view .LVU419
 1295 017c FFF7FEFF 		bl	buffer_get
 1296              	.LVL94:
 383:le_phy.c      **** 				if (current_rxbuf == NULL) {
 1297              		.loc 1 383 19 discriminator 1 view .LVU420
 1298 0180 C4F88006 		str	r0, [r4, #1664]
 384:le_phy.c      **** 					// if all buffers are in use, wait for one to free up in background
 1299              		.loc 1 384 5 is_stmt 1 view .LVU421
 384:le_phy.c      **** 					// if all buffers are in use, wait for one to free up in background
 1300              		.loc 1 384 8 is_stmt 0 view .LVU422
 1301 0184 88B9     		cbnz	r0, .L86
 386:le_phy.c      **** 				} else {
 1302              		.loc 1 386 6 is_stmt 1 view .LVU423
 1303 0186 FFF7FEFF 		bl	timer1_wait_buffer
 1304              	.LVL95:
 1305 018a 83E7     		b	.L80
 1306              	.L82:
 1307              	.LBB43:
 352:le_phy.c      **** 				}
 1308              		.loc 1 352 6 view .LVU424
 352:le_phy.c      **** 				}
 1309              		.loc 1 352 29 is_stmt 0 view .LVU425
 1310 018c 9A68     		ldr	r2, [r3, #8]
 1311 018e CDE7     		b	.L81
 1312              	.L84:
 1313              	.LBE43:
 372:le_phy.c      **** 						cc2400_strobe(SRFOFF);
 1314              		.loc 1 372 11 is_stmt 1 view .LVU426
 372:le_phy.c      **** 						cc2400_strobe(SRFOFF);
ARM GAS  /tmp/cc7dqibQ.s 			page 46


 1315              		.loc 1 372 14 is_stmt 0 view .LVU427
 1316 0190 022B     		cmp	r3, #2
 1317 0192 F3D1     		bne	.L85
 373:le_phy.c      **** 						current_rxbuf = buffer_get();
 1318              		.loc 1 373 7 is_stmt 1 view .LVU428
 1319 0194 6420     		movs	r0, #100
 1320 0196 FFF7FEFF 		bl	cc2400_strobe
 1321              	.LVL96:
 374:le_phy.c      **** 						// TODO handle NULL
 1322              		.loc 1 374 7 view .LVU429
 374:le_phy.c      **** 						// TODO handle NULL
 1323              		.loc 1 374 23 is_stmt 0 view .LVU430
 1324 019a FFF7FEFF 		bl	buffer_get
 1325              	.LVL97:
 374:le_phy.c      **** 						// TODO handle NULL
 1326              		.loc 1 374 21 discriminator 1 view .LVU431
 1327 019e C4F88006 		str	r0, [r4, #1664]
 376:le_phy.c      **** 						return;
 1328              		.loc 1 376 7 is_stmt 1 view .LVU432
 400:le_phy.c      **** 
 1329              		.loc 1 400 1 is_stmt 0 view .LVU433
 1330 01a2 BDE8F840 		pop	{r3, r4, r5, r6, r7, lr}
 1331              		.cfi_remember_state
 1332              		.cfi_restore 14
 1333              		.cfi_restore 7
 1334              		.cfi_restore 6
 1335              		.cfi_restore 5
 1336              		.cfi_restore 4
 1337              		.cfi_restore 3
 1338              		.cfi_def_cfa_offset 0
 1339              	.LVL98:
 376:le_phy.c      **** 						return;
 1340              		.loc 1 376 7 view .LVU434
 1341 01a6 FFF7FEBF 		b	finish_conn_event
 1342              	.LVL99:
 1343              	.L86:
 1344              		.cfi_restore_state
 389:le_phy.c      **** 				}
 1345              		.loc 1 389 6 is_stmt 1 view .LVU435
 1346 01aa FFF7FEFF 		bl	timer1_wait_fs_lock
 1347              	.LVL100:
 1348 01ae 71E7     		b	.L80
 1349              	.L96:
 1350              		.align	2
 1351              	.L95:
 1352 01b0 00800040 		.word	1073774592
 1353 01b4 00400050 		.word	1342193664
 1354 01b8 00000000 		.word	.LANCHOR0
 1355 01bc 00000000 		.word	.LANCHOR1
 1356 01c0 00000340 		.word	1073938432
 1357 01c4 90060000 		.word	.LANCHOR0+1680
 1358              		.cfi_endproc
 1359              	.LFE7:
 1361              		.section	.text.TIMER1_IRQHandler,"ax",%progbits
 1362              		.align	1
 1363              		.global	TIMER1_IRQHandler
 1364              		.syntax unified
ARM GAS  /tmp/cc7dqibQ.s 			page 47


 1365              		.thumb
 1366              		.thumb_func
 1368              	TIMER1_IRQHandler:
 1369              	.LFB21:
 581:le_phy.c      **** 	// MR0: connection events
 1370              		.loc 1 581 30 view -0
 1371              		.cfi_startproc
 1372              		@ args = 0, pretend = 0, frame = 0
 1373              		@ frame_needed = 0, uses_anonymous_args = 0
 1374 0000 38B5     		push	{r3, r4, r5, lr}
 1375              		.cfi_def_cfa_offset 16
 1376              		.cfi_offset 3, -16
 1377              		.cfi_offset 4, -12
 1378              		.cfi_offset 5, -8
 1379              		.cfi_offset 14, -4
 583:le_phy.c      **** 		// ack the interrupt
 1380              		.loc 1 583 2 view .LVU437
 583:le_phy.c      **** 		// ack the interrupt
 1381              		.loc 1 583 6 is_stmt 0 view .LVU438
 1382 0002 604B     		ldr	r3, .L130
 1383 0004 1A68     		ldr	r2, [r3]
 583:le_phy.c      **** 		// ack the interrupt
 1384              		.loc 1 583 5 view .LVU439
 1385 0006 D507     		lsls	r5, r2, #31
 1386 0008 57D5     		bpl	.L98
 585:le_phy.c      **** 
 1387              		.loc 1 585 3 is_stmt 1 view .LVU440
 585:le_phy.c      **** 
 1388              		.loc 1 585 8 is_stmt 0 view .LVU441
 1389 000a 0121     		movs	r1, #1
 593:le_phy.c      **** 				timer1_set_match(conn.last_anchor + conn.conn_interval +
 1390              		.loc 1 593 19 view .LVU442
 1391 000c 5E4C     		ldr	r4, .L130+4
 585:le_phy.c      **** 
 1392              		.loc 1 585 8 view .LVU443
 1393 000e 1960     		str	r1, [r3]
 588:le_phy.c      **** 				conn.conn_event_counter == conn.conn_update_instant) {
 1394              		.loc 1 588 3 is_stmt 1 view .LVU444
 588:le_phy.c      **** 				conn.conn_event_counter == conn.conn_update_instant) {
 1395              		.loc 1 588 6 is_stmt 0 view .LVU445
 1396 0010 D4F81431 		ldr	r3, [r4, #276]
 593:le_phy.c      **** 				timer1_set_match(conn.last_anchor + conn.conn_interval +
 1397              		.loc 1 593 19 view .LVU446
 1398 0014 D4F88C56 		ldr	r5, [r4, #1676]
 588:le_phy.c      **** 				conn.conn_event_counter == conn.conn_update_instant) {
 1399              		.loc 1 588 6 view .LVU447
 1400 0018 7BB3     		cbz	r3, .L99
 588:le_phy.c      **** 				conn.conn_event_counter == conn.conn_update_instant) {
 1401              		.loc 1 588 32 discriminator 1 view .LVU448
 1402 001a B4F81021 		ldrh	r2, [r4, #272]
 1403 001e B4F82031 		ldrh	r3, [r4, #288]
 1404 0022 9A42     		cmp	r2, r3
 1405 0024 29D1     		bne	.L99
 593:le_phy.c      **** 				timer1_set_match(conn.last_anchor + conn.conn_interval +
 1406              		.loc 1 593 4 is_stmt 1 view .LVU449
 593:le_phy.c      **** 				timer1_set_match(conn.last_anchor + conn.conn_interval +
 1407              		.loc 1 593 34 is_stmt 0 discriminator 1 view .LVU450
ARM GAS  /tmp/cc7dqibQ.s 			page 48


 1408 0026 236C     		ldr	r3, [r4, #64]
 594:le_phy.c      **** 						conn.win_offset - RX_WARMUP_TIME);
 1409              		.loc 1 594 26 view .LVU451
 1410 0028 D4F80401 		ldr	r0, [r4, #260]
 1411 002c 1844     		add	r0, r0, r3
 593:le_phy.c      **** 				timer1_set_match(conn.last_anchor + conn.conn_interval +
 1412              		.loc 1 593 7 view .LVU452
 1413 002e 4DB9     		cbnz	r5, .L100
 593:le_phy.c      **** 				timer1_set_match(conn.last_anchor + conn.conn_interval +
 1414              		.loc 1 593 27 discriminator 1 view .LVU453
 1415 0030 43B1     		cbz	r3, .L100
 594:le_phy.c      **** 						conn.win_offset - RX_WARMUP_TIME);
 1416              		.loc 1 594 5 is_stmt 1 view .LVU454
 595:le_phy.c      **** 				conn_event.opened = 1;
 1417              		.loc 1 595 23 is_stmt 0 view .LVU455
 1418 0032 636B     		ldr	r3, [r4, #52]
 1419 0034 A0F6B830 		subw	r0, r0, #3000
 594:le_phy.c      **** 						conn.win_offset - RX_WARMUP_TIME);
 1420              		.loc 1 594 5 view .LVU456
 1421 0038 1844     		add	r0, r0, r3
 1422 003a FFF7FEFF 		bl	timer1_set_match
 1423              	.LVL101:
 596:le_phy.c      **** 			}
 1424              		.loc 1 596 5 is_stmt 1 view .LVU457
 596:le_phy.c      **** 			}
 1425              		.loc 1 596 23 is_stmt 0 view .LVU458
 1426 003e C4F88C16 		str	r1, [r4, #1676]
 1427              	.L97:
 708:le_phy.c      **** 
 1428              		.loc 1 708 1 view .LVU459
 1429 0042 38BD     		pop	{r3, r4, r5, pc}
 1430              	.L100:
 603:le_phy.c      **** 
 1431              		.loc 1 603 5 is_stmt 1 view .LVU460
 603:le_phy.c      **** 
 1432              		.loc 1 603 23 is_stmt 0 view .LVU461
 1433 0044 0123     		movs	r3, #1
 607:le_phy.c      **** 				conn.conn_interval = conn.conn_update_pending_interval;
 1434              		.loc 1 607 21 view .LVU462
 1435 0046 0022     		movs	r2, #0
 603:le_phy.c      **** 
 1436              		.loc 1 603 23 view .LVU463
 1437 0048 C4F88C36 		str	r3, [r4, #1676]
 607:le_phy.c      **** 				conn.conn_interval = conn.conn_update_pending_interval;
 1438              		.loc 1 607 5 is_stmt 1 view .LVU464
 614:le_phy.c      **** 				change_channel();
 1439              		.loc 1 614 39 is_stmt 0 view .LVU465
 1440 004c 00F5A540 		add	r0, r0, #21120
 608:le_phy.c      **** 				conn.supervision_timeout = conn.conn_update_pending_supervision_timeout;
 1441              		.loc 1 608 30 view .LVU466
 1442 0050 D4F81831 		ldr	r3, [r4, #280]
 614:le_phy.c      **** 				change_channel();
 1443              		.loc 1 614 39 view .LVU467
 1444 0054 5030     		adds	r0, r0, #80
 608:le_phy.c      **** 				conn.supervision_timeout = conn.conn_update_pending_supervision_timeout;
 1445              		.loc 1 608 24 view .LVU468
 1446 0056 6363     		str	r3, [r4, #52]
ARM GAS  /tmp/cc7dqibQ.s 			page 49


 614:le_phy.c      **** 				change_channel();
 1447              		.loc 1 614 39 view .LVU469
 1448 0058 1844     		add	r0, r0, r3
 614:le_phy.c      **** 				change_channel();
 1449              		.loc 1 614 29 view .LVU470
 1450 005a 94F83C30 		ldrb	r3, [r4, #60]	@ zero_extendqisi2
 609:le_phy.c      **** 				conn.conn_update_pending = 0;
 1451              		.loc 1 609 30 view .LVU471
 1452 005e D4F81C11 		ldr	r1, [r4, #284]
 613:le_phy.c      **** 						conn.win_offset + conn.win_size + USEC(2120));
 1453              		.loc 1 613 5 view .LVU472
 1454 0062 1844     		add	r0, r0, r3
 607:le_phy.c      **** 				conn.conn_interval = conn.conn_update_pending_interval;
 1455              		.loc 1 607 21 view .LVU473
 1456 0064 C4F80821 		str	r2, [r4, #264]
 608:le_phy.c      **** 				conn.supervision_timeout = conn.conn_update_pending_supervision_timeout;
 1457              		.loc 1 608 5 is_stmt 1 view .LVU474
 609:le_phy.c      **** 				conn.conn_update_pending = 0;
 1458              		.loc 1 609 5 view .LVU475
 609:le_phy.c      **** 				conn.conn_update_pending = 0;
 1459              		.loc 1 609 30 is_stmt 0 view .LVU476
 1460 0068 A163     		str	r1, [r4, #56]
 610:le_phy.c      **** 
 1461              		.loc 1 610 5 is_stmt 1 view .LVU477
 610:le_phy.c      **** 
 1462              		.loc 1 610 30 is_stmt 0 view .LVU478
 1463 006a C4F81421 		str	r2, [r4, #276]
 613:le_phy.c      **** 						conn.win_offset + conn.win_size + USEC(2120));
 1464              		.loc 1 613 5 is_stmt 1 view .LVU479
 1465 006e FFF7FEFF 		bl	timer1_set_match
 1466              	.LVL102:
 615:le_phy.c      **** 			}
 1467              		.loc 1 615 5 view .LVU480
 708:le_phy.c      **** 
 1468              		.loc 1 708 1 is_stmt 0 view .LVU481
 1469 0072 BDE83840 		pop	{r3, r4, r5, lr}
 1470              		.cfi_remember_state
 1471              		.cfi_restore 14
 1472              		.cfi_restore 5
 1473              		.cfi_restore 4
 1474              		.cfi_restore 3
 1475              		.cfi_def_cfa_offset 0
 615:le_phy.c      **** 			}
 1476              		.loc 1 615 5 view .LVU482
 1477 0076 FFF7FEBF 		b	change_channel
 1478              	.LVL103:
 1479              	.L99:
 1480              		.cfi_restore_state
 621:le_phy.c      **** 				conn.conn_event_counter == conn.channel_map_update_instant) {
 1481              		.loc 1 621 3 is_stmt 1 view .LVU483
 621:le_phy.c      **** 				conn.conn_event_counter == conn.channel_map_update_instant) {
 1482              		.loc 1 621 6 is_stmt 0 view .LVU484
 1483 007a D4F82431 		ldr	r3, [r4, #292]
 1484 007e 73B1     		cbz	r3, .L102
 621:le_phy.c      **** 				conn.conn_event_counter == conn.channel_map_update_instant) {
 1485              		.loc 1 621 39 discriminator 1 view .LVU485
 1486 0080 B4F81021 		ldrh	r2, [r4, #272]
ARM GAS  /tmp/cc7dqibQ.s 			page 50


 1487 0084 B4F82831 		ldrh	r3, [r4, #296]
 1488 0088 9A42     		cmp	r2, r3
 1489 008a 08D1     		bne	.L102
 623:le_phy.c      **** 			conn.channel_map_update_pending = 0;
 1490              		.loc 1 623 4 is_stmt 1 view .LVU486
 623:le_phy.c      **** 			conn.channel_map_update_pending = 0;
 1491              		.loc 1 623 19 is_stmt 0 view .LVU487
 1492 008c 3F49     		ldr	r1, .L130+8
 1493 008e C022     		movs	r2, #192
 1494 0090 A1F1E800 		sub	r0, r1, #232
 1495 0094 FFF7FEFF 		bl	memcpy
 1496              	.LVL104:
 624:le_phy.c      **** 		}
 1497              		.loc 1 624 4 is_stmt 1 view .LVU488
 624:le_phy.c      **** 		}
 1498              		.loc 1 624 36 is_stmt 0 view .LVU489
 1499 0098 0023     		movs	r3, #0
 1500 009a C4F82431 		str	r3, [r4, #292]
 1501              	.L102:
 628:le_phy.c      **** 			conn_event.opened = 1;
 1502              		.loc 1 628 3 is_stmt 1 view .LVU490
 628:le_phy.c      **** 			conn_event.opened = 1;
 1503              		.loc 1 628 6 is_stmt 0 view .LVU491
 1504 009e 002D     		cmp	r5, #0
 1505 00a0 4DD1     		bne	.L103
 629:le_phy.c      **** 			// timeout is max packet length + warmup time (slack)
 1506              		.loc 1 629 4 is_stmt 1 view .LVU492
 629:le_phy.c      **** 			// timeout is max packet length + warmup time (slack)
 1507              		.loc 1 629 22 is_stmt 0 view .LVU493
 1508 00a2 0123     		movs	r3, #1
 1509 00a4 C4F88C36 		str	r3, [r4, #1676]
 631:le_phy.c      **** 			change_channel();
 1510              		.loc 1 631 4 is_stmt 1 view .LVU494
 631:le_phy.c      **** 			change_channel();
 1511              		.loc 1 631 21 is_stmt 0 view .LVU495
 1512 00a8 364B     		ldr	r3, .L130
 1513 00aa 9868     		ldr	r0, [r3, #8]
 631:le_phy.c      **** 			change_channel();
 1514              		.loc 1 631 4 view .LVU496
 1515 00ac 00F5BD40 		add	r0, r0, #24192
 1516 00b0 0830     		adds	r0, r0, #8
 1517 00b2 FFF7FEFF 		bl	timer1_set_match
 1518              	.LVL105:
 632:le_phy.c      **** 		}
 1519              		.loc 1 632 4 is_stmt 1 view .LVU497
 1520 00b6 FFF7FEFF 		bl	change_channel
 1521              	.LVL106:
 1522              	.L98:
 658:le_phy.c      **** 		T1IR = TIR_MR1_Interrupt;
 1523              		.loc 1 658 2 view .LVU498
 658:le_phy.c      **** 		T1IR = TIR_MR1_Interrupt;
 1524              		.loc 1 658 6 is_stmt 0 view .LVU499
 1525 00ba 324B     		ldr	r3, .L130
 1526 00bc 1A68     		ldr	r2, [r3]
 658:le_phy.c      **** 		T1IR = TIR_MR1_Interrupt;
 1527              		.loc 1 658 5 view .LVU500
 1528 00be 9407     		lsls	r4, r2, #30
ARM GAS  /tmp/cc7dqibQ.s 			page 51


 1529 00c0 0CD5     		bpl	.L104
 659:le_phy.c      **** 		T1MCR &= ~TMCR_MR1I;
 1530              		.loc 1 659 3 is_stmt 1 view .LVU501
 659:le_phy.c      **** 		T1MCR &= ~TMCR_MR1I;
 1531              		.loc 1 659 8 is_stmt 0 view .LVU502
 1532 00c2 0221     		movs	r1, #2
 1533 00c4 1960     		str	r1, [r3]
 660:le_phy.c      **** 
 1534              		.loc 1 660 3 is_stmt 1 view .LVU503
 660:le_phy.c      **** 
 1535              		.loc 1 660 9 is_stmt 0 view .LVU504
 1536 00c6 5A69     		ldr	r2, [r3, #20]
 1537 00c8 22F00802 		bic	r2, r2, #8
 1538 00cc 5A61     		str	r2, [r3, #20]
 662:le_phy.c      **** 		RXLED_CLR;
 1539              		.loc 1 662 3 is_stmt 1 view .LVU505
 1540 00ce 4FF48072 		mov	r2, #256
 1541 00d2 2F4B     		ldr	r3, .L130+12
 1542 00d4 DA63     		str	r2, [r3, #60]
 663:le_phy.c      **** 		USRLED_CLR;
 1543              		.loc 1 663 3 view .LVU506
 1544 00d6 1022     		movs	r2, #16
 1545 00d8 DA63     		str	r2, [r3, #60]
 664:le_phy.c      **** 	}
 1546              		.loc 1 664 3 view .LVU507
 1547 00da D963     		str	r1, [r3, #60]
 1548              	.L104:
 668:le_phy.c      **** 		T1IR = TIR_MR2_Interrupt;
 1549              		.loc 1 668 2 view .LVU508
 668:le_phy.c      **** 		T1IR = TIR_MR2_Interrupt;
 1550              		.loc 1 668 6 is_stmt 0 view .LVU509
 1551 00dc 294C     		ldr	r4, .L130
 1552 00de 2368     		ldr	r3, [r4]
 668:le_phy.c      **** 		T1IR = TIR_MR2_Interrupt;
 1553              		.loc 1 668 5 view .LVU510
 1554 00e0 5807     		lsls	r0, r3, #29
 1555 00e2 1CD5     		bpl	.L105
 669:le_phy.c      **** 
 1556              		.loc 1 669 3 is_stmt 1 view .LVU511
 669:le_phy.c      **** 
 1557              		.loc 1 669 8 is_stmt 0 view .LVU512
 1558 00e4 0423     		movs	r3, #4
 1559 00e6 2360     		str	r3, [r4]
 672:le_phy.c      **** 			// restart DMA and SSP
 1560              		.loc 1 672 3 is_stmt 1 view .LVU513
 672:le_phy.c      **** 			// restart DMA and SSP
 1561              		.loc 1 672 7 is_stmt 0 view .LVU514
 1562 00e8 FFF7FEFF 		bl	cc2400_status
 1563              	.LVL107:
 672:le_phy.c      **** 			// restart DMA and SSP
 1564              		.loc 1 672 6 discriminator 1 view .LVU515
 1565 00ec 4107     		lsls	r1, r0, #29
 1566 00ee 29D5     		bpl	.L106
 674:le_phy.c      **** 			dio_ssp_start();
 1567              		.loc 1 674 4 is_stmt 1 view .LVU516
 1568 00f0 FFF7FEFF 		bl	le_dma_init
 1569              	.LVL108:
ARM GAS  /tmp/cc7dqibQ.s 			page 52


 675:le_phy.c      **** 			ISER0 = ISER0_ISE_DMA;
 1570              		.loc 1 675 4 view .LVU517
 1571 00f4 FFF7FEFF 		bl	dio_ssp_start
 1572              	.LVL109:
 676:le_phy.c      **** 
 1573              		.loc 1 676 4 view .LVU518
 676:le_phy.c      **** 
 1574              		.loc 1 676 10 is_stmt 0 view .LVU519
 1575 00f8 4FF0E023 		mov	r3, #-536813568
 1576 00fc 4FF08062 		mov	r2, #67108864
 1577              	.LBB48:
 1578              	.LBB49:
 495:le_phy.c      **** #ifdef UBERTOOTH_ONE
 1579              		.loc 1 495 2 view .LVU520
 1580 0100 6220     		movs	r0, #98
 1581              	.LBE49:
 1582              	.LBE48:
 676:le_phy.c      **** 
 1583              		.loc 1 676 10 view .LVU521
 1584 0102 C3F80021 		str	r2, [r3, #256]
 678:le_phy.c      **** 			T1MCR &= ~TMCR_MR2I;
 1585              		.loc 1 678 4 is_stmt 1 view .LVU522
 1586              	.LBB51:
 1587              	.LBI48:
 494:le_phy.c      **** 	cc2400_strobe(SRX);
 1588              		.loc 1 494 13 view .LVU523
 1589              	.LBB50:
 495:le_phy.c      **** #ifdef UBERTOOTH_ONE
 1590              		.loc 1 495 2 view .LVU524
 1591 0106 FFF7FEFF 		bl	cc2400_strobe
 1592              	.LVL110:
 497:le_phy.c      **** 	HGM_SET;
 1593              		.loc 1 497 2 view .LVU525
 1594 010a 8022     		movs	r2, #128
 1595 010c 204B     		ldr	r3, .L130+12
 1596 010e 9A65     		str	r2, [r3, #88]
 498:le_phy.c      **** #endif
 1597              		.loc 1 498 2 view .LVU526
 1598 0110 4FF48072 		mov	r2, #256
 1599 0114 9A65     		str	r2, [r3, #88]
 1600              	.LBE50:
 1601              	.LBE51:
 679:le_phy.c      **** 		}
 1602              		.loc 1 679 4 view .LVU527
 679:le_phy.c      **** 		}
 1603              		.loc 1 679 10 is_stmt 0 view .LVU528
 1604 0116 6369     		ldr	r3, [r4, #20]
 1605 0118 23F04003 		bic	r3, r3, #64
 1606 011c 6361     		str	r3, [r4, #20]
 1607              	.L105:
 689:le_phy.c      **** 		T1IR = TIR_MR3_Interrupt;
 1608              		.loc 1 689 2 is_stmt 1 view .LVU529
 689:le_phy.c      **** 		T1IR = TIR_MR3_Interrupt;
 1609              		.loc 1 689 6 is_stmt 0 view .LVU530
 1610 011e 194B     		ldr	r3, .L130
 1611 0120 1A68     		ldr	r2, [r3]
 689:le_phy.c      **** 		T1IR = TIR_MR3_Interrupt;
ARM GAS  /tmp/cc7dqibQ.s 			page 53


 1612              		.loc 1 689 5 view .LVU531
 1613 0122 1207     		lsls	r2, r2, #28
 1614 0124 8DD5     		bpl	.L97
 690:le_phy.c      **** 
 1615              		.loc 1 690 3 is_stmt 1 view .LVU532
 690:le_phy.c      **** 
 1616              		.loc 1 690 8 is_stmt 0 view .LVU533
 1617 0126 0822     		movs	r2, #8
 1618 0128 1A60     		str	r2, [r3]
 692:le_phy.c      **** 		if (current_rxbuf == NULL) {
 1619              		.loc 1 692 3 is_stmt 1 view .LVU534
 692:le_phy.c      **** 		if (current_rxbuf == NULL) {
 1620              		.loc 1 692 19 is_stmt 0 view .LVU535
 1621 012a FFF7FEFF 		bl	buffer_get
 1622              	.LVL111:
 692:le_phy.c      **** 		if (current_rxbuf == NULL) {
 1623              		.loc 1 692 17 discriminator 1 view .LVU536
 1624 012e 164B     		ldr	r3, .L130+4
 1625 0130 C3F88006 		str	r0, [r3, #1664]
 693:le_phy.c      **** 			timer1_wait_buffer();
 1626              		.loc 1 693 3 is_stmt 1 view .LVU537
 693:le_phy.c      **** 			timer1_wait_buffer();
 1627              		.loc 1 693 6 is_stmt 0 view .LVU538
 1628 0134 48B9     		cbnz	r0, .L107
 694:le_phy.c      **** 		} else {
 1629              		.loc 1 694 4 is_stmt 1 view .LVU539
 708:le_phy.c      **** 
 1630              		.loc 1 708 1 is_stmt 0 view .LVU540
 1631 0136 BDE83840 		pop	{r3, r4, r5, lr}
 1632              		.cfi_remember_state
 1633              		.cfi_restore 14
 1634              		.cfi_restore 5
 1635              		.cfi_restore 4
 1636              		.cfi_restore 3
 1637              		.cfi_def_cfa_offset 0
 694:le_phy.c      **** 		} else {
 1638              		.loc 1 694 4 view .LVU541
 1639 013a FFF7FEBF 		b	timer1_wait_buffer
 1640              	.LVL112:
 1641              	.L103:
 1642              		.cfi_restore_state
 642:le_phy.c      **** 				conn_event.opened = 1;
 1643              		.loc 1 642 4 is_stmt 1 view .LVU542
 652:le_phy.c      **** 			}
 1644              		.loc 1 652 5 view .LVU543
 1645 013e FFF7FEFF 		bl	finish_conn_event
 1646              	.LVL113:
 1647 0142 BAE7     		b	.L98
 1648              	.L106:
 684:le_phy.c      **** 		}
 1649              		.loc 1 684 4 view .LVU544
 1650 0144 FFF7FEFF 		bl	timer1_wait_fs_lock
 1651              	.LVL114:
 1652 0148 E9E7     		b	.L105
 1653              	.L107:
 696:le_phy.c      **** 				// restart DMA and SSP
 1654              		.loc 1 696 4 view .LVU545
ARM GAS  /tmp/cc7dqibQ.s 			page 54


 696:le_phy.c      **** 				// restart DMA and SSP
 1655              		.loc 1 696 8 is_stmt 0 view .LVU546
 1656 014a FFF7FEFF 		bl	cc2400_status
 1657              	.LVL115:
 696:le_phy.c      **** 				// restart DMA and SSP
 1658              		.loc 1 696 7 discriminator 1 view .LVU547
 1659 014e 4307     		lsls	r3, r0, #29
 1660 0150 13D5     		bpl	.L108
 698:le_phy.c      **** 				dio_ssp_start();
 1661              		.loc 1 698 5 is_stmt 1 view .LVU548
 1662 0152 FFF7FEFF 		bl	le_dma_init
 1663              	.LVL116:
 699:le_phy.c      **** 				ISER0 = ISER0_ISE_DMA;
 1664              		.loc 1 699 5 view .LVU549
 1665 0156 FFF7FEFF 		bl	dio_ssp_start
 1666              	.LVL117:
 700:le_phy.c      **** 
 1667              		.loc 1 700 5 view .LVU550
 700:le_phy.c      **** 
 1668              		.loc 1 700 11 is_stmt 0 view .LVU551
 1669 015a 4FF0E023 		mov	r3, #-536813568
 1670 015e 4FF08062 		mov	r2, #67108864
 1671              	.LBB52:
 1672              	.LBB53:
 495:le_phy.c      **** #ifdef UBERTOOTH_ONE
 1673              		.loc 1 495 2 view .LVU552
 1674 0162 6220     		movs	r0, #98
 1675              	.LBE53:
 1676              	.LBE52:
 700:le_phy.c      **** 
 1677              		.loc 1 700 11 view .LVU553
 1678 0164 C3F80021 		str	r2, [r3, #256]
 702:le_phy.c      **** 			} else {
 1679              		.loc 1 702 5 is_stmt 1 view .LVU554
 1680              	.LBB55:
 1681              	.LBI52:
 494:le_phy.c      **** 	cc2400_strobe(SRX);
 1682              		.loc 1 494 13 view .LVU555
 1683              	.LBB54:
 495:le_phy.c      **** #ifdef UBERTOOTH_ONE
 1684              		.loc 1 495 2 view .LVU556
 1685 0168 FFF7FEFF 		bl	cc2400_strobe
 1686              	.LVL118:
 497:le_phy.c      **** 	HGM_SET;
 1687              		.loc 1 497 2 view .LVU557
 1688 016c 8022     		movs	r2, #128
 1689 016e 084B     		ldr	r3, .L130+12
 1690 0170 9A65     		str	r2, [r3, #88]
 498:le_phy.c      **** #endif
 1691              		.loc 1 498 2 view .LVU558
 1692 0172 4FF48072 		mov	r2, #256
 1693 0176 9A65     		str	r2, [r3, #88]
 500:le_phy.c      **** 
 1694              		.loc 1 500 1 is_stmt 0 view .LVU559
 1695 0178 63E7     		b	.L97
 1696              	.L108:
 1697              	.LBE54:
ARM GAS  /tmp/cc7dqibQ.s 			page 55


 1698              	.LBE55:
 704:le_phy.c      **** 			}
 1699              		.loc 1 704 5 is_stmt 1 view .LVU560
 708:le_phy.c      **** 
 1700              		.loc 1 708 1 is_stmt 0 view .LVU561
 1701 017a BDE83840 		pop	{r3, r4, r5, lr}
 1702              		.cfi_restore 14
 1703              		.cfi_restore 5
 1704              		.cfi_restore 4
 1705              		.cfi_restore 3
 1706              		.cfi_def_cfa_offset 0
 704:le_phy.c      **** 			}
 1707              		.loc 1 704 5 view .LVU562
 1708 017e FFF7FEBF 		b	timer1_wait_fs_lock
 1709              	.LVL119:
 1710              	.L131:
 1711 0182 00BF     		.align	2
 1712              	.L130:
 1713 0184 00800040 		.word	1073774592
 1714 0188 00000000 		.word	.LANCHOR0
 1715 018c 2C010000 		.word	.LANCHOR0+300
 1716 0190 00C00920 		.word	537509888
 1717              		.cfi_endproc
 1718              	.LFE21:
 1720              		.section	.text.le_phy_main,"ax",%progbits
 1721              		.align	1
 1722              		.global	le_phy_main
 1723              		.syntax unified
 1724              		.thumb
 1725              		.thumb_func
 1727              	le_phy_main:
 1728              	.LFB32:
 915:le_phy.c      **** 
 916:le_phy.c      **** static int filter_match(le_rx_t *buf) {
 917:le_phy.c      **** 	if (!le.target_set)
 918:le_phy.c      **** 		return 1;
 919:le_phy.c      **** 
 920:le_phy.c      **** 	// allow all data channel packets
 921:le_phy.c      **** 	if (btle_channel_index(buf->channel) < 37)
 922:le_phy.c      **** 		return 1;
 923:le_phy.c      **** 
 924:le_phy.c      **** 	switch (buf->data[0] & 0xf) {
 925:le_phy.c      **** 		// ADV_IND, ADV_NONCONN_IND, ADV_SCAN_IND, SCAN_RSP
 926:le_phy.c      **** 		case 0x00:
 927:le_phy.c      **** 		case 0x02:
 928:le_phy.c      **** 		case 0x06:
 929:le_phy.c      **** 		case 0x04:
 930:le_phy.c      **** 			// header + one address
 931:le_phy.c      **** 			if (buf->size < 2 + 6)
 932:le_phy.c      **** 				return 0;
 933:le_phy.c      **** 			return bd_addr_cmp(&buf->data[2]);
 934:le_phy.c      **** 			break;
 935:le_phy.c      **** 
 936:le_phy.c      **** 		// ADV_DIRECT_IND, SCAN_REQ, CONNECT_REQ
 937:le_phy.c      **** 		case 0x01:
 938:le_phy.c      **** 		case 0x03:
 939:le_phy.c      **** 		case 0x05:
ARM GAS  /tmp/cc7dqibQ.s 			page 56


 940:le_phy.c      **** 			// header + two addresses
 941:le_phy.c      **** 			if (buf->size < 2 + 6 + 6)
 942:le_phy.c      **** 				return 0;
 943:le_phy.c      **** 			return bd_addr_cmp(&buf->data[2]) ||
 944:le_phy.c      **** 				   bd_addr_cmp(&buf->data[8]);
 945:le_phy.c      **** 			break;
 946:le_phy.c      **** 
 947:le_phy.c      **** 		default:
 948:le_phy.c      **** 			break;
 949:le_phy.c      **** 	}
 950:le_phy.c      **** 
 951:le_phy.c      **** 	return 0;
 952:le_phy.c      **** }
 953:le_phy.c      **** 
 954:le_phy.c      **** void le_phy_main(void) {
 1729              		.loc 1 954 24 is_stmt 1 view -0
 1730              		.cfi_startproc
 1731              		@ args = 0, pretend = 0, frame = 16
 1732              		@ frame_needed = 0, uses_anonymous_args = 0
 1733 0000 2DE9F04F 		push	{r4, r5, r6, r7, r8, r9, r10, fp, lr}
 1734              		.cfi_def_cfa_offset 36
 1735              		.cfi_offset 4, -36
 1736              		.cfi_offset 5, -32
 1737              		.cfi_offset 6, -28
 1738              		.cfi_offset 7, -24
 1739              		.cfi_offset 8, -20
 1740              		.cfi_offset 9, -16
 1741              		.cfi_offset 10, -12
 1742              		.cfi_offset 11, -8
 1743              		.cfi_offset 14, -4
 1744 0004 85B0     		sub	sp, sp, #20
 1745              		.cfi_def_cfa_offset 56
 955:le_phy.c      **** 	// disable USB interrupts -- we poll them below
 956:le_phy.c      **** 	// n.b., they should not be enabled but let's be careful
 957:le_phy.c      **** 	ICER0 = ICER0_ICE_USB;
 1746              		.loc 1 957 2 view .LVU564
 1747              		.loc 1 957 8 is_stmt 0 view .LVU565
 1748 0006 4FF08073 		mov	r3, #16777216
 1749 000a 4FF0E026 		mov	r6, #-536813568
 1750              	.LBB85:
 1751              	.LBB86:
 168:le_phy.c      **** }
 1752              		.loc 1 168 31 view .LVU566
 1753 000e 0125     		movs	r5, #1
 1754 0010 BB4C     		ldr	r4, .L172
 1755              	.LBE86:
 1756              	.LBE85:
 1757              		.loc 1 957 8 view .LVU567
 1758 0012 C6F88031 		str	r3, [r6, #384]
 958:le_phy.c      **** 	// disable clkn and timer0
 959:le_phy.c      **** 	clkn_disable();
 1759              		.loc 1 959 2 is_stmt 1 view .LVU568
 1760 0016 FFF7FEFF 		bl	clkn_disable
 1761              	.LVL120:
 960:le_phy.c      **** 
 961:le_phy.c      **** 	buffers_init();
 1762              		.loc 1 961 2 view .LVU569
ARM GAS  /tmp/cc7dqibQ.s 			page 57


 1763              	.LBB89:
 1764              	.LBI85:
 164:le_phy.c      **** 	int i;
 1765              		.loc 1 164 13 view .LVU570
 1766              	.LBB87:
 165:le_phy.c      **** 
 1767              		.loc 1 165 2 view .LVU571
 167:le_phy.c      **** 		le_buffer_pool[i].available = 1;
 1768              		.loc 1 167 2 view .LVU572
 167:le_phy.c      **** 		le_buffer_pool[i].available = 1;
 1769              		.loc 1 167 16 discriminator 1 view .LVU573
 168:le_phy.c      **** }
 1770              		.loc 1 168 3 view .LVU574
 1771              	.LBE87:
 1772              	.LBE89:
 962:le_phy.c      **** 	queue_init(&packet_queue);
 1773              		.loc 1 962 2 is_stmt 0 view .LVU575
 1774 001a 04F5D260 		add	r0, r4, #1680
 1775              	.LBB90:
 1776              	.LBB88:
 168:le_phy.c      **** }
 1777              		.loc 1 168 31 view .LVU576
 1778 001e C4F80453 		str	r5, [r4, #772]
 167:le_phy.c      **** 		le_buffer_pool[i].available = 1;
 1779              		.loc 1 167 39 is_stmt 1 discriminator 3 view .LVU577
 1780              	.LVL121:
 167:le_phy.c      **** 		le_buffer_pool[i].available = 1;
 1781              		.loc 1 167 16 discriminator 1 view .LVU578
 168:le_phy.c      **** }
 1782              		.loc 1 168 3 view .LVU579
 168:le_phy.c      **** }
 1783              		.loc 1 168 31 is_stmt 0 view .LVU580
 1784 0022 C4F82854 		str	r5, [r4, #1064]
 167:le_phy.c      **** 		le_buffer_pool[i].available = 1;
 1785              		.loc 1 167 39 is_stmt 1 discriminator 3 view .LVU581
 1786              	.LVL122:
 167:le_phy.c      **** 		le_buffer_pool[i].available = 1;
 1787              		.loc 1 167 16 discriminator 1 view .LVU582
 168:le_phy.c      **** }
 1788              		.loc 1 168 3 view .LVU583
 168:le_phy.c      **** }
 1789              		.loc 1 168 31 is_stmt 0 view .LVU584
 1790 0026 C4F84C55 		str	r5, [r4, #1356]
 167:le_phy.c      **** 		le_buffer_pool[i].available = 1;
 1791              		.loc 1 167 39 is_stmt 1 discriminator 3 view .LVU585
 1792              	.LVL123:
 167:le_phy.c      **** 		le_buffer_pool[i].available = 1;
 1793              		.loc 1 167 16 discriminator 1 view .LVU586
 168:le_phy.c      **** }
 1794              		.loc 1 168 3 view .LVU587
 168:le_phy.c      **** }
 1795              		.loc 1 168 31 is_stmt 0 view .LVU588
 1796 002a C4F87056 		str	r5, [r4, #1648]
 167:le_phy.c      **** 		le_buffer_pool[i].available = 1;
 1797              		.loc 1 167 39 is_stmt 1 discriminator 3 view .LVU589
 167:le_phy.c      **** 		le_buffer_pool[i].available = 1;
 1798              		.loc 1 167 16 discriminator 1 view .LVU590
ARM GAS  /tmp/cc7dqibQ.s 			page 58


 1799              	.LVL124:
 167:le_phy.c      **** 		le_buffer_pool[i].available = 1;
 1800              		.loc 1 167 16 is_stmt 0 discriminator 1 view .LVU591
 1801              	.LBE88:
 1802              	.LBE90:
 1803              		.loc 1 962 2 is_stmt 1 view .LVU592
 1804 002e FFF7FEFF 		bl	queue_init
 1805              	.LVL125:
 963:le_phy.c      **** 	timer1_start();
 1806              		.loc 1 963 2 view .LVU593
 1807              	.LBB91:
 1808              	.LBI91:
 538:le_phy.c      **** 	T1TCR = TCR_Counter_Reset;
 1809              		.loc 1 538 13 view .LVU594
 1810              	.LBB92:
 539:le_phy.c      **** 	T1PR = 4; // 100 ns
 1811              		.loc 1 539 2 view .LVU595
 539:le_phy.c      **** 	T1PR = 4; // 100 ns
 1812              		.loc 1 539 8 is_stmt 0 view .LVU596
 1813 0032 0222     		movs	r2, #2
 1814 0034 B34B     		ldr	r3, .L172+4
 1815              	.LBE92:
 1816              	.LBE91:
 964:le_phy.c      **** 
 965:le_phy.c      **** 	current_rxbuf = buffer_get();
 966:le_phy.c      **** 	rf_channel = le_adv_channel; // FIXME
 967:le_phy.c      **** 	conn.access_address = ADVERTISING_AA;
 968:le_phy.c      **** 	le_sys_init();
 969:le_phy.c      **** 	le_cc2400_init_rf();
 970:le_phy.c      **** 
 971:le_phy.c      **** 	cancel_follow = 0;
 1817              		.loc 1 971 16 view .LVU597
 1818 0036 B44F     		ldr	r7, .L172+8
 1819              	.LBB94:
 1820              	.LBB93:
 539:le_phy.c      **** 	T1PR = 4; // 100 ns
 1821              		.loc 1 539 8 view .LVU598
 1822 0038 5A60     		str	r2, [r3, #4]
 540:le_phy.c      **** 	T1TCR = TCR_Counter_Enable;
 1823              		.loc 1 540 2 is_stmt 1 view .LVU599
 540:le_phy.c      **** 	T1TCR = TCR_Counter_Enable;
 1824              		.loc 1 540 7 is_stmt 0 view .LVU600
 1825 003a 0422     		movs	r2, #4
 1826 003c DA60     		str	r2, [r3, #12]
 541:le_phy.c      **** 
 1827              		.loc 1 541 2 is_stmt 1 view .LVU601
 541:le_phy.c      **** 
 1828              		.loc 1 541 8 is_stmt 0 view .LVU602
 1829 003e 5D60     		str	r5, [r3, #4]
 544:le_phy.c      **** }
 1830              		.loc 1 544 2 is_stmt 1 view .LVU603
 544:le_phy.c      **** }
 1831              		.loc 1 544 8 is_stmt 0 view .LVU604
 1832 0040 C6F80021 		str	r2, [r6, #256]
 1833              	.LBE93:
 1834              	.LBE94:
 965:le_phy.c      **** 	rf_channel = le_adv_channel; // FIXME
ARM GAS  /tmp/cc7dqibQ.s 			page 59


 1835              		.loc 1 965 2 is_stmt 1 view .LVU605
 965:le_phy.c      **** 	rf_channel = le_adv_channel; // FIXME
 1836              		.loc 1 965 18 is_stmt 0 view .LVU606
 1837 0044 FFF7FEFF 		bl	buffer_get
 1838              	.LVL126:
 966:le_phy.c      **** 	conn.access_address = ADVERTISING_AA;
 1839              		.loc 1 966 13 view .LVU607
 1840 0048 B04B     		ldr	r3, .L172+12
 965:le_phy.c      **** 	rf_channel = le_adv_channel; // FIXME
 1841              		.loc 1 965 16 discriminator 1 view .LVU608
 1842 004a C4F88006 		str	r0, [r4, #1664]
 966:le_phy.c      **** 	conn.access_address = ADVERTISING_AA;
 1843              		.loc 1 966 2 is_stmt 1 view .LVU609
 966:le_phy.c      **** 	conn.access_address = ADVERTISING_AA;
 1844              		.loc 1 966 13 is_stmt 0 view .LVU610
 1845 004e 1B88     		ldrh	r3, [r3]
 1846              	.LBB95:
 1847              	.LBB96:
 1848              	.LBB97:
 917:le_phy.c      **** 		return 1;
 1849              		.loc 1 917 9 view .LVU611
 1850 0050 DFF8BCB2 		ldr	fp, .L172+16
 1851              	.LBE97:
 1852              	.LBE96:
 1853              	.LBE95:
 966:le_phy.c      **** 	conn.access_address = ADVERTISING_AA;
 1854              		.loc 1 966 13 view .LVU612
 1855 0054 A4F87C36 		strh	r3, [r4, #1660]	@ movhi
 967:le_phy.c      **** 	le_sys_init();
 1856              		.loc 1 967 2 is_stmt 1 view .LVU613
 967:le_phy.c      **** 	le_sys_init();
 1857              		.loc 1 967 22 is_stmt 0 view .LVU614
 1858 0058 AE4B     		ldr	r3, .L172+20
 1859 005a 6362     		str	r3, [r4, #36]
 968:le_phy.c      **** 	le_cc2400_init_rf();
 1860              		.loc 1 968 2 is_stmt 1 view .LVU615
 1861              	.LBB134:
 1862              	.LBI134:
 439:le_phy.c      **** 	usb_queue_init(); // USB FIFO FIXME replace with safer queue
 1863              		.loc 1 439 13 view .LVU616
 1864              	.LBB135:
 440:le_phy.c      **** 	dio_ssp_init();   // init SSP and raise !CS (self-routed GPIO)
 1865              		.loc 1 440 2 view .LVU617
 1866 005c FFF7FEFF 		bl	usb_queue_init
 1867              	.LVL127:
 441:le_phy.c      **** 	le_dma_init();    // prepare DMA + interrupts
 1868              		.loc 1 441 2 view .LVU618
 1869 0060 FFF7FEFF 		bl	dio_ssp_init
 1870              	.LVL128:
 442:le_phy.c      **** 	dio_ssp_start();  // enable SSP + DMA
 1871              		.loc 1 442 2 view .LVU619
 1872 0064 FFF7FEFF 		bl	le_dma_init
 1873              	.LVL129:
 443:le_phy.c      **** }
 1874              		.loc 1 443 2 view .LVU620
 1875 0068 FFF7FEFF 		bl	dio_ssp_start
 1876              	.LVL130:
ARM GAS  /tmp/cc7dqibQ.s 			page 60


 1877              	.LBE135:
 1878              	.LBE134:
 969:le_phy.c      **** 
 1879              		.loc 1 969 2 view .LVU621
 1880 006c FFF7FEFF 		bl	le_cc2400_init_rf
 1881              	.LVL131:
 1882              		.loc 1 971 2 view .LVU622
 1883              		.loc 1 971 16 is_stmt 0 view .LVU623
 1884 0070 0023     		movs	r3, #0
 1885 0072 3B60     		str	r3, [r7]
 972:le_phy.c      **** 
 973:le_phy.c      **** 	while (requested_mode == MODE_BT_FOLLOW_LE) {
 1886              		.loc 1 973 2 is_stmt 1 view .LVU624
 1887              	.L133:
 1888              		.loc 1 973 24 view .LVU625
 1889 0074 A84B     		ldr	r3, .L172+24
 1890 0076 1B78     		ldrb	r3, [r3]	@ zero_extendqisi2
 1891 0078 092B     		cmp	r3, #9
 1892 007a 13D0     		beq	.L150
 974:le_phy.c      **** 		le_rx_t *packet = NULL;
 975:le_phy.c      **** 		if (queue_remove(&packet_queue, (void **)&packet)) {
 976:le_phy.c      **** 			le_dewhiten(packet->data, packet->size, packet->channel);
 977:le_phy.c      **** 
 978:le_phy.c      **** 			if (filter_match(packet)) {
 979:le_phy.c      **** 				blink(0, 1, 0); // RX LED
 980:le_phy.c      **** 				usb_enqueue_le(packet);
 981:le_phy.c      **** 				packet_handler(packet);
 982:le_phy.c      **** 			}
 983:le_phy.c      **** 
 984:le_phy.c      **** 			buffer_release(packet);
 985:le_phy.c      **** 		}
 986:le_phy.c      **** 
 987:le_phy.c      **** 		// polled USB handling
 988:le_phy.c      **** 		handle_usb(0);
 989:le_phy.c      **** 
 990:le_phy.c      **** 		// XXX maybe LED light show?
 991:le_phy.c      **** 	}
 992:le_phy.c      **** 
 993:le_phy.c      **** 	timer1_stop();
 1893              		.loc 1 993 2 view .LVU626
 1894              	.LBB136:
 1895              	.LBI136:
 547:le_phy.c      **** 	T1TCR = TCR_Counter_Reset;
 1896              		.loc 1 547 13 view .LVU627
 1897              	.LBB137:
 548:le_phy.c      **** 
 1898              		.loc 1 548 2 view .LVU628
 548:le_phy.c      **** 
 1899              		.loc 1 548 8 is_stmt 0 view .LVU629
 1900 007c 0222     		movs	r2, #2
 1901 007e A14B     		ldr	r3, .L172+4
 551:le_phy.c      **** }
 1902              		.loc 1 551 8 view .LVU630
 1903 0080 0421     		movs	r1, #4
 548:le_phy.c      **** 
 1904              		.loc 1 548 8 view .LVU631
 1905 0082 5A60     		str	r2, [r3, #4]
ARM GAS  /tmp/cc7dqibQ.s 			page 61


 551:le_phy.c      **** }
 1906              		.loc 1 551 2 is_stmt 1 view .LVU632
 551:le_phy.c      **** }
 1907              		.loc 1 551 8 is_stmt 0 view .LVU633
 1908 0084 4FF0E023 		mov	r3, #-536813568
 1909 0088 C3F88011 		str	r1, [r3, #384]
 1910              	.LBE137:
 1911              	.LBE136:
 994:le_phy.c      **** 
 995:le_phy.c      **** 	// reset state
 996:le_phy.c      **** 	RXLED_CLR;
 1912              		.loc 1 996 2 is_stmt 1 view .LVU634
 1913 008c 1021     		movs	r1, #16
 1914 008e A34B     		ldr	r3, .L172+28
 1915 0090 D963     		str	r1, [r3, #60]
 997:le_phy.c      **** 	TXLED_CLR;
 1916              		.loc 1 997 2 view .LVU635
 1917 0092 4FF48071 		mov	r1, #256
 1918 0096 D963     		str	r1, [r3, #60]
 998:le_phy.c      **** 	USRLED_CLR;
 1919              		.loc 1 998 2 view .LVU636
 1920 0098 DA63     		str	r2, [r3, #60]
 999:le_phy.c      **** 	clkn_init();
 1921              		.loc 1 999 2 view .LVU637
1000:le_phy.c      **** 
1001:le_phy.c      **** 	// TODO kill CC2400
1002:le_phy.c      **** }
 1922              		.loc 1 1002 1 is_stmt 0 view .LVU638
 1923 009a 05B0     		add	sp, sp, #20
 1924              		.cfi_remember_state
 1925              		.cfi_def_cfa_offset 36
 1926              		@ sp needed
 1927 009c BDE8F04F 		pop	{r4, r5, r6, r7, r8, r9, r10, fp, lr}
 1928              		.cfi_restore 14
 1929              		.cfi_restore 11
 1930              		.cfi_restore 10
 1931              		.cfi_restore 9
 1932              		.cfi_restore 8
 1933              		.cfi_restore 7
 1934              		.cfi_restore 6
 1935              		.cfi_restore 5
 1936              		.cfi_restore 4
 1937              		.cfi_def_cfa_offset 0
 999:le_phy.c      **** 	clkn_init();
 1938              		.loc 1 999 2 view .LVU639
 1939 00a0 FFF7FEBF 		b	clkn_init
 1940              	.LVL132:
 1941              	.L150:
 1942              		.cfi_restore_state
 1943              	.LBB138:
 974:le_phy.c      **** 		if (queue_remove(&packet_queue, (void **)&packet)) {
 1944              		.loc 1 974 3 is_stmt 1 view .LVU640
 974:le_phy.c      **** 		if (queue_remove(&packet_queue, (void **)&packet)) {
 1945              		.loc 1 974 12 is_stmt 0 view .LVU641
 1946 00a4 0023     		movs	r3, #0
 975:le_phy.c      **** 			le_dewhiten(packet->data, packet->size, packet->channel);
 1947              		.loc 1 975 7 view .LVU642
ARM GAS  /tmp/cc7dqibQ.s 			page 62


 1948 00a6 9E48     		ldr	r0, .L172+32
 1949 00a8 03A9     		add	r1, sp, #12
 974:le_phy.c      **** 		if (queue_remove(&packet_queue, (void **)&packet)) {
 1950              		.loc 1 974 12 view .LVU643
 1951 00aa 0393     		str	r3, [sp, #12]
 975:le_phy.c      **** 			le_dewhiten(packet->data, packet->size, packet->channel);
 1952              		.loc 1 975 3 is_stmt 1 view .LVU644
 975:le_phy.c      **** 			le_dewhiten(packet->data, packet->size, packet->channel);
 1953              		.loc 1 975 7 is_stmt 0 view .LVU645
 1954 00ac FFF7FEFF 		bl	queue_remove
 1955              	.LVL133:
 975:le_phy.c      **** 			le_dewhiten(packet->data, packet->size, packet->channel);
 1956              		.loc 1 975 6 discriminator 1 view .LVU646
 1957 00b0 0028     		cmp	r0, #0
 1958 00b2 00F0D780 		beq	.L134
 976:le_phy.c      **** 
 1959              		.loc 1 976 4 is_stmt 1 view .LVU647
 976:le_phy.c      **** 
 1960              		.loc 1 976 22 is_stmt 0 view .LVU648
 1961 00b6 0398     		ldr	r0, [sp, #12]
 976:le_phy.c      **** 
 1962              		.loc 1 976 4 view .LVU649
 1963 00b8 D0F81021 		ldr	r2, [r0, #272]
 1964 00bc D0F80411 		ldr	r1, [r0, #260]
 1965 00c0 FFF7FEFF 		bl	le_dewhiten
 1966              	.LVL134:
 978:le_phy.c      **** 				blink(0, 1, 0); // RX LED
 1967              		.loc 1 978 4 is_stmt 1 view .LVU650
 1968              	.LBB101:
 1969              	.LBI96:
 916:le_phy.c      **** 	if (!le.target_set)
 1970              		.loc 1 916 12 view .LVU651
 1971              	.LBB98:
 917:le_phy.c      **** 		return 1;
 1972              		.loc 1 917 2 view .LVU652
 917:le_phy.c      **** 		return 1;
 1973              		.loc 1 917 5 is_stmt 0 view .LVU653
 1974 00c4 DBF84430 		ldr	r3, [fp, #68]
 1975 00c8 002B     		cmp	r3, #0
 1976 00ca 40F0B480 		bne	.L135
 1977              	.LVL135:
 1978              	.L138:
 917:le_phy.c      **** 		return 1;
 1979              		.loc 1 917 5 view .LVU654
 1980              	.LBE98:
 1981              	.LBE101:
 979:le_phy.c      **** 				usb_enqueue_le(packet);
 1982              		.loc 1 979 5 is_stmt 1 view .LVU655
 1983              	.LBB102:
 1984              	.LBI102:
 710:le_phy.c      **** 	if (tx)
 1985              		.loc 1 710 13 view .LVU656
 1986              	.LBB103:
 711:le_phy.c      **** 		TXLED_SET;
 1987              		.loc 1 711 2 view .LVU657
 713:le_phy.c      **** 		RXLED_SET;
 1988              		.loc 1 713 2 view .LVU658
ARM GAS  /tmp/cc7dqibQ.s 			page 63


 714:le_phy.c      **** 	if (usr)
 1989              		.loc 1 714 3 view .LVU659
 1990 00ce 1022     		movs	r2, #16
 1991 00d0 924B     		ldr	r3, .L172+28
 1992              	.LBE103:
 1993              	.LBE102:
 980:le_phy.c      **** 				packet_handler(packet);
 1994              		.loc 1 980 5 is_stmt 0 view .LVU660
 1995 00d2 039E     		ldr	r6, [sp, #12]
 1996              	.LBB105:
 1997              	.LBB104:
 714:le_phy.c      **** 	if (usr)
 1998              		.loc 1 714 3 view .LVU661
 1999 00d4 9A63     		str	r2, [r3, #56]
 715:le_phy.c      **** 		USRLED_SET;
 2000              		.loc 1 715 2 is_stmt 1 view .LVU662
 719:le_phy.c      **** 	T1MCR |= TMCR_MR1I;
 2001              		.loc 1 719 2 view .LVU663
 719:le_phy.c      **** 	T1MCR |= TMCR_MR1I;
 2002              		.loc 1 719 10 is_stmt 0 view .LVU664
 2003 00d6 8B4A     		ldr	r2, .L172+4
 2004 00d8 9368     		ldr	r3, [r2, #8]
 719:le_phy.c      **** 	T1MCR |= TMCR_MR1I;
 2005              		.loc 1 719 14 view .LVU665
 2006 00da 03F5C333 		add	r3, r3, #99840
 2007 00de A033     		adds	r3, r3, #160
 719:le_phy.c      **** 	T1MCR |= TMCR_MR1I;
 2008              		.loc 1 719 8 view .LVU666
 2009 00e0 D361     		str	r3, [r2, #28]
 720:le_phy.c      **** }
 2010              		.loc 1 720 2 is_stmt 1 view .LVU667
 2011 00e2 5369     		ldr	r3, [r2, #20]
 720:le_phy.c      **** }
 2012              		.loc 1 720 8 is_stmt 0 view .LVU668
 2013 00e4 43F00803 		orr	r3, r3, #8
 2014 00e8 5361     		str	r3, [r2, #20]
 2015              	.LVL136:
 720:le_phy.c      **** }
 2016              		.loc 1 720 8 view .LVU669
 2017              	.LBE104:
 2018              	.LBE105:
 980:le_phy.c      **** 				packet_handler(packet);
 2019              		.loc 1 980 5 is_stmt 1 view .LVU670
 2020              	.LBB106:
 2021              	.LBI106:
 746:le_phy.c      **** 	usb_pkt_rx* f = usb_enqueue();
 2022              		.loc 1 746 12 view .LVU671
 2023              	.LBB107:
 747:le_phy.c      **** 
 2024              		.loc 1 747 2 view .LVU672
 747:le_phy.c      **** 
 2025              		.loc 1 747 18 is_stmt 0 view .LVU673
 2026 00ea FFF7FEFF 		bl	usb_enqueue
 2027              	.LVL137:
 750:le_phy.c      **** 		return 0;
 2028              		.loc 1 750 2 is_stmt 1 view .LVU674
 747:le_phy.c      **** 
ARM GAS  /tmp/cc7dqibQ.s 			page 64


 2029              		.loc 1 747 18 is_stmt 0 view .LVU675
 2030 00ee 0546     		mov	r5, r0
 750:le_phy.c      **** 		return 0;
 2031              		.loc 1 750 5 view .LVU676
 2032 00f0 0028     		cmp	r0, #0
 2033 00f2 40F0D280 		bne	.L169
 2034              	.LVL138:
 2035              	.L136:
 750:le_phy.c      **** 		return 0;
 2036              		.loc 1 750 5 view .LVU677
 2037              	.LBE107:
 2038              	.LBE106:
 981:le_phy.c      **** 			}
 2039              		.loc 1 981 5 is_stmt 1 view .LVU678
 2040 00f6 039D     		ldr	r5, [sp, #12]
 2041              	.LVL139:
 2042              	.LBB109:
 2043              	.LBI109:
 874:le_phy.c      **** 	// advertising packet
 2044              		.loc 1 874 13 view .LVU679
 2045              	.LBB110:
 876:le_phy.c      **** 		switch (buf->data[0] & 0xf) {
 2046              		.loc 1 876 2 view .LVU680
 876:le_phy.c      **** 		switch (buf->data[0] & 0xf) {
 2047              		.loc 1 876 6 is_stmt 0 view .LVU681
 2048 00f8 B5F81001 		ldrh	r0, [r5, #272]
 2049 00fc FFF7FEFF 		bl	btle_channel_index
 2050              	.LVL140:
 876:le_phy.c      **** 		switch (buf->data[0] & 0xf) {
 2051              		.loc 1 876 5 discriminator 1 view .LVU682
 2052 0100 2428     		cmp	r0, #36
 877:le_phy.c      **** 			// CONNECT_REQ
 2053              		.loc 1 877 20 view .LVU683
 2054 0102 2978     		ldrb	r1, [r5]	@ zero_extendqisi2
 876:le_phy.c      **** 		switch (buf->data[0] & 0xf) {
 2055              		.loc 1 876 5 discriminator 1 view .LVU684
 2056 0104 40F21481 		bls	.L144
 877:le_phy.c      **** 			// CONNECT_REQ
 2057              		.loc 1 877 3 is_stmt 1 view .LVU685
 2058 0108 01F00F01 		and	r1, r1, #15
 2059 010c 0529     		cmp	r1, #5
 2060 010e 40F0A580 		bne	.L141
 881:le_phy.c      **** 				break;
 2061              		.loc 1 881 5 view .LVU686
 2062              	.LVL141:
 2063              	.LBB111:
 2064              	.LBI111:
 783:le_phy.c      **** 	uint32_t aa, crc_init;
 2065              		.loc 1 783 13 view .LVU687
 2066              	.LBB112:
 784:le_phy.c      **** 	uint32_t win_size, max_win_size;
 2067              		.loc 1 784 2 view .LVU688
 785:le_phy.c      **** 
 2068              		.loc 1 785 2 view .LVU689
 787:le_phy.c      **** 		return;
 2069              		.loc 1 787 2 view .LVU690
 787:le_phy.c      **** 		return;
ARM GAS  /tmp/cc7dqibQ.s 			page 65


 2070              		.loc 1 787 5 is_stmt 0 view .LVU691
 2071 0112 DBF83430 		ldr	r3, [fp, #52]
 2072 0116 002B     		cmp	r3, #0
 2073 0118 00F0A080 		beq	.L141
 790:le_phy.c      **** 		return;
 2074              		.loc 1 790 2 is_stmt 1 view .LVU692
 790:le_phy.c      **** 		return;
 2075              		.loc 1 790 5 is_stmt 0 view .LVU693
 2076 011c D5F80431 		ldr	r3, [r5, #260]
 2077 0120 272B     		cmp	r3, #39
 2078 0122 40F09B80 		bne	.L141
 794:le_phy.c      **** 		cancel_follow = 0;
 2079              		.loc 1 794 2 is_stmt 1 view .LVU694
 794:le_phy.c      **** 		cancel_follow = 0;
 2080              		.loc 1 794 6 is_stmt 0 view .LVU695
 2081 0126 3B68     		ldr	r3, [r7]
 794:le_phy.c      **** 		cancel_follow = 0;
 2082              		.loc 1 794 5 view .LVU696
 2083 0128 0BB1     		cbz	r3, .L145
 795:le_phy.c      **** 
 2084              		.loc 1 795 3 is_stmt 1 view .LVU697
 795:le_phy.c      **** 
 2085              		.loc 1 795 17 is_stmt 0 view .LVU698
 2086 012a 0023     		movs	r3, #0
 2087 012c 3B60     		str	r3, [r7]
 2088              	.L145:
 797:le_phy.c      **** 	conn.crc_init           = extract_field(buf, 18, 3);
 2089              		.loc 1 797 2 is_stmt 1 view .LVU699
 797:le_phy.c      **** 	conn.crc_init           = extract_field(buf, 18, 3);
 2090              		.loc 1 797 28 is_stmt 0 view .LVU700
 2091 012e 0422     		movs	r2, #4
 2092 0130 0E21     		movs	r1, #14
 2093 0132 2846     		mov	r0, r5
 2094 0134 FFF7FEFF 		bl	extract_field
 2095              	.LVL142:
 798:le_phy.c      **** 	conn.crc_init_reversed  = rbit(conn.crc_init);
 2096              		.loc 1 798 28 view .LVU701
 2097 0138 0322     		movs	r2, #3
 2098 013a 1221     		movs	r1, #18
 797:le_phy.c      **** 	conn.crc_init           = extract_field(buf, 18, 3);
 2099              		.loc 1 797 26 discriminator 1 view .LVU702
 2100 013c 6062     		str	r0, [r4, #36]
 798:le_phy.c      **** 	conn.crc_init_reversed  = rbit(conn.crc_init);
 2101              		.loc 1 798 2 is_stmt 1 view .LVU703
 798:le_phy.c      **** 	conn.crc_init_reversed  = rbit(conn.crc_init);
 2102              		.loc 1 798 28 is_stmt 0 view .LVU704
 2103 013e 2846     		mov	r0, r5
 2104 0140 FFF7FEFF 		bl	extract_field
 2105              	.LVL143:
 798:le_phy.c      **** 	conn.crc_init_reversed  = rbit(conn.crc_init);
 2106              		.loc 1 798 26 discriminator 1 view .LVU705
 2107 0144 A062     		str	r0, [r4, #40]
 799:le_phy.c      **** 	conn.win_size           = extract_field(buf, 21, 1);
 2108              		.loc 1 799 2 is_stmt 1 view .LVU706
 799:le_phy.c      **** 	conn.win_size           = extract_field(buf, 21, 1);
 2109              		.loc 1 799 28 is_stmt 0 view .LVU707
 2110 0146 FFF7FEFF 		bl	rbit
ARM GAS  /tmp/cc7dqibQ.s 			page 66


 2111              	.LVL144:
 800:le_phy.c      **** 	conn.win_offset         = extract_field(buf, 22, 2);
 2112              		.loc 1 800 28 view .LVU708
 2113 014a 0122     		movs	r2, #1
 2114 014c 1521     		movs	r1, #21
 799:le_phy.c      **** 	conn.win_size           = extract_field(buf, 21, 1);
 2115              		.loc 1 799 26 discriminator 1 view .LVU709
 2116 014e E062     		str	r0, [r4, #44]
 800:le_phy.c      **** 	conn.win_offset         = extract_field(buf, 22, 2);
 2117              		.loc 1 800 2 is_stmt 1 view .LVU710
 800:le_phy.c      **** 	conn.win_offset         = extract_field(buf, 22, 2);
 2118              		.loc 1 800 28 is_stmt 0 view .LVU711
 2119 0150 2846     		mov	r0, r5
 2120 0152 FFF7FEFF 		bl	extract_field
 2121              	.LVL145:
 801:le_phy.c      **** 	conn.conn_interval      = extract_field(buf, 24, 2);
 2122              		.loc 1 801 28 view .LVU712
 2123 0156 0222     		movs	r2, #2
 2124 0158 1621     		movs	r1, #22
 800:le_phy.c      **** 	conn.win_offset         = extract_field(buf, 22, 2);
 2125              		.loc 1 800 26 discriminator 1 view .LVU713
 2126 015a 84F83C00 		strb	r0, [r4, #60]
 801:le_phy.c      **** 	conn.conn_interval      = extract_field(buf, 24, 2);
 2127              		.loc 1 801 2 is_stmt 1 view .LVU714
 800:le_phy.c      **** 	conn.win_offset         = extract_field(buf, 22, 2);
 2128              		.loc 1 800 28 is_stmt 0 view .LVU715
 2129 015e 8146     		mov	r9, r0
 801:le_phy.c      **** 	conn.conn_interval      = extract_field(buf, 24, 2);
 2130              		.loc 1 801 28 view .LVU716
 2131 0160 2846     		mov	r0, r5
 2132 0162 FFF7FEFF 		bl	extract_field
 2133              	.LVL146:
 802:le_phy.c      **** 	conn.supervision_timeout = extract_field(buf, 28, 2);
 2134              		.loc 1 802 28 view .LVU717
 2135 0166 1821     		movs	r1, #24
 801:le_phy.c      **** 	conn.conn_interval      = extract_field(buf, 24, 2);
 2136              		.loc 1 801 26 discriminator 1 view .LVU718
 2137 0168 2064     		str	r0, [r4, #64]
 802:le_phy.c      **** 	conn.supervision_timeout = extract_field(buf, 28, 2);
 2138              		.loc 1 802 2 is_stmt 1 view .LVU719
 801:le_phy.c      **** 	conn.conn_interval      = extract_field(buf, 24, 2);
 2139              		.loc 1 801 28 is_stmt 0 view .LVU720
 2140 016a 8246     		mov	r10, r0
 802:le_phy.c      **** 	conn.supervision_timeout = extract_field(buf, 28, 2);
 2141              		.loc 1 802 28 view .LVU721
 2142 016c 2846     		mov	r0, r5
 2143 016e FFF7FEFF 		bl	extract_field
 2144              	.LVL147:
 803:le_phy.c      **** 	conn.hop_increment      = extract_field(buf, 35, 1) & 0x1f;
 2145              		.loc 1 803 29 view .LVU722
 2146 0172 1C21     		movs	r1, #28
 802:le_phy.c      **** 	conn.supervision_timeout = extract_field(buf, 28, 2);
 2147              		.loc 1 802 28 view .LVU723
 2148 0174 0646     		mov	r6, r0
 802:le_phy.c      **** 	conn.supervision_timeout = extract_field(buf, 28, 2);
 2149              		.loc 1 802 26 discriminator 1 view .LVU724
 2150 0176 6063     		str	r0, [r4, #52]
ARM GAS  /tmp/cc7dqibQ.s 			page 67


 803:le_phy.c      **** 	conn.hop_increment      = extract_field(buf, 35, 1) & 0x1f;
 2151              		.loc 1 803 2 is_stmt 1 view .LVU725
 803:le_phy.c      **** 	conn.hop_increment      = extract_field(buf, 35, 1) & 0x1f;
 2152              		.loc 1 803 29 is_stmt 0 view .LVU726
 2153 0178 2846     		mov	r0, r5
 2154 017a FFF7FEFF 		bl	extract_field
 2155              	.LVL148:
 804:le_phy.c      **** 
 2156              		.loc 1 804 28 view .LVU727
 2157 017e 0122     		movs	r2, #1
 803:le_phy.c      **** 	conn.hop_increment      = extract_field(buf, 35, 1) & 0x1f;
 2158              		.loc 1 803 27 discriminator 1 view .LVU728
 2159 0180 A063     		str	r0, [r4, #56]
 804:le_phy.c      **** 
 2160              		.loc 1 804 2 is_stmt 1 view .LVU729
 803:le_phy.c      **** 	conn.hop_increment      = extract_field(buf, 35, 1) & 0x1f;
 2161              		.loc 1 803 29 is_stmt 0 view .LVU730
 2162 0182 8046     		mov	r8, r0
 804:le_phy.c      **** 
 2163              		.loc 1 804 28 view .LVU731
 2164 0184 2321     		movs	r1, #35
 2165 0186 2846     		mov	r0, r5
 2166 0188 FFF7FEFF 		bl	extract_field
 2167              	.LVL149:
 806:le_phy.c      **** 		goto err_out;
 2168              		.loc 1 806 5 view .LVU732
 2169 018c 40F67A43 		movw	r3, #3194
 806:le_phy.c      **** 		goto err_out;
 2170              		.loc 1 806 29 view .LVU733
 2171 0190 B21F     		subs	r2, r6, #6
 804:le_phy.c      **** 
 2172              		.loc 1 804 54 discriminator 1 view .LVU734
 2173 0192 00F01F00 		and	r0, r0, #31
 806:le_phy.c      **** 		goto err_out;
 2174              		.loc 1 806 5 view .LVU735
 2175 0196 9A42     		cmp	r2, r3
 804:le_phy.c      **** 
 2176              		.loc 1 804 26 discriminator 1 view .LVU736
 2177 0198 84F83100 		strb	r0, [r4, #49]
 806:le_phy.c      **** 		goto err_out;
 2178              		.loc 1 806 2 is_stmt 1 view .LVU737
 806:le_phy.c      **** 		goto err_out;
 2179              		.loc 1 806 5 is_stmt 0 view .LVU738
 2180 019c 00F2AC80 		bhi	.L146
 809:le_phy.c      **** 	}
 2181              		.loc 1 809 3 is_stmt 1 view .LVU739
 809:le_phy.c      **** 	}
 2182              		.loc 1 809 22 is_stmt 0 view .LVU740
 2183 01a0 43F2D401 		movw	r1, #12500
 2184 01a4 01FB06F3 		mul	r3, r1, r6
 813:le_phy.c      **** 	if (conn.win_offset > conn.conn_interval)
 2185              		.loc 1 813 18 view .LVU741
 2186 01a8 01FB0AF2 		mul	r2, r1, r10
 814:le_phy.c      **** 		goto err_out;
 2187              		.loc 1 814 5 view .LVU742
 2188 01ac 9342     		cmp	r3, r2
 809:le_phy.c      **** 	}
ARM GAS  /tmp/cc7dqibQ.s 			page 68


 2189              		.loc 1 809 22 view .LVU743
 2190 01ae 6363     		str	r3, [r4, #52]
 813:le_phy.c      **** 	if (conn.win_offset > conn.conn_interval)
 2191              		.loc 1 813 2 is_stmt 1 view .LVU744
 813:le_phy.c      **** 	if (conn.win_offset > conn.conn_interval)
 2192              		.loc 1 813 18 is_stmt 0 view .LVU745
 2193 01b0 2264     		str	r2, [r4, #64]
 814:le_phy.c      **** 		goto err_out;
 2194              		.loc 1 814 2 is_stmt 1 view .LVU746
 814:le_phy.c      **** 		goto err_out;
 2195              		.loc 1 814 5 is_stmt 0 view .LVU747
 2196 01b2 C0F0A180 		bcc	.L146
 818:le_phy.c      **** 	max_win_size = conn.conn_interval - USEC(1250);
 2197              		.loc 1 818 2 is_stmt 1 view .LVU748
 822:le_phy.c      **** 		goto err_out;
 2198              		.loc 1 822 5 is_stmt 0 view .LVU749
 2199 01b6 43F2D302 		movw	r2, #12499
 818:le_phy.c      **** 	max_win_size = conn.conn_interval - USEC(1250);
 2200              		.loc 1 818 17 view .LVU750
 2201 01ba 5FFA89F9 		uxtb	r9, r9
 818:le_phy.c      **** 	max_win_size = conn.conn_interval - USEC(1250);
 2202              		.loc 1 818 27 view .LVU751
 2203 01be 01FB09F9 		mul	r9, r1, r9
 2204              	.LVL150:
 819:le_phy.c      **** 	if (max_win_size > MSEC(10))
 2205              		.loc 1 819 2 is_stmt 1 view .LVU752
 820:le_phy.c      **** 		max_win_size = MSEC(10);
 2206              		.loc 1 820 2 view .LVU753
 822:le_phy.c      **** 		goto err_out;
 2207              		.loc 1 822 2 view .LVU754
 822:le_phy.c      **** 		goto err_out;
 2208              		.loc 1 822 5 is_stmt 0 view .LVU755
 2209 01c2 9145     		cmp	r9, r2
 2210 01c4 40F39880 		ble	.L146
 820:le_phy.c      **** 		max_win_size = MSEC(10);
 2211              		.loc 1 820 5 view .LVU756
 2212 01c8 564A     		ldr	r2, .L172+36
 819:le_phy.c      **** 	if (max_win_size > MSEC(10))
 2213              		.loc 1 819 15 view .LVU757
 2214 01ca A3F54353 		sub	r3, r3, #12480
 2215              	.LVL151:
 819:le_phy.c      **** 	if (max_win_size > MSEC(10))
 2216              		.loc 1 819 15 view .LVU758
 2217 01ce 143B     		subs	r3, r3, #20
 820:le_phy.c      **** 		max_win_size = MSEC(10);
 2218              		.loc 1 820 5 view .LVU759
 2219 01d0 9342     		cmp	r3, r2
 2220 01d2 28BF     		it	cs
 2221 01d4 1346     		movcs	r3, r2
 822:le_phy.c      **** 		goto err_out;
 2222              		.loc 1 822 28 discriminator 1 view .LVU760
 2223 01d6 9945     		cmp	r9, r3
 2224 01d8 00F28E80 		bhi	.L146
 828:le_phy.c      **** 	if (conn.supervision_timeout < MSEC(100) || conn.supervision_timeout > SEC(32))
 2225              		.loc 1 828 2 is_stmt 1 view .LVU761
 828:le_phy.c      **** 	if (conn.supervision_timeout < MSEC(100) || conn.supervision_timeout > SEC(32))
 2226              		.loc 1 828 27 is_stmt 0 view .LVU762
ARM GAS  /tmp/cc7dqibQ.s 			page 69


 2227 01dc 02FB08F2 		mul	r2, r2, r8
 829:le_phy.c      **** 		goto err_out;
 2228              		.loc 1 829 5 view .LVU763
 2229 01e0 514B     		ldr	r3, .L172+40
 829:le_phy.c      **** 		goto err_out;
 2230              		.loc 1 829 43 view .LVU764
 2231 01e2 A2F57428 		sub	r8, r2, #999424
 2232 01e6 A8F51078 		sub	r8, r8, #576
 829:le_phy.c      **** 		goto err_out;
 2233              		.loc 1 829 5 view .LVU765
 2234 01ea 9845     		cmp	r8, r3
 828:le_phy.c      **** 	if (conn.supervision_timeout < MSEC(100) || conn.supervision_timeout > SEC(32))
 2235              		.loc 1 828 27 view .LVU766
 2236 01ec A263     		str	r2, [r4, #56]
 829:le_phy.c      **** 		goto err_out;
 2237              		.loc 1 829 2 is_stmt 1 view .LVU767
 829:le_phy.c      **** 		goto err_out;
 2238              		.loc 1 829 5 is_stmt 0 view .LVU768
 2239 01ee 00F28380 		bhi	.L146
 833:le_phy.c      **** 	if (conn.remapping.total_channels == 0)
 2240              		.loc 1 833 2 is_stmt 1 view .LVU769
 2241 01f2 4E49     		ldr	r1, .L172+44
 2242 01f4 05F11E00 		add	r0, r5, #30
 2243 01f8 FFF7FEFF 		bl	le_parse_channel_map
 2244              	.LVL152:
 834:le_phy.c      **** 		goto err_out;
 2245              		.loc 1 834 2 view .LVU770
 834:le_phy.c      **** 		goto err_out;
 2246              		.loc 1 834 5 is_stmt 0 view .LVU771
 2247 01fc D4F80031 		ldr	r3, [r4, #256]
 2248 0200 002B     		cmp	r3, #0
 2249 0202 79D0     		beq	.L146
 838:le_phy.c      **** 
 2250              		.loc 1 838 2 is_stmt 1 view .LVU772
 2251              	.LBB113:
 2252              	.LBI113:
 568:le_phy.c      **** 	T1MCR &= ~TMCR_MR2I;
 2253              		.loc 1 568 13 view .LVU773
 2254              	.LBB114:
 569:le_phy.c      **** }
 2255              		.loc 1 569 2 view .LVU774
 569:le_phy.c      **** }
 2256              		.loc 1 569 8 is_stmt 0 view .LVU775
 2257 0204 3F4A     		ldr	r2, .L172+4
 2258 0206 5369     		ldr	r3, [r2, #20]
 2259 0208 23F04003 		bic	r3, r3, #64
 2260 020c 5361     		str	r3, [r2, #20]
 2261              	.LBE114:
 2262              	.LBE113:
 840:le_phy.c      **** 	timer1_set_match(buf->timestamp + PACKET_DURATION(buf) +
 2263              		.loc 1 840 2 is_stmt 1 view .LVU776
 2264              	.LBB115:
 2265              	.LBI115:
 204:le_phy.c      **** 	conn_event.num_packets = 0;
 2266              		.loc 1 204 13 view .LVU777
 2267              	.LBB116:
 205:le_phy.c      **** 	conn_event.opened = 0;
ARM GAS  /tmp/cc7dqibQ.s 			page 70


 2268              		.loc 1 205 2 view .LVU778
 205:le_phy.c      **** 	conn_event.opened = 0;
 2269              		.loc 1 205 25 is_stmt 0 view .LVU779
 2270 020e 0023     		movs	r3, #0
 2271              	.LBE116:
 2272              	.LBE115:
 841:le_phy.c      **** 			conn.win_offset + USEC(1250) - RX_WARMUP_TIME);
 2273              		.loc 1 841 2 view .LVU780
 2274 0210 5022     		movs	r2, #80
 842:le_phy.c      **** 	return;
 2275              		.loc 1 842 33 view .LVU781
 2276 0212 206C     		ldr	r0, [r4, #64]
 2277              	.LBB118:
 2278              	.LBB117:
 205:le_phy.c      **** 	conn_event.opened = 0;
 2279              		.loc 1 205 25 view .LVU782
 2280 0214 C4F88836 		str	r3, [r4, #1672]
 206:le_phy.c      **** }
 2281              		.loc 1 206 2 is_stmt 1 view .LVU783
 206:le_phy.c      **** }
 2282              		.loc 1 206 20 is_stmt 0 view .LVU784
 2283 0218 C4F88C36 		str	r3, [r4, #1676]
 2284              	.LBE117:
 2285              	.LBE118:
 841:le_phy.c      **** 			conn.win_offset + USEC(1250) - RX_WARMUP_TIME);
 2286              		.loc 1 841 2 is_stmt 1 view .LVU785
 842:le_phy.c      **** 	return;
 2287              		.loc 1 842 33 is_stmt 0 view .LVU786
 2288 021c 00F51A50 		add	r0, r0, #9856
 2289 0220 D5F80C31 		ldr	r3, [r5, #268]
 2290 0224 2C30     		adds	r0, r0, #44
 2291 0226 1844     		add	r0, r0, r3
 841:le_phy.c      **** 			conn.win_offset + USEC(1250) - RX_WARMUP_TIME);
 2292              		.loc 1 841 34 view .LVU787
 2293 0228 D5F80431 		ldr	r3, [r5, #260]
 841:le_phy.c      **** 			conn.win_offset + USEC(1250) - RX_WARMUP_TIME);
 2294              		.loc 1 841 2 view .LVU788
 2295 022c 02FB0300 		mla	r0, r2, r3, r0
 2296 0230 FFF7FEFF 		bl	timer1_set_match
 2297              	.LVL153:
 843:le_phy.c      **** 
 2298              		.loc 1 843 2 is_stmt 1 view .LVU789
 2299 0234 12E0     		b	.L141
 2300              	.LVL154:
 2301              	.L135:
 843:le_phy.c      **** 
 2302              		.loc 1 843 2 is_stmt 0 view .LVU790
 2303              	.LBE112:
 2304              	.LBE111:
 2305              	.LBE110:
 2306              	.LBE109:
 978:le_phy.c      **** 				blink(0, 1, 0); // RX LED
 2307              		.loc 1 978 8 view .LVU791
 2308 0236 039D     		ldr	r5, [sp, #12]
 2309              	.LBB128:
 2310              	.LBB99:
 921:le_phy.c      **** 		return 1;
ARM GAS  /tmp/cc7dqibQ.s 			page 71


 2311              		.loc 1 921 2 is_stmt 1 view .LVU792
 921:le_phy.c      **** 		return 1;
 2312              		.loc 1 921 6 is_stmt 0 view .LVU793
 2313 0238 B5F81001 		ldrh	r0, [r5, #272]
 2314 023c FFF7FEFF 		bl	btle_channel_index
 2315              	.LVL155:
 921:le_phy.c      **** 		return 1;
 2316              		.loc 1 921 5 discriminator 1 view .LVU794
 2317 0240 2428     		cmp	r0, #36
 2318 0242 7FF644AF 		bls	.L138
 924:le_phy.c      **** 		// ADV_IND, ADV_NONCONN_IND, ADV_SCAN_IND, SCAN_RSP
 2319              		.loc 1 924 2 is_stmt 1 view .LVU795
 2320 0246 0123     		movs	r3, #1
 2321 0248 2A78     		ldrb	r2, [r5]	@ zero_extendqisi2
 2322 024a 02F00F02 		and	r2, r2, #15
 2323 024e 9340     		lsls	r3, r3, r2
 2324 0250 13F0550F 		tst	r3, #85
 2325 0254 0AD1     		bne	.L139
 2326 0256 13F02A0F 		tst	r3, #42
 2327 025a 11D1     		bne	.L140
 2328              	.LVL156:
 2329              	.L141:
 924:le_phy.c      **** 		// ADV_IND, ADV_NONCONN_IND, ADV_SCAN_IND, SCAN_RSP
 2330              		.loc 1 924 2 is_stmt 0 view .LVU796
 2331              	.LBE99:
 2332              	.LBE128:
 984:le_phy.c      **** 		}
 2333              		.loc 1 984 4 is_stmt 1 view .LVU797
 2334              	.LBB129:
 2335              	.LBI129:
 199:le_phy.c      **** 	buffer->available = 1;
 2336              		.loc 1 199 13 view .LVU798
 2337              	.LBB130:
 200:le_phy.c      **** }
 2338              		.loc 1 200 2 view .LVU799
 200:le_phy.c      **** }
 2339              		.loc 1 200 20 is_stmt 0 view .LVU800
 2340 025c 0122     		movs	r2, #1
 2341 025e 039B     		ldr	r3, [sp, #12]
 2342 0260 C3F81821 		str	r2, [r3, #280]
 2343              	.LVL157:
 2344              	.L134:
 200:le_phy.c      **** }
 2345              		.loc 1 200 20 view .LVU801
 2346              	.LBE130:
 2347              	.LBE129:
 988:le_phy.c      **** 
 2348              		.loc 1 988 3 is_stmt 1 view .LVU802
 2349 0264 0020     		movs	r0, #0
 2350 0266 FFF7FEFF 		bl	handle_usb
 2351              	.LVL158:
 2352 026a 03E7     		b	.L133
 2353              	.LVL159:
 2354              	.L139:
 2355              	.LBB131:
 2356              	.LBB100:
 931:le_phy.c      **** 				return 0;
ARM GAS  /tmp/cc7dqibQ.s 			page 72


 2357              		.loc 1 931 4 view .LVU803
 931:le_phy.c      **** 				return 0;
 2358              		.loc 1 931 7 is_stmt 0 view .LVU804
 2359 026c D5F80431 		ldr	r3, [r5, #260]
 2360 0270 072B     		cmp	r3, #7
 2361 0272 F3D9     		bls	.L141
 933:le_phy.c      **** 			break;
 2362              		.loc 1 933 4 is_stmt 1 view .LVU805
 933:le_phy.c      **** 			break;
 2363              		.loc 1 933 11 is_stmt 0 view .LVU806
 2364 0274 A81C     		adds	r0, r5, #2
 2365              	.L171:
 944:le_phy.c      **** 			break;
 2366              		.loc 1 944 8 view .LVU807
 2367 0276 FFF7FEFF 		bl	bd_addr_cmp
 2368              	.LVL160:
 943:le_phy.c      **** 				   bd_addr_cmp(&buf->data[8]);
 2369              		.loc 1 943 38 discriminator 3 view .LVU808
 2370 027a 0028     		cmp	r0, #0
 2371 027c EED0     		beq	.L141
 2372 027e 26E7     		b	.L138
 2373              	.L140:
 934:le_phy.c      **** 
 2374              		.loc 1 934 4 is_stmt 1 view .LVU809
 941:le_phy.c      **** 				return 0;
 2375              		.loc 1 941 4 view .LVU810
 941:le_phy.c      **** 				return 0;
 2376              		.loc 1 941 7 is_stmt 0 view .LVU811
 2377 0280 D5F80431 		ldr	r3, [r5, #260]
 2378 0284 0D2B     		cmp	r3, #13
 2379 0286 E9D9     		bls	.L141
 943:le_phy.c      **** 				   bd_addr_cmp(&buf->data[8]);
 2380              		.loc 1 943 4 is_stmt 1 view .LVU812
 943:le_phy.c      **** 				   bd_addr_cmp(&buf->data[8]);
 2381              		.loc 1 943 11 is_stmt 0 view .LVU813
 2382 0288 A81C     		adds	r0, r5, #2
 2383 028a FFF7FEFF 		bl	bd_addr_cmp
 2384              	.LVL161:
 943:le_phy.c      **** 				   bd_addr_cmp(&buf->data[8]);
 2385              		.loc 1 943 38 discriminator 1 view .LVU814
 2386 028e 0028     		cmp	r0, #0
 2387 0290 7FF41DAF 		bne	.L138
 944:le_phy.c      **** 			break;
 2388              		.loc 1 944 8 view .LVU815
 2389 0294 05F10800 		add	r0, r5, #8
 2390 0298 EDE7     		b	.L171
 2391              	.LVL162:
 2392              	.L169:
 944:le_phy.c      **** 			break;
 2393              		.loc 1 944 8 view .LVU816
 2394              	.LBE100:
 2395              	.LBE131:
 2396              	.LBB132:
 2397              	.LBB108:
 754:le_phy.c      **** 
 2398              		.loc 1 754 2 is_stmt 1 view .LVU817
 756:le_phy.c      **** 	f->clk100ns = packet->timestamp;
ARM GAS  /tmp/cc7dqibQ.s 			page 73


 2399              		.loc 1 756 15 is_stmt 0 view .LVU818
 2400 029a 4FF00008 		mov	r8, #0
 754:le_phy.c      **** 
 2401              		.loc 1 754 14 view .LVU819
 2402 029e 0123     		movs	r3, #1
 756:le_phy.c      **** 	f->clk100ns = packet->timestamp;
 2403              		.loc 1 756 15 view .LVU820
 2404 02a0 80F80380 		strb	r8, [r0, #3]
 754:le_phy.c      **** 
 2405              		.loc 1 754 14 view .LVU821
 2406 02a4 0370     		strb	r3, [r0]
 756:le_phy.c      **** 	f->clk100ns = packet->timestamp;
 2407              		.loc 1 756 2 is_stmt 1 view .LVU822
 757:le_phy.c      **** 
 2408              		.loc 1 757 2 view .LVU823
 757:le_phy.c      **** 
 2409              		.loc 1 757 14 is_stmt 0 view .LVU824
 2410 02a6 D6F80C31 		ldr	r3, [r6, #268]
 765:le_phy.c      **** 	memcpy(f->data+4, packet->data, DMA_SIZE-4);
 2411              		.loc 1 765 2 view .LVU825
 2412 02aa 06F58A71 		add	r1, r6, #276
 757:le_phy.c      **** 
 2413              		.loc 1 757 14 view .LVU826
 2414 02ae 4360     		str	r3, [r0, #4]
 759:le_phy.c      **** 	f->rssi_avg = packet->rssi_sum / packet->size;
 2415              		.loc 1 759 2 is_stmt 1 view .LVU827
 759:le_phy.c      **** 	f->rssi_avg = packet->rssi_sum / packet->size;
 2416              		.loc 1 759 15 is_stmt 0 view .LVU828
 2417 02b0 96F81031 		ldrb	r3, [r6, #272]	@ zero_extendqisi2
 765:le_phy.c      **** 	memcpy(f->data+4, packet->data, DMA_SIZE-4);
 2418              		.loc 1 765 2 view .LVU829
 2419 02b4 0E30     		adds	r0, r0, #14
 2420              	.LVL163:
 759:le_phy.c      **** 	f->rssi_avg = packet->rssi_sum / packet->size;
 2421              		.loc 1 759 15 view .LVU830
 2422 02b6 623B     		subs	r3, r3, #98
 759:le_phy.c      **** 	f->rssi_avg = packet->rssi_sum / packet->size;
 2423              		.loc 1 759 13 view .LVU831
 2424 02b8 00F80C3C 		strb	r3, [r0, #-12]
 760:le_phy.c      **** 	f->rssi_min = packet->rssi_min;
 2425              		.loc 1 760 2 is_stmt 1 view .LVU832
 760:le_phy.c      **** 	f->rssi_min = packet->rssi_min;
 2426              		.loc 1 760 33 is_stmt 0 view .LVU833
 2427 02bc D6F80421 		ldr	r2, [r6, #260]
 2428 02c0 D6F82031 		ldr	r3, [r6, #288]
 2429 02c4 B3FBF2F3 		udiv	r3, r3, r2
 760:le_phy.c      **** 	f->rssi_min = packet->rssi_min;
 2430              		.loc 1 760 14 view .LVU834
 2431 02c8 00F8043C 		strb	r3, [r0, #-4]
 761:le_phy.c      **** 	f->rssi_max = packet->rssi_max;
 2432              		.loc 1 761 2 is_stmt 1 view .LVU835
 761:le_phy.c      **** 	f->rssi_max = packet->rssi_max;
 2433              		.loc 1 761 14 is_stmt 0 view .LVU836
 2434 02cc 96F81C31 		ldrb	r3, [r6, #284]	@ zero_extendqisi2
 765:le_phy.c      **** 	memcpy(f->data+4, packet->data, DMA_SIZE-4);
 2435              		.loc 1 765 2 view .LVU837
 2436 02d0 0422     		movs	r2, #4
ARM GAS  /tmp/cc7dqibQ.s 			page 74


 761:le_phy.c      **** 	f->rssi_max = packet->rssi_max;
 2437              		.loc 1 761 14 view .LVU838
 2438 02d2 00F8053C 		strb	r3, [r0, #-5]
 762:le_phy.c      **** 	f->rssi_count = 0;
 2439              		.loc 1 762 2 is_stmt 1 view .LVU839
 762:le_phy.c      **** 	f->rssi_count = 0;
 2440              		.loc 1 762 14 is_stmt 0 view .LVU840
 2441 02d6 96F81D31 		ldrb	r3, [r6, #285]	@ zero_extendqisi2
 763:le_phy.c      **** 
 2442              		.loc 1 763 16 view .LVU841
 2443 02da 00F8038C 		strb	r8, [r0, #-3]
 762:le_phy.c      **** 	f->rssi_count = 0;
 2444              		.loc 1 762 14 view .LVU842
 2445 02de 00F8063C 		strb	r3, [r0, #-6]
 763:le_phy.c      **** 
 2446              		.loc 1 763 2 is_stmt 1 view .LVU843
 765:le_phy.c      **** 	memcpy(f->data+4, packet->data, DMA_SIZE-4);
 2447              		.loc 1 765 2 view .LVU844
 2448 02e2 FFF7FEFF 		bl	memcpy
 2449              	.LVL164:
 766:le_phy.c      **** 
 2450              		.loc 1 766 2 view .LVU845
 2451 02e6 2E22     		movs	r2, #46
 2452 02e8 3146     		mov	r1, r6
 2453 02ea 05F11200 		add	r0, r5, #18
 2454 02ee FFF7FEFF 		bl	memcpy
 2455              	.LVL165:
 768:le_phy.c      **** 
 2456              		.loc 1 768 2 view .LVU846
 768:le_phy.c      **** 
 2457              		.loc 1 768 12 is_stmt 0 view .LVU847
 2458 02f2 85F80180 		strb	r8, [r5, #1]
 770:le_phy.c      **** }
 2459              		.loc 1 770 2 is_stmt 1 view .LVU848
 770:le_phy.c      **** }
 2460              		.loc 1 770 9 is_stmt 0 view .LVU849
 2461 02f6 FEE6     		b	.L136
 2462              	.LVL166:
 2463              	.L146:
 2464              	.LDL1:
 770:le_phy.c      **** }
 2465              		.loc 1 770 9 view .LVU850
 2466              	.LBE108:
 2467              	.LBE132:
 2468              	.LBB133:
 2469              	.LBB127:
 2470              	.LBB120:
 2471              	.LBB119:
 847:le_phy.c      **** }
 2472              		.loc 1 847 2 is_stmt 1 view .LVU851
 2473 02f8 FFF7FEFF 		bl	reset_conn
 2474              	.LVL167:
 2475 02fc AEE7     		b	.L141
 2476              	.L173:
 2477 02fe 00BF     		.align	2
 2478              	.L172:
 2479 0300 00000000 		.word	.LANCHOR0
ARM GAS  /tmp/cc7dqibQ.s 			page 75


 2480 0304 00800040 		.word	1073774592
 2481 0308 00000000 		.word	cancel_follow
 2482 030c 00000000 		.word	le_adv_channel
 2483 0310 00000000 		.word	le
 2484 0314 D6BE898E 		.word	-1903575338
 2485 0318 00000000 		.word	requested_mode
 2486 031c 00C00920 		.word	537509888
 2487 0320 90060000 		.word	.LANCHOR0+1680
 2488 0324 A0860100 		.word	100000
 2489 0328 C08D0313 		.word	319000000
 2490 032c 44000000 		.word	.LANCHOR0+68
 2491              	.LVL168:
 2492              	.L144:
 847:le_phy.c      **** }
 2493              		.loc 1 847 2 is_stmt 0 view .LVU852
 2494              	.LBE119:
 2495              	.LBE120:
 889:le_phy.c      **** 			switch (buf->data[2]) {
 2496              		.loc 1 889 3 is_stmt 1 view .LVU853
 889:le_phy.c      **** 			switch (buf->data[2]) {
 2497              		.loc 1 889 6 is_stmt 0 view .LVU854
 2498 0330 01F00301 		and	r1, r1, #3
 2499 0334 0329     		cmp	r1, #3
 2500 0336 91D1     		bne	.L141
 889:le_phy.c      **** 			switch (buf->data[2]) {
 2501              		.loc 1 889 49 discriminator 1 view .LVU855
 2502 0338 6B78     		ldrb	r3, [r5, #1]	@ zero_extendqisi2
 889:le_phy.c      **** 			switch (buf->data[2]) {
 2503              		.loc 1 889 37 discriminator 1 view .LVU856
 2504 033a 002B     		cmp	r3, #0
 2505 033c 8ED0     		beq	.L141
 890:le_phy.c      **** 				// LE_CONNECTION_UPDATE_REQ -- update connection parameters
 2506              		.loc 1 890 4 is_stmt 1 view .LVU857
 890:le_phy.c      **** 				// LE_CONNECTION_UPDATE_REQ -- update connection parameters
 2507              		.loc 1 890 21 is_stmt 0 view .LVU858
 2508 033e AA78     		ldrb	r2, [r5, #2]	@ zero_extendqisi2
 890:le_phy.c      **** 				// LE_CONNECTION_UPDATE_REQ -- update connection parameters
 2509              		.loc 1 890 4 view .LVU859
 2510 0340 8AB1     		cbz	r2, .L147
 2511 0342 012A     		cmp	r2, #1
 2512 0344 8AD1     		bne	.L141
 899:le_phy.c      **** 						channel_map_update_handler(buf);
 2513              		.loc 1 899 6 is_stmt 1 view .LVU860
 899:le_phy.c      **** 						channel_map_update_handler(buf);
 2514              		.loc 1 899 9 is_stmt 0 view .LVU861
 2515 0346 082B     		cmp	r3, #8
 2516 0348 88D1     		bne	.L141
 900:le_phy.c      **** 					break;
 2517              		.loc 1 900 7 is_stmt 1 view .LVU862
 2518              	.LVL169:
 2519              	.LBB121:
 2520              	.LBI121:
 868:le_phy.c      **** 	conn.channel_map_update_pending = 1;
 2521              		.loc 1 868 13 view .LVU863
 2522              	.LBB122:
 869:le_phy.c      **** 	conn.channel_map_update_instant = extract_field(buf, 8, 2);
 2523              		.loc 1 869 2 view .LVU864
ARM GAS  /tmp/cc7dqibQ.s 			page 76


 870:le_phy.c      **** 	le_parse_channel_map(&buf->data[3], &conn.pending_remapping);
 2524              		.loc 1 870 36 is_stmt 0 view .LVU865
 2525 034a 1946     		mov	r1, r3
 869:le_phy.c      **** 	conn.channel_map_update_instant = extract_field(buf, 8, 2);
 2526              		.loc 1 869 34 view .LVU866
 2527 034c C4F82421 		str	r2, [r4, #292]
 870:le_phy.c      **** 	le_parse_channel_map(&buf->data[3], &conn.pending_remapping);
 2528              		.loc 1 870 2 is_stmt 1 view .LVU867
 870:le_phy.c      **** 	le_parse_channel_map(&buf->data[3], &conn.pending_remapping);
 2529              		.loc 1 870 36 is_stmt 0 view .LVU868
 2530 0350 2846     		mov	r0, r5
 2531 0352 0222     		movs	r2, #2
 2532 0354 FFF7FEFF 		bl	extract_field
 2533              	.LVL170:
 871:le_phy.c      **** }
 2534              		.loc 1 871 2 view .LVU869
 2535 0358 2049     		ldr	r1, .L174
 870:le_phy.c      **** 	le_parse_channel_map(&buf->data[3], &conn.pending_remapping);
 2536              		.loc 1 870 34 discriminator 1 view .LVU870
 2537 035a A4F82801 		strh	r0, [r4, #296]	@ movhi
 871:le_phy.c      **** }
 2538              		.loc 1 871 2 is_stmt 1 view .LVU871
 2539 035e E81C     		adds	r0, r5, #3
 2540 0360 FFF7FEFF 		bl	le_parse_channel_map
 2541              	.LVL171:
 872:le_phy.c      **** 
 2542              		.loc 1 872 1 is_stmt 0 view .LVU872
 2543 0364 7AE7     		b	.L141
 2544              	.L147:
 2545              	.LBE122:
 2546              	.LBE121:
 893:le_phy.c      **** 						connection_update_handler(buf);
 2547              		.loc 1 893 6 is_stmt 1 view .LVU873
 893:le_phy.c      **** 						connection_update_handler(buf);
 2548              		.loc 1 893 9 is_stmt 0 view .LVU874
 2549 0366 0C2B     		cmp	r3, #12
 2550 0368 7FF478AF 		bne	.L141
 2551              	.LBB123:
 2552              	.LBB124:
 851:le_phy.c      **** 	conn.win_offset          = extract_field(buf, 4, 2);
 2553              		.loc 1 851 29 view .LVU875
 2554 036c 0122     		movs	r2, #1
 2555 036e 2846     		mov	r0, r5
 2556 0370 0193     		str	r3, [sp, #4]
 2557              	.LBE124:
 2558              	.LBE123:
 894:le_phy.c      **** 					break;
 2559              		.loc 1 894 7 is_stmt 1 view .LVU876
 2560              	.LVL172:
 2561              	.LBB126:
 2562              	.LBI123:
 850:le_phy.c      **** 	conn.win_size            = extract_field(buf, 3, 1);
 2563              		.loc 1 850 13 view .LVU877
 2564              	.LBB125:
 851:le_phy.c      **** 	conn.win_offset          = extract_field(buf, 4, 2);
 2565              		.loc 1 851 2 view .LVU878
 851:le_phy.c      **** 	conn.win_offset          = extract_field(buf, 4, 2);
ARM GAS  /tmp/cc7dqibQ.s 			page 77


 2566              		.loc 1 851 29 is_stmt 0 view .LVU879
 2567 0372 FFF7FEFF 		bl	extract_field
 2568              	.LVL173:
 852:le_phy.c      **** 	conn.conn_update_pending_interval = extract_field(buf, 6, 2);
 2569              		.loc 1 852 29 view .LVU880
 2570 0376 0222     		movs	r2, #2
 851:le_phy.c      **** 	conn.win_offset          = extract_field(buf, 4, 2);
 2571              		.loc 1 851 29 view .LVU881
 2572 0378 0646     		mov	r6, r0
 852:le_phy.c      **** 	conn.conn_update_pending_interval = extract_field(buf, 6, 2);
 2573              		.loc 1 852 2 is_stmt 1 view .LVU882
 852:le_phy.c      **** 	conn.conn_update_pending_interval = extract_field(buf, 6, 2);
 2574              		.loc 1 852 29 is_stmt 0 view .LVU883
 2575 037a 0421     		movs	r1, #4
 2576 037c 2846     		mov	r0, r5
 2577 037e FFF7FEFF 		bl	extract_field
 2578              	.LVL174:
 853:le_phy.c      **** 	conn.conn_update_pending_supervision_timeout = extract_field(buf, 10, 2);
 2579              		.loc 1 853 38 view .LVU884
 2580 0382 0621     		movs	r1, #6
 852:le_phy.c      **** 	conn.conn_update_pending_interval = extract_field(buf, 6, 2);
 2581              		.loc 1 852 29 view .LVU885
 2582 0384 8246     		mov	r10, r0
 853:le_phy.c      **** 	conn.conn_update_pending_supervision_timeout = extract_field(buf, 10, 2);
 2583              		.loc 1 853 2 is_stmt 1 view .LVU886
 853:le_phy.c      **** 	conn.conn_update_pending_supervision_timeout = extract_field(buf, 10, 2);
 2584              		.loc 1 853 38 is_stmt 0 view .LVU887
 2585 0386 2846     		mov	r0, r5
 2586 0388 FFF7FEFF 		bl	extract_field
 2587              	.LVL175:
 854:le_phy.c      **** 	conn.conn_update_instant = extract_field(buf, 12, 2);
 2588              		.loc 1 854 49 view .LVU888
 2589 038c 0A21     		movs	r1, #10
 853:le_phy.c      **** 	conn.conn_update_pending_supervision_timeout = extract_field(buf, 10, 2);
 2590              		.loc 1 853 38 view .LVU889
 2591 038e 8146     		mov	r9, r0
 854:le_phy.c      **** 	conn.conn_update_instant = extract_field(buf, 12, 2);
 2592              		.loc 1 854 2 is_stmt 1 view .LVU890
 854:le_phy.c      **** 	conn.conn_update_instant = extract_field(buf, 12, 2);
 2593              		.loc 1 854 49 is_stmt 0 view .LVU891
 2594 0390 2846     		mov	r0, r5
 2595 0392 FFF7FEFF 		bl	extract_field
 2596              	.LVL176:
 855:le_phy.c      **** 
 2597              		.loc 1 855 29 view .LVU892
 2598 0396 0199     		ldr	r1, [sp, #4]
 854:le_phy.c      **** 	conn.conn_update_instant = extract_field(buf, 12, 2);
 2599              		.loc 1 854 49 view .LVU893
 2600 0398 8046     		mov	r8, r0
 855:le_phy.c      **** 
 2601              		.loc 1 855 2 is_stmt 1 view .LVU894
 855:le_phy.c      **** 
 2602              		.loc 1 855 29 is_stmt 0 view .LVU895
 2603 039a 2846     		mov	r0, r5
 2604 039c FFF7FEFF 		bl	extract_field
 2605              	.LVL177:
 860:le_phy.c      **** 	conn.win_offset *= USEC(1250);
ARM GAS  /tmp/cc7dqibQ.s 			page 78


 2606              		.loc 1 860 18 view .LVU896
 2607 03a0 06EB4603 		add	r3, r6, r6, lsl #1
 2608 03a4 06EB8303 		add	r3, r6, r3, lsl #2
 2609 03a8 06EB8306 		add	r6, r6, r3, lsl #2
 2610 03ac 9640     		lsls	r6, r6, r2
 861:le_phy.c      **** 	conn.conn_update_pending_interval *= USEC(1250);
 2611              		.loc 1 861 18 view .LVU897
 2612 03ae 43F2D402 		movw	r2, #12500
 2613 03b2 02FB0AF3 		mul	r3, r2, r10
 2614 03b6 2364     		str	r3, [r4, #64]
 863:le_phy.c      **** 
 2615              		.loc 1 863 47 view .LVU898
 2616 03b8 094B     		ldr	r3, .L174+4
 862:le_phy.c      **** 	conn.conn_update_pending_supervision_timeout *= MSEC(10);
 2617              		.loc 1 862 36 view .LVU899
 2618 03ba 02FB09F2 		mul	r2, r2, r9
 863:le_phy.c      **** 
 2619              		.loc 1 863 47 view .LVU900
 2620 03be 03FB08F3 		mul	r3, r3, r8
 2621 03c2 C4F81C31 		str	r3, [r4, #284]
 865:le_phy.c      **** }
 2622              		.loc 1 865 27 view .LVU901
 2623 03c6 0123     		movs	r3, #1
 855:le_phy.c      **** 
 2624              		.loc 1 855 27 discriminator 1 view .LVU902
 2625 03c8 A4F82001 		strh	r0, [r4, #288]	@ movhi
 860:le_phy.c      **** 	conn.win_offset *= USEC(1250);
 2626              		.loc 1 860 2 is_stmt 1 view .LVU903
 860:le_phy.c      **** 	conn.win_offset *= USEC(1250);
 2627              		.loc 1 860 18 is_stmt 0 view .LVU904
 2628 03cc 84F83C60 		strb	r6, [r4, #60]
 861:le_phy.c      **** 	conn.conn_update_pending_interval *= USEC(1250);
 2629              		.loc 1 861 2 is_stmt 1 view .LVU905
 862:le_phy.c      **** 	conn.conn_update_pending_supervision_timeout *= MSEC(10);
 2630              		.loc 1 862 2 view .LVU906
 862:le_phy.c      **** 	conn.conn_update_pending_supervision_timeout *= MSEC(10);
 2631              		.loc 1 862 36 is_stmt 0 view .LVU907
 2632 03d0 C4F81821 		str	r2, [r4, #280]
 863:le_phy.c      **** 
 2633              		.loc 1 863 2 is_stmt 1 view .LVU908
 865:le_phy.c      **** }
 2634              		.loc 1 865 2 view .LVU909
 865:le_phy.c      **** }
 2635              		.loc 1 865 27 is_stmt 0 view .LVU910
 2636 03d4 C4F81431 		str	r3, [r4, #276]
 2637              	.LVL178:
 866:le_phy.c      **** 
 2638              		.loc 1 866 1 view .LVU911
 2639 03d8 40E7     		b	.L141
 2640              	.L175:
 2641 03da 00BF     		.align	2
 2642              	.L174:
 2643 03dc 2C010000 		.word	.LANCHOR0+300
 2644 03e0 A0860100 		.word	100000
 2645              	.LBE125:
 2646              	.LBE126:
 2647              	.LBE127:
ARM GAS  /tmp/cc7dqibQ.s 			page 79


 2648              	.LBE133:
 2649              	.LBE138:
 2650              		.cfi_endproc
 2651              	.LFE32:
 2653              		.global	conn_event
 2654              		.global	conn
 2655              		.global	packet_queue
 2656              		.global	le_dma_dest
 2657              		.global	rf_channel
 2658              		.section	.rodata
 2659              		.set	.LANCHOR1,. + 0
 2662              	whitening_index:
 2663 0000 463E786F 		.ascii	"F>xoM.\017eB'\037\032PS}Y\012#\0106z\021!\000:s\006"
 2663      4D2E0F65 
 2663      42271F1A 
 2663      50537D59 
 2663      0A230836 
 2664 001b 5E563134 		.ascii	"^V14\024(\033TZ?p/f"
 2664      14281B54 
 2664      5A3F702F 
 2664      66
 2667              	whitening:
 2668 0028 01010101 		.ascii	"\001\001\001\001\000\001\000\001\000\001\000\000\000"
 2668      00010001 
 2668      00010000 
 2668      00
 2669 0035 00010001 		.ascii	"\000\001\000\001\001\000\001\001\001\001\000\000\001"
 2669      01000101 
 2669      01010000 
 2669      01
 2670 0042 01010000 		.ascii	"\001\001\000\000\001\000\001\000\001\001\000\000\001"
 2670      01000100 
 2670      01010000 
 2670      01
 2671 004f 01000000 		.ascii	"\001\000\000\000\000\000\001\001\000\001\001\000\001"
 2671      00000101 
 2671      00010100 
 2671      01
 2672 005c 00010101 		.ascii	"\000\001\001\001\000\001\000\000\000\001\001\000\000"
 2672      00010000 
 2672      00010100 
 2672      00
 2673 0069 01000000 		.ascii	"\001\000\000\000\001\000\000\000\000\000\000\001\000"
 2673      01000000 
 2673      00000001 
 2673      00
 2674 0076 00010000 		.ascii	"\000\001\000\000\001\001\000\001\000\000\001\001\001"
 2674      01010001 
 2674      00000101 
 2674      01
 2675 0083 01000101 		.ascii	"\001\000\001\001\001\000\000\000\000\001\001\001\001"
 2675      01000000 
 2675      00010101 
 2675      01
 2676 0090 01010100 		.ascii	"\001\001\001\000\000\000\001\001\001\000\001\001\000"
 2676      00000101 
 2676      01000101 
ARM GAS  /tmp/cc7dqibQ.s 			page 80


 2676      00
 2677 009d 00000100 		.ascii	"\000\000\001\000\001\000\000\001\000\001"
 2677      01000001 
 2677      0001
 2678              		.bss
 2679              		.align	2
 2680              		.set	.LANCHOR0,. + 0
 2683              	le_dma_lli.0:
 2684 0000 00000000 		.space	32
 2684      00000000 
 2684      00000000 
 2684      00000000 
 2684      00000000 
 2687              	le_dma_dest:
 2688 0020 0000     		.space	2
 2689 0022 0000     		.space	2
 2692              	conn:
 2693 0024 00000000 		.space	456
 2693      00000000 
 2693      00000000 
 2693      00000000 
 2693      00000000 
 2696              	le_buffer_pool:
 2697 01ec 00000000 		.space	1168
 2697      00000000 
 2697      00000000 
 2697      00000000 
 2697      00000000 
 2700              	rf_channel:
 2701 067c 0000     		.space	2
 2702 067e 0000     		.space	2
 2705              	current_rxbuf:
 2706 0680 00000000 		.space	4
 2709              	conn_event:
 2710 0684 00000000 		.space	12
 2710      00000000 
 2710      00000000 
 2713              	packet_queue:
 2714 0690 00000000 		.space	48
 2714      00000000 
 2714      00000000 
 2714      00000000 
 2714      00000000 
 2715              		.text
 2716              	.Letext0:
 2717              		.file 2 "/usr/arm-none-eabi/include/machine/_default_types.h"
 2718              		.file 3 "/usr/lib/gcc/arm-none-eabi/15/include/stddef.h"
 2719              		.file 4 "/usr/arm-none-eabi/include/sys/_stdint.h"
 2720              		.file 5 "../../host/libubertooth/src/ubertooth_interface.h"
 2721              		.file 6 "../common/ubertooth.h"
 2722              		.file 7 "bluetooth_le.h"
 2723              		.file 8 "queue.h"
 2724              		.file 9 "ubertooth_usb.h"
 2725              		.file 10 "ubertooth_clock.h"
 2726              		.file 11 "/usr/arm-none-eabi/include/string.h"
 2727              		.file 12 "ubertooth_dma.h"
 2728              		.file 13 "<built-in>"
ARM GAS  /tmp/cc7dqibQ.s 			page 81


ARM GAS  /tmp/cc7dqibQ.s 			page 82


DEFINED SYMBOLS
                            *ABS*:00000000 le_phy.c
     /tmp/cc7dqibQ.s:19     .text.le_dma_init:00000000 $t
     /tmp/cc7dqibQ.s:24     .text.le_dma_init:00000000 le_dma_init
     /tmp/cc7dqibQ.s:94     .text.le_dma_init:00000040 $d
     /tmp/cc7dqibQ.s:102    .text.timer1_set_match:00000000 $t
     /tmp/cc7dqibQ.s:107    .text.timer1_set_match:00000000 timer1_set_match
     /tmp/cc7dqibQ.s:130    .text.timer1_set_match:00000010 $d
     /tmp/cc7dqibQ.s:135    .text.timer1_wait_fs_lock:00000000 $t
     /tmp/cc7dqibQ.s:140    .text.timer1_wait_fs_lock:00000000 timer1_wait_fs_lock
     /tmp/cc7dqibQ.s:165    .text.timer1_wait_fs_lock:00000014 $d
     /tmp/cc7dqibQ.s:170    .text.timer1_wait_buffer:00000000 $t
     /tmp/cc7dqibQ.s:175    .text.timer1_wait_buffer:00000000 timer1_wait_buffer
     /tmp/cc7dqibQ.s:200    .text.timer1_wait_buffer:00000014 $d
     /tmp/cc7dqibQ.s:205    .text.extract_field:00000000 $t
     /tmp/cc7dqibQ.s:210    .text.extract_field:00000000 extract_field
     /tmp/cc7dqibQ.s:261    .text.bd_addr_cmp:00000000 $t
     /tmp/cc7dqibQ.s:266    .text.bd_addr_cmp:00000000 bd_addr_cmp
     /tmp/cc7dqibQ.s:317    .text.bd_addr_cmp:00000024 $d
     /tmp/cc7dqibQ.s:322    .text.reset_conn:00000000 $t
     /tmp/cc7dqibQ.s:327    .text.reset_conn:00000000 reset_conn
     /tmp/cc7dqibQ.s:353    .text.reset_conn:00000018 $d
     /tmp/cc7dqibQ.s:359    .text.buffer_get:00000000 $t
     /tmp/cc7dqibQ.s:364    .text.buffer_get:00000000 buffer_get
     /tmp/cc7dqibQ.s:452    .text.buffer_get:00000050 $d
     /tmp/cc7dqibQ.s:458    .text.le_cc2400_init_rf:00000000 $t
     /tmp/cc7dqibQ.s:463    .text.le_cc2400_init_rf:00000000 le_cc2400_init_rf
     /tmp/cc7dqibQ.s:558    .text.le_cc2400_init_rf:00000070 $d
     /tmp/cc7dqibQ.s:563    .text.change_channel:00000000 $t
     /tmp/cc7dqibQ.s:568    .text.change_channel:00000000 change_channel
     /tmp/cc7dqibQ.s:718    .text.change_channel:000000a0 $d
     /tmp/cc7dqibQ.s:726    .text.finish_conn_event:00000000 $t
     /tmp/cc7dqibQ.s:731    .text.finish_conn_event:00000000 finish_conn_event
     /tmp/cc7dqibQ.s:931    .text.finish_conn_event:000000b8 $d
     /tmp/cc7dqibQ.s:938    .text.le_DMA_IRQHandler:00000000 $t
     /tmp/cc7dqibQ.s:944    .text.le_DMA_IRQHandler:00000000 le_DMA_IRQHandler
     /tmp/cc7dqibQ.s:1352   .text.le_DMA_IRQHandler:000001b0 $d
     /tmp/cc7dqibQ.s:1362   .text.TIMER1_IRQHandler:00000000 $t
     /tmp/cc7dqibQ.s:1368   .text.TIMER1_IRQHandler:00000000 TIMER1_IRQHandler
     /tmp/cc7dqibQ.s:1713   .text.TIMER1_IRQHandler:00000184 $d
     /tmp/cc7dqibQ.s:1721   .text.le_phy_main:00000000 $t
     /tmp/cc7dqibQ.s:1727   .text.le_phy_main:00000000 le_phy_main
     /tmp/cc7dqibQ.s:2479   .text.le_phy_main:00000300 $d
     /tmp/cc7dqibQ.s:2498   .text.le_phy_main:00000330 $t
     /tmp/cc7dqibQ.s:2643   .text.le_phy_main:000003dc $d
     /tmp/cc7dqibQ.s:2709   .bss:00000684 conn_event
     /tmp/cc7dqibQ.s:2692   .bss:00000024 conn
     /tmp/cc7dqibQ.s:2713   .bss:00000690 packet_queue
     /tmp/cc7dqibQ.s:2687   .bss:00000020 le_dma_dest
     /tmp/cc7dqibQ.s:2700   .bss:0000067c rf_channel
     /tmp/cc7dqibQ.s:2662   .rodata:00000000 whitening_index
     /tmp/cc7dqibQ.s:2667   .rodata:00000028 whitening
     /tmp/cc7dqibQ.s:2679   .bss:00000000 $d
     /tmp/cc7dqibQ.s:2683   .bss:00000000 le_dma_lli.0
     /tmp/cc7dqibQ.s:2696   .bss:000001ec le_buffer_pool
     /tmp/cc7dqibQ.s:2705   .bss:00000680 current_rxbuf

ARM GAS  /tmp/cc7dqibQ.s 			page 83


UNDEFINED SYMBOLS
le
memset
rbit
cc2400_set
cc2400_status
cc2400_strobe
dio_ssp_start
btle_channel_index_to_phys
le_map_channel
le_adv_channel
cancel_follow
cc2400_get
btle_channel_index
queue_insert
memcpy
clkn_disable
queue_init
usb_queue_init
dio_ssp_init
clkn_init
queue_remove
le_dewhiten
usb_enqueue
le_parse_channel_map
handle_usb
requested_mode
