ARM GAS  /tmp/ccrAXmTj.s 			page 1


   1              		.cpu cortex-m3
   2              		.arch armv7-m
   3              		.fpu softvfp
   4              		.eabi_attribute 20, 1
   5              		.eabi_attribute 21, 1
   6              		.eabi_attribute 23, 3
   7              		.eabi_attribute 24, 1
   8              		.eabi_attribute 25, 1
   9              		.eabi_attribute 26, 1
  10              		.eabi_attribute 30, 2
  11              		.eabi_attribute 34, 1
  12              		.eabi_attribute 18, 4
  13              		.file	"ubertooth.c"
  14              		.text
  15              	.Ltext0:
  16              		.cfi_sections	.debug_frame
  17              		.file 1 "../common/ubertooth.c"
  18              		.section	.text.wait,"ax",%progbits
  19              		.align	1
  20              		.p2align 2,,3
  21              		.global	wait
  22              		.syntax unified
  23              		.thumb
  24              		.thumb_func
  26              	wait:
  27              	.LVL0:
  28              	.LFB0:
   1:../common/ubertooth.c **** /*
   2:../common/ubertooth.c ****  * Copyright 2010, 2011 Michael Ossmann
   3:../common/ubertooth.c ****  *
   4:../common/ubertooth.c ****  * This file is part of Project Ubertooth.
   5:../common/ubertooth.c ****  *
   6:../common/ubertooth.c ****  * This program is free software; you can redistribute it and/or modify
   7:../common/ubertooth.c ****  * it under the terms of the GNU General Public License as published by
   8:../common/ubertooth.c ****  * the Free Software Foundation; either version 2, or (at your option)
   9:../common/ubertooth.c ****  * any later version.
  10:../common/ubertooth.c ****  *
  11:../common/ubertooth.c ****  * This program is distributed in the hope that it will be useful,
  12:../common/ubertooth.c ****  * but WITHOUT ANY WARRANTY; without even the implied warranty of
  13:../common/ubertooth.c ****  * MERCHANTABILITY or FITNESS FOR A PARTICULAR PURPOSE.  See the
  14:../common/ubertooth.c ****  * GNU General Public License for more details.
  15:../common/ubertooth.c ****  *
  16:../common/ubertooth.c ****  * You should have received a copy of the GNU General Public License
  17:../common/ubertooth.c ****  * along with this program; see the file COPYING.  If not, write to
  18:../common/ubertooth.c ****  * the Free Software Foundation, Inc., 51 Franklin Street,
  19:../common/ubertooth.c ****  * Boston, MA 02110-1301, USA.
  20:../common/ubertooth.c ****  */
  21:../common/ubertooth.c **** 
  22:../common/ubertooth.c **** #include "ubertooth.h"
  23:../common/ubertooth.c **** 
  24:../common/ubertooth.c **** #define IAP_LOCATION 0x1FFF1FF1
  25:../common/ubertooth.c **** const IAP_ENTRY iap_entry = (IAP_ENTRY)IAP_LOCATION;
  26:../common/ubertooth.c **** 
  27:../common/ubertooth.c **** /* delay a number of seconds while on internal oscillator (4 MHz) */
  28:../common/ubertooth.c **** void wait(u8 seconds)
  29:../common/ubertooth.c **** {
  29              		.loc 1 29 1 view -0
ARM GAS  /tmp/ccrAXmTj.s 			page 2


  30              		.cfi_startproc
  31              		@ args = 0, pretend = 0, frame = 0
  32              		@ frame_needed = 0, uses_anonymous_args = 0
  33              		@ link register save eliminated.
  34              		.loc 1 29 1 is_stmt 0 view .LVU1
  30:../common/ubertooth.c **** 	wait_us(seconds * 1000000);
  35              		.loc 1 30 2 is_stmt 1 view .LVU2
  36              		.loc 1 30 18 is_stmt 0 view .LVU3
  37 0000 0A4B     		ldr	r3, .L5
  38              	.LBB58:
  39              	.LBB59:
  31:../common/ubertooth.c **** }
  32:../common/ubertooth.c **** 
  33:../common/ubertooth.c **** /* delay a number of milliseconds while on internal oscillator (4 MHz) */
  34:../common/ubertooth.c **** void wait_ms(u32 ms)
  35:../common/ubertooth.c **** {
  36:../common/ubertooth.c **** 	wait_us(ms * 1000);
  37:../common/ubertooth.c **** }
  38:../common/ubertooth.c **** 
  39:../common/ubertooth.c **** /* efficiently reverse the bits of a 32-bit word */
  40:../common/ubertooth.c **** u32 rbit(u32 value) {
  41:../common/ubertooth.c ****   u32 result = 0;
  42:../common/ubertooth.c ****   asm("rbit %0, %1" : "=r" (result) : "r" (value));
  43:../common/ubertooth.c ****   return result;
  44:../common/ubertooth.c **** }
  45:../common/ubertooth.c **** 
  46:../common/ubertooth.c **** /* delay a number of microseconds while on internal oscillator (4 MHz) */
  47:../common/ubertooth.c **** /* we only have a resolution of 1000/400, so to the nearest 2.5        */
  48:../common/ubertooth.c **** static volatile u32 wait_us_counter;
  49:../common/ubertooth.c **** void wait_us(u32 us)
  50:../common/ubertooth.c **** {
  51:../common/ubertooth.c **** 	/* This is binary multiply by ~0.3999, i.e, multiply by
  52:../common/ubertooth.c **** 	   0.011011011b. The loop also contains 6 instructions at -Os, so
  53:../common/ubertooth.c **** 	   why this factor works is not at all related to the comment
  54:../common/ubertooth.c **** 	   above ;-) */
  55:../common/ubertooth.c **** 	wait_us_counter =
  40              		.loc 1 55 18 view .LVU4
  41 0002 0B4A     		ldr	r2, .L5+4
  42              	.LBE59:
  43              	.LBE58:
  30:../common/ubertooth.c **** 	wait_us(seconds * 1000000);
  44              		.loc 1 30 18 view .LVU5
  45 0004 03FB00F0 		mul	r0, r3, r0
  46              	.LVL1:
  47              	.LBB61:
  48              	.LBI58:
  49:../common/ubertooth.c **** {
  49              		.loc 1 49 6 is_stmt 1 view .LVU6
  50              	.LBB60:
  51              		.loc 1 55 2 view .LVU7
  56:../common/ubertooth.c **** 		(us>>2) + (us>>3) + (us>>6) + (us>>7) + (us>>10) + (us>>11);
  52              		.loc 1 56 16 is_stmt 0 view .LVU8
  53 0008 C308     		lsrs	r3, r0, #3
  54              		.loc 1 56 11 view .LVU9
  55 000a 03EB9003 		add	r3, r3, r0, lsr #2
  56              		.loc 1 56 21 view .LVU10
  57 000e 03EB9013 		add	r3, r3, r0, lsr #6
ARM GAS  /tmp/ccrAXmTj.s 			page 3


  58              		.loc 1 56 31 view .LVU11
  59 0012 03EBD013 		add	r3, r3, r0, lsr #7
  60              		.loc 1 56 41 view .LVU12
  61 0016 03EB9023 		add	r3, r3, r0, lsr #10
  62              		.loc 1 56 52 view .LVU13
  63 001a 03EBD023 		add	r3, r3, r0, lsr #11
  55:../common/ubertooth.c **** 		(us>>2) + (us>>3) + (us>>6) + (us>>7) + (us>>10) + (us>>11);
  64              		.loc 1 55 18 view .LVU14
  65 001e 1360     		str	r3, [r2]
  57:../common/ubertooth.c **** 	while(--wait_us_counter);
  66              		.loc 1 57 2 is_stmt 1 view .LVU15
  67              	.L2:
  68              		.loc 1 57 8 discriminator 1 view .LVU16
  69 0020 1368     		ldr	r3, [r2]
  70 0022 013B     		subs	r3, r3, #1
  71 0024 1360     		str	r3, [r2]
  72 0026 002B     		cmp	r3, #0
  73 0028 FAD1     		bne	.L2
  74              	.LBE60:
  75              	.LBE61:
  31:../common/ubertooth.c **** 
  76              		.loc 1 31 1 is_stmt 0 view .LVU17
  77 002a 7047     		bx	lr
  78              	.L6:
  79              		.align	2
  80              	.L5:
  81 002c 40420F00 		.word	1000000
  82 0030 00000000 		.word	.LANCHOR0
  83              		.cfi_endproc
  84              	.LFE0:
  86              		.section	.text.wait_ms,"ax",%progbits
  87              		.align	1
  88              		.p2align 2,,3
  89              		.global	wait_ms
  90              		.syntax unified
  91              		.thumb
  92              		.thumb_func
  94              	wait_ms:
  95              	.LVL2:
  96              	.LFB1:
  35:../common/ubertooth.c **** 	wait_us(ms * 1000);
  97              		.loc 1 35 1 is_stmt 1 view -0
  98              		.cfi_startproc
  99              		@ args = 0, pretend = 0, frame = 0
 100              		@ frame_needed = 0, uses_anonymous_args = 0
 101              		@ link register save eliminated.
  35:../common/ubertooth.c **** 	wait_us(ms * 1000);
 102              		.loc 1 35 1 is_stmt 0 view .LVU19
  36:../common/ubertooth.c **** }
 103              		.loc 1 36 2 is_stmt 1 view .LVU20
  36:../common/ubertooth.c **** }
 104              		.loc 1 36 13 is_stmt 0 view .LVU21
 105 0000 4FF47A73 		mov	r3, #1000
 106 0004 03FB00F0 		mul	r0, r3, r0
 107              	.LVL3:
 108              	.LBB64:
 109              	.LBI64:
ARM GAS  /tmp/ccrAXmTj.s 			page 4


  49:../common/ubertooth.c **** {
 110              		.loc 1 49 6 is_stmt 1 view .LVU22
 111              	.LBB65:
  55:../common/ubertooth.c **** 		(us>>2) + (us>>3) + (us>>6) + (us>>7) + (us>>10) + (us>>11);
 112              		.loc 1 55 2 view .LVU23
  56:../common/ubertooth.c **** 	while(--wait_us_counter);
 113              		.loc 1 56 16 is_stmt 0 view .LVU24
 114 0008 C308     		lsrs	r3, r0, #3
  56:../common/ubertooth.c **** 	while(--wait_us_counter);
 115              		.loc 1 56 11 view .LVU25
 116 000a 03EB9003 		add	r3, r3, r0, lsr #2
  56:../common/ubertooth.c **** 	while(--wait_us_counter);
 117              		.loc 1 56 21 view .LVU26
 118 000e 03EB9013 		add	r3, r3, r0, lsr #6
  56:../common/ubertooth.c **** 	while(--wait_us_counter);
 119              		.loc 1 56 31 view .LVU27
 120 0012 03EBD013 		add	r3, r3, r0, lsr #7
  55:../common/ubertooth.c **** 		(us>>2) + (us>>3) + (us>>6) + (us>>7) + (us>>10) + (us>>11);
 121              		.loc 1 55 18 view .LVU28
 122 0016 064A     		ldr	r2, .L10
  56:../common/ubertooth.c **** 	while(--wait_us_counter);
 123              		.loc 1 56 41 view .LVU29
 124 0018 03EB9023 		add	r3, r3, r0, lsr #10
  56:../common/ubertooth.c **** 	while(--wait_us_counter);
 125              		.loc 1 56 52 view .LVU30
 126 001c 03EBD023 		add	r3, r3, r0, lsr #11
  55:../common/ubertooth.c **** 		(us>>2) + (us>>3) + (us>>6) + (us>>7) + (us>>10) + (us>>11);
 127              		.loc 1 55 18 view .LVU31
 128 0020 1360     		str	r3, [r2]
 129              		.loc 1 57 2 is_stmt 1 view .LVU32
 130              	.L8:
 131              		.loc 1 57 8 discriminator 1 view .LVU33
 132 0022 1368     		ldr	r3, [r2]
 133 0024 013B     		subs	r3, r3, #1
 134 0026 1360     		str	r3, [r2]
 135 0028 002B     		cmp	r3, #0
 136 002a FAD1     		bne	.L8
 137              	.LBE65:
 138              	.LBE64:
  37:../common/ubertooth.c **** 
 139              		.loc 1 37 1 is_stmt 0 view .LVU34
 140 002c 7047     		bx	lr
 141              	.L11:
 142 002e 00BF     		.align	2
 143              	.L10:
 144 0030 00000000 		.word	.LANCHOR0
 145              		.cfi_endproc
 146              	.LFE1:
 148              		.section	.text.rbit,"ax",%progbits
 149              		.align	1
 150              		.p2align 2,,3
 151              		.global	rbit
 152              		.syntax unified
 153              		.thumb
 154              		.thumb_func
 156              	rbit:
 157              	.LVL4:
ARM GAS  /tmp/ccrAXmTj.s 			page 5


 158              	.LFB2:
  40:../common/ubertooth.c ****   u32 result = 0;
 159              		.loc 1 40 21 is_stmt 1 view -0
 160              		.cfi_startproc
 161              		@ args = 0, pretend = 0, frame = 0
 162              		@ frame_needed = 0, uses_anonymous_args = 0
 163              		@ link register save eliminated.
  40:../common/ubertooth.c ****   u32 result = 0;
 164              		.loc 1 40 21 is_stmt 0 view .LVU36
  41:../common/ubertooth.c ****   asm("rbit %0, %1" : "=r" (result) : "r" (value));
 165              		.loc 1 41 3 is_stmt 1 view .LVU37
 166              	.LVL5:
  42:../common/ubertooth.c ****   return result;
 167              		.loc 1 42 3 view .LVU38
 168              		.syntax unified
 169              	@ 42 "../common/ubertooth.c" 1
 170 0000 90FAA0F0 		rbit r0, r0
 171              	@ 0 "" 2
 172              	.LVL6:
  43:../common/ubertooth.c **** }
 173              		.loc 1 43 3 view .LVU39
  44:../common/ubertooth.c **** 
 174              		.loc 1 44 1 is_stmt 0 view .LVU40
 175              		.thumb
 176              		.syntax unified
 177 0004 7047     		bx	lr
 178              		.cfi_endproc
 179              	.LFE2:
 181 0006 00BF     		.section	.text.wait_us,"ax",%progbits
 182              		.align	1
 183              		.p2align 2,,3
 184              		.global	wait_us
 185              		.syntax unified
 186              		.thumb
 187              		.thumb_func
 189              	wait_us:
 190              	.LVL7:
 191              	.LFB3:
  50:../common/ubertooth.c **** 	/* This is binary multiply by ~0.3999, i.e, multiply by
 192              		.loc 1 50 1 is_stmt 1 view -0
 193              		.cfi_startproc
 194              		@ args = 0, pretend = 0, frame = 0
 195              		@ frame_needed = 0, uses_anonymous_args = 0
 196              		@ link register save eliminated.
  50:../common/ubertooth.c **** 	/* This is binary multiply by ~0.3999, i.e, multiply by
 197              		.loc 1 50 1 is_stmt 0 view .LVU42
  55:../common/ubertooth.c **** 		(us>>2) + (us>>3) + (us>>6) + (us>>7) + (us>>10) + (us>>11);
 198              		.loc 1 55 2 is_stmt 1 view .LVU43
  56:../common/ubertooth.c **** 	while(--wait_us_counter);
 199              		.loc 1 56 16 is_stmt 0 view .LVU44
 200 0000 C308     		lsrs	r3, r0, #3
  56:../common/ubertooth.c **** 	while(--wait_us_counter);
 201              		.loc 1 56 11 view .LVU45
 202 0002 03EB9003 		add	r3, r3, r0, lsr #2
  56:../common/ubertooth.c **** 	while(--wait_us_counter);
 203              		.loc 1 56 21 view .LVU46
 204 0006 03EB9013 		add	r3, r3, r0, lsr #6
ARM GAS  /tmp/ccrAXmTj.s 			page 6


  56:../common/ubertooth.c **** 	while(--wait_us_counter);
 205              		.loc 1 56 31 view .LVU47
 206 000a 03EBD013 		add	r3, r3, r0, lsr #7
  55:../common/ubertooth.c **** 		(us>>2) + (us>>3) + (us>>6) + (us>>7) + (us>>10) + (us>>11);
 207              		.loc 1 55 18 view .LVU48
 208 000e 064A     		ldr	r2, .L16
  56:../common/ubertooth.c **** 	while(--wait_us_counter);
 209              		.loc 1 56 41 view .LVU49
 210 0010 03EB9023 		add	r3, r3, r0, lsr #10
  56:../common/ubertooth.c **** 	while(--wait_us_counter);
 211              		.loc 1 56 52 view .LVU50
 212 0014 03EBD023 		add	r3, r3, r0, lsr #11
  55:../common/ubertooth.c **** 		(us>>2) + (us>>3) + (us>>6) + (us>>7) + (us>>10) + (us>>11);
 213              		.loc 1 55 18 view .LVU51
 214 0018 1360     		str	r3, [r2]
 215              		.loc 1 57 2 is_stmt 1 view .LVU52
 216              	.L14:
 217              		.loc 1 57 8 discriminator 1 view .LVU53
 218 001a 1368     		ldr	r3, [r2]
 219 001c 013B     		subs	r3, r3, #1
 220 001e 1360     		str	r3, [r2]
 221 0020 002B     		cmp	r3, #0
 222 0022 FAD1     		bne	.L14
  58:../common/ubertooth.c **** }
 223              		.loc 1 58 1 is_stmt 0 view .LVU54
 224 0024 7047     		bx	lr
 225              	.L17:
 226 0026 00BF     		.align	2
 227              	.L16:
 228 0028 00000000 		.word	.LANCHOR0
 229              		.cfi_endproc
 230              	.LFE3:
 232              		.section	.text.gpio_init,"ax",%progbits
 233              		.align	1
 234              		.p2align 2,,3
 235              		.global	gpio_init
 236              		.syntax unified
 237              		.thumb
 238              		.thumb_func
 240              	gpio_init:
 241              	.LFB4:
  59:../common/ubertooth.c **** 
  60:../common/ubertooth.c **** 
  61:../common/ubertooth.c **** /*
  62:../common/ubertooth.c ****  * This should be called very early by every firmware in order to ensure safe
  63:../common/ubertooth.c ****  * operating conditions for the CC2400.
  64:../common/ubertooth.c ****  */
  65:../common/ubertooth.c **** void gpio_init()
  66:../common/ubertooth.c **** {
 242              		.loc 1 66 1 is_stmt 1 view -0
 243              		.cfi_startproc
 244              		@ args = 0, pretend = 0, frame = 0
 245              		@ frame_needed = 0, uses_anonymous_args = 0
 246 0000 00B5     		push	{lr}
 247              		.cfi_def_cfa_offset 4
 248              		.cfi_offset 14, -4
  67:../common/ubertooth.c **** 	/* 
ARM GAS  /tmp/ccrAXmTj.s 			page 7


  68:../common/ubertooth.c **** 	 * Set all pins for GPIO.  This shouldn't be necessary after a reset, but
  69:../common/ubertooth.c **** 	 * we might get called at other times.
  70:../common/ubertooth.c **** 	 */
  71:../common/ubertooth.c **** 	all_pins_off();
 249              		.loc 1 71 2 view .LVU56
 250              	.LBB68:
 251              	.LBI68:
  72:../common/ubertooth.c **** 
  73:../common/ubertooth.c **** 	/* set certain pins as outputs, all others inputs */
  74:../common/ubertooth.c **** #ifdef UBERTOOTH_ZERO
  75:../common/ubertooth.c **** 	FIO0DIR = PIN_USRLED;
  76:../common/ubertooth.c **** 	FIO1DIR = (PIN_CC3V3 | PIN_RX | PIN_TX | PIN_CSN |
  77:../common/ubertooth.c **** 			PIN_SCLK | PIN_MOSI | PIN_CC1V8 | PIN_BTGR);
  78:../common/ubertooth.c **** 	FIO2DIR = PIN_SSEL0;
  79:../common/ubertooth.c **** 	FIO3DIR = 0;
  80:../common/ubertooth.c **** 	FIO4DIR = (PIN_RXLED | PIN_TXLED);
  81:../common/ubertooth.c **** #endif
  82:../common/ubertooth.c **** #ifdef UBERTOOTH_ONE
  83:../common/ubertooth.c **** 	FIO0DIR = 0;
  84:../common/ubertooth.c **** 	FIO1DIR = (PIN_USRLED | PIN_RXLED | PIN_TXLED | PIN_CC3V3 |
  85:../common/ubertooth.c **** 			PIN_RX | PIN_CC1V8 | PIN_BTGR);
  86:../common/ubertooth.c **** 	FIO2DIR = (PIN_CSN | PIN_SCLK | PIN_MOSI | PIN_PAEN | PIN_HGM);
  87:../common/ubertooth.c **** 	FIO3DIR = 0;
  88:../common/ubertooth.c **** 	FIO4DIR = (PIN_TX | PIN_SSEL1);
  89:../common/ubertooth.c **** #endif
  90:../common/ubertooth.c **** #ifdef TC13BADGE
  91:../common/ubertooth.c **** 	/*
  92:../common/ubertooth.c **** 	 * Leave all the CC2400 pins configured as inputs until cc2400_init() is
  93:../common/ubertooth.c **** 	 * called so that we don't interfere with the R8C's control of the CC2400.
  94:../common/ubertooth.c **** 	 */
  95:../common/ubertooth.c **** 	FIO0DIR = 0;
  96:../common/ubertooth.c **** 	FIO1DIR = PIN_R8C_CTL;
  97:../common/ubertooth.c **** 	FIO2DIR = 0;
  98:../common/ubertooth.c **** 	FIO3DIR = 0;
  99:../common/ubertooth.c **** 	FIO4DIR = 0;
 100:../common/ubertooth.c **** #endif
 101:../common/ubertooth.c **** 
 102:../common/ubertooth.c **** 	/* set all outputs low */
 103:../common/ubertooth.c **** 	FIO0PIN = 0;
 104:../common/ubertooth.c **** 	FIO1PIN = 0;
 105:../common/ubertooth.c **** 	FIO2PIN = 0;
 106:../common/ubertooth.c **** 	FIO3PIN = 0;
 107:../common/ubertooth.c **** 	FIO4PIN = 0;
 108:../common/ubertooth.c **** 
 109:../common/ubertooth.c **** #ifdef TC13BADGE
 110:../common/ubertooth.c **** 	/* R8C_CTL is active low */
 111:../common/ubertooth.c **** 	R8C_CTL_SET;
 112:../common/ubertooth.c **** #endif
 113:../common/ubertooth.c **** }
 114:../common/ubertooth.c **** 
 115:../common/ubertooth.c **** void all_pins_off(void)
 252              		.loc 1 115 6 view .LVU57
 253              	.LBB69:
 116:../common/ubertooth.c **** {
 117:../common/ubertooth.c **** 	/* configure all pins for GPIO */
 118:../common/ubertooth.c **** 	PINSEL0 = 0;
 254              		.loc 1 118 2 view .LVU58
ARM GAS  /tmp/ccrAXmTj.s 			page 8


 255              		.loc 1 118 10 is_stmt 0 view .LVU59
 256 0002 0023     		movs	r3, #0
 257              	.LBE69:
 258              	.LBE68:
  84:../common/ubertooth.c **** 			PIN_RX | PIN_CC1V8 | PIN_BTGR);
 259              		.loc 1 84 10 view .LVU60
 260 0004 4CF2127E 		movw	lr, #50962
  86:../common/ubertooth.c **** 	FIO3DIR = 0;
 261              		.loc 1 86 10 view .LVU61
 262 0008 40F2B11C 		movw	ip, #433
  88:../common/ubertooth.c **** #endif
 263              		.loc 1 88 10 view .LVU62
 264 000c 4FF04050 		mov	r0, #805306368
 265              	.LBB71:
 266              	.LBB70:
 119:../common/ubertooth.c **** 	PINSEL1 = 0;
 120:../common/ubertooth.c **** 	PINSEL2 = 0;
 121:../common/ubertooth.c **** 	PINSEL3 = 0;
 122:../common/ubertooth.c **** 	PINSEL4 = 0;
 123:../common/ubertooth.c **** 	PINSEL7 = 0;
 124:../common/ubertooth.c **** 	PINSEL9 = 0;
 125:../common/ubertooth.c **** 	PINSEL10 = 0;
 126:../common/ubertooth.c **** 
 127:../common/ubertooth.c **** 	/* configure all pins as inputs */
 128:../common/ubertooth.c **** 	FIO0DIR = 0;
 267              		.loc 1 128 10 view .LVU63
 268 0010 154A     		ldr	r2, .L19
 118:../common/ubertooth.c **** 	PINSEL1 = 0;
 269              		.loc 1 118 10 view .LVU64
 270 0012 1649     		ldr	r1, .L19+4
 271 0014 0B60     		str	r3, [r1]
 119:../common/ubertooth.c **** 	PINSEL1 = 0;
 272              		.loc 1 119 2 is_stmt 1 view .LVU65
 119:../common/ubertooth.c **** 	PINSEL1 = 0;
 273              		.loc 1 119 10 is_stmt 0 view .LVU66
 274 0016 4B60     		str	r3, [r1, #4]
 120:../common/ubertooth.c **** 	PINSEL3 = 0;
 275              		.loc 1 120 2 is_stmt 1 view .LVU67
 120:../common/ubertooth.c **** 	PINSEL3 = 0;
 276              		.loc 1 120 10 is_stmt 0 view .LVU68
 277 0018 8B60     		str	r3, [r1, #8]
 121:../common/ubertooth.c **** 	PINSEL4 = 0;
 278              		.loc 1 121 2 is_stmt 1 view .LVU69
 121:../common/ubertooth.c **** 	PINSEL4 = 0;
 279              		.loc 1 121 10 is_stmt 0 view .LVU70
 280 001a CB60     		str	r3, [r1, #12]
 122:../common/ubertooth.c **** 	PINSEL7 = 0;
 281              		.loc 1 122 2 is_stmt 1 view .LVU71
 122:../common/ubertooth.c **** 	PINSEL7 = 0;
 282              		.loc 1 122 10 is_stmt 0 view .LVU72
 283 001c 0B61     		str	r3, [r1, #16]
 123:../common/ubertooth.c **** 	PINSEL9 = 0;
 284              		.loc 1 123 2 is_stmt 1 view .LVU73
 123:../common/ubertooth.c **** 	PINSEL9 = 0;
 285              		.loc 1 123 10 is_stmt 0 view .LVU74
 286 001e CB61     		str	r3, [r1, #28]
 124:../common/ubertooth.c **** 	PINSEL10 = 0;
ARM GAS  /tmp/ccrAXmTj.s 			page 9


 287              		.loc 1 124 2 is_stmt 1 view .LVU75
 124:../common/ubertooth.c **** 	PINSEL10 = 0;
 288              		.loc 1 124 10 is_stmt 0 view .LVU76
 289 0020 4B62     		str	r3, [r1, #36]
 125:../common/ubertooth.c **** 
 290              		.loc 1 125 2 is_stmt 1 view .LVU77
 125:../common/ubertooth.c **** 
 291              		.loc 1 125 11 is_stmt 0 view .LVU78
 292 0022 8B62     		str	r3, [r1, #40]
 293              		.loc 1 128 2 is_stmt 1 view .LVU79
 294              		.loc 1 128 10 is_stmt 0 view .LVU80
 295 0024 1360     		str	r3, [r2]
 129:../common/ubertooth.c **** 	FIO1DIR = 0;
 296              		.loc 1 129 2 is_stmt 1 view .LVU81
 297              		.loc 1 129 10 is_stmt 0 view .LVU82
 298 0026 1362     		str	r3, [r2, #32]
 130:../common/ubertooth.c **** 	FIO2DIR = 0;
 299              		.loc 1 130 2 is_stmt 1 view .LVU83
 300              		.loc 1 130 10 is_stmt 0 view .LVU84
 301 0028 1364     		str	r3, [r2, #64]
 131:../common/ubertooth.c **** 	FIO3DIR = 0;
 302              		.loc 1 131 2 is_stmt 1 view .LVU85
 303              		.loc 1 131 10 is_stmt 0 view .LVU86
 304 002a 1366     		str	r3, [r2, #96]
 132:../common/ubertooth.c **** 	FIO4DIR = 0;
 305              		.loc 1 132 2 is_stmt 1 view .LVU87
 306              		.loc 1 132 10 is_stmt 0 view .LVU88
 307 002c C2F88030 		str	r3, [r2, #128]
 133:../common/ubertooth.c **** 
 134:../common/ubertooth.c **** 	/* pull-up on every pin */
 135:../common/ubertooth.c **** 	PINMODE0 = 0;
 308              		.loc 1 135 2 is_stmt 1 view .LVU89
 309              		.loc 1 135 11 is_stmt 0 view .LVU90
 310 0030 0B64     		str	r3, [r1, #64]
 136:../common/ubertooth.c **** 	PINMODE1 = 0;
 311              		.loc 1 136 2 is_stmt 1 view .LVU91
 312              		.loc 1 136 11 is_stmt 0 view .LVU92
 313 0032 4B64     		str	r3, [r1, #68]
 137:../common/ubertooth.c **** 	PINMODE2 = 0;
 314              		.loc 1 137 2 is_stmt 1 view .LVU93
 315              		.loc 1 137 11 is_stmt 0 view .LVU94
 316 0034 8B64     		str	r3, [r1, #72]
 138:../common/ubertooth.c **** 	PINMODE3 = 0;
 317              		.loc 1 138 2 is_stmt 1 view .LVU95
 318              		.loc 1 138 11 is_stmt 0 view .LVU96
 319 0036 CB64     		str	r3, [r1, #76]
 139:../common/ubertooth.c **** 	PINMODE4 = 0;
 320              		.loc 1 139 2 is_stmt 1 view .LVU97
 321              		.loc 1 139 11 is_stmt 0 view .LVU98
 322 0038 0B65     		str	r3, [r1, #80]
 140:../common/ubertooth.c **** 	PINMODE7 = 0;
 323              		.loc 1 140 2 is_stmt 1 view .LVU99
 324              		.loc 1 140 11 is_stmt 0 view .LVU100
 325 003a CB65     		str	r3, [r1, #92]
 141:../common/ubertooth.c **** 	PINMODE9 = 0;
 326              		.loc 1 141 2 is_stmt 1 view .LVU101
 327              		.loc 1 141 11 is_stmt 0 view .LVU102
ARM GAS  /tmp/ccrAXmTj.s 			page 10


 328 003c 4B66     		str	r3, [r1, #100]
 142:../common/ubertooth.c **** 
 143:../common/ubertooth.c **** 	/* set all outputs low */
 144:../common/ubertooth.c **** 	FIO0PIN = 0;
 329              		.loc 1 144 2 is_stmt 1 view .LVU103
 330              		.loc 1 144 10 is_stmt 0 view .LVU104
 331 003e 5361     		str	r3, [r2, #20]
 145:../common/ubertooth.c **** 	FIO1PIN = 0;
 332              		.loc 1 145 2 is_stmt 1 view .LVU105
 333              		.loc 1 145 10 is_stmt 0 view .LVU106
 334 0040 5363     		str	r3, [r2, #52]
 146:../common/ubertooth.c **** 	FIO2PIN = 0;
 335              		.loc 1 146 2 is_stmt 1 view .LVU107
 336              		.loc 1 146 10 is_stmt 0 view .LVU108
 337 0042 5365     		str	r3, [r2, #84]
 147:../common/ubertooth.c **** 	FIO3PIN = 0;
 338              		.loc 1 147 2 is_stmt 1 view .LVU109
 339              		.loc 1 147 10 is_stmt 0 view .LVU110
 340 0044 5367     		str	r3, [r2, #116]
 148:../common/ubertooth.c **** 	FIO4PIN = 0;
 341              		.loc 1 148 2 is_stmt 1 view .LVU111
 342              		.loc 1 148 10 is_stmt 0 view .LVU112
 343 0046 C2F89430 		str	r3, [r2, #148]
 344              	.LBE70:
 345              	.LBE71:
  83:../common/ubertooth.c **** 	FIO1DIR = (PIN_USRLED | PIN_RXLED | PIN_TXLED | PIN_CC3V3 |
 346              		.loc 1 83 2 is_stmt 1 view .LVU113
  83:../common/ubertooth.c **** 	FIO1DIR = (PIN_USRLED | PIN_RXLED | PIN_TXLED | PIN_CC3V3 |
 347              		.loc 1 83 10 is_stmt 0 view .LVU114
 348 004a 1360     		str	r3, [r2]
  84:../common/ubertooth.c **** 			PIN_RX | PIN_CC1V8 | PIN_BTGR);
 349              		.loc 1 84 2 is_stmt 1 view .LVU115
  84:../common/ubertooth.c **** 			PIN_RX | PIN_CC1V8 | PIN_BTGR);
 350              		.loc 1 84 10 is_stmt 0 view .LVU116
 351 004c C2F820E0 		str	lr, [r2, #32]
  86:../common/ubertooth.c **** 	FIO3DIR = 0;
 352              		.loc 1 86 2 is_stmt 1 view .LVU117
  86:../common/ubertooth.c **** 	FIO3DIR = 0;
 353              		.loc 1 86 10 is_stmt 0 view .LVU118
 354 0050 C2F840C0 		str	ip, [r2, #64]
  87:../common/ubertooth.c **** 	FIO4DIR = (PIN_TX | PIN_SSEL1);
 355              		.loc 1 87 2 is_stmt 1 view .LVU119
  87:../common/ubertooth.c **** 	FIO4DIR = (PIN_TX | PIN_SSEL1);
 356              		.loc 1 87 10 is_stmt 0 view .LVU120
 357 0054 1366     		str	r3, [r2, #96]
  88:../common/ubertooth.c **** #endif
 358              		.loc 1 88 2 is_stmt 1 view .LVU121
  88:../common/ubertooth.c **** #endif
 359              		.loc 1 88 10 is_stmt 0 view .LVU122
 360 0056 C2F88000 		str	r0, [r2, #128]
 103:../common/ubertooth.c **** 	FIO1PIN = 0;
 361              		.loc 1 103 2 is_stmt 1 view .LVU123
 103:../common/ubertooth.c **** 	FIO1PIN = 0;
 362              		.loc 1 103 10 is_stmt 0 view .LVU124
 363 005a 5361     		str	r3, [r2, #20]
 104:../common/ubertooth.c **** 	FIO2PIN = 0;
 364              		.loc 1 104 2 is_stmt 1 view .LVU125
ARM GAS  /tmp/ccrAXmTj.s 			page 11


 104:../common/ubertooth.c **** 	FIO2PIN = 0;
 365              		.loc 1 104 10 is_stmt 0 view .LVU126
 366 005c 5363     		str	r3, [r2, #52]
 105:../common/ubertooth.c **** 	FIO3PIN = 0;
 367              		.loc 1 105 2 is_stmt 1 view .LVU127
 105:../common/ubertooth.c **** 	FIO3PIN = 0;
 368              		.loc 1 105 10 is_stmt 0 view .LVU128
 369 005e 5365     		str	r3, [r2, #84]
 106:../common/ubertooth.c **** 	FIO4PIN = 0;
 370              		.loc 1 106 2 is_stmt 1 view .LVU129
 106:../common/ubertooth.c **** 	FIO4PIN = 0;
 371              		.loc 1 106 10 is_stmt 0 view .LVU130
 372 0060 5367     		str	r3, [r2, #116]
 107:../common/ubertooth.c **** 
 373              		.loc 1 107 2 is_stmt 1 view .LVU131
 107:../common/ubertooth.c **** 
 374              		.loc 1 107 10 is_stmt 0 view .LVU132
 375 0062 C2F89430 		str	r3, [r2, #148]
 113:../common/ubertooth.c **** 
 376              		.loc 1 113 1 view .LVU133
 377 0066 00BD     		pop	{pc}
 378              	.L20:
 379              		.align	2
 380              	.L19:
 381 0068 00C00920 		.word	537509888
 382 006c 00C00240 		.word	1073922048
 383              		.cfi_endproc
 384              	.LFE4:
 386              		.section	.text.all_pins_off,"ax",%progbits
 387              		.align	1
 388              		.p2align 2,,3
 389              		.global	all_pins_off
 390              		.syntax unified
 391              		.thumb
 392              		.thumb_func
 394              	all_pins_off:
 395              	.LFB5:
 116:../common/ubertooth.c **** 	/* configure all pins for GPIO */
 396              		.loc 1 116 1 is_stmt 1 view -0
 397              		.cfi_startproc
 398              		@ args = 0, pretend = 0, frame = 0
 399              		@ frame_needed = 0, uses_anonymous_args = 0
 400              		@ link register save eliminated.
 118:../common/ubertooth.c **** 	PINSEL1 = 0;
 401              		.loc 1 118 2 view .LVU135
 118:../common/ubertooth.c **** 	PINSEL1 = 0;
 402              		.loc 1 118 10 is_stmt 0 view .LVU136
 403 0000 0023     		movs	r3, #0
 404 0002 0F4A     		ldr	r2, .L22
 128:../common/ubertooth.c **** 	FIO1DIR = 0;
 405              		.loc 1 128 10 view .LVU137
 406 0004 0F49     		ldr	r1, .L22+4
 118:../common/ubertooth.c **** 	PINSEL1 = 0;
 407              		.loc 1 118 10 view .LVU138
 408 0006 1360     		str	r3, [r2]
 119:../common/ubertooth.c **** 	PINSEL2 = 0;
 409              		.loc 1 119 2 is_stmt 1 view .LVU139
ARM GAS  /tmp/ccrAXmTj.s 			page 12


 119:../common/ubertooth.c **** 	PINSEL2 = 0;
 410              		.loc 1 119 10 is_stmt 0 view .LVU140
 411 0008 5360     		str	r3, [r2, #4]
 120:../common/ubertooth.c **** 	PINSEL3 = 0;
 412              		.loc 1 120 2 is_stmt 1 view .LVU141
 120:../common/ubertooth.c **** 	PINSEL3 = 0;
 413              		.loc 1 120 10 is_stmt 0 view .LVU142
 414 000a 9360     		str	r3, [r2, #8]
 121:../common/ubertooth.c **** 	PINSEL4 = 0;
 415              		.loc 1 121 2 is_stmt 1 view .LVU143
 121:../common/ubertooth.c **** 	PINSEL4 = 0;
 416              		.loc 1 121 10 is_stmt 0 view .LVU144
 417 000c D360     		str	r3, [r2, #12]
 122:../common/ubertooth.c **** 	PINSEL7 = 0;
 418              		.loc 1 122 2 is_stmt 1 view .LVU145
 122:../common/ubertooth.c **** 	PINSEL7 = 0;
 419              		.loc 1 122 10 is_stmt 0 view .LVU146
 420 000e 1361     		str	r3, [r2, #16]
 123:../common/ubertooth.c **** 	PINSEL9 = 0;
 421              		.loc 1 123 2 is_stmt 1 view .LVU147
 123:../common/ubertooth.c **** 	PINSEL9 = 0;
 422              		.loc 1 123 10 is_stmt 0 view .LVU148
 423 0010 D361     		str	r3, [r2, #28]
 124:../common/ubertooth.c **** 	PINSEL10 = 0;
 424              		.loc 1 124 2 is_stmt 1 view .LVU149
 124:../common/ubertooth.c **** 	PINSEL10 = 0;
 425              		.loc 1 124 10 is_stmt 0 view .LVU150
 426 0012 5362     		str	r3, [r2, #36]
 125:../common/ubertooth.c **** 
 427              		.loc 1 125 2 is_stmt 1 view .LVU151
 125:../common/ubertooth.c **** 
 428              		.loc 1 125 11 is_stmt 0 view .LVU152
 429 0014 9362     		str	r3, [r2, #40]
 128:../common/ubertooth.c **** 	FIO1DIR = 0;
 430              		.loc 1 128 2 is_stmt 1 view .LVU153
 128:../common/ubertooth.c **** 	FIO1DIR = 0;
 431              		.loc 1 128 10 is_stmt 0 view .LVU154
 432 0016 0B60     		str	r3, [r1]
 129:../common/ubertooth.c **** 	FIO2DIR = 0;
 433              		.loc 1 129 2 is_stmt 1 view .LVU155
 129:../common/ubertooth.c **** 	FIO2DIR = 0;
 434              		.loc 1 129 10 is_stmt 0 view .LVU156
 435 0018 0B62     		str	r3, [r1, #32]
 130:../common/ubertooth.c **** 	FIO3DIR = 0;
 436              		.loc 1 130 2 is_stmt 1 view .LVU157
 130:../common/ubertooth.c **** 	FIO3DIR = 0;
 437              		.loc 1 130 10 is_stmt 0 view .LVU158
 438 001a 0B64     		str	r3, [r1, #64]
 131:../common/ubertooth.c **** 	FIO4DIR = 0;
 439              		.loc 1 131 2 is_stmt 1 view .LVU159
 131:../common/ubertooth.c **** 	FIO4DIR = 0;
 440              		.loc 1 131 10 is_stmt 0 view .LVU160
 441 001c 0B66     		str	r3, [r1, #96]
 132:../common/ubertooth.c **** 
 442              		.loc 1 132 2 is_stmt 1 view .LVU161
 132:../common/ubertooth.c **** 
 443              		.loc 1 132 10 is_stmt 0 view .LVU162
ARM GAS  /tmp/ccrAXmTj.s 			page 13


 444 001e C1F88030 		str	r3, [r1, #128]
 135:../common/ubertooth.c **** 	PINMODE1 = 0;
 445              		.loc 1 135 2 is_stmt 1 view .LVU163
 135:../common/ubertooth.c **** 	PINMODE1 = 0;
 446              		.loc 1 135 11 is_stmt 0 view .LVU164
 447 0022 1364     		str	r3, [r2, #64]
 136:../common/ubertooth.c **** 	PINMODE2 = 0;
 448              		.loc 1 136 2 is_stmt 1 view .LVU165
 136:../common/ubertooth.c **** 	PINMODE2 = 0;
 449              		.loc 1 136 11 is_stmt 0 view .LVU166
 450 0024 5364     		str	r3, [r2, #68]
 137:../common/ubertooth.c **** 	PINMODE3 = 0;
 451              		.loc 1 137 2 is_stmt 1 view .LVU167
 137:../common/ubertooth.c **** 	PINMODE3 = 0;
 452              		.loc 1 137 11 is_stmt 0 view .LVU168
 453 0026 9364     		str	r3, [r2, #72]
 138:../common/ubertooth.c **** 	PINMODE4 = 0;
 454              		.loc 1 138 2 is_stmt 1 view .LVU169
 138:../common/ubertooth.c **** 	PINMODE4 = 0;
 455              		.loc 1 138 11 is_stmt 0 view .LVU170
 456 0028 D364     		str	r3, [r2, #76]
 139:../common/ubertooth.c **** 	PINMODE7 = 0;
 457              		.loc 1 139 2 is_stmt 1 view .LVU171
 139:../common/ubertooth.c **** 	PINMODE7 = 0;
 458              		.loc 1 139 11 is_stmt 0 view .LVU172
 459 002a 1365     		str	r3, [r2, #80]
 140:../common/ubertooth.c **** 	PINMODE9 = 0;
 460              		.loc 1 140 2 is_stmt 1 view .LVU173
 140:../common/ubertooth.c **** 	PINMODE9 = 0;
 461              		.loc 1 140 11 is_stmt 0 view .LVU174
 462 002c D365     		str	r3, [r2, #92]
 141:../common/ubertooth.c **** 
 463              		.loc 1 141 2 is_stmt 1 view .LVU175
 141:../common/ubertooth.c **** 
 464              		.loc 1 141 11 is_stmt 0 view .LVU176
 465 002e 5366     		str	r3, [r2, #100]
 144:../common/ubertooth.c **** 	FIO1PIN = 0;
 466              		.loc 1 144 2 is_stmt 1 view .LVU177
 144:../common/ubertooth.c **** 	FIO1PIN = 0;
 467              		.loc 1 144 10 is_stmt 0 view .LVU178
 468 0030 4B61     		str	r3, [r1, #20]
 145:../common/ubertooth.c **** 	FIO2PIN = 0;
 469              		.loc 1 145 2 is_stmt 1 view .LVU179
 145:../common/ubertooth.c **** 	FIO2PIN = 0;
 470              		.loc 1 145 10 is_stmt 0 view .LVU180
 471 0032 4B63     		str	r3, [r1, #52]
 146:../common/ubertooth.c **** 	FIO3PIN = 0;
 472              		.loc 1 146 2 is_stmt 1 view .LVU181
 146:../common/ubertooth.c **** 	FIO3PIN = 0;
 473              		.loc 1 146 10 is_stmt 0 view .LVU182
 474 0034 4B65     		str	r3, [r1, #84]
 147:../common/ubertooth.c **** 	FIO4PIN = 0;
 475              		.loc 1 147 2 is_stmt 1 view .LVU183
 147:../common/ubertooth.c **** 	FIO4PIN = 0;
 476              		.loc 1 147 10 is_stmt 0 view .LVU184
 477 0036 4B67     		str	r3, [r1, #116]
 478              		.loc 1 148 2 is_stmt 1 view .LVU185
ARM GAS  /tmp/ccrAXmTj.s 			page 14


 479              		.loc 1 148 10 is_stmt 0 view .LVU186
 480 0038 C1F89430 		str	r3, [r1, #148]
 149:../common/ubertooth.c **** }
 481              		.loc 1 149 1 view .LVU187
 482 003c 7047     		bx	lr
 483              	.L23:
 484 003e 00BF     		.align	2
 485              	.L22:
 486 0040 00C00240 		.word	1073922048
 487 0044 00C00920 		.word	537509888
 488              		.cfi_endproc
 489              	.LFE5:
 491              		.section	.text.dio_ssp_init,"ax",%progbits
 492              		.align	1
 493              		.p2align 2,,3
 494              		.global	dio_ssp_init
 495              		.syntax unified
 496              		.thumb
 497              		.thumb_func
 499              	dio_ssp_init:
 500              	.LFB7:
 150:../common/ubertooth.c **** 
 151:../common/ubertooth.c **** /*
 152:../common/ubertooth.c ****  * Every application that uses the main oscillator (including any that use both
 153:../common/ubertooth.c ****  * USB and the CC2400) should start with this.
 154:../common/ubertooth.c ****  */
 155:../common/ubertooth.c **** void ubertooth_init()
 156:../common/ubertooth.c **** {
 157:../common/ubertooth.c **** 	gpio_init();
 158:../common/ubertooth.c **** 	cc2400_init();
 159:../common/ubertooth.c **** 	clock_start();
 160:../common/ubertooth.c **** }
 161:../common/ubertooth.c **** 
 162:../common/ubertooth.c **** /* configure SSP for CC2400's secondary serial data interface */
 163:../common/ubertooth.c **** void dio_ssp_init()
 164:../common/ubertooth.c **** {
 501              		.loc 1 164 1 is_stmt 1 view -0
 502              		.cfi_startproc
 503              		@ args = 0, pretend = 0, frame = 0
 504              		@ frame_needed = 0, uses_anonymous_args = 0
 505              		@ link register save eliminated.
 165:../common/ubertooth.c **** #ifdef UBERTOOTH_ZERO
 166:../common/ubertooth.c **** 	/* set P0.15 as SCK0 */
 167:../common/ubertooth.c **** 	PINSEL0 = (PINSEL0 & ~(3 << 30)) | (2 << 30);
 168:../common/ubertooth.c **** 
 169:../common/ubertooth.c **** 	/* set P1.16 as SSEL0 */
 170:../common/ubertooth.c **** 	PINSEL1 = (PINSEL1 & ~(3 << 0)) | (2 << 0);
 171:../common/ubertooth.c **** 
 172:../common/ubertooth.c **** 	/* set P1.17 as MISO0 */
 173:../common/ubertooth.c **** 	PINSEL1 = (PINSEL1 & ~(3 << 2)) | (2 << 2);
 174:../common/ubertooth.c **** 
 175:../common/ubertooth.c **** 	/* set P1.18 as MOSI0 */
 176:../common/ubertooth.c **** 	PINSEL1 = (PINSEL1 & ~(3 << 4)) | (2 << 4);
 177:../common/ubertooth.c **** #endif
 178:../common/ubertooth.c **** #if defined UBERTOOTH_ONE || defined TC13BADGE
 179:../common/ubertooth.c **** 	/* set P0.7 as SCK1 */
 180:../common/ubertooth.c **** 	PINSEL0 = (PINSEL0 & ~(3 << 14)) | (2 << 14);
ARM GAS  /tmp/ccrAXmTj.s 			page 15


 506              		.loc 1 180 2 view .LVU189
 181:../common/ubertooth.c **** 
 182:../common/ubertooth.c **** 	/* set P0.6 as SSEL1 */
 183:../common/ubertooth.c **** 	PINSEL0 = (PINSEL0 & ~(3 << 12)) | (2 << 12);
 184:../common/ubertooth.c **** 
 185:../common/ubertooth.c **** 	/* set P0.8 as MISO1 */
 186:../common/ubertooth.c **** 	PINSEL0 = (PINSEL0 & ~(3 << 16)) | (2 << 16);
 187:../common/ubertooth.c **** 
 188:../common/ubertooth.c **** 	/* set P0.9 as MOSI1 */
 189:../common/ubertooth.c **** 	PINSEL0 = (PINSEL0 & ~(3 << 18)) | (2 << 18);
 190:../common/ubertooth.c **** #endif
 191:../common/ubertooth.c **** 
 192:../common/ubertooth.c **** 	/*
 193:../common/ubertooth.c **** 	 * DIO_SSEL is a GPIO output connected directly to the SSEL input on the
 194:../common/ubertooth.c **** 	 * microcontroller for the CC2400's un-buffered (DIO/DCLK) serial
 195:../common/ubertooth.c **** 	 * interface.  Since the CC2400 doesn't have a slave select output, we
 196:../common/ubertooth.c **** 	 * control it with this.  DIO_SSEL should already be configured by
 197:../common/ubertooth.c **** 	 * gpio_init().  We set it high by default because it is an active low
 198:../common/ubertooth.c **** 	 * signal.
 199:../common/ubertooth.c **** 	 */
 200:../common/ubertooth.c **** 	DIO_SSEL_SET;
 507              		.loc 1 200 2 is_stmt 0 view .LVU190
 508 0000 4FF0805C 		mov	ip, #268435456
 201:../common/ubertooth.c **** 
 202:../common/ubertooth.c **** 	/* configure DIO_SSP */
 203:../common/ubertooth.c **** 	DIO_SSP_CR0 = (0x7 /* 8 bit transfer */ | SSPCR0_CPOL | SSPCR0_CPHA);
 509              		.loc 1 203 14 view .LVU191
 510 0004 C720     		movs	r0, #199
 204:../common/ubertooth.c **** 	DIO_SSP_CR1 = (SSPCR1_MS | SSPCR1_SOD);
 511              		.loc 1 204 14 view .LVU192
 512 0006 0C21     		movs	r1, #12
 180:../common/ubertooth.c **** 
 513              		.loc 1 180 13 view .LVU193
 514 0008 104B     		ldr	r3, .L25
 515 000a 1A68     		ldr	r2, [r3]
 180:../common/ubertooth.c **** 
 516              		.loc 1 180 21 view .LVU194
 517 000c 22F44042 		bic	r2, r2, #49152
 180:../common/ubertooth.c **** 
 518              		.loc 1 180 35 view .LVU195
 519 0010 42F40042 		orr	r2, r2, #32768
 180:../common/ubertooth.c **** 
 520              		.loc 1 180 10 view .LVU196
 521 0014 1A60     		str	r2, [r3]
 183:../common/ubertooth.c **** 
 522              		.loc 1 183 2 is_stmt 1 view .LVU197
 183:../common/ubertooth.c **** 
 523              		.loc 1 183 13 is_stmt 0 view .LVU198
 524 0016 1A68     		ldr	r2, [r3]
 183:../common/ubertooth.c **** 
 525              		.loc 1 183 21 view .LVU199
 526 0018 22F44052 		bic	r2, r2, #12288
 183:../common/ubertooth.c **** 
 527              		.loc 1 183 35 view .LVU200
 528 001c 42F40052 		orr	r2, r2, #8192
 183:../common/ubertooth.c **** 
 529              		.loc 1 183 10 view .LVU201
ARM GAS  /tmp/ccrAXmTj.s 			page 16


 530 0020 1A60     		str	r2, [r3]
 186:../common/ubertooth.c **** 
 531              		.loc 1 186 2 is_stmt 1 view .LVU202
 186:../common/ubertooth.c **** 
 532              		.loc 1 186 13 is_stmt 0 view .LVU203
 533 0022 1A68     		ldr	r2, [r3]
 186:../common/ubertooth.c **** 
 534              		.loc 1 186 21 view .LVU204
 535 0024 22F44032 		bic	r2, r2, #196608
 186:../common/ubertooth.c **** 
 536              		.loc 1 186 35 view .LVU205
 537 0028 42F40032 		orr	r2, r2, #131072
 186:../common/ubertooth.c **** 
 538              		.loc 1 186 10 view .LVU206
 539 002c 1A60     		str	r2, [r3]
 189:../common/ubertooth.c **** #endif
 540              		.loc 1 189 2 is_stmt 1 view .LVU207
 189:../common/ubertooth.c **** #endif
 541              		.loc 1 189 13 is_stmt 0 view .LVU208
 542 002e 1A68     		ldr	r2, [r3]
 189:../common/ubertooth.c **** #endif
 543              		.loc 1 189 21 view .LVU209
 544 0030 22F44022 		bic	r2, r2, #786432
 189:../common/ubertooth.c **** #endif
 545              		.loc 1 189 35 view .LVU210
 546 0034 42F40022 		orr	r2, r2, #524288
 189:../common/ubertooth.c **** #endif
 547              		.loc 1 189 10 view .LVU211
 548 0038 1A60     		str	r2, [r3]
 200:../common/ubertooth.c **** 
 549              		.loc 1 200 2 is_stmt 1 view .LVU212
 550 003a 054A     		ldr	r2, .L25+4
 203:../common/ubertooth.c **** 	DIO_SSP_CR1 = (SSPCR1_MS | SSPCR1_SOD);
 551              		.loc 1 203 14 is_stmt 0 view .LVU213
 552 003c 03F58043 		add	r3, r3, #16384
 200:../common/ubertooth.c **** 
 553              		.loc 1 200 2 view .LVU214
 554 0040 C2F898C0 		str	ip, [r2, #152]
 203:../common/ubertooth.c **** 	DIO_SSP_CR1 = (SSPCR1_MS | SSPCR1_SOD);
 555              		.loc 1 203 2 is_stmt 1 view .LVU215
 203:../common/ubertooth.c **** 	DIO_SSP_CR1 = (SSPCR1_MS | SSPCR1_SOD);
 556              		.loc 1 203 14 is_stmt 0 view .LVU216
 557 0044 1860     		str	r0, [r3]
 558              		.loc 1 204 2 is_stmt 1 view .LVU217
 559              		.loc 1 204 14 is_stmt 0 view .LVU218
 560 0046 5960     		str	r1, [r3, #4]
 205:../common/ubertooth.c **** }
 561              		.loc 1 205 1 view .LVU219
 562 0048 7047     		bx	lr
 563              	.L26:
 564 004a 00BF     		.align	2
 565              	.L25:
 566 004c 00C00240 		.word	1073922048
 567 0050 00C00920 		.word	537509888
 568              		.cfi_endproc
 569              	.LFE7:
 571              		.section	.text.atest_init,"ax",%progbits
ARM GAS  /tmp/ccrAXmTj.s 			page 17


 572              		.align	1
 573              		.p2align 2,,3
 574              		.global	atest_init
 575              		.syntax unified
 576              		.thumb
 577              		.thumb_func
 579              	atest_init:
 580              	.LFB8:
 206:../common/ubertooth.c **** 
 207:../common/ubertooth.c **** void atest_init()
 208:../common/ubertooth.c **** {
 581              		.loc 1 208 1 is_stmt 1 view -0
 582              		.cfi_startproc
 583              		@ args = 0, pretend = 0, frame = 0
 584              		@ frame_needed = 0, uses_anonymous_args = 0
 585              		@ link register save eliminated.
 209:../common/ubertooth.c **** 	/*
 210:../common/ubertooth.c **** 	 * ADC can optionally be configured for ATEST1 and ATEST2, but for now we
 211:../common/ubertooth.c **** 	 * set them as floating inputs.
 212:../common/ubertooth.c **** 	 */
 213:../common/ubertooth.c **** 
 214:../common/ubertooth.c **** 	/* P0.25 is ATEST1, P0.26 is ATEST2 */
 215:../common/ubertooth.c **** 	PINSEL1 &= ~((0x3 << 20) | (0x3 << 18)); // set as GPIO
 586              		.loc 1 215 2 view .LVU221
 587              		.loc 1 215 10 is_stmt 0 view .LVU222
 588 0000 094B     		ldr	r3, .L28
 216:../common/ubertooth.c **** 	FIO0DIR &= ~(0x3 << 25); // set as input
 589              		.loc 1 216 10 view .LVU223
 590 0002 0A49     		ldr	r1, .L28+4
 215:../common/ubertooth.c **** 	FIO0DIR &= ~(0x3 << 25); // set as input
 591              		.loc 1 215 10 view .LVU224
 592 0004 5A68     		ldr	r2, [r3, #4]
 593 0006 22F47012 		bic	r2, r2, #3932160
 594 000a 5A60     		str	r2, [r3, #4]
 595              		.loc 1 216 2 is_stmt 1 view .LVU225
 596              		.loc 1 216 10 is_stmt 0 view .LVU226
 597 000c 0A68     		ldr	r2, [r1]
 598 000e 22F0C062 		bic	r2, r2, #100663296
 599 0012 0A60     		str	r2, [r1]
 217:../common/ubertooth.c **** 	PINMODE1 |= (0x5 << 19); // no pull-up/pull-down
 600              		.loc 1 217 2 is_stmt 1 view .LVU227
 601 0014 5A6C     		ldr	r2, [r3, #68]
 602              		.loc 1 217 11 is_stmt 0 view .LVU228
 603 0016 42F42012 		orr	r2, r2, #2621440
 604 001a 5A64     		str	r2, [r3, #68]
 218:../common/ubertooth.c **** 	PINMODE1 &= ~(0x5 << 18); // no pull-up/pull-down
 605              		.loc 1 218 2 is_stmt 1 view .LVU229
 606              		.loc 1 218 11 is_stmt 0 view .LVU230
 607 001c 5A6C     		ldr	r2, [r3, #68]
 608 001e 22F4A012 		bic	r2, r2, #1310720
 609 0022 5A64     		str	r2, [r3, #68]
 219:../common/ubertooth.c **** }
 610              		.loc 1 219 1 view .LVU231
 611 0024 7047     		bx	lr
 612              	.L29:
 613 0026 00BF     		.align	2
 614              	.L28:
ARM GAS  /tmp/ccrAXmTj.s 			page 18


 615 0028 00C00240 		.word	1073922048
 616 002c 00C00920 		.word	537509888
 617              		.cfi_endproc
 618              	.LFE8:
 620              		.section	.text.cc2400_init,"ax",%progbits
 621              		.align	1
 622              		.p2align 2,,3
 623              		.global	cc2400_init
 624              		.syntax unified
 625              		.thumb
 626              		.thumb_func
 628              	cc2400_init:
 629              	.LFB9:
 220:../common/ubertooth.c **** 
 221:../common/ubertooth.c **** void cc2400_init()
 222:../common/ubertooth.c **** {
 630              		.loc 1 222 1 is_stmt 1 view -0
 631              		.cfi_startproc
 632              		@ args = 0, pretend = 0, frame = 0
 633              		@ frame_needed = 0, uses_anonymous_args = 0
 634 0000 10B5     		push	{r4, lr}
 635              		.cfi_def_cfa_offset 8
 636              		.cfi_offset 4, -8
 637              		.cfi_offset 14, -4
 223:../common/ubertooth.c **** #ifdef TC13BADGE
 224:../common/ubertooth.c **** 	/* request CC2400 control from the R8C */
 225:../common/ubertooth.c **** 	r8c_takeover();
 226:../common/ubertooth.c **** 
 227:../common/ubertooth.c **** 	/* configure output pins for CC2400 control */
 228:../common/ubertooth.c **** 	FIO0DIR = 0;
 229:../common/ubertooth.c **** 	FIO1DIR = (PIN_CC3V3 | PIN_CC1V8 | PIN_CSN | PIN_SCLK | PIN_MOSI |
 230:../common/ubertooth.c **** 			PIN_R8C_CTL);
 231:../common/ubertooth.c **** 	FIO2DIR = (PIN_CSN | PIN_SCLK | PIN_MOSI);
 232:../common/ubertooth.c **** 	FIO3DIR = 0;
 233:../common/ubertooth.c **** 	FIO4DIR = PIN_SSEL1;
 234:../common/ubertooth.c **** 
 235:../common/ubertooth.c **** 	/* set all outputs low */
 236:../common/ubertooth.c **** 	FIO0PIN = 0;
 237:../common/ubertooth.c **** 	FIO1PIN = 0; /* assuming we have already asserted R8C_CTL low */
 238:../common/ubertooth.c **** 	FIO2PIN = 0;
 239:../common/ubertooth.c **** 	FIO3PIN = 0;
 240:../common/ubertooth.c **** 	FIO4PIN = 0;
 241:../common/ubertooth.c **** #else
 242:../common/ubertooth.c **** 	atest_init();
 638              		.loc 1 242 2 view .LVU233
 639              	.LBB72:
 640              	.LBI72:
 207:../common/ubertooth.c **** {
 641              		.loc 1 207 6 view .LVU234
 642              	.LBB73:
 215:../common/ubertooth.c **** 	FIO0DIR &= ~(0x3 << 25); // set as input
 643              		.loc 1 215 2 view .LVU235
 644              	.LBE73:
 645              	.LBE72:
 243:../common/ubertooth.c **** #endif
 244:../common/ubertooth.c **** 
 245:../common/ubertooth.c **** 	/* activate 1V8 supply for CC2400 */
ARM GAS  /tmp/ccrAXmTj.s 			page 19


 246:../common/ubertooth.c **** 	CC1V8_SET;
 646              		.loc 1 246 2 is_stmt 0 view .LVU236
 647 0002 4FF40074 		mov	r4, #512
 648              	.LBB75:
 649              	.LBB76:
  55:../common/ubertooth.c **** 		(us>>2) + (us>>3) + (us>>6) + (us>>7) + (us>>10) + (us>>11);
 650              		.loc 1 55 18 view .LVU237
 651 0006 1220     		movs	r0, #18
 652              	.LBE76:
 653              	.LBE75:
 654              	.LBB79:
 655              	.LBB74:
 215:../common/ubertooth.c **** 	FIO0DIR &= ~(0x3 << 25); // set as input
 656              		.loc 1 215 10 view .LVU238
 657 0008 264B     		ldr	r3, .L44
 216:../common/ubertooth.c **** 	PINMODE1 |= (0x5 << 19); // no pull-up/pull-down
 658              		.loc 1 216 10 view .LVU239
 659 000a 2749     		ldr	r1, .L44+4
 215:../common/ubertooth.c **** 	FIO0DIR &= ~(0x3 << 25); // set as input
 660              		.loc 1 215 10 view .LVU240
 661 000c 5A68     		ldr	r2, [r3, #4]
 662 000e 22F47012 		bic	r2, r2, #3932160
 663 0012 5A60     		str	r2, [r3, #4]
 216:../common/ubertooth.c **** 	PINMODE1 |= (0x5 << 19); // no pull-up/pull-down
 664              		.loc 1 216 2 is_stmt 1 view .LVU241
 216:../common/ubertooth.c **** 	PINMODE1 |= (0x5 << 19); // no pull-up/pull-down
 665              		.loc 1 216 10 is_stmt 0 view .LVU242
 666 0014 0A68     		ldr	r2, [r1]
 667 0016 22F0C062 		bic	r2, r2, #100663296
 668 001a 0A60     		str	r2, [r1]
 217:../common/ubertooth.c **** 	PINMODE1 &= ~(0x5 << 18); // no pull-up/pull-down
 669              		.loc 1 217 2 is_stmt 1 view .LVU243
 670 001c 5A6C     		ldr	r2, [r3, #68]
 217:../common/ubertooth.c **** 	PINMODE1 &= ~(0x5 << 18); // no pull-up/pull-down
 671              		.loc 1 217 11 is_stmt 0 view .LVU244
 672 001e 42F42012 		orr	r2, r2, #2621440
 673 0022 5A64     		str	r2, [r3, #68]
 218:../common/ubertooth.c **** }
 674              		.loc 1 218 2 is_stmt 1 view .LVU245
 218:../common/ubertooth.c **** }
 675              		.loc 1 218 11 is_stmt 0 view .LVU246
 676 0024 5A6C     		ldr	r2, [r3, #68]
 677 0026 22F4A012 		bic	r2, r2, #1310720
 678 002a 5A64     		str	r2, [r3, #68]
 679              	.LBE74:
 680              	.LBE79:
 681              		.loc 1 246 2 is_stmt 1 view .LVU247
 682              	.LBB80:
 683              	.LBB77:
  55:../common/ubertooth.c **** 		(us>>2) + (us>>3) + (us>>6) + (us>>7) + (us>>10) + (us>>11);
 684              		.loc 1 55 18 is_stmt 0 view .LVU248
 685 002c 1F4A     		ldr	r2, .L44+8
 686              	.LBE77:
 687              	.LBE80:
 688              		.loc 1 246 2 view .LVU249
 689 002e 8C63     		str	r4, [r1, #56]
 247:../common/ubertooth.c **** 	wait_us(50);
ARM GAS  /tmp/ccrAXmTj.s 			page 20


 690              		.loc 1 247 2 is_stmt 1 view .LVU250
 691              	.LVL8:
 692              	.LBB81:
 693              	.LBI75:
  49:../common/ubertooth.c **** {
 694              		.loc 1 49 6 view .LVU251
 695              	.LBB78:
  55:../common/ubertooth.c **** 		(us>>2) + (us>>3) + (us>>6) + (us>>7) + (us>>10) + (us>>11);
 696              		.loc 1 55 2 view .LVU252
  55:../common/ubertooth.c **** 		(us>>2) + (us>>3) + (us>>6) + (us>>7) + (us>>10) + (us>>11);
 697              		.loc 1 55 18 is_stmt 0 view .LVU253
 698 0030 1060     		str	r0, [r2]
  57:../common/ubertooth.c **** }
 699              		.loc 1 57 2 is_stmt 1 view .LVU254
 700              	.L31:
  57:../common/ubertooth.c **** }
 701              		.loc 1 57 8 discriminator 1 view .LVU255
 702 0032 1368     		ldr	r3, [r2]
 703 0034 013B     		subs	r3, r3, #1
 704 0036 1360     		str	r3, [r2]
 705 0038 002B     		cmp	r3, #0
 706 003a FAD1     		bne	.L31
 707              	.LVL9:
  57:../common/ubertooth.c **** }
 708              		.loc 1 57 8 is_stmt 0 discriminator 1 view .LVU256
 709              	.LBE78:
 710              	.LBE81:
 248:../common/ubertooth.c **** 
 249:../common/ubertooth.c **** 	/* CSN (slave select) is active low */
 250:../common/ubertooth.c **** 	CSN_SET;
 711              		.loc 1 250 2 is_stmt 1 view .LVU257
 712 003c 4FF0200C 		mov	ip, #32
 251:../common/ubertooth.c **** 
 252:../common/ubertooth.c **** 	/* activate 3V3 supply for CC2400 IO */
 253:../common/ubertooth.c **** 	CC3V3_SET;
 713              		.loc 1 253 2 is_stmt 0 view .LVU258
 714 0040 4FF4804E 		mov	lr, #16384
 715              	.LBB82:
 716              	.LBB83:
 717              	.LBB84:
 718              	.LBB85:
 254:../common/ubertooth.c **** 
 255:../common/ubertooth.c **** 	/* initialise various cc2400 settings - see datasheet pg63 */
 256:../common/ubertooth.c **** 	cc2400_set(MANAND,  0x7fff);
 257:../common/ubertooth.c **** }
 258:../common/ubertooth.c **** 
 259:../common/ubertooth.c **** /*
 260:../common/ubertooth.c ****  * This is a single SPI transaction of variable length, usually 8 or 24 bits.
 261:../common/ubertooth.c ****  * The CC2400 also supports longer transactions (e.g. for the FIFO), but we
 262:../common/ubertooth.c ****  * haven't implemented anything longer than 32 bits.
 263:../common/ubertooth.c ****  *
 264:../common/ubertooth.c ****  * We're bit-banging because:
 265:../common/ubertooth.c ****  *
 266:../common/ubertooth.c ****  * 1. We're using one SPI peripheral for the CC2400's unbuffered data
 267:../common/ubertooth.c ****  *    interace.
 268:../common/ubertooth.c ****  * 2. We're saving the second SPI peripheral for an expansion port.
 269:../common/ubertooth.c ****  * 3. The CC2400 needs CSN held low for the entire transaction which the
ARM GAS  /tmp/ccrAXmTj.s 			page 21


 270:../common/ubertooth.c ****  *    LPC17xx SPI peripheral won't do without some workaround anyway.
 271:../common/ubertooth.c ****  */
 272:../common/ubertooth.c **** u32 cc2400_spi(u8 len, u32 data)
 273:../common/ubertooth.c **** {
 274:../common/ubertooth.c **** 	u32 msb = 1 << (len - 1);
 275:../common/ubertooth.c **** 
 276:../common/ubertooth.c **** 	/* start transaction by dropping CSN */
 277:../common/ubertooth.c **** 	CSN_CLR;
 719              		.loc 1 277 2 view .LVU259
 720 0044 1823     		movs	r3, #24
 278:../common/ubertooth.c **** 
 279:../common/ubertooth.c **** 	while (len--) {
 280:../common/ubertooth.c **** 		if (data & msb)
 281:../common/ubertooth.c **** 			MOSI_SET;
 282:../common/ubertooth.c **** 		else
 283:../common/ubertooth.c **** 			MOSI_CLR;
 721              		.loc 1 283 4 view .LVU260
 722 0046 0124     		movs	r4, #1
 284:../common/ubertooth.c **** 		data <<= 1;
 285:../common/ubertooth.c **** 
 286:../common/ubertooth.c **** 		SCLK_SET;
 723              		.loc 1 286 3 view .LVU261
 724 0048 1020     		movs	r0, #16
 725              	.LBE85:
 726              	.LBE84:
 727              	.LBE83:
 728              	.LBE82:
 250:../common/ubertooth.c **** 
 729              		.loc 1 250 2 view .LVU262
 730 004a 174A     		ldr	r2, .L44+4
 731              	.LBB92:
 732              	.LBB90:
 733              	.LBB88:
 734              	.LBB86:
 277:../common/ubertooth.c **** 
 735              		.loc 1 277 2 view .LVU263
 736 004c 1849     		ldr	r1, .L44+12
 737              	.LBE86:
 738              	.LBE88:
 739              	.LBE90:
 740              	.LBE92:
 250:../common/ubertooth.c **** 
 741              		.loc 1 250 2 view .LVU264
 742 004e C2F858C0 		str	ip, [r2, #88]
 253:../common/ubertooth.c **** 
 743              		.loc 1 253 2 is_stmt 1 view .LVU265
 744 0052 C2F838E0 		str	lr, [r2, #56]
 256:../common/ubertooth.c **** }
 745              		.loc 1 256 2 view .LVU266
 746              	.LVL10:
 747              	.LBB93:
 748              	.LBI82:
 287:../common/ubertooth.c **** 		/* Save a few cycles by avoiding the compare/branch */
 288:../common/ubertooth.c **** 		data |= !!MISO;
 289:../common/ubertooth.c **** 		SCLK_CLR;
 290:../common/ubertooth.c **** 	}
 291:../common/ubertooth.c **** 
ARM GAS  /tmp/ccrAXmTj.s 			page 22


 292:../common/ubertooth.c **** 	/* end transaction by raising CSN */
 293:../common/ubertooth.c **** 	CSN_SET;
 294:../common/ubertooth.c **** 
 295:../common/ubertooth.c **** 	return data;
 296:../common/ubertooth.c **** }
 297:../common/ubertooth.c **** 
 298:../common/ubertooth.c **** /* read 16 bit value from a register */
 299:../common/ubertooth.c **** u16 cc2400_get(u8 reg)
 300:../common/ubertooth.c **** {
 301:../common/ubertooth.c **** 	u32 in;
 302:../common/ubertooth.c **** 
 303:../common/ubertooth.c **** 	u32 out = (reg | 0x80) << 16;
 304:../common/ubertooth.c **** 	in = cc2400_spi(24, out);
 305:../common/ubertooth.c **** 	return in & 0xFFFF;
 306:../common/ubertooth.c **** }
 307:../common/ubertooth.c **** 
 308:../common/ubertooth.c **** /* write 16 bit value to a register */
 309:../common/ubertooth.c **** void cc2400_set(u8 reg, u16 val)
 749              		.loc 1 309 6 view .LVU267
 750              	.LBB91:
 310:../common/ubertooth.c **** {
 311:../common/ubertooth.c **** 	u32 out = (reg << 16) | val;
 751              		.loc 1 311 2 view .LVU268
 312:../common/ubertooth.c **** 	cc2400_spi(24, out);
 752              		.loc 1 312 2 view .LVU269
 753              	.LBB89:
 754              	.LBI84:
 272:../common/ubertooth.c **** {
 755              		.loc 1 272 5 view .LVU270
 756              	.LBB87:
 274:../common/ubertooth.c **** 
 757              		.loc 1 274 2 view .LVU271
 277:../common/ubertooth.c **** 
 758              		.loc 1 277 2 view .LVU272
 759 0056 C2F85CC0 		str	ip, [r2, #92]
 279:../common/ubertooth.c **** 		if (data & msb)
 760              		.loc 1 279 2 view .LVU273
 279:../common/ubertooth.c **** 		if (data & msb)
 761              		.loc 1 279 9 view .LVU274
 762              	.LVL11:
 763              	.L35:
 280:../common/ubertooth.c **** 			MOSI_SET;
 764              		.loc 1 280 3 view .LVU275
 281:../common/ubertooth.c **** 		else
 765              		.loc 1 281 4 view .LVU276
 283:../common/ubertooth.c **** 		data <<= 1;
 766              		.loc 1 283 4 view .LVU277
 279:../common/ubertooth.c **** 		if (data & msb)
 767              		.loc 1 279 9 is_stmt 0 view .LVU278
 768 005a 03F1FF3C 		add	ip, r3, #-1
 280:../common/ubertooth.c **** 			MOSI_SET;
 769              		.loc 1 280 6 view .LVU279
 770 005e 0B02     		lsls	r3, r1, #8
 771 0060 0FD5     		bpl	.L32
 772              	.L43:
 281:../common/ubertooth.c **** 		else
 773              		.loc 1 281 4 view .LVU280
ARM GAS  /tmp/ccrAXmTj.s 			page 23


 774 0062 9465     		str	r4, [r2, #88]
 284:../common/ubertooth.c **** 
 775              		.loc 1 284 3 is_stmt 1 view .LVU281
 776              	.LVL12:
 286:../common/ubertooth.c **** 		/* Save a few cycles by avoiding the compare/branch */
 777              		.loc 1 286 3 view .LVU282
 778 0064 9065     		str	r0, [r2, #88]
 288:../common/ubertooth.c **** 		SCLK_CLR;
 779              		.loc 1 288 3 view .LVU283
 288:../common/ubertooth.c **** 		SCLK_CLR;
 780              		.loc 1 288 13 is_stmt 0 view .LVU284
 781 0066 D2F854E0 		ldr	lr, [r2, #84]
 782              	.LVL13:
 289:../common/ubertooth.c **** 	}
 783              		.loc 1 289 3 is_stmt 1 view .LVU285
 279:../common/ubertooth.c **** 		if (data & msb)
 784              		.loc 1 279 9 is_stmt 0 view .LVU286
 785 006a 1CF0FF03 		ands	r3, ip, #255
 289:../common/ubertooth.c **** 	}
 786              		.loc 1 289 3 view .LVU287
 787 006e D065     		str	r0, [r2, #92]
 279:../common/ubertooth.c **** 		if (data & msb)
 788              		.loc 1 279 9 is_stmt 1 view .LVU288
 288:../common/ubertooth.c **** 		SCLK_CLR;
 789              		.loc 1 288 11 is_stmt 0 view .LVU289
 790 0070 CEF3400E 		ubfx	lr, lr, #1, #1
 791              	.LVL14:
 279:../common/ubertooth.c **** 		if (data & msb)
 792              		.loc 1 279 9 view .LVU290
 793 0074 12D0     		beq	.L33
 288:../common/ubertooth.c **** 		SCLK_CLR;
 794              		.loc 1 288 8 view .LVU291
 795 0076 4EEA4101 		orr	r1, lr, r1, lsl #1
 796              	.LVL15:
 280:../common/ubertooth.c **** 			MOSI_SET;
 797              		.loc 1 280 3 is_stmt 1 view .LVU292
 281:../common/ubertooth.c **** 		else
 798              		.loc 1 281 4 view .LVU293
 283:../common/ubertooth.c **** 		data <<= 1;
 799              		.loc 1 283 4 view .LVU294
 279:../common/ubertooth.c **** 		if (data & msb)
 800              		.loc 1 279 9 is_stmt 0 view .LVU295
 801 007a 03F1FF3C 		add	ip, r3, #-1
 280:../common/ubertooth.c **** 			MOSI_SET;
 802              		.loc 1 280 6 view .LVU296
 803 007e 0B02     		lsls	r3, r1, #8
 804 0080 EFD4     		bmi	.L43
 805              	.L32:
 283:../common/ubertooth.c **** 		data <<= 1;
 806              		.loc 1 283 4 view .LVU297
 807 0082 D465     		str	r4, [r2, #92]
 284:../common/ubertooth.c **** 
 808              		.loc 1 284 3 is_stmt 1 view .LVU298
 809              	.LVL16:
 286:../common/ubertooth.c **** 		/* Save a few cycles by avoiding the compare/branch */
 810              		.loc 1 286 3 view .LVU299
 811 0084 9065     		str	r0, [r2, #88]
ARM GAS  /tmp/ccrAXmTj.s 			page 24


 279:../common/ubertooth.c **** 		if (data & msb)
 812              		.loc 1 279 9 is_stmt 0 view .LVU300
 813 0086 1CF0FF03 		ands	r3, ip, #255
 288:../common/ubertooth.c **** 		SCLK_CLR;
 814              		.loc 1 288 3 is_stmt 1 view .LVU301
 288:../common/ubertooth.c **** 		SCLK_CLR;
 815              		.loc 1 288 13 is_stmt 0 view .LVU302
 816 008a D2F854C0 		ldr	ip, [r2, #84]
 817              	.LVL17:
 289:../common/ubertooth.c **** 	}
 818              		.loc 1 289 3 is_stmt 1 view .LVU303
 819 008e D065     		str	r0, [r2, #92]
 279:../common/ubertooth.c **** 		if (data & msb)
 820              		.loc 1 279 9 view .LVU304
 288:../common/ubertooth.c **** 		SCLK_CLR;
 821              		.loc 1 288 11 is_stmt 0 view .LVU305
 822 0090 CCF3400C 		ubfx	ip, ip, #1, #1
 823              	.LVL18:
 279:../common/ubertooth.c **** 		if (data & msb)
 824              		.loc 1 279 9 view .LVU306
 825 0094 02D0     		beq	.L33
 288:../common/ubertooth.c **** 		SCLK_CLR;
 826              		.loc 1 288 8 view .LVU307
 827 0096 4CEA4101 		orr	r1, ip, r1, lsl #1
 288:../common/ubertooth.c **** 		SCLK_CLR;
 828              		.loc 1 288 8 view .LVU308
 829 009a DEE7     		b	.L35
 830              	.LVL19:
 831              	.L33:
 293:../common/ubertooth.c **** 
 832              		.loc 1 293 2 is_stmt 1 view .LVU309
 833 009c 2022     		movs	r2, #32
 834 009e 024B     		ldr	r3, .L44+4
 835 00a0 9A65     		str	r2, [r3, #88]
 295:../common/ubertooth.c **** }
 836              		.loc 1 295 2 view .LVU310
 837              	.LVL20:
 295:../common/ubertooth.c **** }
 838              		.loc 1 295 2 is_stmt 0 view .LVU311
 839              	.LBE87:
 840              	.LBE89:
 841              	.LBE91:
 842              	.LBE93:
 257:../common/ubertooth.c **** 
 843              		.loc 1 257 1 view .LVU312
 844 00a2 10BD     		pop	{r4, pc}
 845              	.L45:
 846              		.align	2
 847              	.L44:
 848 00a4 00C00240 		.word	1073922048
 849 00a8 00C00920 		.word	537509888
 850 00ac 00000000 		.word	.LANCHOR0
 851 00b0 FF7F0D00 		.word	884735
 852              		.cfi_endproc
 853              	.LFE9:
 855              		.section	.text.cc2400_spi,"ax",%progbits
 856              		.align	1
ARM GAS  /tmp/ccrAXmTj.s 			page 25


 857              		.p2align 2,,3
 858              		.global	cc2400_spi
 859              		.syntax unified
 860              		.thumb
 861              		.thumb_func
 863              	cc2400_spi:
 864              	.LVL21:
 865              	.LFB10:
 273:../common/ubertooth.c **** 	u32 msb = 1 << (len - 1);
 866              		.loc 1 273 1 is_stmt 1 view -0
 867              		.cfi_startproc
 868              		@ args = 0, pretend = 0, frame = 0
 869              		@ frame_needed = 0, uses_anonymous_args = 0
 273:../common/ubertooth.c **** 	u32 msb = 1 << (len - 1);
 870              		.loc 1 273 1 is_stmt 0 view .LVU314
 871 0000 30B5     		push	{r4, r5, lr}
 872              		.cfi_def_cfa_offset 12
 873              		.cfi_offset 4, -12
 874              		.cfi_offset 5, -8
 875              		.cfi_offset 14, -4
 274:../common/ubertooth.c **** 
 876              		.loc 1 274 2 is_stmt 1 view .LVU315
 277:../common/ubertooth.c **** 
 877              		.loc 1 277 2 is_stmt 0 view .LVU316
 878 0002 2023     		movs	r3, #32
 879              	.LVL22:
 277:../common/ubertooth.c **** 
 880              		.loc 1 277 2 is_stmt 1 view .LVU317
 881 0004 194A     		ldr	r2, .L55
 882 0006 D365     		str	r3, [r2, #92]
 279:../common/ubertooth.c **** 		if (data & msb)
 883              		.loc 1 279 2 view .LVU318
 279:../common/ubertooth.c **** 		if (data & msb)
 884              		.loc 1 279 9 view .LVU319
 885              	.LVL23:
 279:../common/ubertooth.c **** 		if (data & msb)
 886              		.loc 1 279 9 is_stmt 0 view .LVU320
 887 0008 58B3     		cbz	r0, .L51
 274:../common/ubertooth.c **** 
 888              		.loc 1 274 14 view .LVU321
 889 000a 0125     		movs	r5, #1
 274:../common/ubertooth.c **** 
 890              		.loc 1 274 22 view .LVU322
 891 000c 00F1FF3E 		add	lr, r0, #-1
 279:../common/ubertooth.c **** 		if (data & msb)
 892              		.loc 1 279 12 view .LVU323
 893 0010 0846     		mov	r0, r1
 894              	.LVL24:
 286:../common/ubertooth.c **** 		/* Save a few cycles by avoiding the compare/branch */
 895              		.loc 1 286 3 view .LVU324
 896 0012 1021     		movs	r1, #16
 897              	.LVL25:
 279:../common/ubertooth.c **** 		if (data & msb)
 898              		.loc 1 279 12 view .LVU325
 899 0014 7346     		mov	r3, lr
 274:../common/ubertooth.c **** 
 900              		.loc 1 274 14 view .LVU326
ARM GAS  /tmp/ccrAXmTj.s 			page 26


 901 0016 05FA0EFE 		lsl	lr, r5, lr
 902              	.LVL26:
 903              	.L50:
 280:../common/ubertooth.c **** 			MOSI_SET;
 904              		.loc 1 280 3 is_stmt 1 view .LVU327
 281:../common/ubertooth.c **** 		else
 905              		.loc 1 281 4 view .LVU328
 283:../common/ubertooth.c **** 		data <<= 1;
 906              		.loc 1 283 4 view .LVU329
 280:../common/ubertooth.c **** 			MOSI_SET;
 907              		.loc 1 280 6 is_stmt 0 view .LVU330
 908 001a 1EEA000F 		tst	lr, r0
 279:../common/ubertooth.c **** 		if (data & msb)
 909              		.loc 1 279 12 view .LVU331
 910 001e 03F1FF34 		add	r4, r3, #-1
 280:../common/ubertooth.c **** 			MOSI_SET;
 911              		.loc 1 280 6 view .LVU332
 912 0022 0FD0     		beq	.L48
 281:../common/ubertooth.c **** 		else
 913              		.loc 1 281 4 view .LVU333
 914 0024 9565     		str	r5, [r2, #88]
 284:../common/ubertooth.c **** 
 915              		.loc 1 284 3 is_stmt 1 view .LVU334
 916              	.LVL27:
 286:../common/ubertooth.c **** 		/* Save a few cycles by avoiding the compare/branch */
 917              		.loc 1 286 3 view .LVU335
 918 0026 9165     		str	r1, [r2, #88]
 288:../common/ubertooth.c **** 		SCLK_CLR;
 919              		.loc 1 288 3 view .LVU336
 288:../common/ubertooth.c **** 		SCLK_CLR;
 920              		.loc 1 288 13 is_stmt 0 view .LVU337
 921 0028 D2F854C0 		ldr	ip, [r2, #84]
 279:../common/ubertooth.c **** 		if (data & msb)
 922              		.loc 1 279 12 view .LVU338
 923 002c E3B2     		uxtb	r3, r4
 924              	.LVL28:
 288:../common/ubertooth.c **** 		SCLK_CLR;
 925              		.loc 1 288 11 view .LVU339
 926 002e CCF3400C 		ubfx	ip, ip, #1, #1
 279:../common/ubertooth.c **** 		if (data & msb)
 927              		.loc 1 279 9 view .LVU340
 928 0032 FF2B     		cmp	r3, #255
 289:../common/ubertooth.c **** 	}
 929              		.loc 1 289 3 view .LVU341
 930 0034 D165     		str	r1, [r2, #92]
 288:../common/ubertooth.c **** 		SCLK_CLR;
 931              		.loc 1 288 8 view .LVU342
 932 0036 4CEA4000 		orr	r0, ip, r0, lsl #1
 933              	.LVL29:
 289:../common/ubertooth.c **** 	}
 934              		.loc 1 289 3 is_stmt 1 view .LVU343
 279:../common/ubertooth.c **** 		if (data & msb)
 935              		.loc 1 279 9 view .LVU344
 279:../common/ubertooth.c **** 		if (data & msb)
 936              		.loc 1 279 9 is_stmt 0 view .LVU345
 937 003a EED1     		bne	.L50
 293:../common/ubertooth.c **** 
ARM GAS  /tmp/ccrAXmTj.s 			page 27


 938              		.loc 1 293 2 is_stmt 1 view .LVU346
 939 003c 2022     		movs	r2, #32
 940 003e 0B4B     		ldr	r3, .L55
 941              	.LVL30:
 293:../common/ubertooth.c **** 
 942              		.loc 1 293 2 is_stmt 0 view .LVU347
 943 0040 9A65     		str	r2, [r3, #88]
 295:../common/ubertooth.c **** }
 944              		.loc 1 295 2 is_stmt 1 view .LVU348
 296:../common/ubertooth.c **** 
 945              		.loc 1 296 1 is_stmt 0 view .LVU349
 946 0042 30BD     		pop	{r4, r5, pc}
 947              	.LVL31:
 948              	.L48:
 283:../common/ubertooth.c **** 		data <<= 1;
 949              		.loc 1 283 4 view .LVU350
 950 0044 D565     		str	r5, [r2, #92]
 284:../common/ubertooth.c **** 
 951              		.loc 1 284 3 is_stmt 1 view .LVU351
 952              	.LVL32:
 286:../common/ubertooth.c **** 		/* Save a few cycles by avoiding the compare/branch */
 953              		.loc 1 286 3 view .LVU352
 954 0046 9165     		str	r1, [r2, #88]
 279:../common/ubertooth.c **** 		if (data & msb)
 955              		.loc 1 279 12 is_stmt 0 view .LVU353
 956 0048 E3B2     		uxtb	r3, r4
 957              	.LVL33:
 288:../common/ubertooth.c **** 		SCLK_CLR;
 958              		.loc 1 288 3 is_stmt 1 view .LVU354
 288:../common/ubertooth.c **** 		SCLK_CLR;
 959              		.loc 1 288 13 is_stmt 0 view .LVU355
 960 004a 546D     		ldr	r4, [r2, #84]
 961              	.LVL34:
 279:../common/ubertooth.c **** 		if (data & msb)
 962              		.loc 1 279 9 view .LVU356
 963 004c FF2B     		cmp	r3, #255
 288:../common/ubertooth.c **** 		SCLK_CLR;
 964              		.loc 1 288 11 view .LVU357
 965 004e C4F3400C 		ubfx	ip, r4, #1, #1
 289:../common/ubertooth.c **** 	}
 966              		.loc 1 289 3 view .LVU358
 967 0052 D165     		str	r1, [r2, #92]
 288:../common/ubertooth.c **** 		SCLK_CLR;
 968              		.loc 1 288 8 view .LVU359
 969 0054 4CEA4000 		orr	r0, ip, r0, lsl #1
 970              	.LVL35:
 289:../common/ubertooth.c **** 	}
 971              		.loc 1 289 3 is_stmt 1 view .LVU360
 279:../common/ubertooth.c **** 		if (data & msb)
 972              		.loc 1 279 9 view .LVU361
 279:../common/ubertooth.c **** 		if (data & msb)
 973              		.loc 1 279 9 is_stmt 0 view .LVU362
 974 0058 DFD1     		bne	.L50
 293:../common/ubertooth.c **** 
 975              		.loc 1 293 2 is_stmt 1 view .LVU363
 976 005a 2022     		movs	r2, #32
 977 005c 034B     		ldr	r3, .L55
ARM GAS  /tmp/ccrAXmTj.s 			page 28


 978              	.LVL36:
 293:../common/ubertooth.c **** 
 979              		.loc 1 293 2 is_stmt 0 view .LVU364
 980 005e 9A65     		str	r2, [r3, #88]
 295:../common/ubertooth.c **** }
 981              		.loc 1 295 2 is_stmt 1 view .LVU365
 296:../common/ubertooth.c **** 
 982              		.loc 1 296 1 is_stmt 0 view .LVU366
 983 0060 30BD     		pop	{r4, r5, pc}
 984              	.LVL37:
 985              	.L51:
 293:../common/ubertooth.c **** 
 986              		.loc 1 293 2 view .LVU367
 987 0062 2022     		movs	r2, #32
 988 0064 014B     		ldr	r3, .L55
 279:../common/ubertooth.c **** 		if (data & msb)
 989              		.loc 1 279 9 view .LVU368
 990 0066 0846     		mov	r0, r1
 991              	.LVL38:
 293:../common/ubertooth.c **** 
 992              		.loc 1 293 2 is_stmt 1 view .LVU369
 993 0068 9A65     		str	r2, [r3, #88]
 295:../common/ubertooth.c **** }
 994              		.loc 1 295 2 view .LVU370
 296:../common/ubertooth.c **** 
 995              		.loc 1 296 1 is_stmt 0 view .LVU371
 996 006a 30BD     		pop	{r4, r5, pc}
 997              	.L56:
 998              		.align	2
 999              	.L55:
 1000 006c 00C00920 		.word	537509888
 1001              		.cfi_endproc
 1002              	.LFE10:
 1004              		.section	.text.cc2400_get,"ax",%progbits
 1005              		.align	1
 1006              		.p2align 2,,3
 1007              		.global	cc2400_get
 1008              		.syntax unified
 1009              		.thumb
 1010              		.thumb_func
 1012              	cc2400_get:
 1013              	.LVL39:
 1014              	.LFB11:
 300:../common/ubertooth.c **** 	u32 in;
 1015              		.loc 1 300 1 is_stmt 1 view -0
 1016              		.cfi_startproc
 1017              		@ args = 0, pretend = 0, frame = 0
 1018              		@ frame_needed = 0, uses_anonymous_args = 0
 300:../common/ubertooth.c **** 	u32 in;
 1019              		.loc 1 300 1 is_stmt 0 view .LVU373
 1020 0000 00B5     		push	{lr}
 1021              		.cfi_def_cfa_offset 4
 1022              		.cfi_offset 14, -4
 301:../common/ubertooth.c **** 
 1023              		.loc 1 301 2 is_stmt 1 view .LVU374
 303:../common/ubertooth.c **** 	in = cc2400_spi(24, out);
 1024              		.loc 1 303 2 view .LVU375
ARM GAS  /tmp/ccrAXmTj.s 			page 29


 1025              	.LBB94:
 1026              	.LBB95:
 277:../common/ubertooth.c **** 
 1027              		.loc 1 277 2 is_stmt 0 view .LVU376
 1028 0002 4FF0200C 		mov	ip, #32
 286:../common/ubertooth.c **** 		/* Save a few cycles by avoiding the compare/branch */
 1029              		.loc 1 286 3 view .LVU377
 1030 0006 1021     		movs	r1, #16
 277:../common/ubertooth.c **** 
 1031              		.loc 1 277 2 view .LVU378
 1032 0008 1823     		movs	r3, #24
 283:../common/ubertooth.c **** 		data <<= 1;
 1033              		.loc 1 283 4 view .LVU379
 1034 000a 4FF0010E 		mov	lr, #1
 277:../common/ubertooth.c **** 
 1035              		.loc 1 277 2 view .LVU380
 1036 000e 144A     		ldr	r2, .L65
 1037              	.LBE95:
 1038              	.LBE94:
 303:../common/ubertooth.c **** 	in = cc2400_spi(24, out);
 1039              		.loc 1 303 25 view .LVU381
 1040 0010 40F08000 		orr	r0, r0, #128
 1041              	.LVL40:
 1042              	.LBB100:
 1043              	.LBB96:
 277:../common/ubertooth.c **** 
 1044              		.loc 1 277 2 view .LVU382
 1045 0014 C2F85CC0 		str	ip, [r2, #92]
 1046              	.LBE96:
 1047              	.LBE100:
 303:../common/ubertooth.c **** 	in = cc2400_spi(24, out);
 1048              		.loc 1 303 6 view .LVU383
 1049 0018 8840     		lsls	r0, r0, r1
 1050              	.LVL41:
 304:../common/ubertooth.c **** 	return in & 0xFFFF;
 1051              		.loc 1 304 2 is_stmt 1 view .LVU384
 1052              	.LBB101:
 1053              	.LBI94:
 272:../common/ubertooth.c **** {
 1054              		.loc 1 272 5 view .LVU385
 1055              	.LBB97:
 274:../common/ubertooth.c **** 
 1056              		.loc 1 274 2 view .LVU386
 277:../common/ubertooth.c **** 
 1057              		.loc 1 277 2 view .LVU387
 279:../common/ubertooth.c **** 		if (data & msb)
 1058              		.loc 1 279 2 view .LVU388
 279:../common/ubertooth.c **** 		if (data & msb)
 1059              		.loc 1 279 9 view .LVU389
 1060              	.L61:
 280:../common/ubertooth.c **** 			MOSI_SET;
 1061              		.loc 1 280 3 view .LVU390
 281:../common/ubertooth.c **** 		else
 1062              		.loc 1 281 4 view .LVU391
 283:../common/ubertooth.c **** 		data <<= 1;
 1063              		.loc 1 283 4 view .LVU392
 279:../common/ubertooth.c **** 		if (data & msb)
ARM GAS  /tmp/ccrAXmTj.s 			page 30


 1064              		.loc 1 279 9 is_stmt 0 view .LVU393
 1065 001a 03F1FF3C 		add	ip, r3, #-1
 280:../common/ubertooth.c **** 			MOSI_SET;
 1066              		.loc 1 280 6 view .LVU394
 1067 001e 0302     		lsls	r3, r0, #8
 1068 0020 10D5     		bpl	.L58
 281:../common/ubertooth.c **** 		else
 1069              		.loc 1 281 4 view .LVU395
 1070 0022 C2F858E0 		str	lr, [r2, #88]
 284:../common/ubertooth.c **** 
 1071              		.loc 1 284 3 is_stmt 1 view .LVU396
 1072              	.LVL42:
 286:../common/ubertooth.c **** 		/* Save a few cycles by avoiding the compare/branch */
 1073              		.loc 1 286 3 view .LVU397
 1074 0026 9165     		str	r1, [r2, #88]
 288:../common/ubertooth.c **** 		SCLK_CLR;
 1075              		.loc 1 288 3 view .LVU398
 288:../common/ubertooth.c **** 		SCLK_CLR;
 1076              		.loc 1 288 13 is_stmt 0 view .LVU399
 1077 0028 536D     		ldr	r3, [r2, #84]
 289:../common/ubertooth.c **** 	}
 1078              		.loc 1 289 3 view .LVU400
 1079 002a D165     		str	r1, [r2, #92]
 288:../common/ubertooth.c **** 		SCLK_CLR;
 1080              		.loc 1 288 11 view .LVU401
 1081 002c C3F34003 		ubfx	r3, r3, #1, #1
 288:../common/ubertooth.c **** 		SCLK_CLR;
 1082              		.loc 1 288 8 view .LVU402
 1083 0030 43EA4000 		orr	r0, r3, r0, lsl #1
 1084              	.LVL43:
 289:../common/ubertooth.c **** 	}
 1085              		.loc 1 289 3 is_stmt 1 view .LVU403
 279:../common/ubertooth.c **** 		if (data & msb)
 1086              		.loc 1 279 9 view .LVU404
 1087 0034 1CF0FF03 		ands	r3, ip, #255
 1088 0038 EFD1     		bne	.L61
 1089              	.L60:
 293:../common/ubertooth.c **** 
 1090              		.loc 1 293 2 view .LVU405
 1091 003a 2022     		movs	r2, #32
 1092 003c 084B     		ldr	r3, .L65
 1093              	.LBE97:
 1094              	.LBE101:
 306:../common/ubertooth.c **** 
 1095              		.loc 1 306 1 is_stmt 0 view .LVU406
 1096 003e 80B2     		uxth	r0, r0
 1097              	.LVL44:
 1098              	.LBB102:
 1099              	.LBB98:
 293:../common/ubertooth.c **** 
 1100              		.loc 1 293 2 view .LVU407
 1101 0040 9A65     		str	r2, [r3, #88]
 295:../common/ubertooth.c **** }
 1102              		.loc 1 295 2 is_stmt 1 view .LVU408
 1103              	.LVL45:
 295:../common/ubertooth.c **** }
 1104              		.loc 1 295 2 is_stmt 0 view .LVU409
ARM GAS  /tmp/ccrAXmTj.s 			page 31


 1105              	.LBE98:
 1106              	.LBE102:
 305:../common/ubertooth.c **** }
 1107              		.loc 1 305 2 is_stmt 1 view .LVU410
 306:../common/ubertooth.c **** 
 1108              		.loc 1 306 1 is_stmt 0 view .LVU411
 1109 0042 00BD     		pop	{pc}
 1110              	.LVL46:
 1111              	.L58:
 1112              	.LBB103:
 1113              	.LBB99:
 283:../common/ubertooth.c **** 		data <<= 1;
 1114              		.loc 1 283 4 view .LVU412
 1115 0044 C2F85CE0 		str	lr, [r2, #92]
 284:../common/ubertooth.c **** 
 1116              		.loc 1 284 3 is_stmt 1 view .LVU413
 1117              	.LVL47:
 286:../common/ubertooth.c **** 		/* Save a few cycles by avoiding the compare/branch */
 1118              		.loc 1 286 3 view .LVU414
 1119 0048 9165     		str	r1, [r2, #88]
 279:../common/ubertooth.c **** 		if (data & msb)
 1120              		.loc 1 279 9 is_stmt 0 view .LVU415
 1121 004a 1CF0FF03 		ands	r3, ip, #255
 288:../common/ubertooth.c **** 		SCLK_CLR;
 1122              		.loc 1 288 3 is_stmt 1 view .LVU416
 288:../common/ubertooth.c **** 		SCLK_CLR;
 1123              		.loc 1 288 13 is_stmt 0 view .LVU417
 1124 004e D2F854C0 		ldr	ip, [r2, #84]
 289:../common/ubertooth.c **** 	}
 1125              		.loc 1 289 3 view .LVU418
 1126 0052 D165     		str	r1, [r2, #92]
 288:../common/ubertooth.c **** 		SCLK_CLR;
 1127              		.loc 1 288 11 view .LVU419
 1128 0054 CCF3400C 		ubfx	ip, ip, #1, #1
 288:../common/ubertooth.c **** 		SCLK_CLR;
 1129              		.loc 1 288 8 view .LVU420
 1130 0058 4CEA4000 		orr	r0, ip, r0, lsl #1
 1131              	.LVL48:
 289:../common/ubertooth.c **** 	}
 1132              		.loc 1 289 3 is_stmt 1 view .LVU421
 279:../common/ubertooth.c **** 		if (data & msb)
 1133              		.loc 1 279 9 view .LVU422
 1134 005c DDD1     		bne	.L61
 279:../common/ubertooth.c **** 		if (data & msb)
 1135              		.loc 1 279 9 is_stmt 0 view .LVU423
 1136 005e ECE7     		b	.L60
 1137              	.L66:
 1138              		.align	2
 1139              	.L65:
 1140 0060 00C00920 		.word	537509888
 1141              	.LBE99:
 1142              	.LBE103:
 1143              		.cfi_endproc
 1144              	.LFE11:
 1146              		.section	.text.cc2400_set,"ax",%progbits
 1147              		.align	1
 1148              		.p2align 2,,3
ARM GAS  /tmp/ccrAXmTj.s 			page 32


 1149              		.global	cc2400_set
 1150              		.syntax unified
 1151              		.thumb
 1152              		.thumb_func
 1154              	cc2400_set:
 1155              	.LVL49:
 1156              	.LFB12:
 310:../common/ubertooth.c **** 	u32 out = (reg << 16) | val;
 1157              		.loc 1 310 1 is_stmt 1 view -0
 1158              		.cfi_startproc
 1159              		@ args = 0, pretend = 0, frame = 0
 1160              		@ frame_needed = 0, uses_anonymous_args = 0
 310:../common/ubertooth.c **** 	u32 out = (reg << 16) | val;
 1161              		.loc 1 310 1 is_stmt 0 view .LVU425
 1162 0000 10B5     		push	{r4, lr}
 1163              		.cfi_def_cfa_offset 8
 1164              		.cfi_offset 4, -8
 1165              		.cfi_offset 14, -4
 311:../common/ubertooth.c **** 	cc2400_spi(24, out);
 1166              		.loc 1 311 2 is_stmt 1 view .LVU426
 1167              	.LBB106:
 1168              	.LBB107:
 277:../common/ubertooth.c **** 
 1169              		.loc 1 277 2 is_stmt 0 view .LVU427
 1170 0002 4FF0200C 		mov	ip, #32
 1171              	.LBE107:
 1172              	.LBE106:
 311:../common/ubertooth.c **** 	cc2400_spi(24, out);
 1173              		.loc 1 311 24 view .LVU428
 1174 0006 41EA0041 		orr	r1, r1, r0, lsl #16
 1175              	.LVL50:
 1176              		.loc 1 312 2 is_stmt 1 view .LVU429
 1177              	.LBB109:
 1178              	.LBI106:
 272:../common/ubertooth.c **** {
 1179              		.loc 1 272 5 view .LVU430
 1180              	.LBB108:
 274:../common/ubertooth.c **** 
 1181              		.loc 1 274 2 view .LVU431
 277:../common/ubertooth.c **** 
 1182              		.loc 1 277 2 view .LVU432
 279:../common/ubertooth.c **** 		if (data & msb)
 1183              		.loc 1 279 2 view .LVU433
 279:../common/ubertooth.c **** 		if (data & msb)
 1184              		.loc 1 279 9 view .LVU434
 277:../common/ubertooth.c **** 
 1185              		.loc 1 277 2 is_stmt 0 view .LVU435
 1186 000a 1823     		movs	r3, #24
 283:../common/ubertooth.c **** 		data <<= 1;
 1187              		.loc 1 283 4 view .LVU436
 1188 000c 0124     		movs	r4, #1
 286:../common/ubertooth.c **** 		/* Save a few cycles by avoiding the compare/branch */
 1189              		.loc 1 286 3 view .LVU437
 1190 000e 1020     		movs	r0, #16
 1191              	.LVL51:
 277:../common/ubertooth.c **** 
 1192              		.loc 1 277 2 view .LVU438
ARM GAS  /tmp/ccrAXmTj.s 			page 33


 1193 0010 134A     		ldr	r2, .L79
 1194 0012 C2F85CC0 		str	ip, [r2, #92]
 1195              	.LVL52:
 1196              	.L71:
 280:../common/ubertooth.c **** 			MOSI_SET;
 1197              		.loc 1 280 3 is_stmt 1 view .LVU439
 281:../common/ubertooth.c **** 		else
 1198              		.loc 1 281 4 view .LVU440
 283:../common/ubertooth.c **** 		data <<= 1;
 1199              		.loc 1 283 4 view .LVU441
 279:../common/ubertooth.c **** 		if (data & msb)
 1200              		.loc 1 279 9 is_stmt 0 view .LVU442
 1201 0016 03F1FF3C 		add	ip, r3, #-1
 280:../common/ubertooth.c **** 			MOSI_SET;
 1202              		.loc 1 280 6 view .LVU443
 1203 001a 0B02     		lsls	r3, r1, #8
 1204 001c 0FD5     		bpl	.L68
 1205              	.L78:
 281:../common/ubertooth.c **** 		else
 1206              		.loc 1 281 4 view .LVU444
 1207 001e 9465     		str	r4, [r2, #88]
 284:../common/ubertooth.c **** 
 1208              		.loc 1 284 3 is_stmt 1 view .LVU445
 1209              	.LVL53:
 286:../common/ubertooth.c **** 		/* Save a few cycles by avoiding the compare/branch */
 1210              		.loc 1 286 3 view .LVU446
 1211 0020 9065     		str	r0, [r2, #88]
 288:../common/ubertooth.c **** 		SCLK_CLR;
 1212              		.loc 1 288 3 view .LVU447
 288:../common/ubertooth.c **** 		SCLK_CLR;
 1213              		.loc 1 288 13 is_stmt 0 view .LVU448
 1214 0022 D2F854E0 		ldr	lr, [r2, #84]
 1215              	.LVL54:
 289:../common/ubertooth.c **** 	}
 1216              		.loc 1 289 3 is_stmt 1 view .LVU449
 279:../common/ubertooth.c **** 		if (data & msb)
 1217              		.loc 1 279 9 is_stmt 0 view .LVU450
 1218 0026 1CF0FF03 		ands	r3, ip, #255
 289:../common/ubertooth.c **** 	}
 1219              		.loc 1 289 3 view .LVU451
 1220 002a D065     		str	r0, [r2, #92]
 279:../common/ubertooth.c **** 		if (data & msb)
 1221              		.loc 1 279 9 is_stmt 1 view .LVU452
 288:../common/ubertooth.c **** 		SCLK_CLR;
 1222              		.loc 1 288 11 is_stmt 0 view .LVU453
 1223 002c CEF3400E 		ubfx	lr, lr, #1, #1
 1224              	.LVL55:
 279:../common/ubertooth.c **** 		if (data & msb)
 1225              		.loc 1 279 9 view .LVU454
 1226 0030 12D0     		beq	.L69
 288:../common/ubertooth.c **** 		SCLK_CLR;
 1227              		.loc 1 288 8 view .LVU455
 1228 0032 4EEA4101 		orr	r1, lr, r1, lsl #1
 1229              	.LVL56:
 280:../common/ubertooth.c **** 			MOSI_SET;
 1230              		.loc 1 280 3 is_stmt 1 view .LVU456
 281:../common/ubertooth.c **** 		else
ARM GAS  /tmp/ccrAXmTj.s 			page 34


 1231              		.loc 1 281 4 view .LVU457
 283:../common/ubertooth.c **** 		data <<= 1;
 1232              		.loc 1 283 4 view .LVU458
 279:../common/ubertooth.c **** 		if (data & msb)
 1233              		.loc 1 279 9 is_stmt 0 view .LVU459
 1234 0036 03F1FF3C 		add	ip, r3, #-1
 280:../common/ubertooth.c **** 			MOSI_SET;
 1235              		.loc 1 280 6 view .LVU460
 1236 003a 0B02     		lsls	r3, r1, #8
 1237 003c EFD4     		bmi	.L78
 1238              	.L68:
 283:../common/ubertooth.c **** 		data <<= 1;
 1239              		.loc 1 283 4 view .LVU461
 1240 003e D465     		str	r4, [r2, #92]
 284:../common/ubertooth.c **** 
 1241              		.loc 1 284 3 is_stmt 1 view .LVU462
 1242              	.LVL57:
 286:../common/ubertooth.c **** 		/* Save a few cycles by avoiding the compare/branch */
 1243              		.loc 1 286 3 view .LVU463
 1244 0040 9065     		str	r0, [r2, #88]
 279:../common/ubertooth.c **** 		if (data & msb)
 1245              		.loc 1 279 9 is_stmt 0 view .LVU464
 1246 0042 1CF0FF03 		ands	r3, ip, #255
 288:../common/ubertooth.c **** 		SCLK_CLR;
 1247              		.loc 1 288 3 is_stmt 1 view .LVU465
 288:../common/ubertooth.c **** 		SCLK_CLR;
 1248              		.loc 1 288 13 is_stmt 0 view .LVU466
 1249 0046 D2F854C0 		ldr	ip, [r2, #84]
 1250              	.LVL58:
 289:../common/ubertooth.c **** 	}
 1251              		.loc 1 289 3 is_stmt 1 view .LVU467
 1252 004a D065     		str	r0, [r2, #92]
 279:../common/ubertooth.c **** 		if (data & msb)
 1253              		.loc 1 279 9 view .LVU468
 288:../common/ubertooth.c **** 		SCLK_CLR;
 1254              		.loc 1 288 11 is_stmt 0 view .LVU469
 1255 004c CCF3400C 		ubfx	ip, ip, #1, #1
 1256              	.LVL59:
 279:../common/ubertooth.c **** 		if (data & msb)
 1257              		.loc 1 279 9 view .LVU470
 1258 0050 02D0     		beq	.L69
 288:../common/ubertooth.c **** 		SCLK_CLR;
 1259              		.loc 1 288 8 view .LVU471
 1260 0052 4CEA4101 		orr	r1, ip, r1, lsl #1
 288:../common/ubertooth.c **** 		SCLK_CLR;
 1261              		.loc 1 288 8 view .LVU472
 1262 0056 DEE7     		b	.L71
 1263              	.LVL60:
 1264              	.L69:
 293:../common/ubertooth.c **** 
 1265              		.loc 1 293 2 is_stmt 1 view .LVU473
 1266 0058 2022     		movs	r2, #32
 1267 005a 014B     		ldr	r3, .L79
 1268 005c 9A65     		str	r2, [r3, #88]
 295:../common/ubertooth.c **** }
 1269              		.loc 1 295 2 view .LVU474
 1270              	.LVL61:
ARM GAS  /tmp/ccrAXmTj.s 			page 35


 295:../common/ubertooth.c **** }
 1271              		.loc 1 295 2 is_stmt 0 view .LVU475
 1272              	.LBE108:
 1273              	.LBE109:
 313:../common/ubertooth.c **** }
 1274              		.loc 1 313 1 view .LVU476
 1275 005e 10BD     		pop	{r4, pc}
 1276              	.L80:
 1277              		.align	2
 1278              	.L79:
 1279 0060 00C00920 		.word	537509888
 1280              		.cfi_endproc
 1281              	.LFE12:
 1283              		.section	.text.cc2400_get8,"ax",%progbits
 1284              		.align	1
 1285              		.p2align 2,,3
 1286              		.global	cc2400_get8
 1287              		.syntax unified
 1288              		.thumb
 1289              		.thumb_func
 1291              	cc2400_get8:
 1292              	.LVL62:
 1293              	.LFB13:
 314:../common/ubertooth.c **** 
 315:../common/ubertooth.c **** /* read 8 bit value from a register */
 316:../common/ubertooth.c **** u8 cc2400_get8(u8 reg)
 317:../common/ubertooth.c **** {
 1294              		.loc 1 317 1 is_stmt 1 view -0
 1295              		.cfi_startproc
 1296              		@ args = 0, pretend = 0, frame = 0
 1297              		@ frame_needed = 0, uses_anonymous_args = 0
 1298              		.loc 1 317 1 is_stmt 0 view .LVU478
 1299 0000 10B5     		push	{r4, lr}
 1300              		.cfi_def_cfa_offset 8
 1301              		.cfi_offset 4, -8
 1302              		.cfi_offset 14, -4
 318:../common/ubertooth.c **** 	u16 in;
 1303              		.loc 1 318 2 is_stmt 1 view .LVU479
 319:../common/ubertooth.c **** 
 320:../common/ubertooth.c **** 	u16 out = (reg | 0x80) << 8;
 1304              		.loc 1 320 2 view .LVU480
 1305              	.LBB110:
 1306              	.LBB111:
 286:../common/ubertooth.c **** 		/* Save a few cycles by avoiding the compare/branch */
 1307              		.loc 1 286 3 is_stmt 0 view .LVU481
 1308 0002 1024     		movs	r4, #16
 281:../common/ubertooth.c **** 		else
 1309              		.loc 1 281 4 view .LVU482
 1310 0004 0121     		movs	r1, #1
 1311              	.LVL63:
 281:../common/ubertooth.c **** 		else
 1312              		.loc 1 281 4 view .LVU483
 1313              	.LBE111:
 1314              	.LBE110:
 321:../common/ubertooth.c **** 	in = cc2400_spi(16, out);
 1315              		.loc 1 321 2 is_stmt 1 view .LVU484
 1316              	.LBB115:
ARM GAS  /tmp/ccrAXmTj.s 			page 36


 1317              	.LBI110:
 272:../common/ubertooth.c **** {
 1318              		.loc 1 272 5 view .LVU485
 1319              	.LBB112:
 274:../common/ubertooth.c **** 
 1320              		.loc 1 274 2 view .LVU486
 277:../common/ubertooth.c **** 
 1321              		.loc 1 277 2 view .LVU487
 1322 0006 2022     		movs	r2, #32
 1323 0008 5B4B     		ldr	r3, .L96
 1324              	.LBE112:
 1325              	.LBE115:
 1326              		.loc 1 321 7 is_stmt 0 view .LVU488
 1327 000a 4002     		lsls	r0, r0, #9
 1328              	.LVL64:
 1329              	.LBB116:
 1330              	.LBB113:
 277:../common/ubertooth.c **** 
 1331              		.loc 1 277 2 view .LVU489
 1332 000c DA65     		str	r2, [r3, #92]
 279:../common/ubertooth.c **** 		if (data & msb)
 1333              		.loc 1 279 2 is_stmt 1 view .LVU490
 279:../common/ubertooth.c **** 		if (data & msb)
 1334              		.loc 1 279 9 view .LVU491
 280:../common/ubertooth.c **** 			MOSI_SET;
 1335              		.loc 1 280 3 view .LVU492
 1336              	.LVL65:
 281:../common/ubertooth.c **** 		else
 1337              		.loc 1 281 4 view .LVU493
 1338 000e 9965     		str	r1, [r3, #88]
 284:../common/ubertooth.c **** 
 1339              		.loc 1 284 3 view .LVU494
 286:../common/ubertooth.c **** 		/* Save a few cycles by avoiding the compare/branch */
 1340              		.loc 1 286 3 is_stmt 0 view .LVU495
 1341 0010 9C65     		str	r4, [r3, #88]
 288:../common/ubertooth.c **** 		SCLK_CLR;
 1342              		.loc 1 288 13 view .LVU496
 1343 0012 5A6D     		ldr	r2, [r3, #84]
 284:../common/ubertooth.c **** 
 1344              		.loc 1 284 8 view .LVU497
 1345 0014 40F48030 		orr	r0, r0, #65536
 1346              	.LVL66:
 286:../common/ubertooth.c **** 		/* Save a few cycles by avoiding the compare/branch */
 1347              		.loc 1 286 3 is_stmt 1 view .LVU498
 288:../common/ubertooth.c **** 		SCLK_CLR;
 1348              		.loc 1 288 3 view .LVU499
 288:../common/ubertooth.c **** 		SCLK_CLR;
 1349              		.loc 1 288 11 is_stmt 0 view .LVU500
 1350 0018 C2F34002 		ubfx	r2, r2, #1, #1
 289:../common/ubertooth.c **** 	}
 1351              		.loc 1 289 3 view .LVU501
 1352 001c DC65     		str	r4, [r3, #92]
 288:../common/ubertooth.c **** 		SCLK_CLR;
 1353              		.loc 1 288 8 view .LVU502
 1354 001e 0243     		orrs	r2, r2, r0
 1355              	.LVL67:
 289:../common/ubertooth.c **** 	}
ARM GAS  /tmp/ccrAXmTj.s 			page 37


 1356              		.loc 1 289 3 is_stmt 1 view .LVU503
 279:../common/ubertooth.c **** 		if (data & msb)
 1357              		.loc 1 279 9 view .LVU504
 280:../common/ubertooth.c **** 			MOSI_SET;
 1358              		.loc 1 280 3 view .LVU505
 280:../common/ubertooth.c **** 			MOSI_SET;
 1359              		.loc 1 280 6 is_stmt 0 view .LVU506
 1360 0020 0404     		lsls	r4, r0, #16
 283:../common/ubertooth.c **** 		data <<= 1;
 1361              		.loc 1 283 4 is_stmt 1 view .LVU507
 286:../common/ubertooth.c **** 		/* Save a few cycles by avoiding the compare/branch */
 1362              		.loc 1 286 3 is_stmt 0 view .LVU508
 1363 0022 4FF01000 		mov	r0, #16
 283:../common/ubertooth.c **** 		data <<= 1;
 1364              		.loc 1 283 4 view .LVU509
 1365 0026 54BF     		ite	pl
 1366 0028 D965     		strpl	r1, [r3, #92]
 281:../common/ubertooth.c **** 		else
 1367              		.loc 1 281 4 is_stmt 1 view .LVU510
 284:../common/ubertooth.c **** 
 1368              		.loc 1 284 3 view .LVU511
 1369              	.LVL68:
 286:../common/ubertooth.c **** 		/* Save a few cycles by avoiding the compare/branch */
 1370              		.loc 1 286 3 view .LVU512
 281:../common/ubertooth.c **** 		else
 1371              		.loc 1 281 4 is_stmt 0 view .LVU513
 1372 002a 9965     		strmi	r1, [r3, #88]
 286:../common/ubertooth.c **** 		/* Save a few cycles by avoiding the compare/branch */
 1373              		.loc 1 286 3 view .LVU514
 1374 002c 5249     		ldr	r1, .L96
 293:../common/ubertooth.c **** 
 1375              		.loc 1 293 2 view .LVU515
 1376 002e 4FF0200E 		mov	lr, #32
 286:../common/ubertooth.c **** 		/* Save a few cycles by avoiding the compare/branch */
 1377              		.loc 1 286 3 view .LVU516
 1378 0032 8865     		str	r0, [r1, #88]
 288:../common/ubertooth.c **** 		SCLK_CLR;
 1379              		.loc 1 288 3 is_stmt 1 view .LVU517
 288:../common/ubertooth.c **** 		SCLK_CLR;
 1380              		.loc 1 288 13 is_stmt 0 view .LVU518
 1381 0034 4B6D     		ldr	r3, [r1, #84]
 289:../common/ubertooth.c **** 	}
 1382              		.loc 1 289 3 view .LVU519
 1383 0036 C865     		str	r0, [r1, #92]
 288:../common/ubertooth.c **** 		SCLK_CLR;
 1384              		.loc 1 288 11 view .LVU520
 1385 0038 C3F34003 		ubfx	r3, r3, #1, #1
 288:../common/ubertooth.c **** 		SCLK_CLR;
 1386              		.loc 1 288 8 view .LVU521
 1387 003c 43EA4203 		orr	r3, r3, r2, lsl #1
 1388              	.LVL69:
 289:../common/ubertooth.c **** 	}
 1389              		.loc 1 289 3 is_stmt 1 view .LVU522
 279:../common/ubertooth.c **** 		if (data & msb)
 1390              		.loc 1 279 9 view .LVU523
 280:../common/ubertooth.c **** 			MOSI_SET;
 1391              		.loc 1 280 3 view .LVU524
ARM GAS  /tmp/ccrAXmTj.s 			page 38


 281:../common/ubertooth.c **** 		else
 1392              		.loc 1 281 4 is_stmt 0 view .LVU525
 1393 0040 0122     		movs	r2, #1
 280:../common/ubertooth.c **** 			MOSI_SET;
 1394              		.loc 1 280 6 view .LVU526
 1395 0042 1804     		lsls	r0, r3, #16
 283:../common/ubertooth.c **** 		data <<= 1;
 1396              		.loc 1 283 4 is_stmt 1 view .LVU527
 286:../common/ubertooth.c **** 		/* Save a few cycles by avoiding the compare/branch */
 1397              		.loc 1 286 3 is_stmt 0 view .LVU528
 1398 0044 4FF01000 		mov	r0, #16
 283:../common/ubertooth.c **** 		data <<= 1;
 1399              		.loc 1 283 4 view .LVU529
 1400 0048 54BF     		ite	pl
 1401 004a CA65     		strpl	r2, [r1, #92]
 281:../common/ubertooth.c **** 		else
 1402              		.loc 1 281 4 is_stmt 1 view .LVU530
 284:../common/ubertooth.c **** 
 1403              		.loc 1 284 3 view .LVU531
 1404              	.LVL70:
 286:../common/ubertooth.c **** 		/* Save a few cycles by avoiding the compare/branch */
 1405              		.loc 1 286 3 view .LVU532
 281:../common/ubertooth.c **** 		else
 1406              		.loc 1 281 4 is_stmt 0 view .LVU533
 1407 004c 8A65     		strmi	r2, [r1, #88]
 286:../common/ubertooth.c **** 		/* Save a few cycles by avoiding the compare/branch */
 1408              		.loc 1 286 3 view .LVU534
 1409 004e 4A49     		ldr	r1, .L96
 1410 0050 8865     		str	r0, [r1, #88]
 288:../common/ubertooth.c **** 		SCLK_CLR;
 1411              		.loc 1 288 3 is_stmt 1 view .LVU535
 288:../common/ubertooth.c **** 		SCLK_CLR;
 1412              		.loc 1 288 13 is_stmt 0 view .LVU536
 1413 0052 4A6D     		ldr	r2, [r1, #84]
 289:../common/ubertooth.c **** 	}
 1414              		.loc 1 289 3 view .LVU537
 1415 0054 C865     		str	r0, [r1, #92]
 288:../common/ubertooth.c **** 		SCLK_CLR;
 1416              		.loc 1 288 11 view .LVU538
 1417 0056 C2F34002 		ubfx	r2, r2, #1, #1
 288:../common/ubertooth.c **** 		SCLK_CLR;
 1418              		.loc 1 288 8 view .LVU539
 1419 005a 42EA4302 		orr	r2, r2, r3, lsl #1
 1420              	.LVL71:
 289:../common/ubertooth.c **** 	}
 1421              		.loc 1 289 3 is_stmt 1 view .LVU540
 279:../common/ubertooth.c **** 		if (data & msb)
 1422              		.loc 1 279 9 view .LVU541
 280:../common/ubertooth.c **** 			MOSI_SET;
 1423              		.loc 1 280 3 view .LVU542
 281:../common/ubertooth.c **** 		else
 1424              		.loc 1 281 4 is_stmt 0 view .LVU543
 1425 005e 0123     		movs	r3, #1
 286:../common/ubertooth.c **** 		/* Save a few cycles by avoiding the compare/branch */
 1426              		.loc 1 286 3 view .LVU544
 1427 0060 1020     		movs	r0, #16
 280:../common/ubertooth.c **** 			MOSI_SET;
ARM GAS  /tmp/ccrAXmTj.s 			page 39


 1428              		.loc 1 280 6 view .LVU545
 1429 0062 1404     		lsls	r4, r2, #16
 283:../common/ubertooth.c **** 		data <<= 1;
 1430              		.loc 1 283 4 is_stmt 1 view .LVU546
 1431 0064 54BF     		ite	pl
 1432 0066 CB65     		strpl	r3, [r1, #92]
 281:../common/ubertooth.c **** 		else
 1433              		.loc 1 281 4 view .LVU547
 284:../common/ubertooth.c **** 
 1434              		.loc 1 284 3 view .LVU548
 1435              	.LVL72:
 286:../common/ubertooth.c **** 		/* Save a few cycles by avoiding the compare/branch */
 1436              		.loc 1 286 3 view .LVU549
 281:../common/ubertooth.c **** 		else
 1437              		.loc 1 281 4 is_stmt 0 view .LVU550
 1438 0068 8B65     		strmi	r3, [r1, #88]
 286:../common/ubertooth.c **** 		/* Save a few cycles by avoiding the compare/branch */
 1439              		.loc 1 286 3 view .LVU551
 1440 006a 4349     		ldr	r1, .L96
 1441 006c 8865     		str	r0, [r1, #88]
 288:../common/ubertooth.c **** 		SCLK_CLR;
 1442              		.loc 1 288 3 is_stmt 1 view .LVU552
 288:../common/ubertooth.c **** 		SCLK_CLR;
 1443              		.loc 1 288 13 is_stmt 0 view .LVU553
 1444 006e 4B6D     		ldr	r3, [r1, #84]
 289:../common/ubertooth.c **** 	}
 1445              		.loc 1 289 3 view .LVU554
 1446 0070 C865     		str	r0, [r1, #92]
 288:../common/ubertooth.c **** 		SCLK_CLR;
 1447              		.loc 1 288 11 view .LVU555
 1448 0072 C3F34003 		ubfx	r3, r3, #1, #1
 288:../common/ubertooth.c **** 		SCLK_CLR;
 1449              		.loc 1 288 8 view .LVU556
 1450 0076 43EA4203 		orr	r3, r3, r2, lsl #1
 1451              	.LVL73:
 289:../common/ubertooth.c **** 	}
 1452              		.loc 1 289 3 is_stmt 1 view .LVU557
 279:../common/ubertooth.c **** 		if (data & msb)
 1453              		.loc 1 279 9 view .LVU558
 280:../common/ubertooth.c **** 			MOSI_SET;
 1454              		.loc 1 280 3 view .LVU559
 281:../common/ubertooth.c **** 		else
 1455              		.loc 1 281 4 is_stmt 0 view .LVU560
 1456 007a 0122     		movs	r2, #1
 280:../common/ubertooth.c **** 			MOSI_SET;
 1457              		.loc 1 280 6 view .LVU561
 1458 007c 1804     		lsls	r0, r3, #16
 283:../common/ubertooth.c **** 		data <<= 1;
 1459              		.loc 1 283 4 is_stmt 1 view .LVU562
 286:../common/ubertooth.c **** 		/* Save a few cycles by avoiding the compare/branch */
 1460              		.loc 1 286 3 is_stmt 0 view .LVU563
 1461 007e 4FF01000 		mov	r0, #16
 283:../common/ubertooth.c **** 		data <<= 1;
 1462              		.loc 1 283 4 view .LVU564
 1463 0082 54BF     		ite	pl
 1464 0084 CA65     		strpl	r2, [r1, #92]
 281:../common/ubertooth.c **** 		else
ARM GAS  /tmp/ccrAXmTj.s 			page 40


 1465              		.loc 1 281 4 is_stmt 1 view .LVU565
 284:../common/ubertooth.c **** 
 1466              		.loc 1 284 3 view .LVU566
 1467              	.LVL74:
 286:../common/ubertooth.c **** 		/* Save a few cycles by avoiding the compare/branch */
 1468              		.loc 1 286 3 view .LVU567
 281:../common/ubertooth.c **** 		else
 1469              		.loc 1 281 4 is_stmt 0 view .LVU568
 1470 0086 8A65     		strmi	r2, [r1, #88]
 286:../common/ubertooth.c **** 		/* Save a few cycles by avoiding the compare/branch */
 1471              		.loc 1 286 3 view .LVU569
 1472 0088 3B49     		ldr	r1, .L96
 1473 008a 8865     		str	r0, [r1, #88]
 288:../common/ubertooth.c **** 		SCLK_CLR;
 1474              		.loc 1 288 3 is_stmt 1 view .LVU570
 288:../common/ubertooth.c **** 		SCLK_CLR;
 1475              		.loc 1 288 13 is_stmt 0 view .LVU571
 1476 008c 4A6D     		ldr	r2, [r1, #84]
 289:../common/ubertooth.c **** 	}
 1477              		.loc 1 289 3 view .LVU572
 1478 008e C865     		str	r0, [r1, #92]
 288:../common/ubertooth.c **** 		SCLK_CLR;
 1479              		.loc 1 288 11 view .LVU573
 1480 0090 C2F34002 		ubfx	r2, r2, #1, #1
 288:../common/ubertooth.c **** 		SCLK_CLR;
 1481              		.loc 1 288 8 view .LVU574
 1482 0094 42EA4302 		orr	r2, r2, r3, lsl #1
 1483              	.LVL75:
 289:../common/ubertooth.c **** 	}
 1484              		.loc 1 289 3 is_stmt 1 view .LVU575
 279:../common/ubertooth.c **** 		if (data & msb)
 1485              		.loc 1 279 9 view .LVU576
 280:../common/ubertooth.c **** 			MOSI_SET;
 1486              		.loc 1 280 3 view .LVU577
 281:../common/ubertooth.c **** 		else
 1487              		.loc 1 281 4 is_stmt 0 view .LVU578
 1488 0098 0123     		movs	r3, #1
 286:../common/ubertooth.c **** 		/* Save a few cycles by avoiding the compare/branch */
 1489              		.loc 1 286 3 view .LVU579
 1490 009a 1020     		movs	r0, #16
 280:../common/ubertooth.c **** 			MOSI_SET;
 1491              		.loc 1 280 6 view .LVU580
 1492 009c 1404     		lsls	r4, r2, #16
 283:../common/ubertooth.c **** 		data <<= 1;
 1493              		.loc 1 283 4 is_stmt 1 view .LVU581
 1494 009e 54BF     		ite	pl
 1495 00a0 CB65     		strpl	r3, [r1, #92]
 281:../common/ubertooth.c **** 		else
 1496              		.loc 1 281 4 view .LVU582
 284:../common/ubertooth.c **** 
 1497              		.loc 1 284 3 view .LVU583
 1498              	.LVL76:
 286:../common/ubertooth.c **** 		/* Save a few cycles by avoiding the compare/branch */
 1499              		.loc 1 286 3 view .LVU584
 281:../common/ubertooth.c **** 		else
 1500              		.loc 1 281 4 is_stmt 0 view .LVU585
 1501 00a2 8B65     		strmi	r3, [r1, #88]
ARM GAS  /tmp/ccrAXmTj.s 			page 41


 286:../common/ubertooth.c **** 		/* Save a few cycles by avoiding the compare/branch */
 1502              		.loc 1 286 3 view .LVU586
 1503 00a4 3449     		ldr	r1, .L96
 1504 00a6 8865     		str	r0, [r1, #88]
 288:../common/ubertooth.c **** 		SCLK_CLR;
 1505              		.loc 1 288 3 is_stmt 1 view .LVU587
 288:../common/ubertooth.c **** 		SCLK_CLR;
 1506              		.loc 1 288 13 is_stmt 0 view .LVU588
 1507 00a8 4B6D     		ldr	r3, [r1, #84]
 289:../common/ubertooth.c **** 	}
 1508              		.loc 1 289 3 view .LVU589
 1509 00aa C865     		str	r0, [r1, #92]
 288:../common/ubertooth.c **** 		SCLK_CLR;
 1510              		.loc 1 288 11 view .LVU590
 1511 00ac C3F34003 		ubfx	r3, r3, #1, #1
 288:../common/ubertooth.c **** 		SCLK_CLR;
 1512              		.loc 1 288 8 view .LVU591
 1513 00b0 43EA4203 		orr	r3, r3, r2, lsl #1
 1514              	.LVL77:
 289:../common/ubertooth.c **** 	}
 1515              		.loc 1 289 3 is_stmt 1 view .LVU592
 279:../common/ubertooth.c **** 		if (data & msb)
 1516              		.loc 1 279 9 view .LVU593
 280:../common/ubertooth.c **** 			MOSI_SET;
 1517              		.loc 1 280 3 view .LVU594
 281:../common/ubertooth.c **** 		else
 1518              		.loc 1 281 4 is_stmt 0 view .LVU595
 1519 00b4 0122     		movs	r2, #1
 280:../common/ubertooth.c **** 			MOSI_SET;
 1520              		.loc 1 280 6 view .LVU596
 1521 00b6 1804     		lsls	r0, r3, #16
 283:../common/ubertooth.c **** 		data <<= 1;
 1522              		.loc 1 283 4 is_stmt 1 view .LVU597
 1523 00b8 54BF     		ite	pl
 1524 00ba CA65     		strpl	r2, [r1, #92]
 281:../common/ubertooth.c **** 		else
 1525              		.loc 1 281 4 view .LVU598
 284:../common/ubertooth.c **** 
 1526              		.loc 1 284 3 view .LVU599
 1527              	.LVL78:
 286:../common/ubertooth.c **** 		/* Save a few cycles by avoiding the compare/branch */
 1528              		.loc 1 286 3 view .LVU600
 281:../common/ubertooth.c **** 		else
 1529              		.loc 1 281 4 is_stmt 0 view .LVU601
 1530 00bc 8A65     		strmi	r2, [r1, #88]
 286:../common/ubertooth.c **** 		/* Save a few cycles by avoiding the compare/branch */
 1531              		.loc 1 286 3 view .LVU602
 1532 00be 1021     		movs	r1, #16
 1533 00c0 2D4A     		ldr	r2, .L96
 1534 00c2 9165     		str	r1, [r2, #88]
 288:../common/ubertooth.c **** 		SCLK_CLR;
 1535              		.loc 1 288 3 is_stmt 1 view .LVU603
 288:../common/ubertooth.c **** 		SCLK_CLR;
 1536              		.loc 1 288 13 is_stmt 0 view .LVU604
 1537 00c4 506D     		ldr	r0, [r2, #84]
 289:../common/ubertooth.c **** 	}
 1538              		.loc 1 289 3 view .LVU605
ARM GAS  /tmp/ccrAXmTj.s 			page 42


 1539 00c6 D165     		str	r1, [r2, #92]
 288:../common/ubertooth.c **** 		SCLK_CLR;
 1540              		.loc 1 288 11 view .LVU606
 1541 00c8 C0F34000 		ubfx	r0, r0, #1, #1
 288:../common/ubertooth.c **** 		SCLK_CLR;
 1542              		.loc 1 288 8 view .LVU607
 1543 00cc 40EA4300 		orr	r0, r0, r3, lsl #1
 1544              	.LVL79:
 289:../common/ubertooth.c **** 	}
 1545              		.loc 1 289 3 is_stmt 1 view .LVU608
 279:../common/ubertooth.c **** 		if (data & msb)
 1546              		.loc 1 279 9 view .LVU609
 280:../common/ubertooth.c **** 			MOSI_SET;
 1547              		.loc 1 280 3 view .LVU610
 281:../common/ubertooth.c **** 		else
 1548              		.loc 1 281 4 is_stmt 0 view .LVU611
 1549 00d0 0123     		movs	r3, #1
 280:../common/ubertooth.c **** 			MOSI_SET;
 1550              		.loc 1 280 6 view .LVU612
 1551 00d2 0104     		lsls	r1, r0, #16
 283:../common/ubertooth.c **** 		data <<= 1;
 1552              		.loc 1 283 4 is_stmt 1 view .LVU613
 1553 00d4 54BF     		ite	pl
 1554 00d6 D365     		strpl	r3, [r2, #92]
 281:../common/ubertooth.c **** 		else
 1555              		.loc 1 281 4 view .LVU614
 284:../common/ubertooth.c **** 
 1556              		.loc 1 284 3 view .LVU615
 1557              	.LVL80:
 286:../common/ubertooth.c **** 		/* Save a few cycles by avoiding the compare/branch */
 1558              		.loc 1 286 3 view .LVU616
 281:../common/ubertooth.c **** 		else
 1559              		.loc 1 281 4 is_stmt 0 view .LVU617
 1560 00d8 9365     		strmi	r3, [r2, #88]
 286:../common/ubertooth.c **** 		/* Save a few cycles by avoiding the compare/branch */
 1561              		.loc 1 286 3 view .LVU618
 1562 00da 1022     		movs	r2, #16
 283:../common/ubertooth.c **** 		data <<= 1;
 1563              		.loc 1 283 4 view .LVU619
 1564 00dc 0121     		movs	r1, #1
 286:../common/ubertooth.c **** 		/* Save a few cycles by avoiding the compare/branch */
 1565              		.loc 1 286 3 view .LVU620
 1566 00de 264B     		ldr	r3, .L96
 1567 00e0 9A65     		str	r2, [r3, #88]
 288:../common/ubertooth.c **** 		SCLK_CLR;
 1568              		.loc 1 288 3 is_stmt 1 view .LVU621
 288:../common/ubertooth.c **** 		SCLK_CLR;
 1569              		.loc 1 288 13 is_stmt 0 view .LVU622
 1570 00e2 5C6D     		ldr	r4, [r3, #84]
 289:../common/ubertooth.c **** 	}
 1571              		.loc 1 289 3 view .LVU623
 1572 00e4 DA65     		str	r2, [r3, #92]
 288:../common/ubertooth.c **** 		SCLK_CLR;
 1573              		.loc 1 288 11 view .LVU624
 1574 00e6 C4F34004 		ubfx	r4, r4, #1, #1
 283:../common/ubertooth.c **** 		data <<= 1;
 1575              		.loc 1 283 4 view .LVU625
ARM GAS  /tmp/ccrAXmTj.s 			page 43


 1576 00ea D965     		str	r1, [r3, #92]
 286:../common/ubertooth.c **** 		/* Save a few cycles by avoiding the compare/branch */
 1577              		.loc 1 286 3 view .LVU626
 1578 00ec 9A65     		str	r2, [r3, #88]
 288:../common/ubertooth.c **** 		SCLK_CLR;
 1579              		.loc 1 288 8 view .LVU627
 1580 00ee 44EA4000 		orr	r0, r4, r0, lsl #1
 1581              	.LVL81:
 289:../common/ubertooth.c **** 	}
 1582              		.loc 1 289 3 is_stmt 1 view .LVU628
 279:../common/ubertooth.c **** 		if (data & msb)
 1583              		.loc 1 279 9 view .LVU629
 280:../common/ubertooth.c **** 			MOSI_SET;
 1584              		.loc 1 280 3 view .LVU630
 283:../common/ubertooth.c **** 		data <<= 1;
 1585              		.loc 1 283 4 view .LVU631
 284:../common/ubertooth.c **** 
 1586              		.loc 1 284 3 view .LVU632
 286:../common/ubertooth.c **** 		/* Save a few cycles by avoiding the compare/branch */
 1587              		.loc 1 286 3 view .LVU633
 288:../common/ubertooth.c **** 		SCLK_CLR;
 1588              		.loc 1 288 3 view .LVU634
 288:../common/ubertooth.c **** 		SCLK_CLR;
 1589              		.loc 1 288 13 is_stmt 0 view .LVU635
 1590 00f2 5C6D     		ldr	r4, [r3, #84]
 289:../common/ubertooth.c **** 	}
 1591              		.loc 1 289 3 view .LVU636
 1592 00f4 DA65     		str	r2, [r3, #92]
 288:../common/ubertooth.c **** 		SCLK_CLR;
 1593              		.loc 1 288 11 view .LVU637
 1594 00f6 C4F34004 		ubfx	r4, r4, #1, #1
 283:../common/ubertooth.c **** 		data <<= 1;
 1595              		.loc 1 283 4 view .LVU638
 1596 00fa D965     		str	r1, [r3, #92]
 286:../common/ubertooth.c **** 		/* Save a few cycles by avoiding the compare/branch */
 1597              		.loc 1 286 3 view .LVU639
 1598 00fc 9A65     		str	r2, [r3, #88]
 288:../common/ubertooth.c **** 		SCLK_CLR;
 1599              		.loc 1 288 8 view .LVU640
 1600 00fe 44EA4004 		orr	r4, r4, r0, lsl #1
 1601              	.LVL82:
 289:../common/ubertooth.c **** 	}
 1602              		.loc 1 289 3 is_stmt 1 view .LVU641
 279:../common/ubertooth.c **** 		if (data & msb)
 1603              		.loc 1 279 9 view .LVU642
 280:../common/ubertooth.c **** 			MOSI_SET;
 1604              		.loc 1 280 3 view .LVU643
 283:../common/ubertooth.c **** 		data <<= 1;
 1605              		.loc 1 283 4 view .LVU644
 284:../common/ubertooth.c **** 
 1606              		.loc 1 284 3 view .LVU645
 286:../common/ubertooth.c **** 		/* Save a few cycles by avoiding the compare/branch */
 1607              		.loc 1 286 3 view .LVU646
 288:../common/ubertooth.c **** 		SCLK_CLR;
 1608              		.loc 1 288 3 view .LVU647
 288:../common/ubertooth.c **** 		SCLK_CLR;
 1609              		.loc 1 288 13 is_stmt 0 view .LVU648
ARM GAS  /tmp/ccrAXmTj.s 			page 44


 1610 0102 586D     		ldr	r0, [r3, #84]
 289:../common/ubertooth.c **** 	}
 1611              		.loc 1 289 3 view .LVU649
 1612 0104 DA65     		str	r2, [r3, #92]
 288:../common/ubertooth.c **** 		SCLK_CLR;
 1613              		.loc 1 288 11 view .LVU650
 1614 0106 C0F34000 		ubfx	r0, r0, #1, #1
 283:../common/ubertooth.c **** 		data <<= 1;
 1615              		.loc 1 283 4 view .LVU651
 1616 010a D965     		str	r1, [r3, #92]
 286:../common/ubertooth.c **** 		/* Save a few cycles by avoiding the compare/branch */
 1617              		.loc 1 286 3 view .LVU652
 1618 010c 9A65     		str	r2, [r3, #88]
 288:../common/ubertooth.c **** 		SCLK_CLR;
 1619              		.loc 1 288 8 view .LVU653
 1620 010e 40EA4400 		orr	r0, r0, r4, lsl #1
 1621              	.LVL83:
 289:../common/ubertooth.c **** 	}
 1622              		.loc 1 289 3 is_stmt 1 view .LVU654
 279:../common/ubertooth.c **** 		if (data & msb)
 1623              		.loc 1 279 9 view .LVU655
 280:../common/ubertooth.c **** 			MOSI_SET;
 1624              		.loc 1 280 3 view .LVU656
 283:../common/ubertooth.c **** 		data <<= 1;
 1625              		.loc 1 283 4 view .LVU657
 284:../common/ubertooth.c **** 
 1626              		.loc 1 284 3 view .LVU658
 286:../common/ubertooth.c **** 		/* Save a few cycles by avoiding the compare/branch */
 1627              		.loc 1 286 3 view .LVU659
 288:../common/ubertooth.c **** 		SCLK_CLR;
 1628              		.loc 1 288 3 view .LVU660
 288:../common/ubertooth.c **** 		SCLK_CLR;
 1629              		.loc 1 288 13 is_stmt 0 view .LVU661
 1630 0112 5C6D     		ldr	r4, [r3, #84]
 289:../common/ubertooth.c **** 	}
 1631              		.loc 1 289 3 view .LVU662
 1632 0114 DA65     		str	r2, [r3, #92]
 288:../common/ubertooth.c **** 		SCLK_CLR;
 1633              		.loc 1 288 11 view .LVU663
 1634 0116 C4F34004 		ubfx	r4, r4, #1, #1
 283:../common/ubertooth.c **** 		data <<= 1;
 1635              		.loc 1 283 4 view .LVU664
 1636 011a D965     		str	r1, [r3, #92]
 286:../common/ubertooth.c **** 		/* Save a few cycles by avoiding the compare/branch */
 1637              		.loc 1 286 3 view .LVU665
 1638 011c 9A65     		str	r2, [r3, #88]
 288:../common/ubertooth.c **** 		SCLK_CLR;
 1639              		.loc 1 288 8 view .LVU666
 1640 011e 44EA4004 		orr	r4, r4, r0, lsl #1
 1641              	.LVL84:
 289:../common/ubertooth.c **** 	}
 1642              		.loc 1 289 3 is_stmt 1 view .LVU667
 279:../common/ubertooth.c **** 		if (data & msb)
 1643              		.loc 1 279 9 view .LVU668
 280:../common/ubertooth.c **** 			MOSI_SET;
 1644              		.loc 1 280 3 view .LVU669
 283:../common/ubertooth.c **** 		data <<= 1;
ARM GAS  /tmp/ccrAXmTj.s 			page 45


 1645              		.loc 1 283 4 view .LVU670
 284:../common/ubertooth.c **** 
 1646              		.loc 1 284 3 view .LVU671
 286:../common/ubertooth.c **** 		/* Save a few cycles by avoiding the compare/branch */
 1647              		.loc 1 286 3 view .LVU672
 288:../common/ubertooth.c **** 		SCLK_CLR;
 1648              		.loc 1 288 3 view .LVU673
 288:../common/ubertooth.c **** 		SCLK_CLR;
 1649              		.loc 1 288 13 is_stmt 0 view .LVU674
 1650 0122 586D     		ldr	r0, [r3, #84]
 289:../common/ubertooth.c **** 	}
 1651              		.loc 1 289 3 view .LVU675
 1652 0124 DA65     		str	r2, [r3, #92]
 288:../common/ubertooth.c **** 		SCLK_CLR;
 1653              		.loc 1 288 11 view .LVU676
 1654 0126 C0F34000 		ubfx	r0, r0, #1, #1
 283:../common/ubertooth.c **** 		data <<= 1;
 1655              		.loc 1 283 4 view .LVU677
 1656 012a D965     		str	r1, [r3, #92]
 286:../common/ubertooth.c **** 		/* Save a few cycles by avoiding the compare/branch */
 1657              		.loc 1 286 3 view .LVU678
 1658 012c 9A65     		str	r2, [r3, #88]
 288:../common/ubertooth.c **** 		SCLK_CLR;
 1659              		.loc 1 288 8 view .LVU679
 1660 012e 40EA4400 		orr	r0, r0, r4, lsl #1
 1661              	.LVL85:
 289:../common/ubertooth.c **** 	}
 1662              		.loc 1 289 3 is_stmt 1 view .LVU680
 279:../common/ubertooth.c **** 		if (data & msb)
 1663              		.loc 1 279 9 view .LVU681
 280:../common/ubertooth.c **** 			MOSI_SET;
 1664              		.loc 1 280 3 view .LVU682
 283:../common/ubertooth.c **** 		data <<= 1;
 1665              		.loc 1 283 4 view .LVU683
 284:../common/ubertooth.c **** 
 1666              		.loc 1 284 3 view .LVU684
 286:../common/ubertooth.c **** 		/* Save a few cycles by avoiding the compare/branch */
 1667              		.loc 1 286 3 view .LVU685
 288:../common/ubertooth.c **** 		SCLK_CLR;
 1668              		.loc 1 288 3 view .LVU686
 288:../common/ubertooth.c **** 		SCLK_CLR;
 1669              		.loc 1 288 13 is_stmt 0 view .LVU687
 1670 0132 5C6D     		ldr	r4, [r3, #84]
 289:../common/ubertooth.c **** 	}
 1671              		.loc 1 289 3 view .LVU688
 1672 0134 DA65     		str	r2, [r3, #92]
 288:../common/ubertooth.c **** 		SCLK_CLR;
 1673              		.loc 1 288 11 view .LVU689
 1674 0136 C4F34004 		ubfx	r4, r4, #1, #1
 283:../common/ubertooth.c **** 		data <<= 1;
 1675              		.loc 1 283 4 view .LVU690
 1676 013a D965     		str	r1, [r3, #92]
 286:../common/ubertooth.c **** 		/* Save a few cycles by avoiding the compare/branch */
 1677              		.loc 1 286 3 view .LVU691
 1678 013c 9A65     		str	r2, [r3, #88]
 288:../common/ubertooth.c **** 		SCLK_CLR;
 1679              		.loc 1 288 8 view .LVU692
ARM GAS  /tmp/ccrAXmTj.s 			page 46


 1680 013e 44EA4004 		orr	r4, r4, r0, lsl #1
 1681              	.LVL86:
 289:../common/ubertooth.c **** 	}
 1682              		.loc 1 289 3 is_stmt 1 view .LVU693
 279:../common/ubertooth.c **** 		if (data & msb)
 1683              		.loc 1 279 9 view .LVU694
 280:../common/ubertooth.c **** 			MOSI_SET;
 1684              		.loc 1 280 3 view .LVU695
 283:../common/ubertooth.c **** 		data <<= 1;
 1685              		.loc 1 283 4 view .LVU696
 284:../common/ubertooth.c **** 
 1686              		.loc 1 284 3 view .LVU697
 286:../common/ubertooth.c **** 		/* Save a few cycles by avoiding the compare/branch */
 1687              		.loc 1 286 3 view .LVU698
 288:../common/ubertooth.c **** 		SCLK_CLR;
 1688              		.loc 1 288 3 view .LVU699
 288:../common/ubertooth.c **** 		SCLK_CLR;
 1689              		.loc 1 288 13 is_stmt 0 view .LVU700
 1690 0142 586D     		ldr	r0, [r3, #84]
 289:../common/ubertooth.c **** 	}
 1691              		.loc 1 289 3 view .LVU701
 1692 0144 DA65     		str	r2, [r3, #92]
 288:../common/ubertooth.c **** 		SCLK_CLR;
 1693              		.loc 1 288 11 view .LVU702
 1694 0146 C0F3400C 		ubfx	ip, r0, #1, #1
 283:../common/ubertooth.c **** 		data <<= 1;
 1695              		.loc 1 283 4 view .LVU703
 1696 014a D965     		str	r1, [r3, #92]
 286:../common/ubertooth.c **** 		/* Save a few cycles by avoiding the compare/branch */
 1697              		.loc 1 286 3 view .LVU704
 1698 014c 9A65     		str	r2, [r3, #88]
 288:../common/ubertooth.c **** 		SCLK_CLR;
 1699              		.loc 1 288 13 view .LVU705
 1700 014e 586D     		ldr	r0, [r3, #84]
 289:../common/ubertooth.c **** 	}
 1701              		.loc 1 289 3 view .LVU706
 1702 0150 DA65     		str	r2, [r3, #92]
 283:../common/ubertooth.c **** 		data <<= 1;
 1703              		.loc 1 283 4 view .LVU707
 1704 0152 D965     		str	r1, [r3, #92]
 286:../common/ubertooth.c **** 		/* Save a few cycles by avoiding the compare/branch */
 1705              		.loc 1 286 3 view .LVU708
 1706 0154 9A65     		str	r2, [r3, #88]
 288:../common/ubertooth.c **** 		SCLK_CLR;
 1707              		.loc 1 288 11 view .LVU709
 1708 0156 C0F34001 		ubfx	r1, r0, #1, #1
 288:../common/ubertooth.c **** 		SCLK_CLR;
 1709              		.loc 1 288 13 view .LVU710
 1710 015a 586D     		ldr	r0, [r3, #84]
 288:../common/ubertooth.c **** 		SCLK_CLR;
 1711              		.loc 1 288 8 view .LVU711
 1712 015c 4CEA440C 		orr	ip, ip, r4, lsl #1
 1713              	.LVL87:
 289:../common/ubertooth.c **** 	}
 1714              		.loc 1 289 3 is_stmt 1 view .LVU712
 279:../common/ubertooth.c **** 		if (data & msb)
 1715              		.loc 1 279 9 view .LVU713
ARM GAS  /tmp/ccrAXmTj.s 			page 47


 280:../common/ubertooth.c **** 			MOSI_SET;
 1716              		.loc 1 280 3 view .LVU714
 283:../common/ubertooth.c **** 		data <<= 1;
 1717              		.loc 1 283 4 view .LVU715
 284:../common/ubertooth.c **** 
 1718              		.loc 1 284 3 view .LVU716
 286:../common/ubertooth.c **** 		/* Save a few cycles by avoiding the compare/branch */
 1719              		.loc 1 286 3 view .LVU717
 288:../common/ubertooth.c **** 		SCLK_CLR;
 1720              		.loc 1 288 3 view .LVU718
 288:../common/ubertooth.c **** 		SCLK_CLR;
 1721              		.loc 1 288 8 is_stmt 0 view .LVU719
 1722 0160 41EA4C01 		orr	r1, r1, ip, lsl #1
 1723              	.LVL88:
 289:../common/ubertooth.c **** 	}
 1724              		.loc 1 289 3 is_stmt 1 view .LVU720
 279:../common/ubertooth.c **** 		if (data & msb)
 1725              		.loc 1 279 9 view .LVU721
 280:../common/ubertooth.c **** 			MOSI_SET;
 1726              		.loc 1 280 3 view .LVU722
 283:../common/ubertooth.c **** 		data <<= 1;
 1727              		.loc 1 283 4 view .LVU723
 284:../common/ubertooth.c **** 
 1728              		.loc 1 284 3 view .LVU724
 286:../common/ubertooth.c **** 		/* Save a few cycles by avoiding the compare/branch */
 1729              		.loc 1 286 3 view .LVU725
 288:../common/ubertooth.c **** 		SCLK_CLR;
 1730              		.loc 1 288 3 view .LVU726
 289:../common/ubertooth.c **** 	}
 1731              		.loc 1 289 3 view .LVU727
 288:../common/ubertooth.c **** 		SCLK_CLR;
 1732              		.loc 1 288 11 is_stmt 0 view .LVU728
 1733 0164 C0F34000 		ubfx	r0, r0, #1, #1
 1734              	.LVL89:
 288:../common/ubertooth.c **** 		SCLK_CLR;
 1735              		.loc 1 288 8 view .LVU729
 1736 0168 40EA4100 		orr	r0, r0, r1, lsl #1
 289:../common/ubertooth.c **** 	}
 1737              		.loc 1 289 3 view .LVU730
 1738 016c DA65     		str	r2, [r3, #92]
 1739              	.LVL90:
 279:../common/ubertooth.c **** 		if (data & msb)
 1740              		.loc 1 279 9 is_stmt 1 view .LVU731
 293:../common/ubertooth.c **** 
 1741              		.loc 1 293 2 view .LVU732
 1742              	.LBE113:
 1743              	.LBE116:
 322:../common/ubertooth.c **** 	return in & 0xFF;
 323:../common/ubertooth.c **** }
 1744              		.loc 1 323 1 is_stmt 0 view .LVU733
 1745 016e C0B2     		uxtb	r0, r0
 1746              	.LBB117:
 1747              	.LBB114:
 293:../common/ubertooth.c **** 
 1748              		.loc 1 293 2 view .LVU734
 1749 0170 C3F858E0 		str	lr, [r3, #88]
 295:../common/ubertooth.c **** }
ARM GAS  /tmp/ccrAXmTj.s 			page 48


 1750              		.loc 1 295 2 is_stmt 1 view .LVU735
 1751              	.LVL91:
 295:../common/ubertooth.c **** }
 1752              		.loc 1 295 2 is_stmt 0 view .LVU736
 1753              	.LBE114:
 1754              	.LBE117:
 322:../common/ubertooth.c **** 	return in & 0xFF;
 1755              		.loc 1 322 2 is_stmt 1 view .LVU737
 1756              		.loc 1 323 1 is_stmt 0 view .LVU738
 1757 0174 10BD     		pop	{r4, pc}
 1758              	.L97:
 1759 0176 00BF     		.align	2
 1760              	.L96:
 1761 0178 00C00920 		.word	537509888
 1762              		.cfi_endproc
 1763              	.LFE13:
 1765              		.section	.text.cc2400_set8,"ax",%progbits
 1766              		.align	1
 1767              		.p2align 2,,3
 1768              		.global	cc2400_set8
 1769              		.syntax unified
 1770              		.thumb
 1771              		.thumb_func
 1773              	cc2400_set8:
 1774              	.LVL92:
 1775              	.LFB14:
 324:../common/ubertooth.c **** 
 325:../common/ubertooth.c **** /* write 8 bit value to a register */
 326:../common/ubertooth.c **** void cc2400_set8(u8 reg, u8 val)
 327:../common/ubertooth.c **** {
 1776              		.loc 1 327 1 is_stmt 1 view -0
 1777              		.cfi_startproc
 1778              		@ args = 0, pretend = 0, frame = 0
 1779              		@ frame_needed = 0, uses_anonymous_args = 0
 1780              		@ link register save eliminated.
 1781              		.loc 1 327 1 is_stmt 0 view .LVU740
 328:../common/ubertooth.c **** 	u32 out = (reg << 8) | val;
 1782              		.loc 1 328 2 is_stmt 1 view .LVU741
 1783              	.LBB118:
 1784              	.LBB119:
 277:../common/ubertooth.c **** 
 1785              		.loc 1 277 2 is_stmt 0 view .LVU742
 1786 0000 2022     		movs	r2, #32
 1787 0002 774B     		ldr	r3, .L131
 1788              	.LBE119:
 1789              	.LBE118:
 1790              		.loc 1 328 23 view .LVU743
 1791 0004 41EA0021 		orr	r1, r1, r0, lsl #8
 1792              	.LVL93:
 329:../common/ubertooth.c **** 	cc2400_spi(16, out);
 1793              		.loc 1 329 2 is_stmt 1 view .LVU744
 1794              	.LBB121:
 1795              	.LBI118:
 272:../common/ubertooth.c **** {
 1796              		.loc 1 272 5 view .LVU745
 1797              	.LBB120:
 274:../common/ubertooth.c **** 
ARM GAS  /tmp/ccrAXmTj.s 			page 49


 1798              		.loc 1 274 2 view .LVU746
 277:../common/ubertooth.c **** 
 1799              		.loc 1 277 2 view .LVU747
 1800 0008 DA65     		str	r2, [r3, #92]
 279:../common/ubertooth.c **** 		if (data & msb)
 1801              		.loc 1 279 2 view .LVU748
 279:../common/ubertooth.c **** 		if (data & msb)
 1802              		.loc 1 279 9 view .LVU749
 1803              	.LVL94:
 280:../common/ubertooth.c **** 			MOSI_SET;
 1804              		.loc 1 280 3 view .LVU750
 281:../common/ubertooth.c **** 		else
 1805              		.loc 1 281 4 is_stmt 0 view .LVU751
 1806 000a 0122     		movs	r2, #1
 280:../common/ubertooth.c **** 			MOSI_SET;
 1807              		.loc 1 280 6 view .LVU752
 1808 000c C009     		lsrs	r0, r0, #7
 1809              	.LVL95:
 283:../common/ubertooth.c **** 		data <<= 1;
 1810              		.loc 1 283 4 is_stmt 1 view .LVU753
 286:../common/ubertooth.c **** 		/* Save a few cycles by avoiding the compare/branch */
 1811              		.loc 1 286 3 is_stmt 0 view .LVU754
 1812 000e 4FF01000 		mov	r0, #16
 283:../common/ubertooth.c **** 		data <<= 1;
 1813              		.loc 1 283 4 view .LVU755
 1814 0012 0CBF     		ite	eq
 1815 0014 DA65     		streq	r2, [r3, #92]
 281:../common/ubertooth.c **** 		else
 1816              		.loc 1 281 4 is_stmt 1 view .LVU756
 284:../common/ubertooth.c **** 
 1817              		.loc 1 284 3 view .LVU757
 1818              	.LVL96:
 286:../common/ubertooth.c **** 		/* Save a few cycles by avoiding the compare/branch */
 1819              		.loc 1 286 3 view .LVU758
 281:../common/ubertooth.c **** 		else
 1820              		.loc 1 281 4 is_stmt 0 view .LVU759
 1821 0016 9A65     		strne	r2, [r3, #88]
 286:../common/ubertooth.c **** 		/* Save a few cycles by avoiding the compare/branch */
 1822              		.loc 1 286 3 view .LVU760
 1823 0018 714B     		ldr	r3, .L131
 1824 001a 9865     		str	r0, [r3, #88]
 288:../common/ubertooth.c **** 		SCLK_CLR;
 1825              		.loc 1 288 3 is_stmt 1 view .LVU761
 288:../common/ubertooth.c **** 		SCLK_CLR;
 1826              		.loc 1 288 13 is_stmt 0 view .LVU762
 1827 001c 5A6D     		ldr	r2, [r3, #84]
 289:../common/ubertooth.c **** 	}
 1828              		.loc 1 289 3 view .LVU763
 1829 001e D865     		str	r0, [r3, #92]
 288:../common/ubertooth.c **** 		SCLK_CLR;
 1830              		.loc 1 288 11 view .LVU764
 1831 0020 C2F34002 		ubfx	r2, r2, #1, #1
 288:../common/ubertooth.c **** 		SCLK_CLR;
 1832              		.loc 1 288 8 view .LVU765
 1833 0024 42EA4102 		orr	r2, r2, r1, lsl #1
 1834              	.LVL97:
 289:../common/ubertooth.c **** 	}
ARM GAS  /tmp/ccrAXmTj.s 			page 50


 1835              		.loc 1 289 3 is_stmt 1 view .LVU766
 279:../common/ubertooth.c **** 		if (data & msb)
 1836              		.loc 1 279 9 view .LVU767
 280:../common/ubertooth.c **** 			MOSI_SET;
 1837              		.loc 1 280 3 view .LVU768
 281:../common/ubertooth.c **** 		else
 1838              		.loc 1 281 4 is_stmt 0 view .LVU769
 1839 0028 0121     		movs	r1, #1
 1840              	.LVL98:
 280:../common/ubertooth.c **** 			MOSI_SET;
 1841              		.loc 1 280 6 view .LVU770
 1842 002a 1004     		lsls	r0, r2, #16
 283:../common/ubertooth.c **** 		data <<= 1;
 1843              		.loc 1 283 4 is_stmt 1 view .LVU771
 286:../common/ubertooth.c **** 		/* Save a few cycles by avoiding the compare/branch */
 1844              		.loc 1 286 3 is_stmt 0 view .LVU772
 1845 002c 4FF01000 		mov	r0, #16
 283:../common/ubertooth.c **** 		data <<= 1;
 1846              		.loc 1 283 4 view .LVU773
 1847 0030 54BF     		ite	pl
 1848 0032 D965     		strpl	r1, [r3, #92]
 281:../common/ubertooth.c **** 		else
 1849              		.loc 1 281 4 is_stmt 1 view .LVU774
 284:../common/ubertooth.c **** 
 1850              		.loc 1 284 3 view .LVU775
 1851              	.LVL99:
 286:../common/ubertooth.c **** 		/* Save a few cycles by avoiding the compare/branch */
 1852              		.loc 1 286 3 view .LVU776
 281:../common/ubertooth.c **** 		else
 1853              		.loc 1 281 4 is_stmt 0 view .LVU777
 1854 0034 9965     		strmi	r1, [r3, #88]
 286:../common/ubertooth.c **** 		/* Save a few cycles by avoiding the compare/branch */
 1855              		.loc 1 286 3 view .LVU778
 1856 0036 6A49     		ldr	r1, .L131
 1857 0038 8865     		str	r0, [r1, #88]
 288:../common/ubertooth.c **** 		SCLK_CLR;
 1858              		.loc 1 288 3 is_stmt 1 view .LVU779
 288:../common/ubertooth.c **** 		SCLK_CLR;
 1859              		.loc 1 288 13 is_stmt 0 view .LVU780
 1860 003a 4B6D     		ldr	r3, [r1, #84]
 289:../common/ubertooth.c **** 	}
 1861              		.loc 1 289 3 view .LVU781
 1862 003c C865     		str	r0, [r1, #92]
 288:../common/ubertooth.c **** 		SCLK_CLR;
 1863              		.loc 1 288 11 view .LVU782
 1864 003e C3F34003 		ubfx	r3, r3, #1, #1
 288:../common/ubertooth.c **** 		SCLK_CLR;
 1865              		.loc 1 288 8 view .LVU783
 1866 0042 43EA4203 		orr	r3, r3, r2, lsl #1
 1867              	.LVL100:
 289:../common/ubertooth.c **** 	}
 1868              		.loc 1 289 3 is_stmt 1 view .LVU784
 279:../common/ubertooth.c **** 		if (data & msb)
 1869              		.loc 1 279 9 view .LVU785
 280:../common/ubertooth.c **** 			MOSI_SET;
 1870              		.loc 1 280 3 view .LVU786
 281:../common/ubertooth.c **** 		else
ARM GAS  /tmp/ccrAXmTj.s 			page 51


 1871              		.loc 1 281 4 is_stmt 0 view .LVU787
 1872 0046 0122     		movs	r2, #1
 280:../common/ubertooth.c **** 			MOSI_SET;
 1873              		.loc 1 280 6 view .LVU788
 1874 0048 1804     		lsls	r0, r3, #16
 283:../common/ubertooth.c **** 		data <<= 1;
 1875              		.loc 1 283 4 is_stmt 1 view .LVU789
 286:../common/ubertooth.c **** 		/* Save a few cycles by avoiding the compare/branch */
 1876              		.loc 1 286 3 is_stmt 0 view .LVU790
 1877 004a 4FF01000 		mov	r0, #16
 283:../common/ubertooth.c **** 		data <<= 1;
 1878              		.loc 1 283 4 view .LVU791
 1879 004e 54BF     		ite	pl
 1880 0050 CA65     		strpl	r2, [r1, #92]
 281:../common/ubertooth.c **** 		else
 1881              		.loc 1 281 4 is_stmt 1 view .LVU792
 284:../common/ubertooth.c **** 
 1882              		.loc 1 284 3 view .LVU793
 1883              	.LVL101:
 286:../common/ubertooth.c **** 		/* Save a few cycles by avoiding the compare/branch */
 1884              		.loc 1 286 3 view .LVU794
 281:../common/ubertooth.c **** 		else
 1885              		.loc 1 281 4 is_stmt 0 view .LVU795
 1886 0052 8A65     		strmi	r2, [r1, #88]
 286:../common/ubertooth.c **** 		/* Save a few cycles by avoiding the compare/branch */
 1887              		.loc 1 286 3 view .LVU796
 1888 0054 6249     		ldr	r1, .L131
 1889 0056 8865     		str	r0, [r1, #88]
 288:../common/ubertooth.c **** 		SCLK_CLR;
 1890              		.loc 1 288 3 is_stmt 1 view .LVU797
 288:../common/ubertooth.c **** 		SCLK_CLR;
 1891              		.loc 1 288 13 is_stmt 0 view .LVU798
 1892 0058 4A6D     		ldr	r2, [r1, #84]
 289:../common/ubertooth.c **** 	}
 1893              		.loc 1 289 3 view .LVU799
 1894 005a C865     		str	r0, [r1, #92]
 288:../common/ubertooth.c **** 		SCLK_CLR;
 1895              		.loc 1 288 11 view .LVU800
 1896 005c C2F34002 		ubfx	r2, r2, #1, #1
 288:../common/ubertooth.c **** 		SCLK_CLR;
 1897              		.loc 1 288 8 view .LVU801
 1898 0060 42EA4302 		orr	r2, r2, r3, lsl #1
 1899              	.LVL102:
 289:../common/ubertooth.c **** 	}
 1900              		.loc 1 289 3 is_stmt 1 view .LVU802
 279:../common/ubertooth.c **** 		if (data & msb)
 1901              		.loc 1 279 9 view .LVU803
 280:../common/ubertooth.c **** 			MOSI_SET;
 1902              		.loc 1 280 3 view .LVU804
 281:../common/ubertooth.c **** 		else
 1903              		.loc 1 281 4 is_stmt 0 view .LVU805
 1904 0064 0123     		movs	r3, #1
 280:../common/ubertooth.c **** 			MOSI_SET;
 1905              		.loc 1 280 6 view .LVU806
 1906 0066 1004     		lsls	r0, r2, #16
 283:../common/ubertooth.c **** 		data <<= 1;
 1907              		.loc 1 283 4 is_stmt 1 view .LVU807
ARM GAS  /tmp/ccrAXmTj.s 			page 52


 286:../common/ubertooth.c **** 		/* Save a few cycles by avoiding the compare/branch */
 1908              		.loc 1 286 3 is_stmt 0 view .LVU808
 1909 0068 4FF01000 		mov	r0, #16
 283:../common/ubertooth.c **** 		data <<= 1;
 1910              		.loc 1 283 4 view .LVU809
 1911 006c 54BF     		ite	pl
 1912 006e CB65     		strpl	r3, [r1, #92]
 281:../common/ubertooth.c **** 		else
 1913              		.loc 1 281 4 is_stmt 1 view .LVU810
 284:../common/ubertooth.c **** 
 1914              		.loc 1 284 3 view .LVU811
 1915              	.LVL103:
 286:../common/ubertooth.c **** 		/* Save a few cycles by avoiding the compare/branch */
 1916              		.loc 1 286 3 view .LVU812
 281:../common/ubertooth.c **** 		else
 1917              		.loc 1 281 4 is_stmt 0 view .LVU813
 1918 0070 8B65     		strmi	r3, [r1, #88]
 286:../common/ubertooth.c **** 		/* Save a few cycles by avoiding the compare/branch */
 1919              		.loc 1 286 3 view .LVU814
 1920 0072 5B49     		ldr	r1, .L131
 1921 0074 8865     		str	r0, [r1, #88]
 288:../common/ubertooth.c **** 		SCLK_CLR;
 1922              		.loc 1 288 3 is_stmt 1 view .LVU815
 288:../common/ubertooth.c **** 		SCLK_CLR;
 1923              		.loc 1 288 13 is_stmt 0 view .LVU816
 1924 0076 4B6D     		ldr	r3, [r1, #84]
 289:../common/ubertooth.c **** 	}
 1925              		.loc 1 289 3 view .LVU817
 1926 0078 C865     		str	r0, [r1, #92]
 288:../common/ubertooth.c **** 		SCLK_CLR;
 1927              		.loc 1 288 11 view .LVU818
 1928 007a C3F34003 		ubfx	r3, r3, #1, #1
 288:../common/ubertooth.c **** 		SCLK_CLR;
 1929              		.loc 1 288 8 view .LVU819
 1930 007e 43EA4203 		orr	r3, r3, r2, lsl #1
 1931              	.LVL104:
 289:../common/ubertooth.c **** 	}
 1932              		.loc 1 289 3 is_stmt 1 view .LVU820
 279:../common/ubertooth.c **** 		if (data & msb)
 1933              		.loc 1 279 9 view .LVU821
 280:../common/ubertooth.c **** 			MOSI_SET;
 1934              		.loc 1 280 3 view .LVU822
 281:../common/ubertooth.c **** 		else
 1935              		.loc 1 281 4 is_stmt 0 view .LVU823
 1936 0082 0122     		movs	r2, #1
 280:../common/ubertooth.c **** 			MOSI_SET;
 1937              		.loc 1 280 6 view .LVU824
 1938 0084 1804     		lsls	r0, r3, #16
 283:../common/ubertooth.c **** 		data <<= 1;
 1939              		.loc 1 283 4 is_stmt 1 view .LVU825
 286:../common/ubertooth.c **** 		/* Save a few cycles by avoiding the compare/branch */
 1940              		.loc 1 286 3 is_stmt 0 view .LVU826
 1941 0086 4FF01000 		mov	r0, #16
 283:../common/ubertooth.c **** 		data <<= 1;
 1942              		.loc 1 283 4 view .LVU827
 1943 008a 54BF     		ite	pl
 1944 008c CA65     		strpl	r2, [r1, #92]
ARM GAS  /tmp/ccrAXmTj.s 			page 53


 281:../common/ubertooth.c **** 		else
 1945              		.loc 1 281 4 is_stmt 1 view .LVU828
 284:../common/ubertooth.c **** 
 1946              		.loc 1 284 3 view .LVU829
 1947              	.LVL105:
 286:../common/ubertooth.c **** 		/* Save a few cycles by avoiding the compare/branch */
 1948              		.loc 1 286 3 view .LVU830
 281:../common/ubertooth.c **** 		else
 1949              		.loc 1 281 4 is_stmt 0 view .LVU831
 1950 008e 8A65     		strmi	r2, [r1, #88]
 286:../common/ubertooth.c **** 		/* Save a few cycles by avoiding the compare/branch */
 1951              		.loc 1 286 3 view .LVU832
 1952 0090 5349     		ldr	r1, .L131
 1953 0092 8865     		str	r0, [r1, #88]
 288:../common/ubertooth.c **** 		SCLK_CLR;
 1954              		.loc 1 288 3 is_stmt 1 view .LVU833
 288:../common/ubertooth.c **** 		SCLK_CLR;
 1955              		.loc 1 288 13 is_stmt 0 view .LVU834
 1956 0094 4A6D     		ldr	r2, [r1, #84]
 289:../common/ubertooth.c **** 	}
 1957              		.loc 1 289 3 view .LVU835
 1958 0096 C865     		str	r0, [r1, #92]
 288:../common/ubertooth.c **** 		SCLK_CLR;
 1959              		.loc 1 288 11 view .LVU836
 1960 0098 C2F34002 		ubfx	r2, r2, #1, #1
 288:../common/ubertooth.c **** 		SCLK_CLR;
 1961              		.loc 1 288 8 view .LVU837
 1962 009c 42EA4302 		orr	r2, r2, r3, lsl #1
 1963              	.LVL106:
 289:../common/ubertooth.c **** 	}
 1964              		.loc 1 289 3 is_stmt 1 view .LVU838
 279:../common/ubertooth.c **** 		if (data & msb)
 1965              		.loc 1 279 9 view .LVU839
 280:../common/ubertooth.c **** 			MOSI_SET;
 1966              		.loc 1 280 3 view .LVU840
 281:../common/ubertooth.c **** 		else
 1967              		.loc 1 281 4 is_stmt 0 view .LVU841
 1968 00a0 0123     		movs	r3, #1
 280:../common/ubertooth.c **** 			MOSI_SET;
 1969              		.loc 1 280 6 view .LVU842
 1970 00a2 1004     		lsls	r0, r2, #16
 283:../common/ubertooth.c **** 		data <<= 1;
 1971              		.loc 1 283 4 is_stmt 1 view .LVU843
 286:../common/ubertooth.c **** 		/* Save a few cycles by avoiding the compare/branch */
 1972              		.loc 1 286 3 is_stmt 0 view .LVU844
 1973 00a4 4FF01000 		mov	r0, #16
 283:../common/ubertooth.c **** 		data <<= 1;
 1974              		.loc 1 283 4 view .LVU845
 1975 00a8 54BF     		ite	pl
 1976 00aa CB65     		strpl	r3, [r1, #92]
 281:../common/ubertooth.c **** 		else
 1977              		.loc 1 281 4 is_stmt 1 view .LVU846
 284:../common/ubertooth.c **** 
 1978              		.loc 1 284 3 view .LVU847
 1979              	.LVL107:
 286:../common/ubertooth.c **** 		/* Save a few cycles by avoiding the compare/branch */
 1980              		.loc 1 286 3 view .LVU848
ARM GAS  /tmp/ccrAXmTj.s 			page 54


 281:../common/ubertooth.c **** 		else
 1981              		.loc 1 281 4 is_stmt 0 view .LVU849
 1982 00ac 8B65     		strmi	r3, [r1, #88]
 286:../common/ubertooth.c **** 		/* Save a few cycles by avoiding the compare/branch */
 1983              		.loc 1 286 3 view .LVU850
 1984 00ae 4C49     		ldr	r1, .L131
 1985 00b0 8865     		str	r0, [r1, #88]
 288:../common/ubertooth.c **** 		SCLK_CLR;
 1986              		.loc 1 288 3 is_stmt 1 view .LVU851
 288:../common/ubertooth.c **** 		SCLK_CLR;
 1987              		.loc 1 288 13 is_stmt 0 view .LVU852
 1988 00b2 4B6D     		ldr	r3, [r1, #84]
 289:../common/ubertooth.c **** 	}
 1989              		.loc 1 289 3 view .LVU853
 1990 00b4 C865     		str	r0, [r1, #92]
 288:../common/ubertooth.c **** 		SCLK_CLR;
 1991              		.loc 1 288 11 view .LVU854
 1992 00b6 C3F34003 		ubfx	r3, r3, #1, #1
 288:../common/ubertooth.c **** 		SCLK_CLR;
 1993              		.loc 1 288 8 view .LVU855
 1994 00ba 43EA4203 		orr	r3, r3, r2, lsl #1
 1995              	.LVL108:
 289:../common/ubertooth.c **** 	}
 1996              		.loc 1 289 3 is_stmt 1 view .LVU856
 279:../common/ubertooth.c **** 		if (data & msb)
 1997              		.loc 1 279 9 view .LVU857
 280:../common/ubertooth.c **** 			MOSI_SET;
 1998              		.loc 1 280 3 view .LVU858
 281:../common/ubertooth.c **** 		else
 1999              		.loc 1 281 4 is_stmt 0 view .LVU859
 2000 00be 0122     		movs	r2, #1
 280:../common/ubertooth.c **** 			MOSI_SET;
 2001              		.loc 1 280 6 view .LVU860
 2002 00c0 1804     		lsls	r0, r3, #16
 283:../common/ubertooth.c **** 		data <<= 1;
 2003              		.loc 1 283 4 is_stmt 1 view .LVU861
 286:../common/ubertooth.c **** 		/* Save a few cycles by avoiding the compare/branch */
 2004              		.loc 1 286 3 is_stmt 0 view .LVU862
 2005 00c2 4FF01000 		mov	r0, #16
 283:../common/ubertooth.c **** 		data <<= 1;
 2006              		.loc 1 283 4 view .LVU863
 2007 00c6 54BF     		ite	pl
 2008 00c8 CA65     		strpl	r2, [r1, #92]
 281:../common/ubertooth.c **** 		else
 2009              		.loc 1 281 4 is_stmt 1 view .LVU864
 2010 00ca 8A65     		strmi	r2, [r1, #88]
 284:../common/ubertooth.c **** 
 2011              		.loc 1 284 3 view .LVU865
 2012              	.LVL109:
 286:../common/ubertooth.c **** 		/* Save a few cycles by avoiding the compare/branch */
 2013              		.loc 1 286 3 view .LVU866
 2014 00cc 4449     		ldr	r1, .L131
 2015 00ce 8865     		str	r0, [r1, #88]
 288:../common/ubertooth.c **** 		SCLK_CLR;
 2016              		.loc 1 288 3 view .LVU867
 288:../common/ubertooth.c **** 		SCLK_CLR;
 2017              		.loc 1 288 13 is_stmt 0 view .LVU868
ARM GAS  /tmp/ccrAXmTj.s 			page 55


 2018 00d0 4A6D     		ldr	r2, [r1, #84]
 289:../common/ubertooth.c **** 	}
 2019              		.loc 1 289 3 view .LVU869
 2020 00d2 C865     		str	r0, [r1, #92]
 288:../common/ubertooth.c **** 		SCLK_CLR;
 2021              		.loc 1 288 11 view .LVU870
 2022 00d4 C2F34002 		ubfx	r2, r2, #1, #1
 288:../common/ubertooth.c **** 		SCLK_CLR;
 2023              		.loc 1 288 8 view .LVU871
 2024 00d8 42EA4302 		orr	r2, r2, r3, lsl #1
 2025              	.LVL110:
 289:../common/ubertooth.c **** 	}
 2026              		.loc 1 289 3 is_stmt 1 view .LVU872
 279:../common/ubertooth.c **** 		if (data & msb)
 2027              		.loc 1 279 9 view .LVU873
 280:../common/ubertooth.c **** 			MOSI_SET;
 2028              		.loc 1 280 3 view .LVU874
 281:../common/ubertooth.c **** 		else
 2029              		.loc 1 281 4 is_stmt 0 view .LVU875
 2030 00dc 0123     		movs	r3, #1
 280:../common/ubertooth.c **** 			MOSI_SET;
 2031              		.loc 1 280 6 view .LVU876
 2032 00de 1004     		lsls	r0, r2, #16
 283:../common/ubertooth.c **** 		data <<= 1;
 2033              		.loc 1 283 4 is_stmt 1 view .LVU877
 286:../common/ubertooth.c **** 		/* Save a few cycles by avoiding the compare/branch */
 2034              		.loc 1 286 3 is_stmt 0 view .LVU878
 2035 00e0 4FF01000 		mov	r0, #16
 283:../common/ubertooth.c **** 		data <<= 1;
 2036              		.loc 1 283 4 view .LVU879
 2037 00e4 54BF     		ite	pl
 2038 00e6 CB65     		strpl	r3, [r1, #92]
 281:../common/ubertooth.c **** 		else
 2039              		.loc 1 281 4 is_stmt 1 view .LVU880
 284:../common/ubertooth.c **** 
 2040              		.loc 1 284 3 view .LVU881
 2041              	.LVL111:
 286:../common/ubertooth.c **** 		/* Save a few cycles by avoiding the compare/branch */
 2042              		.loc 1 286 3 view .LVU882
 281:../common/ubertooth.c **** 		else
 2043              		.loc 1 281 4 is_stmt 0 view .LVU883
 2044 00e8 8B65     		strmi	r3, [r1, #88]
 286:../common/ubertooth.c **** 		/* Save a few cycles by avoiding the compare/branch */
 2045              		.loc 1 286 3 view .LVU884
 2046 00ea 3D49     		ldr	r1, .L131
 2047 00ec 8865     		str	r0, [r1, #88]
 288:../common/ubertooth.c **** 		SCLK_CLR;
 2048              		.loc 1 288 3 is_stmt 1 view .LVU885
 288:../common/ubertooth.c **** 		SCLK_CLR;
 2049              		.loc 1 288 13 is_stmt 0 view .LVU886
 2050 00ee 4B6D     		ldr	r3, [r1, #84]
 289:../common/ubertooth.c **** 	}
 2051              		.loc 1 289 3 view .LVU887
 2052 00f0 C865     		str	r0, [r1, #92]
 288:../common/ubertooth.c **** 		SCLK_CLR;
 2053              		.loc 1 288 11 view .LVU888
 2054 00f2 C3F34003 		ubfx	r3, r3, #1, #1
ARM GAS  /tmp/ccrAXmTj.s 			page 56


 288:../common/ubertooth.c **** 		SCLK_CLR;
 2055              		.loc 1 288 8 view .LVU889
 2056 00f6 43EA4203 		orr	r3, r3, r2, lsl #1
 2057              	.LVL112:
 289:../common/ubertooth.c **** 	}
 2058              		.loc 1 289 3 is_stmt 1 view .LVU890
 279:../common/ubertooth.c **** 		if (data & msb)
 2059              		.loc 1 279 9 view .LVU891
 280:../common/ubertooth.c **** 			MOSI_SET;
 2060              		.loc 1 280 3 view .LVU892
 281:../common/ubertooth.c **** 		else
 2061              		.loc 1 281 4 is_stmt 0 view .LVU893
 2062 00fa 0122     		movs	r2, #1
 280:../common/ubertooth.c **** 			MOSI_SET;
 2063              		.loc 1 280 6 view .LVU894
 2064 00fc 1804     		lsls	r0, r3, #16
 283:../common/ubertooth.c **** 		data <<= 1;
 2065              		.loc 1 283 4 is_stmt 1 view .LVU895
 286:../common/ubertooth.c **** 		/* Save a few cycles by avoiding the compare/branch */
 2066              		.loc 1 286 3 is_stmt 0 view .LVU896
 2067 00fe 4FF01000 		mov	r0, #16
 283:../common/ubertooth.c **** 		data <<= 1;
 2068              		.loc 1 283 4 view .LVU897
 2069 0102 54BF     		ite	pl
 2070 0104 CA65     		strpl	r2, [r1, #92]
 281:../common/ubertooth.c **** 		else
 2071              		.loc 1 281 4 is_stmt 1 view .LVU898
 284:../common/ubertooth.c **** 
 2072              		.loc 1 284 3 view .LVU899
 2073              	.LVL113:
 286:../common/ubertooth.c **** 		/* Save a few cycles by avoiding the compare/branch */
 2074              		.loc 1 286 3 view .LVU900
 281:../common/ubertooth.c **** 		else
 2075              		.loc 1 281 4 is_stmt 0 view .LVU901
 2076 0106 8A65     		strmi	r2, [r1, #88]
 286:../common/ubertooth.c **** 		/* Save a few cycles by avoiding the compare/branch */
 2077              		.loc 1 286 3 view .LVU902
 2078 0108 3549     		ldr	r1, .L131
 2079 010a 8865     		str	r0, [r1, #88]
 288:../common/ubertooth.c **** 		SCLK_CLR;
 2080              		.loc 1 288 3 is_stmt 1 view .LVU903
 288:../common/ubertooth.c **** 		SCLK_CLR;
 2081              		.loc 1 288 13 is_stmt 0 view .LVU904
 2082 010c 4A6D     		ldr	r2, [r1, #84]
 289:../common/ubertooth.c **** 	}
 2083              		.loc 1 289 3 view .LVU905
 2084 010e C865     		str	r0, [r1, #92]
 288:../common/ubertooth.c **** 		SCLK_CLR;
 2085              		.loc 1 288 11 view .LVU906
 2086 0110 C2F34002 		ubfx	r2, r2, #1, #1
 288:../common/ubertooth.c **** 		SCLK_CLR;
 2087              		.loc 1 288 8 view .LVU907
 2088 0114 42EA4302 		orr	r2, r2, r3, lsl #1
 2089              	.LVL114:
 289:../common/ubertooth.c **** 	}
 2090              		.loc 1 289 3 is_stmt 1 view .LVU908
 279:../common/ubertooth.c **** 		if (data & msb)
ARM GAS  /tmp/ccrAXmTj.s 			page 57


 2091              		.loc 1 279 9 view .LVU909
 280:../common/ubertooth.c **** 			MOSI_SET;
 2092              		.loc 1 280 3 view .LVU910
 281:../common/ubertooth.c **** 		else
 2093              		.loc 1 281 4 is_stmt 0 view .LVU911
 2094 0118 0123     		movs	r3, #1
 280:../common/ubertooth.c **** 			MOSI_SET;
 2095              		.loc 1 280 6 view .LVU912
 2096 011a 1004     		lsls	r0, r2, #16
 283:../common/ubertooth.c **** 		data <<= 1;
 2097              		.loc 1 283 4 is_stmt 1 view .LVU913
 286:../common/ubertooth.c **** 		/* Save a few cycles by avoiding the compare/branch */
 2098              		.loc 1 286 3 is_stmt 0 view .LVU914
 2099 011c 4FF01000 		mov	r0, #16
 283:../common/ubertooth.c **** 		data <<= 1;
 2100              		.loc 1 283 4 view .LVU915
 2101 0120 54BF     		ite	pl
 2102 0122 CB65     		strpl	r3, [r1, #92]
 281:../common/ubertooth.c **** 		else
 2103              		.loc 1 281 4 is_stmt 1 view .LVU916
 284:../common/ubertooth.c **** 
 2104              		.loc 1 284 3 view .LVU917
 2105              	.LVL115:
 286:../common/ubertooth.c **** 		/* Save a few cycles by avoiding the compare/branch */
 2106              		.loc 1 286 3 view .LVU918
 281:../common/ubertooth.c **** 		else
 2107              		.loc 1 281 4 is_stmt 0 view .LVU919
 2108 0124 8B65     		strmi	r3, [r1, #88]
 286:../common/ubertooth.c **** 		/* Save a few cycles by avoiding the compare/branch */
 2109              		.loc 1 286 3 view .LVU920
 2110 0126 2E49     		ldr	r1, .L131
 2111 0128 8865     		str	r0, [r1, #88]
 288:../common/ubertooth.c **** 		SCLK_CLR;
 2112              		.loc 1 288 3 is_stmt 1 view .LVU921
 288:../common/ubertooth.c **** 		SCLK_CLR;
 2113              		.loc 1 288 13 is_stmt 0 view .LVU922
 2114 012a 4B6D     		ldr	r3, [r1, #84]
 289:../common/ubertooth.c **** 	}
 2115              		.loc 1 289 3 view .LVU923
 2116 012c C865     		str	r0, [r1, #92]
 288:../common/ubertooth.c **** 		SCLK_CLR;
 2117              		.loc 1 288 11 view .LVU924
 2118 012e C3F34003 		ubfx	r3, r3, #1, #1
 288:../common/ubertooth.c **** 		SCLK_CLR;
 2119              		.loc 1 288 8 view .LVU925
 2120 0132 43EA4203 		orr	r3, r3, r2, lsl #1
 2121              	.LVL116:
 289:../common/ubertooth.c **** 	}
 2122              		.loc 1 289 3 is_stmt 1 view .LVU926
 279:../common/ubertooth.c **** 		if (data & msb)
 2123              		.loc 1 279 9 view .LVU927
 280:../common/ubertooth.c **** 			MOSI_SET;
 2124              		.loc 1 280 3 view .LVU928
 281:../common/ubertooth.c **** 		else
 2125              		.loc 1 281 4 is_stmt 0 view .LVU929
 2126 0136 0122     		movs	r2, #1
 280:../common/ubertooth.c **** 			MOSI_SET;
ARM GAS  /tmp/ccrAXmTj.s 			page 58


 2127              		.loc 1 280 6 view .LVU930
 2128 0138 1804     		lsls	r0, r3, #16
 283:../common/ubertooth.c **** 		data <<= 1;
 2129              		.loc 1 283 4 is_stmt 1 view .LVU931
 286:../common/ubertooth.c **** 		/* Save a few cycles by avoiding the compare/branch */
 2130              		.loc 1 286 3 is_stmt 0 view .LVU932
 2131 013a 4FF01000 		mov	r0, #16
 283:../common/ubertooth.c **** 		data <<= 1;
 2132              		.loc 1 283 4 view .LVU933
 2133 013e 54BF     		ite	pl
 2134 0140 CA65     		strpl	r2, [r1, #92]
 281:../common/ubertooth.c **** 		else
 2135              		.loc 1 281 4 is_stmt 1 view .LVU934
 284:../common/ubertooth.c **** 
 2136              		.loc 1 284 3 view .LVU935
 2137              	.LVL117:
 286:../common/ubertooth.c **** 		/* Save a few cycles by avoiding the compare/branch */
 2138              		.loc 1 286 3 view .LVU936
 281:../common/ubertooth.c **** 		else
 2139              		.loc 1 281 4 is_stmt 0 view .LVU937
 2140 0142 8A65     		strmi	r2, [r1, #88]
 286:../common/ubertooth.c **** 		/* Save a few cycles by avoiding the compare/branch */
 2141              		.loc 1 286 3 view .LVU938
 2142 0144 2649     		ldr	r1, .L131
 2143 0146 8865     		str	r0, [r1, #88]
 288:../common/ubertooth.c **** 		SCLK_CLR;
 2144              		.loc 1 288 3 is_stmt 1 view .LVU939
 288:../common/ubertooth.c **** 		SCLK_CLR;
 2145              		.loc 1 288 13 is_stmt 0 view .LVU940
 2146 0148 4A6D     		ldr	r2, [r1, #84]
 289:../common/ubertooth.c **** 	}
 2147              		.loc 1 289 3 view .LVU941
 2148 014a C865     		str	r0, [r1, #92]
 288:../common/ubertooth.c **** 		SCLK_CLR;
 2149              		.loc 1 288 11 view .LVU942
 2150 014c C2F34002 		ubfx	r2, r2, #1, #1
 288:../common/ubertooth.c **** 		SCLK_CLR;
 2151              		.loc 1 288 8 view .LVU943
 2152 0150 42EA4302 		orr	r2, r2, r3, lsl #1
 2153              	.LVL118:
 289:../common/ubertooth.c **** 	}
 2154              		.loc 1 289 3 is_stmt 1 view .LVU944
 279:../common/ubertooth.c **** 		if (data & msb)
 2155              		.loc 1 279 9 view .LVU945
 280:../common/ubertooth.c **** 			MOSI_SET;
 2156              		.loc 1 280 3 view .LVU946
 281:../common/ubertooth.c **** 		else
 2157              		.loc 1 281 4 is_stmt 0 view .LVU947
 2158 0154 0123     		movs	r3, #1
 280:../common/ubertooth.c **** 			MOSI_SET;
 2159              		.loc 1 280 6 view .LVU948
 2160 0156 1004     		lsls	r0, r2, #16
 283:../common/ubertooth.c **** 		data <<= 1;
 2161              		.loc 1 283 4 is_stmt 1 view .LVU949
 286:../common/ubertooth.c **** 		/* Save a few cycles by avoiding the compare/branch */
 2162              		.loc 1 286 3 is_stmt 0 view .LVU950
 2163 0158 4FF01000 		mov	r0, #16
ARM GAS  /tmp/ccrAXmTj.s 			page 59


 283:../common/ubertooth.c **** 		data <<= 1;
 2164              		.loc 1 283 4 view .LVU951
 2165 015c 54BF     		ite	pl
 2166 015e CB65     		strpl	r3, [r1, #92]
 281:../common/ubertooth.c **** 		else
 2167              		.loc 1 281 4 is_stmt 1 view .LVU952
 284:../common/ubertooth.c **** 
 2168              		.loc 1 284 3 view .LVU953
 2169              	.LVL119:
 286:../common/ubertooth.c **** 		/* Save a few cycles by avoiding the compare/branch */
 2170              		.loc 1 286 3 view .LVU954
 281:../common/ubertooth.c **** 		else
 2171              		.loc 1 281 4 is_stmt 0 view .LVU955
 2172 0160 8B65     		strmi	r3, [r1, #88]
 286:../common/ubertooth.c **** 		/* Save a few cycles by avoiding the compare/branch */
 2173              		.loc 1 286 3 view .LVU956
 2174 0162 1F49     		ldr	r1, .L131
 2175 0164 8865     		str	r0, [r1, #88]
 288:../common/ubertooth.c **** 		SCLK_CLR;
 2176              		.loc 1 288 3 is_stmt 1 view .LVU957
 288:../common/ubertooth.c **** 		SCLK_CLR;
 2177              		.loc 1 288 13 is_stmt 0 view .LVU958
 2178 0166 4B6D     		ldr	r3, [r1, #84]
 289:../common/ubertooth.c **** 	}
 2179              		.loc 1 289 3 view .LVU959
 2180 0168 C865     		str	r0, [r1, #92]
 288:../common/ubertooth.c **** 		SCLK_CLR;
 2181              		.loc 1 288 11 view .LVU960
 2182 016a C3F34003 		ubfx	r3, r3, #1, #1
 288:../common/ubertooth.c **** 		SCLK_CLR;
 2183              		.loc 1 288 8 view .LVU961
 2184 016e 43EA4203 		orr	r3, r3, r2, lsl #1
 2185              	.LVL120:
 289:../common/ubertooth.c **** 	}
 2186              		.loc 1 289 3 is_stmt 1 view .LVU962
 279:../common/ubertooth.c **** 		if (data & msb)
 2187              		.loc 1 279 9 view .LVU963
 280:../common/ubertooth.c **** 			MOSI_SET;
 2188              		.loc 1 280 3 view .LVU964
 281:../common/ubertooth.c **** 		else
 2189              		.loc 1 281 4 is_stmt 0 view .LVU965
 2190 0172 0122     		movs	r2, #1
 280:../common/ubertooth.c **** 			MOSI_SET;
 2191              		.loc 1 280 6 view .LVU966
 2192 0174 1804     		lsls	r0, r3, #16
 283:../common/ubertooth.c **** 		data <<= 1;
 2193              		.loc 1 283 4 is_stmt 1 view .LVU967
 286:../common/ubertooth.c **** 		/* Save a few cycles by avoiding the compare/branch */
 2194              		.loc 1 286 3 is_stmt 0 view .LVU968
 2195 0176 4FF01000 		mov	r0, #16
 283:../common/ubertooth.c **** 		data <<= 1;
 2196              		.loc 1 283 4 view .LVU969
 2197 017a 54BF     		ite	pl
 2198 017c CA65     		strpl	r2, [r1, #92]
 281:../common/ubertooth.c **** 		else
 2199              		.loc 1 281 4 is_stmt 1 view .LVU970
 284:../common/ubertooth.c **** 
ARM GAS  /tmp/ccrAXmTj.s 			page 60


 2200              		.loc 1 284 3 view .LVU971
 2201              	.LVL121:
 286:../common/ubertooth.c **** 		/* Save a few cycles by avoiding the compare/branch */
 2202              		.loc 1 286 3 view .LVU972
 281:../common/ubertooth.c **** 		else
 2203              		.loc 1 281 4 is_stmt 0 view .LVU973
 2204 017e 8A65     		strmi	r2, [r1, #88]
 286:../common/ubertooth.c **** 		/* Save a few cycles by avoiding the compare/branch */
 2205              		.loc 1 286 3 view .LVU974
 2206 0180 1749     		ldr	r1, .L131
 2207 0182 8865     		str	r0, [r1, #88]
 288:../common/ubertooth.c **** 		SCLK_CLR;
 2208              		.loc 1 288 3 is_stmt 1 view .LVU975
 288:../common/ubertooth.c **** 		SCLK_CLR;
 2209              		.loc 1 288 13 is_stmt 0 view .LVU976
 2210 0184 4A6D     		ldr	r2, [r1, #84]
 289:../common/ubertooth.c **** 	}
 2211              		.loc 1 289 3 view .LVU977
 2212 0186 C865     		str	r0, [r1, #92]
 288:../common/ubertooth.c **** 		SCLK_CLR;
 2213              		.loc 1 288 11 view .LVU978
 2214 0188 C2F34002 		ubfx	r2, r2, #1, #1
 288:../common/ubertooth.c **** 		SCLK_CLR;
 2215              		.loc 1 288 8 view .LVU979
 2216 018c 42EA4302 		orr	r2, r2, r3, lsl #1
 2217              	.LVL122:
 289:../common/ubertooth.c **** 	}
 2218              		.loc 1 289 3 is_stmt 1 view .LVU980
 279:../common/ubertooth.c **** 		if (data & msb)
 2219              		.loc 1 279 9 view .LVU981
 280:../common/ubertooth.c **** 			MOSI_SET;
 2220              		.loc 1 280 3 view .LVU982
 281:../common/ubertooth.c **** 		else
 2221              		.loc 1 281 4 is_stmt 0 view .LVU983
 2222 0190 0123     		movs	r3, #1
 280:../common/ubertooth.c **** 			MOSI_SET;
 2223              		.loc 1 280 6 view .LVU984
 2224 0192 1004     		lsls	r0, r2, #16
 283:../common/ubertooth.c **** 		data <<= 1;
 2225              		.loc 1 283 4 is_stmt 1 view .LVU985
 286:../common/ubertooth.c **** 		/* Save a few cycles by avoiding the compare/branch */
 2226              		.loc 1 286 3 is_stmt 0 view .LVU986
 2227 0194 4FF01000 		mov	r0, #16
 283:../common/ubertooth.c **** 		data <<= 1;
 2228              		.loc 1 283 4 view .LVU987
 2229 0198 54BF     		ite	pl
 2230 019a CB65     		strpl	r3, [r1, #92]
 281:../common/ubertooth.c **** 		else
 2231              		.loc 1 281 4 is_stmt 1 view .LVU988
 284:../common/ubertooth.c **** 
 2232              		.loc 1 284 3 view .LVU989
 2233              	.LVL123:
 286:../common/ubertooth.c **** 		/* Save a few cycles by avoiding the compare/branch */
 2234              		.loc 1 286 3 view .LVU990
 281:../common/ubertooth.c **** 		else
 2235              		.loc 1 281 4 is_stmt 0 view .LVU991
 2236 019c 8B65     		strmi	r3, [r1, #88]
ARM GAS  /tmp/ccrAXmTj.s 			page 61


 286:../common/ubertooth.c **** 		/* Save a few cycles by avoiding the compare/branch */
 2237              		.loc 1 286 3 view .LVU992
 2238 019e 1049     		ldr	r1, .L131
 2239 01a0 8865     		str	r0, [r1, #88]
 288:../common/ubertooth.c **** 		SCLK_CLR;
 2240              		.loc 1 288 3 is_stmt 1 view .LVU993
 288:../common/ubertooth.c **** 		SCLK_CLR;
 2241              		.loc 1 288 13 is_stmt 0 view .LVU994
 2242 01a2 4B6D     		ldr	r3, [r1, #84]
 289:../common/ubertooth.c **** 	}
 2243              		.loc 1 289 3 view .LVU995
 2244 01a4 C865     		str	r0, [r1, #92]
 288:../common/ubertooth.c **** 		SCLK_CLR;
 2245              		.loc 1 288 11 view .LVU996
 2246 01a6 C3F34003 		ubfx	r3, r3, #1, #1
 288:../common/ubertooth.c **** 		SCLK_CLR;
 2247              		.loc 1 288 8 view .LVU997
 2248 01aa 43EA4203 		orr	r3, r3, r2, lsl #1
 2249              	.LVL124:
 289:../common/ubertooth.c **** 	}
 2250              		.loc 1 289 3 is_stmt 1 view .LVU998
 279:../common/ubertooth.c **** 		if (data & msb)
 2251              		.loc 1 279 9 view .LVU999
 280:../common/ubertooth.c **** 			MOSI_SET;
 2252              		.loc 1 280 3 view .LVU1000
 281:../common/ubertooth.c **** 		else
 2253              		.loc 1 281 4 is_stmt 0 view .LVU1001
 2254 01ae 0122     		movs	r2, #1
 280:../common/ubertooth.c **** 			MOSI_SET;
 2255              		.loc 1 280 6 view .LVU1002
 2256 01b0 1804     		lsls	r0, r3, #16
 283:../common/ubertooth.c **** 		data <<= 1;
 2257              		.loc 1 283 4 is_stmt 1 view .LVU1003
 2258 01b2 54BF     		ite	pl
 2259 01b4 CA65     		strpl	r2, [r1, #92]
 281:../common/ubertooth.c **** 		else
 2260              		.loc 1 281 4 view .LVU1004
 284:../common/ubertooth.c **** 
 2261              		.loc 1 284 3 view .LVU1005
 2262              	.LVL125:
 286:../common/ubertooth.c **** 		/* Save a few cycles by avoiding the compare/branch */
 2263              		.loc 1 286 3 view .LVU1006
 281:../common/ubertooth.c **** 		else
 2264              		.loc 1 281 4 is_stmt 0 view .LVU1007
 2265 01b6 8A65     		strmi	r2, [r1, #88]
 286:../common/ubertooth.c **** 		/* Save a few cycles by avoiding the compare/branch */
 2266              		.loc 1 286 3 view .LVU1008
 2267 01b8 1021     		movs	r1, #16
 280:../common/ubertooth.c **** 			MOSI_SET;
 2268              		.loc 1 280 6 view .LVU1009
 2269 01ba 13F4804F 		tst	r3, #16384
 281:../common/ubertooth.c **** 		else
 2270              		.loc 1 281 4 view .LVU1010
 2271 01be 4FF00103 		mov	r3, #1
 2272              	.LVL126:
 286:../common/ubertooth.c **** 		/* Save a few cycles by avoiding the compare/branch */
 2273              		.loc 1 286 3 view .LVU1011
ARM GAS  /tmp/ccrAXmTj.s 			page 62


 2274 01c2 074A     		ldr	r2, .L131
 2275 01c4 9165     		str	r1, [r2, #88]
 288:../common/ubertooth.c **** 		SCLK_CLR;
 2276              		.loc 1 288 3 is_stmt 1 view .LVU1012
 288:../common/ubertooth.c **** 		SCLK_CLR;
 2277              		.loc 1 288 13 is_stmt 0 view .LVU1013
 2278 01c6 506D     		ldr	r0, [r2, #84]
 2279              	.LVL127:
 289:../common/ubertooth.c **** 	}
 2280              		.loc 1 289 3 is_stmt 1 view .LVU1014
 2281 01c8 D165     		str	r1, [r2, #92]
 279:../common/ubertooth.c **** 		if (data & msb)
 2282              		.loc 1 279 9 view .LVU1015
 280:../common/ubertooth.c **** 			MOSI_SET;
 2283              		.loc 1 280 3 view .LVU1016
 281:../common/ubertooth.c **** 		else
 2284              		.loc 1 281 4 view .LVU1017
 2285 01ca 14BF     		ite	ne
 2286 01cc 9365     		strne	r3, [r2, #88]
 283:../common/ubertooth.c **** 		data <<= 1;
 2287              		.loc 1 283 4 view .LVU1018
 2288 01ce D365     		streq	r3, [r2, #92]
 284:../common/ubertooth.c **** 
 2289              		.loc 1 284 3 view .LVU1019
 2290              	.LVL128:
 286:../common/ubertooth.c **** 		/* Save a few cycles by avoiding the compare/branch */
 2291              		.loc 1 286 3 view .LVU1020
 2292 01d0 1022     		movs	r2, #16
 293:../common/ubertooth.c **** 
 2293              		.loc 1 293 2 is_stmt 0 view .LVU1021
 2294 01d2 2021     		movs	r1, #32
 286:../common/ubertooth.c **** 		/* Save a few cycles by avoiding the compare/branch */
 2295              		.loc 1 286 3 view .LVU1022
 2296 01d4 024B     		ldr	r3, .L131
 2297 01d6 9A65     		str	r2, [r3, #88]
 288:../common/ubertooth.c **** 		SCLK_CLR;
 2298              		.loc 1 288 3 is_stmt 1 view .LVU1023
 288:../common/ubertooth.c **** 		SCLK_CLR;
 2299              		.loc 1 288 13 is_stmt 0 view .LVU1024
 2300 01d8 586D     		ldr	r0, [r3, #84]
 289:../common/ubertooth.c **** 	}
 2301              		.loc 1 289 3 is_stmt 1 view .LVU1025
 2302 01da DA65     		str	r2, [r3, #92]
 279:../common/ubertooth.c **** 		if (data & msb)
 2303              		.loc 1 279 9 view .LVU1026
 293:../common/ubertooth.c **** 
 2304              		.loc 1 293 2 view .LVU1027
 2305 01dc 9965     		str	r1, [r3, #88]
 295:../common/ubertooth.c **** }
 2306              		.loc 1 295 2 view .LVU1028
 2307              	.LVL129:
 295:../common/ubertooth.c **** }
 2308              		.loc 1 295 2 is_stmt 0 view .LVU1029
 2309              	.LBE120:
 2310              	.LBE121:
 330:../common/ubertooth.c **** }
 2311              		.loc 1 330 1 view .LVU1030
ARM GAS  /tmp/ccrAXmTj.s 			page 63


 2312 01de 7047     		bx	lr
 2313              	.L132:
 2314              		.align	2
 2315              	.L131:
 2316 01e0 00C00920 		.word	537509888
 2317              		.cfi_endproc
 2318              	.LFE14:
 2320              		.section	.text.cc2400_fifo_write,"ax",%progbits
 2321              		.align	1
 2322              		.p2align 2,,3
 2323              		.global	cc2400_fifo_write
 2324              		.syntax unified
 2325              		.thumb
 2326              		.thumb_func
 2328              	cc2400_fifo_write:
 2329              	.LVL130:
 2330              	.LFB16:
 331:../common/ubertooth.c **** 
 332:../common/ubertooth.c **** static volatile u32 delay_counter;
 333:../common/ubertooth.c **** static void spi_delay() {
 334:../common/ubertooth.c ****        delay_counter = 10;
 335:../common/ubertooth.c ****        while (--delay_counter);
 336:../common/ubertooth.c **** }
 337:../common/ubertooth.c **** 
 338:../common/ubertooth.c **** 
 339:../common/ubertooth.c **** /* write multiple bytes to SPI */
 340:../common/ubertooth.c **** void cc2400_fifo_write(u8 len, u8 *data) {
 2331              		.loc 1 340 42 is_stmt 1 view -0
 2332              		.cfi_startproc
 2333              		@ args = 0, pretend = 0, frame = 0
 2334              		@ frame_needed = 0, uses_anonymous_args = 0
 2335              		@ link register save eliminated.
 2336              		.loc 1 340 42 is_stmt 0 view .LVU1032
 2337 0000 10B4     		push	{r4}
 2338              		.cfi_def_cfa_offset 4
 2339              		.cfi_offset 4, -4
 341:../common/ubertooth.c **** 	u8 msb = 1 << 7;
 2340              		.loc 1 341 2 is_stmt 1 view .LVU1033
 2341              	.LVL131:
 342:../common/ubertooth.c **** 	u8 reg = FIFOREG;
 2342              		.loc 1 342 2 view .LVU1034
 343:../common/ubertooth.c **** 	u8 i, j, temp;
 2343              		.loc 1 343 2 view .LVU1035
 344:../common/ubertooth.c **** 
 345:../common/ubertooth.c **** 	/* start transaction by dropping CSN */
 346:../common/ubertooth.c **** 	CSN_CLR;
 2344              		.loc 1 346 2 view .LVU1036
 347:../common/ubertooth.c **** 
 348:../common/ubertooth.c **** 	for (i = 0; i < 8; ++i) {
 349:../common/ubertooth.c **** 		if (reg & msb)
 350:../common/ubertooth.c **** 			MOSI_SET;
 351:../common/ubertooth.c **** 		else
 352:../common/ubertooth.c **** 			MOSI_CLR;
 353:../common/ubertooth.c **** 		reg <<= 1;
 354:../common/ubertooth.c **** 		SCLK_SET;
 2345              		.loc 1 354 3 is_stmt 0 view .LVU1037
 2346 0002 1022     		movs	r2, #16
ARM GAS  /tmp/ccrAXmTj.s 			page 64


 352:../common/ubertooth.c **** 		reg <<= 1;
 2347              		.loc 1 352 4 view .LVU1038
 2348 0004 0124     		movs	r4, #1
 346:../common/ubertooth.c **** 
 2349              		.loc 1 346 2 view .LVU1039
 2350 0006 4FF0200C 		mov	ip, #32
 2351 000a 3E4B     		ldr	r3, .L157
 2352 000c C3F85CC0 		str	ip, [r3, #92]
 348:../common/ubertooth.c **** 		if (reg & msb)
 2353              		.loc 1 348 2 is_stmt 1 view .LVU1040
 348:../common/ubertooth.c **** 		if (reg & msb)
 2354              		.loc 1 348 16 discriminator 1 view .LVU1041
 349:../common/ubertooth.c **** 			MOSI_SET;
 2355              		.loc 1 349 3 view .LVU1042
 352:../common/ubertooth.c **** 		reg <<= 1;
 2356              		.loc 1 352 4 view .LVU1043
 2357 0010 DC65     		str	r4, [r3, #92]
 353:../common/ubertooth.c **** 		SCLK_SET;
 2358              		.loc 1 353 3 view .LVU1044
 2359              	.LVL132:
 2360              		.loc 1 354 3 view .LVU1045
 2361 0012 9A65     		str	r2, [r3, #88]
 355:../common/ubertooth.c **** 		SCLK_CLR;
 2362              		.loc 1 355 3 view .LVU1046
 2363 0014 DA65     		str	r2, [r3, #92]
 348:../common/ubertooth.c **** 		if (reg & msb)
 2364              		.loc 1 348 21 discriminator 2 view .LVU1047
 348:../common/ubertooth.c **** 		if (reg & msb)
 2365              		.loc 1 348 16 discriminator 1 view .LVU1048
 349:../common/ubertooth.c **** 			MOSI_SET;
 2366              		.loc 1 349 3 view .LVU1049
 350:../common/ubertooth.c **** 		else
 2367              		.loc 1 350 4 view .LVU1050
 2368 0016 9C65     		str	r4, [r3, #88]
 353:../common/ubertooth.c **** 		SCLK_SET;
 2369              		.loc 1 353 3 view .LVU1051
 2370              	.LVL133:
 354:../common/ubertooth.c **** 		SCLK_CLR;
 2371              		.loc 1 354 3 view .LVU1052
 2372 0018 9A65     		str	r2, [r3, #88]
 2373              		.loc 1 355 3 view .LVU1053
 2374 001a DA65     		str	r2, [r3, #92]
 348:../common/ubertooth.c **** 		if (reg & msb)
 2375              		.loc 1 348 21 discriminator 2 view .LVU1054
 348:../common/ubertooth.c **** 		if (reg & msb)
 2376              		.loc 1 348 16 discriminator 1 view .LVU1055
 349:../common/ubertooth.c **** 			MOSI_SET;
 2377              		.loc 1 349 3 view .LVU1056
 350:../common/ubertooth.c **** 		else
 2378              		.loc 1 350 4 view .LVU1057
 2379 001c 9C65     		str	r4, [r3, #88]
 353:../common/ubertooth.c **** 		SCLK_SET;
 2380              		.loc 1 353 3 view .LVU1058
 2381              	.LVL134:
 354:../common/ubertooth.c **** 		SCLK_CLR;
 2382              		.loc 1 354 3 view .LVU1059
 2383 001e 9A65     		str	r2, [r3, #88]
ARM GAS  /tmp/ccrAXmTj.s 			page 65


 2384              		.loc 1 355 3 view .LVU1060
 2385 0020 DA65     		str	r2, [r3, #92]
 348:../common/ubertooth.c **** 		if (reg & msb)
 2386              		.loc 1 348 21 discriminator 2 view .LVU1061
 348:../common/ubertooth.c **** 		if (reg & msb)
 2387              		.loc 1 348 16 discriminator 1 view .LVU1062
 349:../common/ubertooth.c **** 			MOSI_SET;
 2388              		.loc 1 349 3 view .LVU1063
 350:../common/ubertooth.c **** 		else
 2389              		.loc 1 350 4 view .LVU1064
 2390 0022 9C65     		str	r4, [r3, #88]
 353:../common/ubertooth.c **** 		SCLK_SET;
 2391              		.loc 1 353 3 view .LVU1065
 2392              	.LVL135:
 354:../common/ubertooth.c **** 		SCLK_CLR;
 2393              		.loc 1 354 3 view .LVU1066
 2394 0024 9A65     		str	r2, [r3, #88]
 2395              		.loc 1 355 3 view .LVU1067
 2396 0026 DA65     		str	r2, [r3, #92]
 348:../common/ubertooth.c **** 		if (reg & msb)
 2397              		.loc 1 348 21 discriminator 2 view .LVU1068
 348:../common/ubertooth.c **** 		if (reg & msb)
 2398              		.loc 1 348 16 discriminator 1 view .LVU1069
 349:../common/ubertooth.c **** 			MOSI_SET;
 2399              		.loc 1 349 3 view .LVU1070
 352:../common/ubertooth.c **** 		reg <<= 1;
 2400              		.loc 1 352 4 view .LVU1071
 2401 0028 DC65     		str	r4, [r3, #92]
 353:../common/ubertooth.c **** 		SCLK_SET;
 2402              		.loc 1 353 3 view .LVU1072
 354:../common/ubertooth.c **** 		SCLK_CLR;
 2403              		.loc 1 354 3 view .LVU1073
 2404 002a 9A65     		str	r2, [r3, #88]
 2405              		.loc 1 355 3 view .LVU1074
 2406 002c DA65     		str	r2, [r3, #92]
 348:../common/ubertooth.c **** 		if (reg & msb)
 2407              		.loc 1 348 21 discriminator 2 view .LVU1075
 348:../common/ubertooth.c **** 		if (reg & msb)
 2408              		.loc 1 348 16 discriminator 1 view .LVU1076
 349:../common/ubertooth.c **** 			MOSI_SET;
 2409              		.loc 1 349 3 view .LVU1077
 352:../common/ubertooth.c **** 		reg <<= 1;
 2410              		.loc 1 352 4 view .LVU1078
 2411 002e DC65     		str	r4, [r3, #92]
 353:../common/ubertooth.c **** 		SCLK_SET;
 2412              		.loc 1 353 3 view .LVU1079
 354:../common/ubertooth.c **** 		SCLK_CLR;
 2413              		.loc 1 354 3 view .LVU1080
 2414 0030 9A65     		str	r2, [r3, #88]
 2415              		.loc 1 355 3 view .LVU1081
 2416 0032 DA65     		str	r2, [r3, #92]
 348:../common/ubertooth.c **** 		if (reg & msb)
 2417              		.loc 1 348 21 discriminator 2 view .LVU1082
 348:../common/ubertooth.c **** 		if (reg & msb)
 2418              		.loc 1 348 16 discriminator 1 view .LVU1083
 349:../common/ubertooth.c **** 			MOSI_SET;
 2419              		.loc 1 349 3 view .LVU1084
ARM GAS  /tmp/ccrAXmTj.s 			page 66


 352:../common/ubertooth.c **** 		reg <<= 1;
 2420              		.loc 1 352 4 view .LVU1085
 2421 0034 DC65     		str	r4, [r3, #92]
 353:../common/ubertooth.c **** 		SCLK_SET;
 2422              		.loc 1 353 3 view .LVU1086
 354:../common/ubertooth.c **** 		SCLK_CLR;
 2423              		.loc 1 354 3 view .LVU1087
 2424 0036 9A65     		str	r2, [r3, #88]
 2425              		.loc 1 355 3 view .LVU1088
 2426 0038 DA65     		str	r2, [r3, #92]
 348:../common/ubertooth.c **** 		if (reg & msb)
 2427              		.loc 1 348 21 discriminator 2 view .LVU1089
 348:../common/ubertooth.c **** 		if (reg & msb)
 2428              		.loc 1 348 16 discriminator 1 view .LVU1090
 349:../common/ubertooth.c **** 			MOSI_SET;
 2429              		.loc 1 349 3 view .LVU1091
 352:../common/ubertooth.c **** 		reg <<= 1;
 2430              		.loc 1 352 4 view .LVU1092
 2431 003a DC65     		str	r4, [r3, #92]
 353:../common/ubertooth.c **** 		SCLK_SET;
 2432              		.loc 1 353 3 view .LVU1093
 354:../common/ubertooth.c **** 		SCLK_CLR;
 2433              		.loc 1 354 3 view .LVU1094
 2434 003c 9A65     		str	r2, [r3, #88]
 2435              		.loc 1 355 3 view .LVU1095
 2436 003e DA65     		str	r2, [r3, #92]
 348:../common/ubertooth.c **** 		if (reg & msb)
 2437              		.loc 1 348 21 discriminator 2 view .LVU1096
 348:../common/ubertooth.c **** 		if (reg & msb)
 2438              		.loc 1 348 16 discriminator 1 view .LVU1097
 2439              	.LVL136:
 356:../common/ubertooth.c **** 	}
 357:../common/ubertooth.c **** 
 358:../common/ubertooth.c **** 	for (i = 0; i < len; ++i) {
 2440              		.loc 1 358 16 discriminator 1 view .LVU1098
 2441 0040 0028     		cmp	r0, #0
 2442 0042 3AD0     		beq	.L134
 2443 0044 01EB000C 		add	ip, r1, r0
 2444              	.LVL137:
 2445              	.L151:
 359:../common/ubertooth.c **** 		temp = data[i];
 2446              		.loc 1 359 3 view .LVU1099
 360:../common/ubertooth.c **** 		for (j = 0; j < 8; ++j) {
 2447              		.loc 1 360 3 view .LVU1100
 2448              		.loc 1 360 17 discriminator 1 view .LVU1101
 361:../common/ubertooth.c **** 			if (temp & msb)
 2449              		.loc 1 361 4 view .LVU1102
 2450 0048 11F9010B 		ldrsb	r0, [r1], #1
 2451              	.LVL138:
 2452              		.loc 1 361 7 is_stmt 0 view .LVU1103
 2453 004c 0028     		cmp	r0, #0
 362:../common/ubertooth.c **** 				MOSI_SET;
 363:../common/ubertooth.c **** 			else
 364:../common/ubertooth.c **** 				MOSI_CLR;
 2454              		.loc 1 364 5 is_stmt 1 view .LVU1104
 2455 004e ACBF     		ite	ge
 2456 0050 DC65     		strge	r4, [r3, #92]
ARM GAS  /tmp/ccrAXmTj.s 			page 67


 362:../common/ubertooth.c **** 				MOSI_SET;
 2457              		.loc 1 362 5 view .LVU1105
 365:../common/ubertooth.c **** 			temp <<= 1;
 2458              		.loc 1 365 4 view .LVU1106
 2459              	.LVL139:
 366:../common/ubertooth.c **** 			SCLK_SET;
 2460              		.loc 1 366 4 view .LVU1107
 362:../common/ubertooth.c **** 				MOSI_SET;
 2461              		.loc 1 362 5 is_stmt 0 view .LVU1108
 2462 0052 9C65     		strlt	r4, [r3, #88]
 361:../common/ubertooth.c **** 				MOSI_SET;
 2463              		.loc 1 361 7 view .LVU1109
 2464 0054 10F0400F 		tst	r0, #64
 2465              		.loc 1 366 4 view .LVU1110
 2466 0058 9A65     		str	r2, [r3, #88]
 2467              	.LVL140:
 367:../common/ubertooth.c **** 			SCLK_CLR;
 2468              		.loc 1 367 4 is_stmt 1 view .LVU1111
 2469 005a DA65     		str	r2, [r3, #92]
 360:../common/ubertooth.c **** 			if (temp & msb)
 2470              		.loc 1 360 22 discriminator 2 view .LVU1112
 2471              	.LVL141:
 360:../common/ubertooth.c **** 			if (temp & msb)
 2472              		.loc 1 360 17 discriminator 1 view .LVU1113
 361:../common/ubertooth.c **** 				MOSI_SET;
 2473              		.loc 1 361 4 view .LVU1114
 364:../common/ubertooth.c **** 			temp <<= 1;
 2474              		.loc 1 364 5 view .LVU1115
 2475 005c 0CBF     		ite	eq
 2476 005e DC65     		streq	r4, [r3, #92]
 362:../common/ubertooth.c **** 			else
 2477              		.loc 1 362 5 view .LVU1116
 365:../common/ubertooth.c **** 			SCLK_SET;
 2478              		.loc 1 365 4 view .LVU1117
 2479              	.LVL142:
 366:../common/ubertooth.c **** 			SCLK_CLR;
 2480              		.loc 1 366 4 view .LVU1118
 362:../common/ubertooth.c **** 			else
 2481              		.loc 1 362 5 is_stmt 0 view .LVU1119
 2482 0060 9C65     		strne	r4, [r3, #88]
 361:../common/ubertooth.c **** 				MOSI_SET;
 2483              		.loc 1 361 7 view .LVU1120
 2484 0062 10F0200F 		tst	r0, #32
 366:../common/ubertooth.c **** 			SCLK_CLR;
 2485              		.loc 1 366 4 view .LVU1121
 2486 0066 9A65     		str	r2, [r3, #88]
 2487              		.loc 1 367 4 is_stmt 1 view .LVU1122
 2488 0068 DA65     		str	r2, [r3, #92]
 360:../common/ubertooth.c **** 			if (temp & msb)
 2489              		.loc 1 360 22 discriminator 2 view .LVU1123
 2490              	.LVL143:
 360:../common/ubertooth.c **** 			if (temp & msb)
 2491              		.loc 1 360 17 discriminator 1 view .LVU1124
 361:../common/ubertooth.c **** 				MOSI_SET;
 2492              		.loc 1 361 4 view .LVU1125
 364:../common/ubertooth.c **** 			temp <<= 1;
 2493              		.loc 1 364 5 view .LVU1126
ARM GAS  /tmp/ccrAXmTj.s 			page 68


 2494 006a 0CBF     		ite	eq
 2495 006c DC65     		streq	r4, [r3, #92]
 362:../common/ubertooth.c **** 			else
 2496              		.loc 1 362 5 view .LVU1127
 365:../common/ubertooth.c **** 			SCLK_SET;
 2497              		.loc 1 365 4 view .LVU1128
 2498              	.LVL144:
 366:../common/ubertooth.c **** 			SCLK_CLR;
 2499              		.loc 1 366 4 view .LVU1129
 362:../common/ubertooth.c **** 			else
 2500              		.loc 1 362 5 is_stmt 0 view .LVU1130
 2501 006e 9C65     		strne	r4, [r3, #88]
 361:../common/ubertooth.c **** 				MOSI_SET;
 2502              		.loc 1 361 7 view .LVU1131
 2503 0070 10F0100F 		tst	r0, #16
 366:../common/ubertooth.c **** 			SCLK_CLR;
 2504              		.loc 1 366 4 view .LVU1132
 2505 0074 9A65     		str	r2, [r3, #88]
 2506              		.loc 1 367 4 is_stmt 1 view .LVU1133
 2507 0076 DA65     		str	r2, [r3, #92]
 360:../common/ubertooth.c **** 			if (temp & msb)
 2508              		.loc 1 360 22 discriminator 2 view .LVU1134
 2509              	.LVL145:
 360:../common/ubertooth.c **** 			if (temp & msb)
 2510              		.loc 1 360 17 discriminator 1 view .LVU1135
 361:../common/ubertooth.c **** 				MOSI_SET;
 2511              		.loc 1 361 4 view .LVU1136
 364:../common/ubertooth.c **** 			temp <<= 1;
 2512              		.loc 1 364 5 view .LVU1137
 2513 0078 0CBF     		ite	eq
 2514 007a DC65     		streq	r4, [r3, #92]
 362:../common/ubertooth.c **** 			else
 2515              		.loc 1 362 5 view .LVU1138
 365:../common/ubertooth.c **** 			SCLK_SET;
 2516              		.loc 1 365 4 view .LVU1139
 2517              	.LVL146:
 366:../common/ubertooth.c **** 			SCLK_CLR;
 2518              		.loc 1 366 4 view .LVU1140
 362:../common/ubertooth.c **** 			else
 2519              		.loc 1 362 5 is_stmt 0 view .LVU1141
 2520 007c 9C65     		strne	r4, [r3, #88]
 361:../common/ubertooth.c **** 				MOSI_SET;
 2521              		.loc 1 361 7 view .LVU1142
 2522 007e 10F0080F 		tst	r0, #8
 366:../common/ubertooth.c **** 			SCLK_CLR;
 2523              		.loc 1 366 4 view .LVU1143
 2524 0082 9A65     		str	r2, [r3, #88]
 2525              		.loc 1 367 4 is_stmt 1 view .LVU1144
 2526 0084 DA65     		str	r2, [r3, #92]
 360:../common/ubertooth.c **** 			if (temp & msb)
 2527              		.loc 1 360 22 discriminator 2 view .LVU1145
 2528              	.LVL147:
 360:../common/ubertooth.c **** 			if (temp & msb)
 2529              		.loc 1 360 17 discriminator 1 view .LVU1146
 361:../common/ubertooth.c **** 				MOSI_SET;
 2530              		.loc 1 361 4 view .LVU1147
 364:../common/ubertooth.c **** 			temp <<= 1;
ARM GAS  /tmp/ccrAXmTj.s 			page 69


 2531              		.loc 1 364 5 view .LVU1148
 2532 0086 0CBF     		ite	eq
 2533 0088 DC65     		streq	r4, [r3, #92]
 362:../common/ubertooth.c **** 			else
 2534              		.loc 1 362 5 view .LVU1149
 365:../common/ubertooth.c **** 			SCLK_SET;
 2535              		.loc 1 365 4 view .LVU1150
 2536              	.LVL148:
 366:../common/ubertooth.c **** 			SCLK_CLR;
 2537              		.loc 1 366 4 view .LVU1151
 362:../common/ubertooth.c **** 			else
 2538              		.loc 1 362 5 is_stmt 0 view .LVU1152
 2539 008a 9C65     		strne	r4, [r3, #88]
 361:../common/ubertooth.c **** 				MOSI_SET;
 2540              		.loc 1 361 7 view .LVU1153
 2541 008c 10F0040F 		tst	r0, #4
 366:../common/ubertooth.c **** 			SCLK_CLR;
 2542              		.loc 1 366 4 view .LVU1154
 2543 0090 9A65     		str	r2, [r3, #88]
 2544              		.loc 1 367 4 is_stmt 1 view .LVU1155
 2545 0092 DA65     		str	r2, [r3, #92]
 360:../common/ubertooth.c **** 			if (temp & msb)
 2546              		.loc 1 360 22 discriminator 2 view .LVU1156
 2547              	.LVL149:
 360:../common/ubertooth.c **** 			if (temp & msb)
 2548              		.loc 1 360 17 discriminator 1 view .LVU1157
 361:../common/ubertooth.c **** 				MOSI_SET;
 2549              		.loc 1 361 4 view .LVU1158
 364:../common/ubertooth.c **** 			temp <<= 1;
 2550              		.loc 1 364 5 view .LVU1159
 2551 0094 0CBF     		ite	eq
 2552 0096 DC65     		streq	r4, [r3, #92]
 362:../common/ubertooth.c **** 			else
 2553              		.loc 1 362 5 view .LVU1160
 365:../common/ubertooth.c **** 			SCLK_SET;
 2554              		.loc 1 365 4 view .LVU1161
 2555              	.LVL150:
 366:../common/ubertooth.c **** 			SCLK_CLR;
 2556              		.loc 1 366 4 view .LVU1162
 362:../common/ubertooth.c **** 			else
 2557              		.loc 1 362 5 is_stmt 0 view .LVU1163
 2558 0098 9C65     		strne	r4, [r3, #88]
 361:../common/ubertooth.c **** 				MOSI_SET;
 2559              		.loc 1 361 7 view .LVU1164
 2560 009a 10F0020F 		tst	r0, #2
 366:../common/ubertooth.c **** 			SCLK_CLR;
 2561              		.loc 1 366 4 view .LVU1165
 2562 009e 9A65     		str	r2, [r3, #88]
 2563              		.loc 1 367 4 is_stmt 1 view .LVU1166
 2564 00a0 DA65     		str	r2, [r3, #92]
 360:../common/ubertooth.c **** 			if (temp & msb)
 2565              		.loc 1 360 22 discriminator 2 view .LVU1167
 2566              	.LVL151:
 360:../common/ubertooth.c **** 			if (temp & msb)
 2567              		.loc 1 360 17 discriminator 1 view .LVU1168
 361:../common/ubertooth.c **** 				MOSI_SET;
 2568              		.loc 1 361 4 view .LVU1169
ARM GAS  /tmp/ccrAXmTj.s 			page 70


 364:../common/ubertooth.c **** 			temp <<= 1;
 2569              		.loc 1 364 5 view .LVU1170
 2570 00a2 0CBF     		ite	eq
 2571 00a4 DC65     		streq	r4, [r3, #92]
 362:../common/ubertooth.c **** 			else
 2572              		.loc 1 362 5 view .LVU1171
 365:../common/ubertooth.c **** 			SCLK_SET;
 2573              		.loc 1 365 4 view .LVU1172
 2574              	.LVL152:
 366:../common/ubertooth.c **** 			SCLK_CLR;
 2575              		.loc 1 366 4 view .LVU1173
 362:../common/ubertooth.c **** 			else
 2576              		.loc 1 362 5 is_stmt 0 view .LVU1174
 2577 00a6 9C65     		strne	r4, [r3, #88]
 361:../common/ubertooth.c **** 				MOSI_SET;
 2578              		.loc 1 361 7 view .LVU1175
 2579 00a8 C007     		lsls	r0, r0, #31
 2580              	.LVL153:
 366:../common/ubertooth.c **** 			SCLK_CLR;
 2581              		.loc 1 366 4 view .LVU1176
 2582 00aa 9A65     		str	r2, [r3, #88]
 2583              		.loc 1 367 4 is_stmt 1 view .LVU1177
 2584 00ac DA65     		str	r2, [r3, #92]
 360:../common/ubertooth.c **** 			if (temp & msb)
 2585              		.loc 1 360 22 discriminator 2 view .LVU1178
 2586              	.LVL154:
 360:../common/ubertooth.c **** 			if (temp & msb)
 2587              		.loc 1 360 17 discriminator 1 view .LVU1179
 361:../common/ubertooth.c **** 				MOSI_SET;
 2588              		.loc 1 361 4 view .LVU1180
 361:../common/ubertooth.c **** 				MOSI_SET;
 2589              		.loc 1 361 7 is_stmt 0 view .LVU1181
 2590 00ae 23D4     		bmi	.L149
 364:../common/ubertooth.c **** 			temp <<= 1;
 2591              		.loc 1 364 5 is_stmt 1 view .LVU1182
 358:../common/ubertooth.c **** 		temp = data[i];
 2592              		.loc 1 358 16 is_stmt 0 discriminator 1 view .LVU1183
 2593 00b0 8C45     		cmp	ip, r1
 364:../common/ubertooth.c **** 			temp <<= 1;
 2594              		.loc 1 364 5 view .LVU1184
 2595 00b2 DC65     		str	r4, [r3, #92]
 365:../common/ubertooth.c **** 			SCLK_SET;
 2596              		.loc 1 365 4 is_stmt 1 view .LVU1185
 2597              	.LVL155:
 366:../common/ubertooth.c **** 			SCLK_CLR;
 2598              		.loc 1 366 4 view .LVU1186
 2599 00b4 9A65     		str	r2, [r3, #88]
 2600              		.loc 1 367 4 view .LVU1187
 2601 00b6 DA65     		str	r2, [r3, #92]
 360:../common/ubertooth.c **** 			if (temp & msb)
 2602              		.loc 1 360 22 discriminator 2 view .LVU1188
 2603              	.LVL156:
 360:../common/ubertooth.c **** 			if (temp & msb)
 2604              		.loc 1 360 17 discriminator 1 view .LVU1189
 358:../common/ubertooth.c **** 		temp = data[i];
 2605              		.loc 1 358 23 discriminator 2 view .LVU1190
 358:../common/ubertooth.c **** 		temp = data[i];
ARM GAS  /tmp/ccrAXmTj.s 			page 71


 2606              		.loc 1 358 16 discriminator 1 view .LVU1191
 2607 00b8 C6D1     		bne	.L151
 2608              	.LVL157:
 2609              	.L134:
 368:../common/ubertooth.c **** 		}
 369:../common/ubertooth.c **** 	}
 370:../common/ubertooth.c **** 
 371:../common/ubertooth.c **** 	// this is necessary to clock in the last byte
 372:../common/ubertooth.c **** 	for (i = 0; i < 8; ++i) {
 2610              		.loc 1 372 16 discriminator 1 view .LVU1192
 373:../common/ubertooth.c **** 		SCLK_SET;
 2611              		.loc 1 373 3 view .LVU1193
 2612 00ba 1021     		movs	r1, #16
 2613              	.LBB122:
 2614              	.LBB123:
 334:../common/ubertooth.c ****        while (--delay_counter);
 2615              		.loc 1 334 22 is_stmt 0 view .LVU1194
 2616 00bc 0A20     		movs	r0, #10
 2617              	.LBE123:
 2618              	.LBE122:
 2619              		.loc 1 373 3 view .LVU1195
 2620 00be 114B     		ldr	r3, .L157
 2621              	.LBB126:
 2622              	.LBB124:
 334:../common/ubertooth.c ****        while (--delay_counter);
 2623              		.loc 1 334 22 view .LVU1196
 2624 00c0 114A     		ldr	r2, .L157+4
 2625              	.LBE124:
 2626              	.LBE126:
 2627              		.loc 1 373 3 view .LVU1197
 2628 00c2 9965     		str	r1, [r3, #88]
 374:../common/ubertooth.c **** 		SCLK_CLR;
 2629              		.loc 1 374 3 is_stmt 1 view .LVU1198
 2630 00c4 D965     		str	r1, [r3, #92]
 372:../common/ubertooth.c **** 		SCLK_SET;
 2631              		.loc 1 372 21 discriminator 3 view .LVU1199
 372:../common/ubertooth.c **** 		SCLK_SET;
 2632              		.loc 1 372 16 discriminator 1 view .LVU1200
 373:../common/ubertooth.c **** 		SCLK_CLR;
 2633              		.loc 1 373 3 view .LVU1201
 2634 00c6 9965     		str	r1, [r3, #88]
 2635              		.loc 1 374 3 view .LVU1202
 2636 00c8 D965     		str	r1, [r3, #92]
 372:../common/ubertooth.c **** 		SCLK_SET;
 2637              		.loc 1 372 21 discriminator 3 view .LVU1203
 372:../common/ubertooth.c **** 		SCLK_SET;
 2638              		.loc 1 372 16 discriminator 1 view .LVU1204
 373:../common/ubertooth.c **** 		SCLK_CLR;
 2639              		.loc 1 373 3 view .LVU1205
 2640 00ca 9965     		str	r1, [r3, #88]
 2641              		.loc 1 374 3 view .LVU1206
 2642 00cc D965     		str	r1, [r3, #92]
 372:../common/ubertooth.c **** 		SCLK_SET;
 2643              		.loc 1 372 21 discriminator 3 view .LVU1207
 372:../common/ubertooth.c **** 		SCLK_SET;
 2644              		.loc 1 372 16 discriminator 1 view .LVU1208
 373:../common/ubertooth.c **** 		SCLK_CLR;
ARM GAS  /tmp/ccrAXmTj.s 			page 72


 2645              		.loc 1 373 3 view .LVU1209
 2646 00ce 9965     		str	r1, [r3, #88]
 2647              		.loc 1 374 3 view .LVU1210
 2648 00d0 D965     		str	r1, [r3, #92]
 372:../common/ubertooth.c **** 		SCLK_SET;
 2649              		.loc 1 372 21 discriminator 3 view .LVU1211
 372:../common/ubertooth.c **** 		SCLK_SET;
 2650              		.loc 1 372 16 discriminator 1 view .LVU1212
 373:../common/ubertooth.c **** 		SCLK_CLR;
 2651              		.loc 1 373 3 view .LVU1213
 2652 00d2 9965     		str	r1, [r3, #88]
 2653              		.loc 1 374 3 view .LVU1214
 2654 00d4 D965     		str	r1, [r3, #92]
 372:../common/ubertooth.c **** 		SCLK_SET;
 2655              		.loc 1 372 21 discriminator 3 view .LVU1215
 372:../common/ubertooth.c **** 		SCLK_SET;
 2656              		.loc 1 372 16 discriminator 1 view .LVU1216
 373:../common/ubertooth.c **** 		SCLK_CLR;
 2657              		.loc 1 373 3 view .LVU1217
 2658 00d6 9965     		str	r1, [r3, #88]
 2659              		.loc 1 374 3 view .LVU1218
 2660 00d8 D965     		str	r1, [r3, #92]
 372:../common/ubertooth.c **** 		SCLK_SET;
 2661              		.loc 1 372 21 discriminator 3 view .LVU1219
 372:../common/ubertooth.c **** 		SCLK_SET;
 2662              		.loc 1 372 16 discriminator 1 view .LVU1220
 373:../common/ubertooth.c **** 		SCLK_CLR;
 2663              		.loc 1 373 3 view .LVU1221
 2664 00da 9965     		str	r1, [r3, #88]
 2665              		.loc 1 374 3 view .LVU1222
 2666 00dc D965     		str	r1, [r3, #92]
 372:../common/ubertooth.c **** 		SCLK_SET;
 2667              		.loc 1 372 21 discriminator 3 view .LVU1223
 372:../common/ubertooth.c **** 		SCLK_SET;
 2668              		.loc 1 372 16 discriminator 1 view .LVU1224
 373:../common/ubertooth.c **** 		SCLK_CLR;
 2669              		.loc 1 373 3 view .LVU1225
 2670 00de 9965     		str	r1, [r3, #88]
 2671              		.loc 1 374 3 view .LVU1226
 2672 00e0 D965     		str	r1, [r3, #92]
 372:../common/ubertooth.c **** 		SCLK_SET;
 2673              		.loc 1 372 21 discriminator 3 view .LVU1227
 372:../common/ubertooth.c **** 		SCLK_SET;
 2674              		.loc 1 372 16 discriminator 1 view .LVU1228
 375:../common/ubertooth.c **** 	}
 376:../common/ubertooth.c **** 	
 377:../common/ubertooth.c **** 	spi_delay();
 2675              		.loc 1 377 2 view .LVU1229
 2676              	.LBB127:
 2677              	.LBI122:
 333:../common/ubertooth.c ****        delay_counter = 10;
 2678              		.loc 1 333 13 view .LVU1230
 2679              	.LBB125:
 334:../common/ubertooth.c ****        while (--delay_counter);
 2680              		.loc 1 334 8 view .LVU1231
 334:../common/ubertooth.c ****        while (--delay_counter);
 2681              		.loc 1 334 22 is_stmt 0 view .LVU1232
ARM GAS  /tmp/ccrAXmTj.s 			page 73


 2682 00e2 5060     		str	r0, [r2, #4]
 335:../common/ubertooth.c **** }
 2683              		.loc 1 335 8 is_stmt 1 view .LVU1233
 2684              	.L152:
 335:../common/ubertooth.c **** }
 2685              		.loc 1 335 15 discriminator 1 view .LVU1234
 2686 00e4 5368     		ldr	r3, [r2, #4]
 2687 00e6 013B     		subs	r3, r3, #1
 2688 00e8 5360     		str	r3, [r2, #4]
 2689 00ea 002B     		cmp	r3, #0
 2690 00ec FAD1     		bne	.L152
 2691              	.LBE125:
 2692              	.LBE127:
 378:../common/ubertooth.c **** 	/* end transaction by raising CSN */
 379:../common/ubertooth.c **** 	CSN_SET;
 2693              		.loc 1 379 2 view .LVU1235
 380:../common/ubertooth.c **** }
 2694              		.loc 1 380 1 is_stmt 0 view .LVU1236
 2695 00ee 10BC     		pop	{r4}
 2696              		.cfi_remember_state
 2697              		.cfi_restore 4
 2698              		.cfi_def_cfa_offset 0
 379:../common/ubertooth.c **** }
 2699              		.loc 1 379 2 view .LVU1237
 2700 00f0 2022     		movs	r2, #32
 2701 00f2 044B     		ldr	r3, .L157
 2702 00f4 9A65     		str	r2, [r3, #88]
 2703              		.loc 1 380 1 view .LVU1238
 2704 00f6 7047     		bx	lr
 2705              	.LVL158:
 2706              	.L149:
 2707              		.cfi_restore_state
 362:../common/ubertooth.c **** 			else
 2708              		.loc 1 362 5 is_stmt 1 view .LVU1239
 358:../common/ubertooth.c **** 		temp = data[i];
 2709              		.loc 1 358 16 is_stmt 0 discriminator 1 view .LVU1240
 2710 00f8 8C45     		cmp	ip, r1
 362:../common/ubertooth.c **** 			else
 2711              		.loc 1 362 5 view .LVU1241
 2712 00fa 9C65     		str	r4, [r3, #88]
 365:../common/ubertooth.c **** 			SCLK_SET;
 2713              		.loc 1 365 4 is_stmt 1 view .LVU1242
 2714              	.LVL159:
 366:../common/ubertooth.c **** 			SCLK_CLR;
 2715              		.loc 1 366 4 view .LVU1243
 2716 00fc 9A65     		str	r2, [r3, #88]
 367:../common/ubertooth.c **** 		}
 2717              		.loc 1 367 4 view .LVU1244
 2718 00fe DA65     		str	r2, [r3, #92]
 360:../common/ubertooth.c **** 			if (temp & msb)
 2719              		.loc 1 360 22 discriminator 2 view .LVU1245
 2720              	.LVL160:
 360:../common/ubertooth.c **** 			if (temp & msb)
 2721              		.loc 1 360 17 discriminator 1 view .LVU1246
 358:../common/ubertooth.c **** 		temp = data[i];
 2722              		.loc 1 358 23 discriminator 2 view .LVU1247
 358:../common/ubertooth.c **** 		temp = data[i];
ARM GAS  /tmp/ccrAXmTj.s 			page 74


 2723              		.loc 1 358 16 discriminator 1 view .LVU1248
 2724 0100 A2D1     		bne	.L151
 2725 0102 DAE7     		b	.L134
 2726              	.L158:
 2727              		.align	2
 2728              	.L157:
 2729 0104 00C00920 		.word	537509888
 2730 0108 00000000 		.word	.LANCHOR0
 2731              		.cfi_endproc
 2732              	.LFE16:
 2734              		.section	.text.cc2400_fifo_read,"ax",%progbits
 2735              		.align	1
 2736              		.p2align 2,,3
 2737              		.global	cc2400_fifo_read
 2738              		.syntax unified
 2739              		.thumb
 2740              		.thumb_func
 2742              	cc2400_fifo_read:
 2743              	.LVL161:
 2744              	.LFB17:
 381:../common/ubertooth.c **** 
 382:../common/ubertooth.c **** /* read multiple bytes from SPI */
 383:../common/ubertooth.c **** void cc2400_fifo_read(u8 len, u8 *buf) {
 2745              		.loc 1 383 40 view -0
 2746              		.cfi_startproc
 2747              		@ args = 0, pretend = 0, frame = 0
 2748              		@ frame_needed = 0, uses_anonymous_args = 0
 2749              		.loc 1 383 40 is_stmt 0 view .LVU1250
 2750 0000 70B5     		push	{r4, r5, r6, lr}
 2751              		.cfi_def_cfa_offset 16
 2752              		.cfi_offset 4, -16
 2753              		.cfi_offset 5, -12
 2754              		.cfi_offset 6, -8
 2755              		.cfi_offset 14, -4
 384:../common/ubertooth.c **** 	u8 msb = 1 << 7;
 2756              		.loc 1 384 2 is_stmt 1 view .LVU1251
 2757              	.LVL162:
 385:../common/ubertooth.c **** 	u8 i, j, temp, reg;
 2758              		.loc 1 385 2 view .LVU1252
 386:../common/ubertooth.c **** 	// Set first bit because it's a read
 387:../common/ubertooth.c **** 	reg = 0x80 | FIFOREG;
 2759              		.loc 1 387 2 view .LVU1253
 388:../common/ubertooth.c **** 
 389:../common/ubertooth.c **** 	/* start transaction by dropping CSN */
 390:../common/ubertooth.c **** 	CSN_CLR;
 2760              		.loc 1 390 2 view .LVU1254
 391:../common/ubertooth.c **** 
 392:../common/ubertooth.c **** 	for (i = 0; i < 8; ++i) {
 393:../common/ubertooth.c **** 		if (reg & msb)
 394:../common/ubertooth.c **** 			MOSI_SET;
 395:../common/ubertooth.c **** 		else
 396:../common/ubertooth.c **** 			MOSI_CLR;
 397:../common/ubertooth.c **** 		reg <<= 1;
 398:../common/ubertooth.c **** 		SCLK_SET;
 2761              		.loc 1 398 3 is_stmt 0 view .LVU1255
 2762 0002 1024     		movs	r4, #16
 394:../common/ubertooth.c **** 		else
ARM GAS  /tmp/ccrAXmTj.s 			page 75


 2763              		.loc 1 394 4 view .LVU1256
 2764 0004 0123     		movs	r3, #1
 390:../common/ubertooth.c **** 
 2765              		.loc 1 390 2 view .LVU1257
 2766 0006 2022     		movs	r2, #32
 2767 0008 DFF8D0C0 		ldr	ip, .L177
 2768 000c CCF85C20 		str	r2, [ip, #92]
 392:../common/ubertooth.c **** 		if (reg & msb)
 2769              		.loc 1 392 2 is_stmt 1 view .LVU1258
 392:../common/ubertooth.c **** 		if (reg & msb)
 2770              		.loc 1 392 16 discriminator 1 view .LVU1259
 393:../common/ubertooth.c **** 			MOSI_SET;
 2771              		.loc 1 393 3 view .LVU1260
 394:../common/ubertooth.c **** 		else
 2772              		.loc 1 394 4 view .LVU1261
 2773 0010 CCF85830 		str	r3, [ip, #88]
 397:../common/ubertooth.c **** 		SCLK_SET;
 2774              		.loc 1 397 3 view .LVU1262
 2775              	.LVL163:
 2776              		.loc 1 398 3 view .LVU1263
 2777 0014 CCF85840 		str	r4, [ip, #88]
 399:../common/ubertooth.c **** 		SCLK_CLR;
 2778              		.loc 1 399 3 view .LVU1264
 2779 0018 CCF85C40 		str	r4, [ip, #92]
 392:../common/ubertooth.c **** 		if (reg & msb)
 2780              		.loc 1 392 21 discriminator 2 view .LVU1265
 392:../common/ubertooth.c **** 		if (reg & msb)
 2781              		.loc 1 392 16 discriminator 1 view .LVU1266
 393:../common/ubertooth.c **** 			MOSI_SET;
 2782              		.loc 1 393 3 view .LVU1267
 394:../common/ubertooth.c **** 		else
 2783              		.loc 1 394 4 view .LVU1268
 2784 001c CCF85830 		str	r3, [ip, #88]
 397:../common/ubertooth.c **** 		SCLK_SET;
 2785              		.loc 1 397 3 view .LVU1269
 2786              	.LVL164:
 398:../common/ubertooth.c **** 		SCLK_CLR;
 2787              		.loc 1 398 3 view .LVU1270
 2788 0020 CCF85840 		str	r4, [ip, #88]
 2789              		.loc 1 399 3 view .LVU1271
 2790 0024 CCF85C40 		str	r4, [ip, #92]
 392:../common/ubertooth.c **** 		if (reg & msb)
 2791              		.loc 1 392 21 discriminator 2 view .LVU1272
 392:../common/ubertooth.c **** 		if (reg & msb)
 2792              		.loc 1 392 16 discriminator 1 view .LVU1273
 393:../common/ubertooth.c **** 			MOSI_SET;
 2793              		.loc 1 393 3 view .LVU1274
 394:../common/ubertooth.c **** 		else
 2794              		.loc 1 394 4 view .LVU1275
 2795 0028 CCF85830 		str	r3, [ip, #88]
 397:../common/ubertooth.c **** 		SCLK_SET;
 2796              		.loc 1 397 3 view .LVU1276
 2797              	.LVL165:
 398:../common/ubertooth.c **** 		SCLK_CLR;
 2798              		.loc 1 398 3 view .LVU1277
 2799 002c CCF85840 		str	r4, [ip, #88]
 2800              		.loc 1 399 3 view .LVU1278
ARM GAS  /tmp/ccrAXmTj.s 			page 76


 2801 0030 CCF85C40 		str	r4, [ip, #92]
 392:../common/ubertooth.c **** 		if (reg & msb)
 2802              		.loc 1 392 21 discriminator 2 view .LVU1279
 392:../common/ubertooth.c **** 		if (reg & msb)
 2803              		.loc 1 392 16 discriminator 1 view .LVU1280
 393:../common/ubertooth.c **** 			MOSI_SET;
 2804              		.loc 1 393 3 view .LVU1281
 394:../common/ubertooth.c **** 		else
 2805              		.loc 1 394 4 view .LVU1282
 2806 0034 CCF85830 		str	r3, [ip, #88]
 397:../common/ubertooth.c **** 		SCLK_SET;
 2807              		.loc 1 397 3 view .LVU1283
 2808              	.LVL166:
 398:../common/ubertooth.c **** 		SCLK_CLR;
 2809              		.loc 1 398 3 view .LVU1284
 2810 0038 CCF85840 		str	r4, [ip, #88]
 2811              		.loc 1 399 3 view .LVU1285
 2812 003c CCF85C40 		str	r4, [ip, #92]
 392:../common/ubertooth.c **** 		if (reg & msb)
 2813              		.loc 1 392 21 discriminator 2 view .LVU1286
 392:../common/ubertooth.c **** 		if (reg & msb)
 2814              		.loc 1 392 16 discriminator 1 view .LVU1287
 393:../common/ubertooth.c **** 			MOSI_SET;
 2815              		.loc 1 393 3 view .LVU1288
 396:../common/ubertooth.c **** 		reg <<= 1;
 2816              		.loc 1 396 4 view .LVU1289
 2817 0040 CCF85C30 		str	r3, [ip, #92]
 397:../common/ubertooth.c **** 		SCLK_SET;
 2818              		.loc 1 397 3 view .LVU1290
 398:../common/ubertooth.c **** 		SCLK_CLR;
 2819              		.loc 1 398 3 view .LVU1291
 2820 0044 CCF85840 		str	r4, [ip, #88]
 2821              		.loc 1 399 3 view .LVU1292
 2822 0048 CCF85C40 		str	r4, [ip, #92]
 392:../common/ubertooth.c **** 		if (reg & msb)
 2823              		.loc 1 392 21 discriminator 2 view .LVU1293
 392:../common/ubertooth.c **** 		if (reg & msb)
 2824              		.loc 1 392 16 discriminator 1 view .LVU1294
 393:../common/ubertooth.c **** 			MOSI_SET;
 2825              		.loc 1 393 3 view .LVU1295
 396:../common/ubertooth.c **** 		reg <<= 1;
 2826              		.loc 1 396 4 view .LVU1296
 2827 004c CCF85C30 		str	r3, [ip, #92]
 397:../common/ubertooth.c **** 		SCLK_SET;
 2828              		.loc 1 397 3 view .LVU1297
 398:../common/ubertooth.c **** 		SCLK_CLR;
 2829              		.loc 1 398 3 view .LVU1298
 2830 0050 CCF85840 		str	r4, [ip, #88]
 2831              		.loc 1 399 3 view .LVU1299
 2832 0054 CCF85C40 		str	r4, [ip, #92]
 392:../common/ubertooth.c **** 		if (reg & msb)
 2833              		.loc 1 392 21 discriminator 2 view .LVU1300
 392:../common/ubertooth.c **** 		if (reg & msb)
 2834              		.loc 1 392 16 discriminator 1 view .LVU1301
 393:../common/ubertooth.c **** 			MOSI_SET;
 2835              		.loc 1 393 3 view .LVU1302
 396:../common/ubertooth.c **** 		reg <<= 1;
ARM GAS  /tmp/ccrAXmTj.s 			page 77


 2836              		.loc 1 396 4 view .LVU1303
 2837 0058 CCF85C30 		str	r3, [ip, #92]
 397:../common/ubertooth.c **** 		SCLK_SET;
 2838              		.loc 1 397 3 view .LVU1304
 398:../common/ubertooth.c **** 		SCLK_CLR;
 2839              		.loc 1 398 3 view .LVU1305
 2840 005c CCF85840 		str	r4, [ip, #88]
 2841              		.loc 1 399 3 view .LVU1306
 2842 0060 CCF85C40 		str	r4, [ip, #92]
 392:../common/ubertooth.c **** 		if (reg & msb)
 2843              		.loc 1 392 21 discriminator 2 view .LVU1307
 392:../common/ubertooth.c **** 		if (reg & msb)
 2844              		.loc 1 392 16 discriminator 1 view .LVU1308
 393:../common/ubertooth.c **** 			MOSI_SET;
 2845              		.loc 1 393 3 view .LVU1309
 396:../common/ubertooth.c **** 		reg <<= 1;
 2846              		.loc 1 396 4 view .LVU1310
 2847 0064 CCF85C30 		str	r3, [ip, #92]
 397:../common/ubertooth.c **** 		SCLK_SET;
 2848              		.loc 1 397 3 view .LVU1311
 398:../common/ubertooth.c **** 		SCLK_CLR;
 2849              		.loc 1 398 3 view .LVU1312
 2850 0068 CCF85840 		str	r4, [ip, #88]
 2851              		.loc 1 399 3 view .LVU1313
 2852 006c CCF85C40 		str	r4, [ip, #92]
 392:../common/ubertooth.c **** 		if (reg & msb)
 2853              		.loc 1 392 21 discriminator 2 view .LVU1314
 392:../common/ubertooth.c **** 		if (reg & msb)
 2854              		.loc 1 392 16 discriminator 1 view .LVU1315
 2855              	.LVL167:
 400:../common/ubertooth.c **** 	}
 401:../common/ubertooth.c **** 
 402:../common/ubertooth.c **** 	for (i = 0; i < len; ++i) {
 2856              		.loc 1 402 16 discriminator 1 view .LVU1316
 2857 0070 0028     		cmp	r0, #0
 2858 0072 31D0     		beq	.L176
 2859 0074 8E46     		mov	lr, r1
 2860              	.LBB128:
 2861              	.LBB129:
 334:../common/ubertooth.c ****        while (--delay_counter);
 2862              		.loc 1 334 22 is_stmt 0 view .LVU1317
 2863 0076 0A25     		movs	r5, #10
 2864 0078 194A     		ldr	r2, .L177+4
 2865 007a 0E18     		adds	r6, r1, r0
 2866              	.LVL168:
 2867              	.L161:
 334:../common/ubertooth.c ****        while (--delay_counter);
 2868              		.loc 1 334 22 view .LVU1318
 2869              	.LBE129:
 2870              	.LBE128:
 403:../common/ubertooth.c **** 		temp = 0;
 404:../common/ubertooth.c **** 		for (j = 0; j < 8; ++j) {
 2871              		.loc 1 404 17 is_stmt 1 discriminator 1 view .LVU1319
 383:../common/ubertooth.c **** 	u8 msb = 1 << 7;
 2872              		.loc 1 383 40 is_stmt 0 view .LVU1320
 2873 007c 0820     		movs	r0, #8
 403:../common/ubertooth.c **** 		temp = 0;
ARM GAS  /tmp/ccrAXmTj.s 			page 78


 2874              		.loc 1 403 8 view .LVU1321
 2875 007e 0021     		movs	r1, #0
 2876              	.LVL169:
 2877              	.L165:
 405:../common/ubertooth.c **** 			spi_delay();
 2878              		.loc 1 405 4 is_stmt 1 view .LVU1322
 2879              	.LBB131:
 2880              	.LBI128:
 333:../common/ubertooth.c ****        delay_counter = 10;
 2881              		.loc 1 333 13 view .LVU1323
 2882              	.LBB130:
 334:../common/ubertooth.c ****        while (--delay_counter);
 2883              		.loc 1 334 8 view .LVU1324
 334:../common/ubertooth.c ****        while (--delay_counter);
 2884              		.loc 1 334 22 is_stmt 0 view .LVU1325
 2885 0080 5560     		str	r5, [r2, #4]
 335:../common/ubertooth.c **** }
 2886              		.loc 1 335 8 is_stmt 1 view .LVU1326
 2887              	.L162:
 335:../common/ubertooth.c **** }
 2888              		.loc 1 335 15 discriminator 1 view .LVU1327
 2889 0082 5368     		ldr	r3, [r2, #4]
 2890 0084 013B     		subs	r3, r3, #1
 2891 0086 5360     		str	r3, [r2, #4]
 2892 0088 002B     		cmp	r3, #0
 2893 008a FAD1     		bne	.L162
 2894              	.LBE130:
 2895              	.LBE131:
 406:../common/ubertooth.c **** 			SCLK_SET;
 2896              		.loc 1 406 4 view .LVU1328
 2897 008c CCF85840 		str	r4, [ip, #88]
 407:../common/ubertooth.c **** 			temp <<= 1;
 2898              		.loc 1 407 4 view .LVU1329
 408:../common/ubertooth.c **** 			if (MISO)
 2899              		.loc 1 408 8 is_stmt 0 view .LVU1330
 2900 0090 DCF85430 		ldr	r3, [ip, #84]
 407:../common/ubertooth.c **** 			temp <<= 1;
 2901              		.loc 1 407 9 view .LVU1331
 2902 0094 4900     		lsls	r1, r1, #1
 2903              	.LVL170:
 407:../common/ubertooth.c **** 			temp <<= 1;
 2904              		.loc 1 407 9 view .LVU1332
 2905 0096 C9B2     		uxtb	r1, r1
 2906              	.LVL171:
 2907              		.loc 1 408 4 is_stmt 1 view .LVU1333
 409:../common/ubertooth.c **** 				temp |= 1;
 2908              		.loc 1 409 10 is_stmt 0 view .LVU1334
 2909 0098 13F0020F 		tst	r3, #2
 2910 009c 18BF     		it	ne
 2911 009e 41F00101 		orrne	r1, r1, #1
 2912              	.LVL172:
 410:../common/ubertooth.c **** 			spi_delay();
 2913              		.loc 1 410 4 is_stmt 1 view .LVU1335
 2914              	.LBB132:
 2915              	.LBI132:
 333:../common/ubertooth.c ****        delay_counter = 10;
 2916              		.loc 1 333 13 view .LVU1336
ARM GAS  /tmp/ccrAXmTj.s 			page 79


 2917              	.LBB133:
 334:../common/ubertooth.c ****        while (--delay_counter);
 2918              		.loc 1 334 8 view .LVU1337
 334:../common/ubertooth.c ****        while (--delay_counter);
 2919              		.loc 1 334 22 is_stmt 0 view .LVU1338
 2920 00a2 5560     		str	r5, [r2, #4]
 335:../common/ubertooth.c **** }
 2921              		.loc 1 335 8 is_stmt 1 view .LVU1339
 2922              	.L164:
 335:../common/ubertooth.c **** }
 2923              		.loc 1 335 15 discriminator 1 view .LVU1340
 2924 00a4 5368     		ldr	r3, [r2, #4]
 2925 00a6 013B     		subs	r3, r3, #1
 2926 00a8 5360     		str	r3, [r2, #4]
 2927 00aa 002B     		cmp	r3, #0
 2928 00ac FAD1     		bne	.L164
 2929              	.LBE133:
 2930              	.LBE132:
 411:../common/ubertooth.c **** 			SCLK_CLR;
 2931              		.loc 1 411 4 view .LVU1341
 404:../common/ubertooth.c **** 			spi_delay();
 2932              		.loc 1 404 17 is_stmt 0 discriminator 1 view .LVU1342
 2933 00ae 431E     		subs	r3, r0, #1
 2934 00b0 13F0FF00 		ands	r0, r3, #255
 2935              		.loc 1 411 4 view .LVU1343
 2936 00b4 CCF85C40 		str	r4, [ip, #92]
 404:../common/ubertooth.c **** 			spi_delay();
 2937              		.loc 1 404 22 is_stmt 1 discriminator 2 view .LVU1344
 404:../common/ubertooth.c **** 			spi_delay();
 2938              		.loc 1 404 17 discriminator 1 view .LVU1345
 2939 00b8 E2D1     		bne	.L165
 412:../common/ubertooth.c **** 		}
 413:../common/ubertooth.c **** 		buf[i] = temp;
 2940              		.loc 1 413 3 view .LVU1346
 2941              		.loc 1 413 10 is_stmt 0 view .LVU1347
 2942 00ba 0EF8011B 		strb	r1, [lr], #1
 2943              	.LVL173:
 402:../common/ubertooth.c **** 		temp = 0;
 2944              		.loc 1 402 23 is_stmt 1 discriminator 2 view .LVU1348
 402:../common/ubertooth.c **** 		temp = 0;
 2945              		.loc 1 402 16 discriminator 1 view .LVU1349
 2946 00be 7645     		cmp	r6, lr
 2947 00c0 DCD1     		bne	.L161
 2948              	.LVL174:
 2949              	.L160:
 414:../common/ubertooth.c **** 	}
 415:../common/ubertooth.c **** 
 416:../common/ubertooth.c **** 	/* end transaction by raising CSN */
 417:../common/ubertooth.c **** 	spi_delay();
 2950              		.loc 1 417 2 view .LVU1350
 2951              	.LBB134:
 2952              	.LBI134:
 333:../common/ubertooth.c ****        delay_counter = 10;
 2953              		.loc 1 333 13 view .LVU1351
 2954              	.LBB135:
 334:../common/ubertooth.c ****        while (--delay_counter);
 2955              		.loc 1 334 8 view .LVU1352
ARM GAS  /tmp/ccrAXmTj.s 			page 80


 334:../common/ubertooth.c ****        while (--delay_counter);
 2956              		.loc 1 334 22 is_stmt 0 view .LVU1353
 2957 00c2 0A23     		movs	r3, #10
 2958 00c4 5360     		str	r3, [r2, #4]
 335:../common/ubertooth.c **** }
 2959              		.loc 1 335 8 is_stmt 1 view .LVU1354
 2960              	.L166:
 335:../common/ubertooth.c **** }
 2961              		.loc 1 335 15 discriminator 1 view .LVU1355
 2962 00c6 5368     		ldr	r3, [r2, #4]
 2963 00c8 013B     		subs	r3, r3, #1
 2964 00ca 5360     		str	r3, [r2, #4]
 2965 00cc 002B     		cmp	r3, #0
 2966 00ce FAD1     		bne	.L166
 2967              	.LBE135:
 2968              	.LBE134:
 418:../common/ubertooth.c **** 	CSN_SET;
 2969              		.loc 1 418 2 view .LVU1356
 2970 00d0 2022     		movs	r2, #32
 2971 00d2 024B     		ldr	r3, .L177
 2972 00d4 9A65     		str	r2, [r3, #88]
 419:../common/ubertooth.c **** }
 2973              		.loc 1 419 1 is_stmt 0 view .LVU1357
 2974 00d6 70BD     		pop	{r4, r5, r6, pc}
 2975              	.LVL175:
 2976              	.L176:
 2977              		.loc 1 419 1 view .LVU1358
 2978 00d8 014A     		ldr	r2, .L177+4
 2979 00da F2E7     		b	.L160
 2980              	.L178:
 2981              		.align	2
 2982              	.L177:
 2983 00dc 00C00920 		.word	537509888
 2984 00e0 00000000 		.word	.LANCHOR0
 2985              		.cfi_endproc
 2986              	.LFE17:
 2988              		.section	.text.cc2400_status,"ax",%progbits
 2989              		.align	1
 2990              		.p2align 2,,3
 2991              		.global	cc2400_status
 2992              		.syntax unified
 2993              		.thumb
 2994              		.thumb_func
 2996              	cc2400_status:
 2997              	.LFB18:
 420:../common/ubertooth.c **** 
 421:../common/ubertooth.c **** /* get the status */
 422:../common/ubertooth.c **** u8 cc2400_status()
 423:../common/ubertooth.c **** {
 2998              		.loc 1 423 1 is_stmt 1 view -0
 2999              		.cfi_startproc
 3000              		@ args = 0, pretend = 0, frame = 0
 3001              		@ frame_needed = 0, uses_anonymous_args = 0
 3002 0000 10B5     		push	{r4, lr}
 3003              		.cfi_def_cfa_offset 8
 3004              		.cfi_offset 4, -8
 3005              		.cfi_offset 14, -4
ARM GAS  /tmp/ccrAXmTj.s 			page 81


 424:../common/ubertooth.c **** 	return cc2400_spi(8, 0);
 3006              		.loc 1 424 2 view .LVU1360
 3007              	.LVL176:
 3008              	.LBB138:
 3009              	.LBI138:
 272:../common/ubertooth.c **** {
 3010              		.loc 1 272 5 view .LVU1361
 3011              	.LBB139:
 274:../common/ubertooth.c **** 
 3012              		.loc 1 274 2 view .LVU1362
 277:../common/ubertooth.c **** 
 3013              		.loc 1 277 2 view .LVU1363
 286:../common/ubertooth.c **** 		/* Save a few cycles by avoiding the compare/branch */
 3014              		.loc 1 286 3 is_stmt 0 view .LVU1364
 3015 0002 1022     		movs	r2, #16
 283:../common/ubertooth.c **** 		data <<= 1;
 3016              		.loc 1 283 4 view .LVU1365
 3017 0004 0121     		movs	r1, #1
 277:../common/ubertooth.c **** 
 3018              		.loc 1 277 2 view .LVU1366
 3019 0006 2024     		movs	r4, #32
 3020 0008 204B     		ldr	r3, .L180
 3021 000a DC65     		str	r4, [r3, #92]
 279:../common/ubertooth.c **** 		if (data & msb)
 3022              		.loc 1 279 2 is_stmt 1 view .LVU1367
 279:../common/ubertooth.c **** 		if (data & msb)
 3023              		.loc 1 279 9 view .LVU1368
 280:../common/ubertooth.c **** 			MOSI_SET;
 3024              		.loc 1 280 3 view .LVU1369
 3025              	.LVL177:
 283:../common/ubertooth.c **** 		data <<= 1;
 3026              		.loc 1 283 4 view .LVU1370
 3027 000c D965     		str	r1, [r3, #92]
 284:../common/ubertooth.c **** 
 3028              		.loc 1 284 3 view .LVU1371
 286:../common/ubertooth.c **** 		/* Save a few cycles by avoiding the compare/branch */
 3029              		.loc 1 286 3 view .LVU1372
 3030 000e 9A65     		str	r2, [r3, #88]
 288:../common/ubertooth.c **** 		SCLK_CLR;
 3031              		.loc 1 288 3 view .LVU1373
 288:../common/ubertooth.c **** 		SCLK_CLR;
 3032              		.loc 1 288 13 is_stmt 0 view .LVU1374
 3033 0010 586D     		ldr	r0, [r3, #84]
 3034              	.LVL178:
 289:../common/ubertooth.c **** 	}
 3035              		.loc 1 289 3 is_stmt 1 view .LVU1375
 3036 0012 DA65     		str	r2, [r3, #92]
 279:../common/ubertooth.c **** 		if (data & msb)
 3037              		.loc 1 279 9 view .LVU1376
 280:../common/ubertooth.c **** 			MOSI_SET;
 3038              		.loc 1 280 3 view .LVU1377
 283:../common/ubertooth.c **** 		data <<= 1;
 3039              		.loc 1 283 4 view .LVU1378
 3040 0014 D965     		str	r1, [r3, #92]
 284:../common/ubertooth.c **** 
 3041              		.loc 1 284 3 view .LVU1379
 286:../common/ubertooth.c **** 		/* Save a few cycles by avoiding the compare/branch */
ARM GAS  /tmp/ccrAXmTj.s 			page 82


 3042              		.loc 1 286 3 is_stmt 0 view .LVU1380
 3043 0016 9A65     		str	r2, [r3, #88]
 284:../common/ubertooth.c **** 
 3044              		.loc 1 284 8 view .LVU1381
 3045 0018 00F0020E 		and	lr, r0, #2
 3046              	.LVL179:
 286:../common/ubertooth.c **** 		/* Save a few cycles by avoiding the compare/branch */
 3047              		.loc 1 286 3 is_stmt 1 view .LVU1382
 288:../common/ubertooth.c **** 		SCLK_CLR;
 3048              		.loc 1 288 3 view .LVU1383
 288:../common/ubertooth.c **** 		SCLK_CLR;
 3049              		.loc 1 288 13 is_stmt 0 view .LVU1384
 3050 001c 586D     		ldr	r0, [r3, #84]
 289:../common/ubertooth.c **** 	}
 3051              		.loc 1 289 3 view .LVU1385
 3052 001e DA65     		str	r2, [r3, #92]
 283:../common/ubertooth.c **** 		data <<= 1;
 3053              		.loc 1 283 4 view .LVU1386
 3054 0020 D965     		str	r1, [r3, #92]
 286:../common/ubertooth.c **** 		/* Save a few cycles by avoiding the compare/branch */
 3055              		.loc 1 286 3 view .LVU1387
 3056 0022 9A65     		str	r2, [r3, #88]
 288:../common/ubertooth.c **** 		SCLK_CLR;
 3057              		.loc 1 288 11 view .LVU1388
 3058 0024 C0F3400C 		ubfx	ip, r0, #1, #1
 288:../common/ubertooth.c **** 		SCLK_CLR;
 3059              		.loc 1 288 13 view .LVU1389
 3060 0028 586D     		ldr	r0, [r3, #84]
 289:../common/ubertooth.c **** 	}
 3061              		.loc 1 289 3 view .LVU1390
 3062 002a DA65     		str	r2, [r3, #92]
 283:../common/ubertooth.c **** 		data <<= 1;
 3063              		.loc 1 283 4 view .LVU1391
 3064 002c D965     		str	r1, [r3, #92]
 286:../common/ubertooth.c **** 		/* Save a few cycles by avoiding the compare/branch */
 3065              		.loc 1 286 3 view .LVU1392
 3066 002e 9A65     		str	r2, [r3, #88]
 288:../common/ubertooth.c **** 		SCLK_CLR;
 3067              		.loc 1 288 8 view .LVU1393
 3068 0030 4CEA0E0C 		orr	ip, ip, lr
 3069              	.LVL180:
 289:../common/ubertooth.c **** 	}
 3070              		.loc 1 289 3 is_stmt 1 view .LVU1394
 279:../common/ubertooth.c **** 		if (data & msb)
 3071              		.loc 1 279 9 view .LVU1395
 280:../common/ubertooth.c **** 			MOSI_SET;
 3072              		.loc 1 280 3 view .LVU1396
 283:../common/ubertooth.c **** 		data <<= 1;
 3073              		.loc 1 283 4 view .LVU1397
 284:../common/ubertooth.c **** 
 3074              		.loc 1 284 3 view .LVU1398
 286:../common/ubertooth.c **** 		/* Save a few cycles by avoiding the compare/branch */
 3075              		.loc 1 286 3 view .LVU1399
 288:../common/ubertooth.c **** 		SCLK_CLR;
 3076              		.loc 1 288 3 view .LVU1400
 288:../common/ubertooth.c **** 		SCLK_CLR;
 3077              		.loc 1 288 11 is_stmt 0 view .LVU1401
ARM GAS  /tmp/ccrAXmTj.s 			page 83


 3078 0034 C0F3400E 		ubfx	lr, r0, #1, #1
 288:../common/ubertooth.c **** 		SCLK_CLR;
 3079              		.loc 1 288 13 view .LVU1402
 3080 0038 586D     		ldr	r0, [r3, #84]
 289:../common/ubertooth.c **** 	}
 3081              		.loc 1 289 3 view .LVU1403
 3082 003a DA65     		str	r2, [r3, #92]
 283:../common/ubertooth.c **** 		data <<= 1;
 3083              		.loc 1 283 4 view .LVU1404
 3084 003c D965     		str	r1, [r3, #92]
 286:../common/ubertooth.c **** 		/* Save a few cycles by avoiding the compare/branch */
 3085              		.loc 1 286 3 view .LVU1405
 3086 003e 9A65     		str	r2, [r3, #88]
 288:../common/ubertooth.c **** 		SCLK_CLR;
 3087              		.loc 1 288 8 view .LVU1406
 3088 0040 4EEA4C0E 		orr	lr, lr, ip, lsl #1
 3089              	.LVL181:
 289:../common/ubertooth.c **** 	}
 3090              		.loc 1 289 3 is_stmt 1 view .LVU1407
 279:../common/ubertooth.c **** 		if (data & msb)
 3091              		.loc 1 279 9 view .LVU1408
 280:../common/ubertooth.c **** 			MOSI_SET;
 3092              		.loc 1 280 3 view .LVU1409
 283:../common/ubertooth.c **** 		data <<= 1;
 3093              		.loc 1 283 4 view .LVU1410
 284:../common/ubertooth.c **** 
 3094              		.loc 1 284 3 view .LVU1411
 286:../common/ubertooth.c **** 		/* Save a few cycles by avoiding the compare/branch */
 3095              		.loc 1 286 3 view .LVU1412
 288:../common/ubertooth.c **** 		SCLK_CLR;
 3096              		.loc 1 288 3 view .LVU1413
 288:../common/ubertooth.c **** 		SCLK_CLR;
 3097              		.loc 1 288 11 is_stmt 0 view .LVU1414
 3098 0044 C0F3400C 		ubfx	ip, r0, #1, #1
 288:../common/ubertooth.c **** 		SCLK_CLR;
 3099              		.loc 1 288 13 view .LVU1415
 3100 0048 586D     		ldr	r0, [r3, #84]
 289:../common/ubertooth.c **** 	}
 3101              		.loc 1 289 3 view .LVU1416
 3102 004a DA65     		str	r2, [r3, #92]
 283:../common/ubertooth.c **** 		data <<= 1;
 3103              		.loc 1 283 4 view .LVU1417
 3104 004c D965     		str	r1, [r3, #92]
 286:../common/ubertooth.c **** 		/* Save a few cycles by avoiding the compare/branch */
 3105              		.loc 1 286 3 view .LVU1418
 3106 004e 9A65     		str	r2, [r3, #88]
 288:../common/ubertooth.c **** 		SCLK_CLR;
 3107              		.loc 1 288 8 view .LVU1419
 3108 0050 4CEA4E0C 		orr	ip, ip, lr, lsl #1
 3109              	.LVL182:
 289:../common/ubertooth.c **** 	}
 3110              		.loc 1 289 3 is_stmt 1 view .LVU1420
 279:../common/ubertooth.c **** 		if (data & msb)
 3111              		.loc 1 279 9 view .LVU1421
 280:../common/ubertooth.c **** 			MOSI_SET;
 3112              		.loc 1 280 3 view .LVU1422
 283:../common/ubertooth.c **** 		data <<= 1;
ARM GAS  /tmp/ccrAXmTj.s 			page 84


 3113              		.loc 1 283 4 view .LVU1423
 284:../common/ubertooth.c **** 
 3114              		.loc 1 284 3 view .LVU1424
 286:../common/ubertooth.c **** 		/* Save a few cycles by avoiding the compare/branch */
 3115              		.loc 1 286 3 view .LVU1425
 288:../common/ubertooth.c **** 		SCLK_CLR;
 3116              		.loc 1 288 3 view .LVU1426
 288:../common/ubertooth.c **** 		SCLK_CLR;
 3117              		.loc 1 288 11 is_stmt 0 view .LVU1427
 3118 0054 C0F3400E 		ubfx	lr, r0, #1, #1
 288:../common/ubertooth.c **** 		SCLK_CLR;
 3119              		.loc 1 288 13 view .LVU1428
 3120 0058 586D     		ldr	r0, [r3, #84]
 289:../common/ubertooth.c **** 	}
 3121              		.loc 1 289 3 view .LVU1429
 3122 005a DA65     		str	r2, [r3, #92]
 283:../common/ubertooth.c **** 		data <<= 1;
 3123              		.loc 1 283 4 view .LVU1430
 3124 005c D965     		str	r1, [r3, #92]
 286:../common/ubertooth.c **** 		/* Save a few cycles by avoiding the compare/branch */
 3125              		.loc 1 286 3 view .LVU1431
 3126 005e 9A65     		str	r2, [r3, #88]
 288:../common/ubertooth.c **** 		SCLK_CLR;
 3127              		.loc 1 288 8 view .LVU1432
 3128 0060 4EEA4C0E 		orr	lr, lr, ip, lsl #1
 3129              	.LVL183:
 289:../common/ubertooth.c **** 	}
 3130              		.loc 1 289 3 is_stmt 1 view .LVU1433
 279:../common/ubertooth.c **** 		if (data & msb)
 3131              		.loc 1 279 9 view .LVU1434
 280:../common/ubertooth.c **** 			MOSI_SET;
 3132              		.loc 1 280 3 view .LVU1435
 283:../common/ubertooth.c **** 		data <<= 1;
 3133              		.loc 1 283 4 view .LVU1436
 284:../common/ubertooth.c **** 
 3134              		.loc 1 284 3 view .LVU1437
 286:../common/ubertooth.c **** 		/* Save a few cycles by avoiding the compare/branch */
 3135              		.loc 1 286 3 view .LVU1438
 288:../common/ubertooth.c **** 		SCLK_CLR;
 3136              		.loc 1 288 3 view .LVU1439
 288:../common/ubertooth.c **** 		SCLK_CLR;
 3137              		.loc 1 288 11 is_stmt 0 view .LVU1440
 3138 0064 C0F3400C 		ubfx	ip, r0, #1, #1
 288:../common/ubertooth.c **** 		SCLK_CLR;
 3139              		.loc 1 288 13 view .LVU1441
 3140 0068 586D     		ldr	r0, [r3, #84]
 289:../common/ubertooth.c **** 	}
 3141              		.loc 1 289 3 view .LVU1442
 3142 006a DA65     		str	r2, [r3, #92]
 283:../common/ubertooth.c **** 		data <<= 1;
 3143              		.loc 1 283 4 view .LVU1443
 3144 006c D965     		str	r1, [r3, #92]
 286:../common/ubertooth.c **** 		/* Save a few cycles by avoiding the compare/branch */
 3145              		.loc 1 286 3 view .LVU1444
 3146 006e 9A65     		str	r2, [r3, #88]
 288:../common/ubertooth.c **** 		SCLK_CLR;
 3147              		.loc 1 288 11 view .LVU1445
ARM GAS  /tmp/ccrAXmTj.s 			page 85


 3148 0070 C0F34001 		ubfx	r1, r0, #1, #1
 288:../common/ubertooth.c **** 		SCLK_CLR;
 3149              		.loc 1 288 13 view .LVU1446
 3150 0074 586D     		ldr	r0, [r3, #84]
 288:../common/ubertooth.c **** 		SCLK_CLR;
 3151              		.loc 1 288 8 view .LVU1447
 3152 0076 4CEA4E0C 		orr	ip, ip, lr, lsl #1
 3153              	.LVL184:
 289:../common/ubertooth.c **** 	}
 3154              		.loc 1 289 3 is_stmt 1 view .LVU1448
 279:../common/ubertooth.c **** 		if (data & msb)
 3155              		.loc 1 279 9 view .LVU1449
 280:../common/ubertooth.c **** 			MOSI_SET;
 3156              		.loc 1 280 3 view .LVU1450
 283:../common/ubertooth.c **** 		data <<= 1;
 3157              		.loc 1 283 4 view .LVU1451
 284:../common/ubertooth.c **** 
 3158              		.loc 1 284 3 view .LVU1452
 286:../common/ubertooth.c **** 		/* Save a few cycles by avoiding the compare/branch */
 3159              		.loc 1 286 3 view .LVU1453
 288:../common/ubertooth.c **** 		SCLK_CLR;
 3160              		.loc 1 288 3 view .LVU1454
 288:../common/ubertooth.c **** 		SCLK_CLR;
 3161              		.loc 1 288 8 is_stmt 0 view .LVU1455
 3162 007a 41EA4C01 		orr	r1, r1, ip, lsl #1
 3163              	.LVL185:
 289:../common/ubertooth.c **** 	}
 3164              		.loc 1 289 3 is_stmt 1 view .LVU1456
 279:../common/ubertooth.c **** 		if (data & msb)
 3165              		.loc 1 279 9 view .LVU1457
 280:../common/ubertooth.c **** 			MOSI_SET;
 3166              		.loc 1 280 3 view .LVU1458
 283:../common/ubertooth.c **** 		data <<= 1;
 3167              		.loc 1 283 4 view .LVU1459
 284:../common/ubertooth.c **** 
 3168              		.loc 1 284 3 view .LVU1460
 286:../common/ubertooth.c **** 		/* Save a few cycles by avoiding the compare/branch */
 3169              		.loc 1 286 3 view .LVU1461
 288:../common/ubertooth.c **** 		SCLK_CLR;
 3170              		.loc 1 288 3 view .LVU1462
 289:../common/ubertooth.c **** 	}
 3171              		.loc 1 289 3 view .LVU1463
 288:../common/ubertooth.c **** 		SCLK_CLR;
 3172              		.loc 1 288 11 is_stmt 0 view .LVU1464
 3173 007e C0F34000 		ubfx	r0, r0, #1, #1
 3174              	.LVL186:
 289:../common/ubertooth.c **** 	}
 3175              		.loc 1 289 3 view .LVU1465
 3176 0082 DA65     		str	r2, [r3, #92]
 3177              	.LVL187:
 279:../common/ubertooth.c **** 		if (data & msb)
 3178              		.loc 1 279 9 is_stmt 1 view .LVU1466
 293:../common/ubertooth.c **** 
 3179              		.loc 1 293 2 view .LVU1467
 3180              	.LBE139:
 3181              	.LBE138:
 425:../common/ubertooth.c **** }
ARM GAS  /tmp/ccrAXmTj.s 			page 86


 3182              		.loc 1 425 1 is_stmt 0 view .LVU1468
 3183 0084 40EA4100 		orr	r0, r0, r1, lsl #1
 3184              	.LBB141:
 3185              	.LBB140:
 293:../common/ubertooth.c **** 
 3186              		.loc 1 293 2 view .LVU1469
 3187 0088 9C65     		str	r4, [r3, #88]
 295:../common/ubertooth.c **** }
 3188              		.loc 1 295 2 is_stmt 1 view .LVU1470
 3189              	.LVL188:
 295:../common/ubertooth.c **** }
 3190              		.loc 1 295 2 is_stmt 0 view .LVU1471
 3191              	.LBE140:
 3192              	.LBE141:
 3193              		.loc 1 425 1 view .LVU1472
 3194 008a 10BD     		pop	{r4, pc}
 3195              	.L181:
 3196              		.align	2
 3197              	.L180:
 3198 008c 00C00920 		.word	537509888
 3199              		.cfi_endproc
 3200              	.LFE18:
 3202              		.section	.text.cc2400_strobe,"ax",%progbits
 3203              		.align	1
 3204              		.p2align 2,,3
 3205              		.global	cc2400_strobe
 3206              		.syntax unified
 3207              		.thumb
 3208              		.thumb_func
 3210              	cc2400_strobe:
 3211              	.LVL189:
 3212              	.LFB19:
 426:../common/ubertooth.c **** 
 427:../common/ubertooth.c **** /* strobe register, return status */
 428:../common/ubertooth.c **** u8 cc2400_strobe(u8 reg)
 429:../common/ubertooth.c **** {
 3213              		.loc 1 429 1 is_stmt 1 view -0
 3214              		.cfi_startproc
 3215              		@ args = 0, pretend = 0, frame = 0
 3216              		@ frame_needed = 0, uses_anonymous_args = 0
 3217              		@ link register save eliminated.
 3218              		.loc 1 429 1 is_stmt 0 view .LVU1474
 430:../common/ubertooth.c **** 	return cc2400_spi(8, reg);
 3219              		.loc 1 430 2 is_stmt 1 view .LVU1475
 3220              	.LVL190:
 3221              	.LBB144:
 3222              	.LBB145:
 277:../common/ubertooth.c **** 
 3223              		.loc 1 277 2 is_stmt 0 view .LVU1476
 3224 0000 2022     		movs	r2, #32
 3225              	.LVL191:
 277:../common/ubertooth.c **** 
 3226              		.loc 1 277 2 view .LVU1477
 3227              	.LBE145:
 3228              	.LBI144:
 272:../common/ubertooth.c **** {
 3229              		.loc 1 272 5 is_stmt 1 view .LVU1478
ARM GAS  /tmp/ccrAXmTj.s 			page 87


 3230              	.LBB146:
 274:../common/ubertooth.c **** 
 3231              		.loc 1 274 2 view .LVU1479
 277:../common/ubertooth.c **** 
 3232              		.loc 1 277 2 view .LVU1480
 3233 0002 3F4B     		ldr	r3, .L199
 280:../common/ubertooth.c **** 			MOSI_SET;
 3234              		.loc 1 280 6 is_stmt 0 view .LVU1481
 3235 0004 0106     		lsls	r1, r0, #24
 277:../common/ubertooth.c **** 
 3236              		.loc 1 277 2 view .LVU1482
 3237 0006 DA65     		str	r2, [r3, #92]
 279:../common/ubertooth.c **** 		if (data & msb)
 3238              		.loc 1 279 2 is_stmt 1 view .LVU1483
 279:../common/ubertooth.c **** 		if (data & msb)
 3239              		.loc 1 279 9 view .LVU1484
 3240              	.LVL192:
 280:../common/ubertooth.c **** 			MOSI_SET;
 3241              		.loc 1 280 3 view .LVU1485
 283:../common/ubertooth.c **** 		data <<= 1;
 3242              		.loc 1 283 4 view .LVU1486
 281:../common/ubertooth.c **** 		else
 3243              		.loc 1 281 4 is_stmt 0 view .LVU1487
 3244 0008 4FF00102 		mov	r2, #1
 286:../common/ubertooth.c **** 		/* Save a few cycles by avoiding the compare/branch */
 3245              		.loc 1 286 3 view .LVU1488
 3246 000c 4FF01001 		mov	r1, #16
 283:../common/ubertooth.c **** 		data <<= 1;
 3247              		.loc 1 283 4 view .LVU1489
 3248 0010 54BF     		ite	pl
 3249 0012 DA65     		strpl	r2, [r3, #92]
 281:../common/ubertooth.c **** 		else
 3250              		.loc 1 281 4 is_stmt 1 view .LVU1490
 284:../common/ubertooth.c **** 
 3251              		.loc 1 284 3 view .LVU1491
 3252              	.LVL193:
 286:../common/ubertooth.c **** 		/* Save a few cycles by avoiding the compare/branch */
 3253              		.loc 1 286 3 view .LVU1492
 281:../common/ubertooth.c **** 		else
 3254              		.loc 1 281 4 is_stmt 0 view .LVU1493
 3255 0014 9A65     		strmi	r2, [r3, #88]
 286:../common/ubertooth.c **** 		/* Save a few cycles by avoiding the compare/branch */
 3256              		.loc 1 286 3 view .LVU1494
 3257 0016 3A4A     		ldr	r2, .L199
 293:../common/ubertooth.c **** 
 3258              		.loc 1 293 2 view .LVU1495
 3259 0018 4FF0200C 		mov	ip, #32
 286:../common/ubertooth.c **** 		/* Save a few cycles by avoiding the compare/branch */
 3260              		.loc 1 286 3 view .LVU1496
 3261 001c 9165     		str	r1, [r2, #88]
 288:../common/ubertooth.c **** 		SCLK_CLR;
 3262              		.loc 1 288 3 is_stmt 1 view .LVU1497
 288:../common/ubertooth.c **** 		SCLK_CLR;
 3263              		.loc 1 288 13 is_stmt 0 view .LVU1498
 3264 001e 536D     		ldr	r3, [r2, #84]
 289:../common/ubertooth.c **** 	}
 3265              		.loc 1 289 3 view .LVU1499
ARM GAS  /tmp/ccrAXmTj.s 			page 88


 3266 0020 D165     		str	r1, [r2, #92]
 281:../common/ubertooth.c **** 		else
 3267              		.loc 1 281 4 view .LVU1500
 3268 0022 0121     		movs	r1, #1
 288:../common/ubertooth.c **** 		SCLK_CLR;
 3269              		.loc 1 288 11 view .LVU1501
 3270 0024 C3F34003 		ubfx	r3, r3, #1, #1
 288:../common/ubertooth.c **** 		SCLK_CLR;
 3271              		.loc 1 288 8 view .LVU1502
 3272 0028 43EA4003 		orr	r3, r3, r0, lsl #1
 3273              	.LVL194:
 289:../common/ubertooth.c **** 	}
 3274              		.loc 1 289 3 is_stmt 1 view .LVU1503
 279:../common/ubertooth.c **** 		if (data & msb)
 3275              		.loc 1 279 9 view .LVU1504
 280:../common/ubertooth.c **** 			MOSI_SET;
 3276              		.loc 1 280 3 view .LVU1505
 280:../common/ubertooth.c **** 			MOSI_SET;
 3277              		.loc 1 280 6 is_stmt 0 view .LVU1506
 3278 002c 1806     		lsls	r0, r3, #24
 3279              	.LVL195:
 283:../common/ubertooth.c **** 		data <<= 1;
 3280              		.loc 1 283 4 is_stmt 1 view .LVU1507
 3281 002e 54BF     		ite	pl
 3282 0030 D165     		strpl	r1, [r2, #92]
 281:../common/ubertooth.c **** 		else
 3283              		.loc 1 281 4 view .LVU1508
 284:../common/ubertooth.c **** 
 3284              		.loc 1 284 3 view .LVU1509
 3285              	.LVL196:
 286:../common/ubertooth.c **** 		/* Save a few cycles by avoiding the compare/branch */
 3286              		.loc 1 286 3 view .LVU1510
 281:../common/ubertooth.c **** 		else
 3287              		.loc 1 281 4 is_stmt 0 view .LVU1511
 3288 0032 9165     		strmi	r1, [r2, #88]
 286:../common/ubertooth.c **** 		/* Save a few cycles by avoiding the compare/branch */
 3289              		.loc 1 286 3 view .LVU1512
 3290 0034 1021     		movs	r1, #16
 3291 0036 324A     		ldr	r2, .L199
 3292 0038 9165     		str	r1, [r2, #88]
 288:../common/ubertooth.c **** 		SCLK_CLR;
 3293              		.loc 1 288 3 is_stmt 1 view .LVU1513
 288:../common/ubertooth.c **** 		SCLK_CLR;
 3294              		.loc 1 288 13 is_stmt 0 view .LVU1514
 3295 003a 506D     		ldr	r0, [r2, #84]
 289:../common/ubertooth.c **** 	}
 3296              		.loc 1 289 3 view .LVU1515
 3297 003c D165     		str	r1, [r2, #92]
 288:../common/ubertooth.c **** 		SCLK_CLR;
 3298              		.loc 1 288 11 view .LVU1516
 3299 003e C0F34000 		ubfx	r0, r0, #1, #1
 288:../common/ubertooth.c **** 		SCLK_CLR;
 3300              		.loc 1 288 8 view .LVU1517
 3301 0042 40EA4300 		orr	r0, r0, r3, lsl #1
 3302              	.LVL197:
 289:../common/ubertooth.c **** 	}
 3303              		.loc 1 289 3 is_stmt 1 view .LVU1518
ARM GAS  /tmp/ccrAXmTj.s 			page 89


 279:../common/ubertooth.c **** 		if (data & msb)
 3304              		.loc 1 279 9 view .LVU1519
 280:../common/ubertooth.c **** 			MOSI_SET;
 3305              		.loc 1 280 3 view .LVU1520
 281:../common/ubertooth.c **** 		else
 3306              		.loc 1 281 4 is_stmt 0 view .LVU1521
 3307 0046 0123     		movs	r3, #1
 280:../common/ubertooth.c **** 			MOSI_SET;
 3308              		.loc 1 280 6 view .LVU1522
 3309 0048 0106     		lsls	r1, r0, #24
 283:../common/ubertooth.c **** 		data <<= 1;
 3310              		.loc 1 283 4 is_stmt 1 view .LVU1523
 286:../common/ubertooth.c **** 		/* Save a few cycles by avoiding the compare/branch */
 3311              		.loc 1 286 3 is_stmt 0 view .LVU1524
 3312 004a 4FF01001 		mov	r1, #16
 283:../common/ubertooth.c **** 		data <<= 1;
 3313              		.loc 1 283 4 view .LVU1525
 3314 004e 54BF     		ite	pl
 3315 0050 D365     		strpl	r3, [r2, #92]
 281:../common/ubertooth.c **** 		else
 3316              		.loc 1 281 4 is_stmt 1 view .LVU1526
 284:../common/ubertooth.c **** 
 3317              		.loc 1 284 3 view .LVU1527
 3318              	.LVL198:
 286:../common/ubertooth.c **** 		/* Save a few cycles by avoiding the compare/branch */
 3319              		.loc 1 286 3 view .LVU1528
 281:../common/ubertooth.c **** 		else
 3320              		.loc 1 281 4 is_stmt 0 view .LVU1529
 3321 0052 9365     		strmi	r3, [r2, #88]
 286:../common/ubertooth.c **** 		/* Save a few cycles by avoiding the compare/branch */
 3322              		.loc 1 286 3 view .LVU1530
 3323 0054 2A4A     		ldr	r2, .L199
 3324 0056 9165     		str	r1, [r2, #88]
 288:../common/ubertooth.c **** 		SCLK_CLR;
 3325              		.loc 1 288 3 is_stmt 1 view .LVU1531
 288:../common/ubertooth.c **** 		SCLK_CLR;
 3326              		.loc 1 288 13 is_stmt 0 view .LVU1532
 3327 0058 536D     		ldr	r3, [r2, #84]
 289:../common/ubertooth.c **** 	}
 3328              		.loc 1 289 3 view .LVU1533
 3329 005a D165     		str	r1, [r2, #92]
 288:../common/ubertooth.c **** 		SCLK_CLR;
 3330              		.loc 1 288 11 view .LVU1534
 3331 005c C3F34003 		ubfx	r3, r3, #1, #1
 281:../common/ubertooth.c **** 		else
 3332              		.loc 1 281 4 view .LVU1535
 3333 0060 0121     		movs	r1, #1
 288:../common/ubertooth.c **** 		SCLK_CLR;
 3334              		.loc 1 288 8 view .LVU1536
 3335 0062 43EA4003 		orr	r3, r3, r0, lsl #1
 3336              	.LVL199:
 289:../common/ubertooth.c **** 	}
 3337              		.loc 1 289 3 is_stmt 1 view .LVU1537
 279:../common/ubertooth.c **** 		if (data & msb)
 3338              		.loc 1 279 9 view .LVU1538
 280:../common/ubertooth.c **** 			MOSI_SET;
 3339              		.loc 1 280 3 view .LVU1539
ARM GAS  /tmp/ccrAXmTj.s 			page 90


 280:../common/ubertooth.c **** 			MOSI_SET;
 3340              		.loc 1 280 6 is_stmt 0 view .LVU1540
 3341 0066 1806     		lsls	r0, r3, #24
 283:../common/ubertooth.c **** 		data <<= 1;
 3342              		.loc 1 283 4 is_stmt 1 view .LVU1541
 286:../common/ubertooth.c **** 		/* Save a few cycles by avoiding the compare/branch */
 3343              		.loc 1 286 3 is_stmt 0 view .LVU1542
 3344 0068 4FF01000 		mov	r0, #16
 283:../common/ubertooth.c **** 		data <<= 1;
 3345              		.loc 1 283 4 view .LVU1543
 3346 006c 54BF     		ite	pl
 3347 006e D165     		strpl	r1, [r2, #92]
 281:../common/ubertooth.c **** 		else
 3348              		.loc 1 281 4 is_stmt 1 view .LVU1544
 284:../common/ubertooth.c **** 
 3349              		.loc 1 284 3 view .LVU1545
 3350              	.LVL200:
 286:../common/ubertooth.c **** 		/* Save a few cycles by avoiding the compare/branch */
 3351              		.loc 1 286 3 view .LVU1546
 281:../common/ubertooth.c **** 		else
 3352              		.loc 1 281 4 is_stmt 0 view .LVU1547
 3353 0070 9165     		strmi	r1, [r2, #88]
 286:../common/ubertooth.c **** 		/* Save a few cycles by avoiding the compare/branch */
 3354              		.loc 1 286 3 view .LVU1548
 3355 0072 2349     		ldr	r1, .L199
 3356 0074 8865     		str	r0, [r1, #88]
 288:../common/ubertooth.c **** 		SCLK_CLR;
 3357              		.loc 1 288 3 is_stmt 1 view .LVU1549
 288:../common/ubertooth.c **** 		SCLK_CLR;
 3358              		.loc 1 288 13 is_stmt 0 view .LVU1550
 3359 0076 4A6D     		ldr	r2, [r1, #84]
 289:../common/ubertooth.c **** 	}
 3360              		.loc 1 289 3 view .LVU1551
 3361 0078 C865     		str	r0, [r1, #92]
 288:../common/ubertooth.c **** 		SCLK_CLR;
 3362              		.loc 1 288 11 view .LVU1552
 3363 007a C2F34002 		ubfx	r2, r2, #1, #1
 288:../common/ubertooth.c **** 		SCLK_CLR;
 3364              		.loc 1 288 8 view .LVU1553
 3365 007e 42EA4302 		orr	r2, r2, r3, lsl #1
 3366              	.LVL201:
 289:../common/ubertooth.c **** 	}
 3367              		.loc 1 289 3 is_stmt 1 view .LVU1554
 279:../common/ubertooth.c **** 		if (data & msb)
 3368              		.loc 1 279 9 view .LVU1555
 280:../common/ubertooth.c **** 			MOSI_SET;
 3369              		.loc 1 280 3 view .LVU1556
 281:../common/ubertooth.c **** 		else
 3370              		.loc 1 281 4 is_stmt 0 view .LVU1557
 3371 0082 0123     		movs	r3, #1
 280:../common/ubertooth.c **** 			MOSI_SET;
 3372              		.loc 1 280 6 view .LVU1558
 3373 0084 1006     		lsls	r0, r2, #24
 283:../common/ubertooth.c **** 		data <<= 1;
 3374              		.loc 1 283 4 is_stmt 1 view .LVU1559
 286:../common/ubertooth.c **** 		/* Save a few cycles by avoiding the compare/branch */
 3375              		.loc 1 286 3 is_stmt 0 view .LVU1560
ARM GAS  /tmp/ccrAXmTj.s 			page 91


 3376 0086 4FF01000 		mov	r0, #16
 283:../common/ubertooth.c **** 		data <<= 1;
 3377              		.loc 1 283 4 view .LVU1561
 3378 008a 54BF     		ite	pl
 3379 008c CB65     		strpl	r3, [r1, #92]
 281:../common/ubertooth.c **** 		else
 3380              		.loc 1 281 4 is_stmt 1 view .LVU1562
 284:../common/ubertooth.c **** 
 3381              		.loc 1 284 3 view .LVU1563
 3382              	.LVL202:
 286:../common/ubertooth.c **** 		/* Save a few cycles by avoiding the compare/branch */
 3383              		.loc 1 286 3 view .LVU1564
 281:../common/ubertooth.c **** 		else
 3384              		.loc 1 281 4 is_stmt 0 view .LVU1565
 3385 008e 8B65     		strmi	r3, [r1, #88]
 286:../common/ubertooth.c **** 		/* Save a few cycles by avoiding the compare/branch */
 3386              		.loc 1 286 3 view .LVU1566
 3387 0090 1B49     		ldr	r1, .L199
 3388 0092 8865     		str	r0, [r1, #88]
 288:../common/ubertooth.c **** 		SCLK_CLR;
 3389              		.loc 1 288 3 is_stmt 1 view .LVU1567
 288:../common/ubertooth.c **** 		SCLK_CLR;
 3390              		.loc 1 288 13 is_stmt 0 view .LVU1568
 3391 0094 4B6D     		ldr	r3, [r1, #84]
 289:../common/ubertooth.c **** 	}
 3392              		.loc 1 289 3 view .LVU1569
 3393 0096 C865     		str	r0, [r1, #92]
 288:../common/ubertooth.c **** 		SCLK_CLR;
 3394              		.loc 1 288 11 view .LVU1570
 3395 0098 C3F34003 		ubfx	r3, r3, #1, #1
 288:../common/ubertooth.c **** 		SCLK_CLR;
 3396              		.loc 1 288 8 view .LVU1571
 3397 009c 43EA4203 		orr	r3, r3, r2, lsl #1
 3398              	.LVL203:
 289:../common/ubertooth.c **** 	}
 3399              		.loc 1 289 3 is_stmt 1 view .LVU1572
 279:../common/ubertooth.c **** 		if (data & msb)
 3400              		.loc 1 279 9 view .LVU1573
 280:../common/ubertooth.c **** 			MOSI_SET;
 3401              		.loc 1 280 3 view .LVU1574
 281:../common/ubertooth.c **** 		else
 3402              		.loc 1 281 4 is_stmt 0 view .LVU1575
 3403 00a0 0122     		movs	r2, #1
 280:../common/ubertooth.c **** 			MOSI_SET;
 3404              		.loc 1 280 6 view .LVU1576
 3405 00a2 1806     		lsls	r0, r3, #24
 283:../common/ubertooth.c **** 		data <<= 1;
 3406              		.loc 1 283 4 is_stmt 1 view .LVU1577
 286:../common/ubertooth.c **** 		/* Save a few cycles by avoiding the compare/branch */
 3407              		.loc 1 286 3 is_stmt 0 view .LVU1578
 3408 00a4 4FF01000 		mov	r0, #16
 283:../common/ubertooth.c **** 		data <<= 1;
 3409              		.loc 1 283 4 view .LVU1579
 3410 00a8 54BF     		ite	pl
 3411 00aa CA65     		strpl	r2, [r1, #92]
 281:../common/ubertooth.c **** 		else
 3412              		.loc 1 281 4 is_stmt 1 view .LVU1580
ARM GAS  /tmp/ccrAXmTj.s 			page 92


 284:../common/ubertooth.c **** 
 3413              		.loc 1 284 3 view .LVU1581
 3414              	.LVL204:
 286:../common/ubertooth.c **** 		/* Save a few cycles by avoiding the compare/branch */
 3415              		.loc 1 286 3 view .LVU1582
 281:../common/ubertooth.c **** 		else
 3416              		.loc 1 281 4 is_stmt 0 view .LVU1583
 3417 00ac 8A65     		strmi	r2, [r1, #88]
 286:../common/ubertooth.c **** 		/* Save a few cycles by avoiding the compare/branch */
 3418              		.loc 1 286 3 view .LVU1584
 3419 00ae 1449     		ldr	r1, .L199
 3420 00b0 8865     		str	r0, [r1, #88]
 288:../common/ubertooth.c **** 		SCLK_CLR;
 3421              		.loc 1 288 3 is_stmt 1 view .LVU1585
 288:../common/ubertooth.c **** 		SCLK_CLR;
 3422              		.loc 1 288 13 is_stmt 0 view .LVU1586
 3423 00b2 4A6D     		ldr	r2, [r1, #84]
 289:../common/ubertooth.c **** 	}
 3424              		.loc 1 289 3 view .LVU1587
 3425 00b4 C865     		str	r0, [r1, #92]
 288:../common/ubertooth.c **** 		SCLK_CLR;
 3426              		.loc 1 288 11 view .LVU1588
 3427 00b6 C2F34002 		ubfx	r2, r2, #1, #1
 288:../common/ubertooth.c **** 		SCLK_CLR;
 3428              		.loc 1 288 8 view .LVU1589
 3429 00ba 42EA4302 		orr	r2, r2, r3, lsl #1
 3430              	.LVL205:
 289:../common/ubertooth.c **** 	}
 3431              		.loc 1 289 3 is_stmt 1 view .LVU1590
 279:../common/ubertooth.c **** 		if (data & msb)
 3432              		.loc 1 279 9 view .LVU1591
 280:../common/ubertooth.c **** 			MOSI_SET;
 3433              		.loc 1 280 3 view .LVU1592
 281:../common/ubertooth.c **** 		else
 3434              		.loc 1 281 4 is_stmt 0 view .LVU1593
 3435 00be 0123     		movs	r3, #1
 280:../common/ubertooth.c **** 			MOSI_SET;
 3436              		.loc 1 280 6 view .LVU1594
 3437 00c0 1006     		lsls	r0, r2, #24
 283:../common/ubertooth.c **** 		data <<= 1;
 3438              		.loc 1 283 4 is_stmt 1 view .LVU1595
 286:../common/ubertooth.c **** 		/* Save a few cycles by avoiding the compare/branch */
 3439              		.loc 1 286 3 is_stmt 0 view .LVU1596
 3440 00c2 4FF01000 		mov	r0, #16
 283:../common/ubertooth.c **** 		data <<= 1;
 3441              		.loc 1 283 4 view .LVU1597
 3442 00c6 54BF     		ite	pl
 3443 00c8 CB65     		strpl	r3, [r1, #92]
 281:../common/ubertooth.c **** 		else
 3444              		.loc 1 281 4 is_stmt 1 view .LVU1598
 3445 00ca 8B65     		strmi	r3, [r1, #88]
 284:../common/ubertooth.c **** 
 3446              		.loc 1 284 3 view .LVU1599
 3447              	.LVL206:
 286:../common/ubertooth.c **** 		/* Save a few cycles by avoiding the compare/branch */
 3448              		.loc 1 286 3 view .LVU1600
 3449 00cc 0C49     		ldr	r1, .L199
ARM GAS  /tmp/ccrAXmTj.s 			page 93


 3450 00ce 8865     		str	r0, [r1, #88]
 288:../common/ubertooth.c **** 		SCLK_CLR;
 3451              		.loc 1 288 3 view .LVU1601
 288:../common/ubertooth.c **** 		SCLK_CLR;
 3452              		.loc 1 288 13 is_stmt 0 view .LVU1602
 3453 00d0 4B6D     		ldr	r3, [r1, #84]
 289:../common/ubertooth.c **** 	}
 3454              		.loc 1 289 3 view .LVU1603
 3455 00d2 C865     		str	r0, [r1, #92]
 288:../common/ubertooth.c **** 		SCLK_CLR;
 3456              		.loc 1 288 11 view .LVU1604
 3457 00d4 C3F34003 		ubfx	r3, r3, #1, #1
 288:../common/ubertooth.c **** 		SCLK_CLR;
 3458              		.loc 1 288 8 view .LVU1605
 3459 00d8 43EA4203 		orr	r3, r3, r2, lsl #1
 3460              	.LVL207:
 289:../common/ubertooth.c **** 	}
 3461              		.loc 1 289 3 is_stmt 1 view .LVU1606
 279:../common/ubertooth.c **** 		if (data & msb)
 3462              		.loc 1 279 9 view .LVU1607
 280:../common/ubertooth.c **** 			MOSI_SET;
 3463              		.loc 1 280 3 view .LVU1608
 281:../common/ubertooth.c **** 		else
 3464              		.loc 1 281 4 is_stmt 0 view .LVU1609
 3465 00dc 0122     		movs	r2, #1
 280:../common/ubertooth.c **** 			MOSI_SET;
 3466              		.loc 1 280 6 view .LVU1610
 3467 00de 1806     		lsls	r0, r3, #24
 281:../common/ubertooth.c **** 		else
 3468              		.loc 1 281 4 is_stmt 1 view .LVU1611
 3469 00e0 4CBF     		ite	mi
 3470 00e2 8A65     		strmi	r2, [r1, #88]
 283:../common/ubertooth.c **** 		data <<= 1;
 3471              		.loc 1 283 4 view .LVU1612
 284:../common/ubertooth.c **** 
 3472              		.loc 1 284 3 view .LVU1613
 3473              	.LVL208:
 286:../common/ubertooth.c **** 		/* Save a few cycles by avoiding the compare/branch */
 3474              		.loc 1 286 3 view .LVU1614
 283:../common/ubertooth.c **** 		data <<= 1;
 3475              		.loc 1 283 4 is_stmt 0 view .LVU1615
 3476 00e4 CA65     		strpl	r2, [r1, #92]
 286:../common/ubertooth.c **** 		/* Save a few cycles by avoiding the compare/branch */
 3477              		.loc 1 286 3 view .LVU1616
 3478 00e6 1021     		movs	r1, #16
 3479 00e8 054A     		ldr	r2, .L199
 3480 00ea 9165     		str	r1, [r2, #88]
 288:../common/ubertooth.c **** 		SCLK_CLR;
 3481              		.loc 1 288 3 is_stmt 1 view .LVU1617
 288:../common/ubertooth.c **** 		SCLK_CLR;
 3482              		.loc 1 288 13 is_stmt 0 view .LVU1618
 3483 00ec 506D     		ldr	r0, [r2, #84]
 3484              	.LVL209:
 289:../common/ubertooth.c **** 	}
 3485              		.loc 1 289 3 is_stmt 1 view .LVU1619
 3486 00ee D165     		str	r1, [r2, #92]
 279:../common/ubertooth.c **** 		if (data & msb)
ARM GAS  /tmp/ccrAXmTj.s 			page 94


 3487              		.loc 1 279 9 view .LVU1620
 293:../common/ubertooth.c **** 
 3488              		.loc 1 293 2 view .LVU1621
 288:../common/ubertooth.c **** 		SCLK_CLR;
 3489              		.loc 1 288 11 is_stmt 0 view .LVU1622
 3490 00f0 C0F34000 		ubfx	r0, r0, #1, #1
 3491              	.LVL210:
 288:../common/ubertooth.c **** 		SCLK_CLR;
 3492              		.loc 1 288 8 view .LVU1623
 3493 00f4 40EA4300 		orr	r0, r0, r3, lsl #1
 293:../common/ubertooth.c **** 
 3494              		.loc 1 293 2 view .LVU1624
 3495 00f8 C2F858C0 		str	ip, [r2, #88]
 295:../common/ubertooth.c **** }
 3496              		.loc 1 295 2 is_stmt 1 view .LVU1625
 3497              	.LVL211:
 295:../common/ubertooth.c **** }
 3498              		.loc 1 295 2 is_stmt 0 view .LVU1626
 3499              	.LBE146:
 3500              	.LBE144:
 431:../common/ubertooth.c **** }
 3501              		.loc 1 431 1 view .LVU1627
 3502 00fc C0B2     		uxtb	r0, r0
 3503 00fe 7047     		bx	lr
 3504              	.L200:
 3505              		.align	2
 3506              	.L199:
 3507 0100 00C00920 		.word	537509888
 3508              		.cfi_endproc
 3509              	.LFE19:
 3511              		.section	.text.cc2400_reset,"ax",%progbits
 3512              		.align	1
 3513              		.p2align 2,,3
 3514              		.global	cc2400_reset
 3515              		.syntax unified
 3516              		.thumb
 3517              		.thumb_func
 3519              	cc2400_reset:
 3520              	.LFB20:
 432:../common/ubertooth.c **** 
 433:../common/ubertooth.c **** /*
 434:../common/ubertooth.c ****  * Warning: This should only be called when running on the internal oscillator.
 435:../common/ubertooth.c ****  * Otherwise use clock_start().
 436:../common/ubertooth.c ****  */
 437:../common/ubertooth.c **** void cc2400_reset()
 438:../common/ubertooth.c **** {
 3521              		.loc 1 438 1 is_stmt 1 view -0
 3522              		.cfi_startproc
 3523              		@ args = 0, pretend = 0, frame = 0
 3524              		@ frame_needed = 0, uses_anonymous_args = 0
 3525              		@ link register save eliminated.
 3526 0000 70B4     		push	{r4, r5, r6}
 3527              		.cfi_def_cfa_offset 12
 3528              		.cfi_offset 4, -12
 3529              		.cfi_offset 5, -8
 3530              		.cfi_offset 6, -4
 439:../common/ubertooth.c **** 	cc2400_set(MAIN, 0x0000);
ARM GAS  /tmp/ccrAXmTj.s 			page 95


 3531              		.loc 1 439 2 view .LVU1629
 3532              	.LVL212:
 3533              	.LBB147:
 3534              	.LBI147:
 309:../common/ubertooth.c **** {
 3535              		.loc 1 309 6 view .LVU1630
 3536              	.LBB148:
 311:../common/ubertooth.c **** 	cc2400_spi(24, out);
 3537              		.loc 1 311 2 view .LVU1631
 312:../common/ubertooth.c **** }
 3538              		.loc 1 312 2 view .LVU1632
 3539              	.LBB149:
 3540              	.LBI149:
 272:../common/ubertooth.c **** {
 3541              		.loc 1 272 5 view .LVU1633
 3542              	.LBB150:
 274:../common/ubertooth.c **** 
 3543              		.loc 1 274 2 view .LVU1634
 277:../common/ubertooth.c **** 
 3544              		.loc 1 277 2 view .LVU1635
 3545 0002 2024     		movs	r4, #32
 3546 0004 1823     		movs	r3, #24
 3547 0006 0021     		movs	r1, #0
 283:../common/ubertooth.c **** 		data <<= 1;
 3548              		.loc 1 283 4 is_stmt 0 view .LVU1636
 3549 0008 0126     		movs	r6, #1
 286:../common/ubertooth.c **** 		/* Save a few cycles by avoiding the compare/branch */
 3550              		.loc 1 286 3 view .LVU1637
 3551 000a 1020     		movs	r0, #16
 277:../common/ubertooth.c **** 
 3552              		.loc 1 277 2 view .LVU1638
 3553 000c 504A     		ldr	r2, .L244
 3554 000e D465     		str	r4, [r2, #92]
 279:../common/ubertooth.c **** 		if (data & msb)
 3555              		.loc 1 279 2 is_stmt 1 view .LVU1639
 279:../common/ubertooth.c **** 		if (data & msb)
 3556              		.loc 1 279 9 view .LVU1640
 3557              	.LVL213:
 3558              	.L205:
 280:../common/ubertooth.c **** 			MOSI_SET;
 3559              		.loc 1 280 3 view .LVU1641
 281:../common/ubertooth.c **** 		else
 3560              		.loc 1 281 4 view .LVU1642
 283:../common/ubertooth.c **** 		data <<= 1;
 3561              		.loc 1 283 4 view .LVU1643
 280:../common/ubertooth.c **** 			MOSI_SET;
 3562              		.loc 1 280 6 is_stmt 0 view .LVU1644
 3563 0010 0D02     		lsls	r5, r1, #8
 279:../common/ubertooth.c **** 		if (data & msb)
 3564              		.loc 1 279 9 view .LVU1645
 3565 0012 03F1FF34 		add	r4, r3, #-1
 280:../common/ubertooth.c **** 			MOSI_SET;
 3566              		.loc 1 280 6 view .LVU1646
 3567 0016 0ED5     		bpl	.L202
 3568              	.L240:
 281:../common/ubertooth.c **** 		else
 3569              		.loc 1 281 4 view .LVU1647
ARM GAS  /tmp/ccrAXmTj.s 			page 96


 3570 0018 9665     		str	r6, [r2, #88]
 284:../common/ubertooth.c **** 
 3571              		.loc 1 284 3 is_stmt 1 view .LVU1648
 3572              	.LVL214:
 286:../common/ubertooth.c **** 		/* Save a few cycles by avoiding the compare/branch */
 3573              		.loc 1 286 3 view .LVU1649
 3574 001a 9065     		str	r0, [r2, #88]
 288:../common/ubertooth.c **** 		SCLK_CLR;
 3575              		.loc 1 288 3 view .LVU1650
 288:../common/ubertooth.c **** 		SCLK_CLR;
 3576              		.loc 1 288 13 is_stmt 0 view .LVU1651
 3577 001c 556D     		ldr	r5, [r2, #84]
 3578              	.LVL215:
 289:../common/ubertooth.c **** 	}
 3579              		.loc 1 289 3 is_stmt 1 view .LVU1652
 279:../common/ubertooth.c **** 		if (data & msb)
 3580              		.loc 1 279 9 is_stmt 0 view .LVU1653
 3581 001e 14F0FF03 		ands	r3, r4, #255
 289:../common/ubertooth.c **** 	}
 3582              		.loc 1 289 3 view .LVU1654
 3583 0022 D065     		str	r0, [r2, #92]
 279:../common/ubertooth.c **** 		if (data & msb)
 3584              		.loc 1 279 9 is_stmt 1 view .LVU1655
 288:../common/ubertooth.c **** 		SCLK_CLR;
 3585              		.loc 1 288 11 is_stmt 0 view .LVU1656
 3586 0024 C5F34005 		ubfx	r5, r5, #1, #1
 3587              	.LVL216:
 279:../common/ubertooth.c **** 		if (data & msb)
 3588              		.loc 1 279 9 view .LVU1657
 3589 0028 11D0     		beq	.L203
 288:../common/ubertooth.c **** 		SCLK_CLR;
 3590              		.loc 1 288 8 view .LVU1658
 3591 002a 45EA4101 		orr	r1, r5, r1, lsl #1
 3592              	.LVL217:
 280:../common/ubertooth.c **** 			MOSI_SET;
 3593              		.loc 1 280 3 is_stmt 1 view .LVU1659
 281:../common/ubertooth.c **** 		else
 3594              		.loc 1 281 4 view .LVU1660
 283:../common/ubertooth.c **** 		data <<= 1;
 3595              		.loc 1 283 4 view .LVU1661
 280:../common/ubertooth.c **** 			MOSI_SET;
 3596              		.loc 1 280 6 is_stmt 0 view .LVU1662
 3597 002e 0D02     		lsls	r5, r1, #8
 279:../common/ubertooth.c **** 		if (data & msb)
 3598              		.loc 1 279 9 view .LVU1663
 3599 0030 03F1FF34 		add	r4, r3, #-1
 280:../common/ubertooth.c **** 			MOSI_SET;
 3600              		.loc 1 280 6 view .LVU1664
 3601 0034 F0D4     		bmi	.L240
 3602              	.L202:
 283:../common/ubertooth.c **** 		data <<= 1;
 3603              		.loc 1 283 4 view .LVU1665
 3604 0036 D665     		str	r6, [r2, #92]
 284:../common/ubertooth.c **** 
 3605              		.loc 1 284 3 is_stmt 1 view .LVU1666
 3606              	.LVL218:
 286:../common/ubertooth.c **** 		/* Save a few cycles by avoiding the compare/branch */
ARM GAS  /tmp/ccrAXmTj.s 			page 97


 3607              		.loc 1 286 3 view .LVU1667
 3608 0038 9065     		str	r0, [r2, #88]
 279:../common/ubertooth.c **** 		if (data & msb)
 3609              		.loc 1 279 9 is_stmt 0 view .LVU1668
 3610 003a 14F0FF03 		ands	r3, r4, #255
 288:../common/ubertooth.c **** 		SCLK_CLR;
 3611              		.loc 1 288 3 is_stmt 1 view .LVU1669
 288:../common/ubertooth.c **** 		SCLK_CLR;
 3612              		.loc 1 288 13 is_stmt 0 view .LVU1670
 3613 003e 546D     		ldr	r4, [r2, #84]
 3614              	.LVL219:
 289:../common/ubertooth.c **** 	}
 3615              		.loc 1 289 3 is_stmt 1 view .LVU1671
 3616 0040 D065     		str	r0, [r2, #92]
 279:../common/ubertooth.c **** 		if (data & msb)
 3617              		.loc 1 279 9 view .LVU1672
 288:../common/ubertooth.c **** 		SCLK_CLR;
 3618              		.loc 1 288 11 is_stmt 0 view .LVU1673
 3619 0042 C4F34004 		ubfx	r4, r4, #1, #1
 3620              	.LVL220:
 279:../common/ubertooth.c **** 		if (data & msb)
 3621              		.loc 1 279 9 view .LVU1674
 3622 0046 02D0     		beq	.L203
 288:../common/ubertooth.c **** 		SCLK_CLR;
 3623              		.loc 1 288 8 view .LVU1675
 3624 0048 44EA4101 		orr	r1, r4, r1, lsl #1
 288:../common/ubertooth.c **** 		SCLK_CLR;
 3625              		.loc 1 288 8 view .LVU1676
 3626 004c E0E7     		b	.L205
 3627              	.LVL221:
 3628              	.L203:
 293:../common/ubertooth.c **** 
 3629              		.loc 1 293 2 is_stmt 1 view .LVU1677
 3630 004e 2026     		movs	r6, #32
 3631              	.LBE150:
 3632              	.LBE149:
 3633              	.LBE148:
 3634              	.LBE147:
 3635              	.LBB154:
 3636              	.LBB155:
 3637              	.LBB156:
 3638              	.LBB157:
 283:../common/ubertooth.c **** 		data <<= 1;
 3639              		.loc 1 283 4 is_stmt 0 view .LVU1678
 3640 0050 0125     		movs	r5, #1
 286:../common/ubertooth.c **** 		/* Save a few cycles by avoiding the compare/branch */
 3641              		.loc 1 286 3 view .LVU1679
 3642 0052 1020     		movs	r0, #16
 3643              	.LBE157:
 3644              	.LBE156:
 3645              	.LBE155:
 3646              	.LBE154:
 3647              	.LBB170:
 3648              	.LBB153:
 3649              	.LBB152:
 3650              	.LBB151:
 293:../common/ubertooth.c **** 
ARM GAS  /tmp/ccrAXmTj.s 			page 98


 3651              		.loc 1 293 2 view .LVU1680
 3652 0054 3E4A     		ldr	r2, .L244
 3653 0056 9665     		str	r6, [r2, #88]
 295:../common/ubertooth.c **** }
 3654              		.loc 1 295 2 is_stmt 1 view .LVU1681
 3655              	.LVL222:
 295:../common/ubertooth.c **** }
 3656              		.loc 1 295 2 is_stmt 0 view .LVU1682
 3657              	.LBE151:
 3658              	.LBE152:
 3659              	.LBE153:
 3660              	.LBE170:
 440:../common/ubertooth.c **** 	while (cc2400_get(MAIN) != 0x0000);
 3661              		.loc 1 440 2 is_stmt 1 view .LVU1683
 3662              	.L210:
 3663              		.loc 1 440 26 discriminator 2 view .LVU1684
 3664              	.LBB171:
 3665              	.LBI154:
 299:../common/ubertooth.c **** {
 3666              		.loc 1 299 5 view .LVU1685
 3667              	.LBB166:
 301:../common/ubertooth.c **** 
 3668              		.loc 1 301 2 view .LVU1686
 303:../common/ubertooth.c **** 	in = cc2400_spi(24, out);
 3669              		.loc 1 303 2 view .LVU1687
 304:../common/ubertooth.c **** 	return in & 0xFFFF;
 3670              		.loc 1 304 2 view .LVU1688
 3671              	.LBB162:
 3672              	.LBI156:
 272:../common/ubertooth.c **** {
 3673              		.loc 1 272 5 view .LVU1689
 3674              	.LBB158:
 274:../common/ubertooth.c **** 
 3675              		.loc 1 274 2 view .LVU1690
 277:../common/ubertooth.c **** 
 3676              		.loc 1 277 2 view .LVU1691
 3677 0058 1823     		movs	r3, #24
 3678 005a 4FF40001 		mov	r1, #8388608
 3679 005e D665     		str	r6, [r2, #92]
 279:../common/ubertooth.c **** 		if (data & msb)
 3680              		.loc 1 279 2 view .LVU1692
 279:../common/ubertooth.c **** 		if (data & msb)
 3681              		.loc 1 279 9 view .LVU1693
 3682              	.LVL223:
 3683              	.L209:
 280:../common/ubertooth.c **** 			MOSI_SET;
 3684              		.loc 1 280 3 view .LVU1694
 281:../common/ubertooth.c **** 		else
 3685              		.loc 1 281 4 view .LVU1695
 283:../common/ubertooth.c **** 		data <<= 1;
 3686              		.loc 1 283 4 view .LVU1696
 279:../common/ubertooth.c **** 		if (data & msb)
 3687              		.loc 1 279 9 is_stmt 0 view .LVU1697
 3688 0060 5C1E     		subs	r4, r3, #1
 280:../common/ubertooth.c **** 			MOSI_SET;
 3689              		.loc 1 280 6 view .LVU1698
 3690 0062 0B02     		lsls	r3, r1, #8
ARM GAS  /tmp/ccrAXmTj.s 			page 99


 3691 0064 34D5     		bpl	.L206
 281:../common/ubertooth.c **** 		else
 3692              		.loc 1 281 4 view .LVU1699
 3693 0066 9565     		str	r5, [r2, #88]
 284:../common/ubertooth.c **** 
 3694              		.loc 1 284 3 is_stmt 1 view .LVU1700
 3695              	.LVL224:
 286:../common/ubertooth.c **** 		/* Save a few cycles by avoiding the compare/branch */
 3696              		.loc 1 286 3 view .LVU1701
 3697 0068 9065     		str	r0, [r2, #88]
 288:../common/ubertooth.c **** 		SCLK_CLR;
 3698              		.loc 1 288 3 view .LVU1702
 288:../common/ubertooth.c **** 		SCLK_CLR;
 3699              		.loc 1 288 13 is_stmt 0 view .LVU1703
 3700 006a 536D     		ldr	r3, [r2, #84]
 289:../common/ubertooth.c **** 	}
 3701              		.loc 1 289 3 view .LVU1704
 3702 006c D065     		str	r0, [r2, #92]
 288:../common/ubertooth.c **** 		SCLK_CLR;
 3703              		.loc 1 288 11 view .LVU1705
 3704 006e C3F34003 		ubfx	r3, r3, #1, #1
 288:../common/ubertooth.c **** 		SCLK_CLR;
 3705              		.loc 1 288 8 view .LVU1706
 3706 0072 43EA4101 		orr	r1, r3, r1, lsl #1
 3707              	.LVL225:
 289:../common/ubertooth.c **** 	}
 3708              		.loc 1 289 3 is_stmt 1 view .LVU1707
 279:../common/ubertooth.c **** 		if (data & msb)
 3709              		.loc 1 279 9 view .LVU1708
 3710 0076 14F0FF03 		ands	r3, r4, #255
 3711 007a F1D1     		bne	.L209
 293:../common/ubertooth.c **** 
 3712              		.loc 1 293 2 view .LVU1709
 3713              	.LBE158:
 3714              	.LBE162:
 3715              	.LBE166:
 3716              	.LBE171:
 3717              		.loc 1 440 26 is_stmt 0 discriminator 2 view .LVU1710
 3718 007c 89B2     		uxth	r1, r1
 3719              	.LVL226:
 3720              	.LBB172:
 3721              	.LBB167:
 3722              	.LBB163:
 3723              	.LBB159:
 293:../common/ubertooth.c **** 
 3724              		.loc 1 293 2 view .LVU1711
 3725 007e 9665     		str	r6, [r2, #88]
 295:../common/ubertooth.c **** }
 3726              		.loc 1 295 2 is_stmt 1 view .LVU1712
 3727              	.LVL227:
 295:../common/ubertooth.c **** }
 3728              		.loc 1 295 2 is_stmt 0 view .LVU1713
 3729              	.LBE159:
 3730              	.LBE163:
 305:../common/ubertooth.c **** }
 3731              		.loc 1 305 2 is_stmt 1 view .LVU1714
 305:../common/ubertooth.c **** }
ARM GAS  /tmp/ccrAXmTj.s 			page 100


 3732              		.loc 1 305 2 is_stmt 0 view .LVU1715
 3733              	.LBE167:
 3734              	.LBE172:
 3735              		.loc 1 440 26 discriminator 2 view .LVU1716
 3736 0080 0029     		cmp	r1, #0
 3737 0082 E9D1     		bne	.L210
 3738              	.L242:
 441:../common/ubertooth.c **** 	cc2400_set(MAIN, 0x8000);
 3739              		.loc 1 441 2 is_stmt 1 view .LVU1717
 3740              	.LVL228:
 3741              	.LBB173:
 3742              	.LBI173:
 309:../common/ubertooth.c **** {
 3743              		.loc 1 309 6 view .LVU1718
 3744              	.LBB174:
 311:../common/ubertooth.c **** 	cc2400_spi(24, out);
 3745              		.loc 1 311 2 view .LVU1719
 312:../common/ubertooth.c **** }
 3746              		.loc 1 312 2 view .LVU1720
 3747              	.LBB175:
 3748              	.LBI175:
 272:../common/ubertooth.c **** {
 3749              		.loc 1 272 5 view .LVU1721
 3750              	.LBB176:
 274:../common/ubertooth.c **** 
 3751              		.loc 1 274 2 view .LVU1722
 277:../common/ubertooth.c **** 
 3752              		.loc 1 277 2 view .LVU1723
 3753 0084 D665     		str	r6, [r2, #92]
 279:../common/ubertooth.c **** 		if (data & msb)
 3754              		.loc 1 279 2 view .LVU1724
 279:../common/ubertooth.c **** 		if (data & msb)
 3755              		.loc 1 279 9 view .LVU1725
 3756              	.LVL229:
 277:../common/ubertooth.c **** 
 3757              		.loc 1 277 2 is_stmt 0 view .LVU1726
 3758 0086 1823     		movs	r3, #24
 3759 0088 4FF40040 		mov	r0, #32768
 283:../common/ubertooth.c **** 		data <<= 1;
 3760              		.loc 1 283 4 view .LVU1727
 3761 008c 0126     		movs	r6, #1
 286:../common/ubertooth.c **** 		/* Save a few cycles by avoiding the compare/branch */
 3762              		.loc 1 286 3 view .LVU1728
 3763 008e 1022     		movs	r2, #16
 283:../common/ubertooth.c **** 		data <<= 1;
 3764              		.loc 1 283 4 view .LVU1729
 3765 0090 2F49     		ldr	r1, .L244
 3766              	.LVL230:
 3767              	.L214:
 280:../common/ubertooth.c **** 			MOSI_SET;
 3768              		.loc 1 280 3 is_stmt 1 view .LVU1730
 281:../common/ubertooth.c **** 		else
 3769              		.loc 1 281 4 view .LVU1731
 283:../common/ubertooth.c **** 		data <<= 1;
 3770              		.loc 1 283 4 view .LVU1732
 280:../common/ubertooth.c **** 			MOSI_SET;
 3771              		.loc 1 280 6 is_stmt 0 view .LVU1733
ARM GAS  /tmp/ccrAXmTj.s 			page 101


 3772 0092 0502     		lsls	r5, r0, #8
 279:../common/ubertooth.c **** 		if (data & msb)
 3773              		.loc 1 279 9 view .LVU1734
 3774 0094 03F1FF34 		add	r4, r3, #-1
 280:../common/ubertooth.c **** 			MOSI_SET;
 3775              		.loc 1 280 6 view .LVU1735
 3776 0098 0ED5     		bpl	.L211
 3777              	.L241:
 281:../common/ubertooth.c **** 		else
 3778              		.loc 1 281 4 view .LVU1736
 3779 009a 8E65     		str	r6, [r1, #88]
 284:../common/ubertooth.c **** 
 3780              		.loc 1 284 3 is_stmt 1 view .LVU1737
 3781              	.LVL231:
 286:../common/ubertooth.c **** 		/* Save a few cycles by avoiding the compare/branch */
 3782              		.loc 1 286 3 view .LVU1738
 3783 009c 8A65     		str	r2, [r1, #88]
 288:../common/ubertooth.c **** 		SCLK_CLR;
 3784              		.loc 1 288 3 view .LVU1739
 288:../common/ubertooth.c **** 		SCLK_CLR;
 3785              		.loc 1 288 13 is_stmt 0 view .LVU1740
 3786 009e 4D6D     		ldr	r5, [r1, #84]
 3787              	.LVL232:
 289:../common/ubertooth.c **** 	}
 3788              		.loc 1 289 3 is_stmt 1 view .LVU1741
 279:../common/ubertooth.c **** 		if (data & msb)
 3789              		.loc 1 279 9 is_stmt 0 view .LVU1742
 3790 00a0 14F0FF03 		ands	r3, r4, #255
 289:../common/ubertooth.c **** 	}
 3791              		.loc 1 289 3 view .LVU1743
 3792 00a4 CA65     		str	r2, [r1, #92]
 279:../common/ubertooth.c **** 		if (data & msb)
 3793              		.loc 1 279 9 is_stmt 1 view .LVU1744
 288:../common/ubertooth.c **** 		SCLK_CLR;
 3794              		.loc 1 288 11 is_stmt 0 view .LVU1745
 3795 00a6 C5F34005 		ubfx	r5, r5, #1, #1
 3796              	.LVL233:
 279:../common/ubertooth.c **** 		if (data & msb)
 3797              		.loc 1 279 9 view .LVU1746
 3798 00aa 21D0     		beq	.L212
 288:../common/ubertooth.c **** 		SCLK_CLR;
 3799              		.loc 1 288 8 view .LVU1747
 3800 00ac 45EA4000 		orr	r0, r5, r0, lsl #1
 3801              	.LVL234:
 280:../common/ubertooth.c **** 			MOSI_SET;
 3802              		.loc 1 280 3 is_stmt 1 view .LVU1748
 281:../common/ubertooth.c **** 		else
 3803              		.loc 1 281 4 view .LVU1749
 283:../common/ubertooth.c **** 		data <<= 1;
 3804              		.loc 1 283 4 view .LVU1750
 280:../common/ubertooth.c **** 			MOSI_SET;
 3805              		.loc 1 280 6 is_stmt 0 view .LVU1751
 3806 00b0 0502     		lsls	r5, r0, #8
 279:../common/ubertooth.c **** 		if (data & msb)
 3807              		.loc 1 279 9 view .LVU1752
 3808 00b2 03F1FF34 		add	r4, r3, #-1
 280:../common/ubertooth.c **** 			MOSI_SET;
ARM GAS  /tmp/ccrAXmTj.s 			page 102


 3809              		.loc 1 280 6 view .LVU1753
 3810 00b6 F0D4     		bmi	.L241
 3811              	.L211:
 283:../common/ubertooth.c **** 		data <<= 1;
 3812              		.loc 1 283 4 view .LVU1754
 3813 00b8 CE65     		str	r6, [r1, #92]
 284:../common/ubertooth.c **** 
 3814              		.loc 1 284 3 is_stmt 1 view .LVU1755
 3815              	.LVL235:
 286:../common/ubertooth.c **** 		/* Save a few cycles by avoiding the compare/branch */
 3816              		.loc 1 286 3 view .LVU1756
 3817 00ba 8A65     		str	r2, [r1, #88]
 279:../common/ubertooth.c **** 		if (data & msb)
 3818              		.loc 1 279 9 is_stmt 0 view .LVU1757
 3819 00bc 14F0FF03 		ands	r3, r4, #255
 288:../common/ubertooth.c **** 		SCLK_CLR;
 3820              		.loc 1 288 3 is_stmt 1 view .LVU1758
 288:../common/ubertooth.c **** 		SCLK_CLR;
 3821              		.loc 1 288 13 is_stmt 0 view .LVU1759
 3822 00c0 4C6D     		ldr	r4, [r1, #84]
 3823              	.LVL236:
 289:../common/ubertooth.c **** 	}
 3824              		.loc 1 289 3 is_stmt 1 view .LVU1760
 3825 00c2 CA65     		str	r2, [r1, #92]
 279:../common/ubertooth.c **** 		if (data & msb)
 3826              		.loc 1 279 9 view .LVU1761
 288:../common/ubertooth.c **** 		SCLK_CLR;
 3827              		.loc 1 288 11 is_stmt 0 view .LVU1762
 3828 00c4 C4F34004 		ubfx	r4, r4, #1, #1
 3829              	.LVL237:
 279:../common/ubertooth.c **** 		if (data & msb)
 3830              		.loc 1 279 9 view .LVU1763
 3831 00c8 12D0     		beq	.L212
 288:../common/ubertooth.c **** 		SCLK_CLR;
 3832              		.loc 1 288 8 view .LVU1764
 3833 00ca 44EA4000 		orr	r0, r4, r0, lsl #1
 288:../common/ubertooth.c **** 		SCLK_CLR;
 3834              		.loc 1 288 8 view .LVU1765
 3835 00ce E0E7     		b	.L214
 3836              	.LVL238:
 3837              	.L206:
 288:../common/ubertooth.c **** 		SCLK_CLR;
 3838              		.loc 1 288 8 view .LVU1766
 3839              	.LBE176:
 3840              	.LBE175:
 3841              	.LBE174:
 3842              	.LBE173:
 3843              	.LBB183:
 3844              	.LBB168:
 3845              	.LBB164:
 3846              	.LBB160:
 283:../common/ubertooth.c **** 		data <<= 1;
 3847              		.loc 1 283 4 view .LVU1767
 3848 00d0 D565     		str	r5, [r2, #92]
 284:../common/ubertooth.c **** 
 3849              		.loc 1 284 3 is_stmt 1 view .LVU1768
 3850              	.LVL239:
ARM GAS  /tmp/ccrAXmTj.s 			page 103


 286:../common/ubertooth.c **** 		/* Save a few cycles by avoiding the compare/branch */
 3851              		.loc 1 286 3 view .LVU1769
 3852 00d2 9065     		str	r0, [r2, #88]
 279:../common/ubertooth.c **** 		if (data & msb)
 3853              		.loc 1 279 9 is_stmt 0 view .LVU1770
 3854 00d4 14F0FF03 		ands	r3, r4, #255
 288:../common/ubertooth.c **** 		SCLK_CLR;
 3855              		.loc 1 288 3 is_stmt 1 view .LVU1771
 288:../common/ubertooth.c **** 		SCLK_CLR;
 3856              		.loc 1 288 13 is_stmt 0 view .LVU1772
 3857 00d8 546D     		ldr	r4, [r2, #84]
 289:../common/ubertooth.c **** 	}
 3858              		.loc 1 289 3 view .LVU1773
 3859 00da D065     		str	r0, [r2, #92]
 288:../common/ubertooth.c **** 		SCLK_CLR;
 3860              		.loc 1 288 11 view .LVU1774
 3861 00dc C4F34004 		ubfx	r4, r4, #1, #1
 288:../common/ubertooth.c **** 		SCLK_CLR;
 3862              		.loc 1 288 8 view .LVU1775
 3863 00e0 44EA4101 		orr	r1, r4, r1, lsl #1
 3864              	.LVL240:
 289:../common/ubertooth.c **** 	}
 3865              		.loc 1 289 3 is_stmt 1 view .LVU1776
 279:../common/ubertooth.c **** 		if (data & msb)
 3866              		.loc 1 279 9 view .LVU1777
 3867 00e4 BCD1     		bne	.L209
 293:../common/ubertooth.c **** 
 3868              		.loc 1 293 2 view .LVU1778
 3869              	.LBE160:
 3870              	.LBE164:
 3871              	.LBE168:
 3872              	.LBE183:
 440:../common/ubertooth.c **** 	cc2400_set(MAIN, 0x8000);
 3873              		.loc 1 440 26 is_stmt 0 discriminator 2 view .LVU1779
 3874 00e6 89B2     		uxth	r1, r1
 3875              	.LVL241:
 3876              	.LBB184:
 3877              	.LBB169:
 3878              	.LBB165:
 3879              	.LBB161:
 293:../common/ubertooth.c **** 
 3880              		.loc 1 293 2 view .LVU1780
 3881 00e8 9665     		str	r6, [r2, #88]
 295:../common/ubertooth.c **** }
 3882              		.loc 1 295 2 is_stmt 1 view .LVU1781
 3883              	.LVL242:
 295:../common/ubertooth.c **** }
 3884              		.loc 1 295 2 is_stmt 0 view .LVU1782
 3885              	.LBE161:
 3886              	.LBE165:
 305:../common/ubertooth.c **** }
 3887              		.loc 1 305 2 is_stmt 1 view .LVU1783
 305:../common/ubertooth.c **** }
 3888              		.loc 1 305 2 is_stmt 0 view .LVU1784
 3889              	.LBE169:
 3890              	.LBE184:
 440:../common/ubertooth.c **** 	cc2400_set(MAIN, 0x8000);
ARM GAS  /tmp/ccrAXmTj.s 			page 104


 3891              		.loc 1 440 26 discriminator 2 view .LVU1785
 3892 00ea 0029     		cmp	r1, #0
 3893 00ec B4D1     		bne	.L210
 3894 00ee C9E7     		b	.L242
 3895              	.LVL243:
 3896              	.L212:
 3897              	.LBB185:
 3898              	.LBB181:
 3899              	.LBB179:
 3900              	.LBB177:
 293:../common/ubertooth.c **** 
 3901              		.loc 1 293 2 is_stmt 1 view .LVU1786
 3902 00f0 2026     		movs	r6, #32
 3903              	.LBE177:
 3904              	.LBE179:
 3905              	.LBE181:
 3906              	.LBE185:
 3907              	.LBB186:
 3908              	.LBB187:
 3909              	.LBB188:
 3910              	.LBB189:
 283:../common/ubertooth.c **** 		data <<= 1;
 3911              		.loc 1 283 4 is_stmt 0 view .LVU1787
 3912 00f2 0125     		movs	r5, #1
 286:../common/ubertooth.c **** 		/* Save a few cycles by avoiding the compare/branch */
 3913              		.loc 1 286 3 view .LVU1788
 3914 00f4 1020     		movs	r0, #16
 3915              	.LBE189:
 3916              	.LBE188:
 3917              	.LBE187:
 3918              	.LBE186:
 3919              	.LBB202:
 3920              	.LBB182:
 3921              	.LBB180:
 3922              	.LBB178:
 293:../common/ubertooth.c **** 
 3923              		.loc 1 293 2 view .LVU1789
 3924 00f6 164A     		ldr	r2, .L244
 3925 00f8 9665     		str	r6, [r2, #88]
 295:../common/ubertooth.c **** }
 3926              		.loc 1 295 2 is_stmt 1 view .LVU1790
 3927              	.LVL244:
 295:../common/ubertooth.c **** }
 3928              		.loc 1 295 2 is_stmt 0 view .LVU1791
 3929              	.LBE178:
 3930              	.LBE180:
 3931              	.LBE182:
 3932              	.LBE202:
 442:../common/ubertooth.c **** 	while (cc2400_get(MAIN) != 0x8000);
 3933              		.loc 1 442 2 is_stmt 1 view .LVU1792
 3934              	.L219:
 3935              		.loc 1 442 26 discriminator 2 view .LVU1793
 3936              	.LBB203:
 3937              	.LBI186:
 299:../common/ubertooth.c **** {
 3938              		.loc 1 299 5 view .LVU1794
 3939              	.LBB198:
ARM GAS  /tmp/ccrAXmTj.s 			page 105


 301:../common/ubertooth.c **** 
 3940              		.loc 1 301 2 view .LVU1795
 303:../common/ubertooth.c **** 	in = cc2400_spi(24, out);
 3941              		.loc 1 303 2 view .LVU1796
 304:../common/ubertooth.c **** 	return in & 0xFFFF;
 3942              		.loc 1 304 2 view .LVU1797
 3943              	.LBB194:
 3944              	.LBI188:
 272:../common/ubertooth.c **** {
 3945              		.loc 1 272 5 view .LVU1798
 3946              	.LBB190:
 274:../common/ubertooth.c **** 
 3947              		.loc 1 274 2 view .LVU1799
 277:../common/ubertooth.c **** 
 3948              		.loc 1 277 2 view .LVU1800
 3949 00fa 1823     		movs	r3, #24
 3950 00fc 4FF40001 		mov	r1, #8388608
 3951 0100 D665     		str	r6, [r2, #92]
 279:../common/ubertooth.c **** 		if (data & msb)
 3952              		.loc 1 279 2 view .LVU1801
 279:../common/ubertooth.c **** 		if (data & msb)
 3953              		.loc 1 279 9 view .LVU1802
 3954              	.LVL245:
 3955              	.L218:
 280:../common/ubertooth.c **** 			MOSI_SET;
 3956              		.loc 1 280 3 view .LVU1803
 281:../common/ubertooth.c **** 		else
 3957              		.loc 1 281 4 view .LVU1804
 283:../common/ubertooth.c **** 		data <<= 1;
 3958              		.loc 1 283 4 view .LVU1805
 279:../common/ubertooth.c **** 		if (data & msb)
 3959              		.loc 1 279 9 is_stmt 0 view .LVU1806
 3960 0102 5C1E     		subs	r4, r3, #1
 280:../common/ubertooth.c **** 			MOSI_SET;
 3961              		.loc 1 280 6 view .LVU1807
 3962 0104 0B02     		lsls	r3, r1, #8
 3963 0106 11D5     		bpl	.L215
 281:../common/ubertooth.c **** 		else
 3964              		.loc 1 281 4 view .LVU1808
 3965 0108 9565     		str	r5, [r2, #88]
 284:../common/ubertooth.c **** 
 3966              		.loc 1 284 3 is_stmt 1 view .LVU1809
 3967              	.LVL246:
 286:../common/ubertooth.c **** 		/* Save a few cycles by avoiding the compare/branch */
 3968              		.loc 1 286 3 view .LVU1810
 3969 010a 9065     		str	r0, [r2, #88]
 288:../common/ubertooth.c **** 		SCLK_CLR;
 3970              		.loc 1 288 3 view .LVU1811
 288:../common/ubertooth.c **** 		SCLK_CLR;
 3971              		.loc 1 288 13 is_stmt 0 view .LVU1812
 3972 010c 536D     		ldr	r3, [r2, #84]
 289:../common/ubertooth.c **** 	}
 3973              		.loc 1 289 3 view .LVU1813
 3974 010e D065     		str	r0, [r2, #92]
 288:../common/ubertooth.c **** 		SCLK_CLR;
 3975              		.loc 1 288 11 view .LVU1814
 3976 0110 C3F34003 		ubfx	r3, r3, #1, #1
ARM GAS  /tmp/ccrAXmTj.s 			page 106


 288:../common/ubertooth.c **** 		SCLK_CLR;
 3977              		.loc 1 288 8 view .LVU1815
 3978 0114 43EA4101 		orr	r1, r3, r1, lsl #1
 3979              	.LVL247:
 289:../common/ubertooth.c **** 	}
 3980              		.loc 1 289 3 is_stmt 1 view .LVU1816
 279:../common/ubertooth.c **** 		if (data & msb)
 3981              		.loc 1 279 9 view .LVU1817
 3982 0118 14F0FF03 		ands	r3, r4, #255
 3983 011c F1D1     		bne	.L218
 293:../common/ubertooth.c **** 
 3984              		.loc 1 293 2 view .LVU1818
 3985              	.LBE190:
 3986              	.LBE194:
 3987              	.LBE198:
 3988              	.LBE203:
 3989              		.loc 1 442 26 is_stmt 0 discriminator 2 view .LVU1819
 3990 011e 89B2     		uxth	r1, r1
 3991              	.LVL248:
 3992              		.loc 1 442 26 discriminator 2 view .LVU1820
 3993 0120 B1F5004F 		cmp	r1, #32768
 3994              	.LBB204:
 3995              	.LBB199:
 3996              	.LBB195:
 3997              	.LBB191:
 293:../common/ubertooth.c **** 
 3998              		.loc 1 293 2 view .LVU1821
 3999 0124 9665     		str	r6, [r2, #88]
 295:../common/ubertooth.c **** }
 4000              		.loc 1 295 2 is_stmt 1 view .LVU1822
 4001              	.LVL249:
 295:../common/ubertooth.c **** }
 4002              		.loc 1 295 2 is_stmt 0 view .LVU1823
 4003              	.LBE191:
 4004              	.LBE195:
 305:../common/ubertooth.c **** }
 4005              		.loc 1 305 2 is_stmt 1 view .LVU1824
 305:../common/ubertooth.c **** }
 4006              		.loc 1 305 2 is_stmt 0 view .LVU1825
 4007              	.LBE199:
 4008              	.LBE204:
 4009              		.loc 1 442 26 discriminator 2 view .LVU1826
 4010 0126 E8D1     		bne	.L219
 4011              	.L243:
 443:../common/ubertooth.c **** }
 4012              		.loc 1 443 1 view .LVU1827
 4013 0128 70BC     		pop	{r4, r5, r6}
 4014              		.cfi_remember_state
 4015              		.cfi_restore 6
 4016              		.cfi_restore 5
 4017              		.cfi_restore 4
 4018              		.cfi_def_cfa_offset 0
 4019 012a 7047     		bx	lr
 4020              	.LVL250:
 4021              	.L215:
 4022              		.cfi_restore_state
 4023              	.LBB205:
ARM GAS  /tmp/ccrAXmTj.s 			page 107


 4024              	.LBB200:
 4025              	.LBB196:
 4026              	.LBB192:
 283:../common/ubertooth.c **** 		data <<= 1;
 4027              		.loc 1 283 4 view .LVU1828
 4028 012c D565     		str	r5, [r2, #92]
 284:../common/ubertooth.c **** 
 4029              		.loc 1 284 3 is_stmt 1 view .LVU1829
 4030              	.LVL251:
 286:../common/ubertooth.c **** 		/* Save a few cycles by avoiding the compare/branch */
 4031              		.loc 1 286 3 view .LVU1830
 4032 012e 9065     		str	r0, [r2, #88]
 279:../common/ubertooth.c **** 		if (data & msb)
 4033              		.loc 1 279 9 is_stmt 0 view .LVU1831
 4034 0130 14F0FF03 		ands	r3, r4, #255
 288:../common/ubertooth.c **** 		SCLK_CLR;
 4035              		.loc 1 288 3 is_stmt 1 view .LVU1832
 288:../common/ubertooth.c **** 		SCLK_CLR;
 4036              		.loc 1 288 13 is_stmt 0 view .LVU1833
 4037 0134 546D     		ldr	r4, [r2, #84]
 289:../common/ubertooth.c **** 	}
 4038              		.loc 1 289 3 view .LVU1834
 4039 0136 D065     		str	r0, [r2, #92]
 288:../common/ubertooth.c **** 		SCLK_CLR;
 4040              		.loc 1 288 11 view .LVU1835
 4041 0138 C4F3400C 		ubfx	ip, r4, #1, #1
 288:../common/ubertooth.c **** 		SCLK_CLR;
 4042              		.loc 1 288 8 view .LVU1836
 4043 013c 4CEA4101 		orr	r1, ip, r1, lsl #1
 4044              	.LVL252:
 289:../common/ubertooth.c **** 	}
 4045              		.loc 1 289 3 is_stmt 1 view .LVU1837
 279:../common/ubertooth.c **** 		if (data & msb)
 4046              		.loc 1 279 9 view .LVU1838
 4047 0140 DFD1     		bne	.L218
 293:../common/ubertooth.c **** 
 4048              		.loc 1 293 2 view .LVU1839
 4049              	.LBE192:
 4050              	.LBE196:
 4051              	.LBE200:
 4052              	.LBE205:
 442:../common/ubertooth.c **** }
 4053              		.loc 1 442 26 is_stmt 0 discriminator 2 view .LVU1840
 4054 0142 89B2     		uxth	r1, r1
 4055              	.LVL253:
 442:../common/ubertooth.c **** }
 4056              		.loc 1 442 26 discriminator 2 view .LVU1841
 4057 0144 B1F5004F 		cmp	r1, #32768
 4058              	.LBB206:
 4059              	.LBB201:
 4060              	.LBB197:
 4061              	.LBB193:
 293:../common/ubertooth.c **** 
 4062              		.loc 1 293 2 view .LVU1842
 4063 0148 9665     		str	r6, [r2, #88]
 295:../common/ubertooth.c **** }
 4064              		.loc 1 295 2 is_stmt 1 view .LVU1843
ARM GAS  /tmp/ccrAXmTj.s 			page 108


 4065              	.LVL254:
 295:../common/ubertooth.c **** }
 4066              		.loc 1 295 2 is_stmt 0 view .LVU1844
 4067              	.LBE193:
 4068              	.LBE197:
 305:../common/ubertooth.c **** }
 4069              		.loc 1 305 2 is_stmt 1 view .LVU1845
 305:../common/ubertooth.c **** }
 4070              		.loc 1 305 2 is_stmt 0 view .LVU1846
 4071              	.LBE201:
 4072              	.LBE206:
 442:../common/ubertooth.c **** }
 4073              		.loc 1 442 26 discriminator 2 view .LVU1847
 4074 014a D6D1     		bne	.L219
 4075 014c ECE7     		b	.L243
 4076              	.L245:
 4077 014e 00BF     		.align	2
 4078              	.L244:
 4079 0150 00C00920 		.word	537509888
 4080              		.cfi_endproc
 4081              	.LFE20:
 4083              		.section	.text.clock_start,"ax",%progbits
 4084              		.align	1
 4085              		.p2align 2,,3
 4086              		.global	clock_start
 4087              		.syntax unified
 4088              		.thumb
 4089              		.thumb_func
 4091              	clock_start:
 4092              	.LFB21:
 444:../common/ubertooth.c **** 
 445:../common/ubertooth.c **** /* activate the CC2400's 16 MHz oscillator and sync LPC175x to it */
 446:../common/ubertooth.c **** void clock_start()
 447:../common/ubertooth.c **** {
 4093              		.loc 1 447 1 is_stmt 1 view -0
 4094              		.cfi_startproc
 4095              		@ args = 0, pretend = 0, frame = 0
 4096              		@ frame_needed = 0, uses_anonymous_args = 0
 4097 0000 38B5     		push	{r3, r4, r5, lr}
 4098              		.cfi_def_cfa_offset 16
 4099              		.cfi_offset 3, -16
 4100              		.cfi_offset 4, -12
 4101              		.cfi_offset 5, -8
 4102              		.cfi_offset 14, -4
 448:../common/ubertooth.c **** 	/* configure flash accelerator for higher clock rate */
 449:../common/ubertooth.c **** 	FLASHCFG = (0x03A | (FLASHTIM << 12));
 4103              		.loc 1 449 2 view .LVU1849
 450:../common/ubertooth.c **** 
 451:../common/ubertooth.c **** 	/* switch to the internal oscillator if necessary */
 452:../common/ubertooth.c **** 	CLKSRCSEL = 0;
 4104              		.loc 1 452 12 is_stmt 0 view .LVU1850
 4105 0002 0022     		movs	r2, #0
 449:../common/ubertooth.c **** 
 4106              		.loc 1 449 11 view .LVU1851
 4107 0004 44F23A04 		movw	r4, #16442
 453:../common/ubertooth.c **** 
 454:../common/ubertooth.c **** 	/* disconnect PLL0 */
ARM GAS  /tmp/ccrAXmTj.s 			page 109


 455:../common/ubertooth.c **** 	PLL0CON &= ~PLL0CON_PLLC0;
 456:../common/ubertooth.c **** 	PLL0FEED_SEQUENCE;
 4108              		.loc 1 456 2 view .LVU1852
 4109 0008 AA20     		movs	r0, #170
 4110 000a 5521     		movs	r1, #85
 449:../common/ubertooth.c **** 
 4111              		.loc 1 449 11 view .LVU1853
 4112 000c 824B     		ldr	r3, .L283
 4113 000e 1C60     		str	r4, [r3]
 452:../common/ubertooth.c **** 
 4114              		.loc 1 452 2 is_stmt 1 view .LVU1854
 452:../common/ubertooth.c **** 
 4115              		.loc 1 452 12 is_stmt 0 view .LVU1855
 4116 0010 C3F80C21 		str	r2, [r3, #268]
 455:../common/ubertooth.c **** 	PLL0FEED_SEQUENCE;
 4117              		.loc 1 455 2 is_stmt 1 view .LVU1856
 455:../common/ubertooth.c **** 	PLL0FEED_SEQUENCE;
 4118              		.loc 1 455 10 is_stmt 0 view .LVU1857
 4119 0014 D3F88020 		ldr	r2, [r3, #128]
 4120 0018 22F00202 		bic	r2, r2, #2
 4121 001c C3F88020 		str	r2, [r3, #128]
 4122              		.loc 1 456 2 is_stmt 1 view .LVU1858
 4123 0020 C3F88C00 		str	r0, [r3, #140]
 4124              		.loc 1 456 2 view .LVU1859
 4125 0024 C3F88C10 		str	r1, [r3, #140]
 457:../common/ubertooth.c **** 	while (PLL0STAT & PLL0STAT_PLLC0_STAT);
 4126              		.loc 1 457 2 view .LVU1860
 4127              	.L247:
 4128              		.loc 1 457 9 discriminator 1 view .LVU1861
 4129 0028 D3F88820 		ldr	r2, [r3, #136]
 4130 002c 9201     		lsls	r2, r2, #6
 4131 002e FBD4     		bmi	.L247
 458:../common/ubertooth.c **** 
 459:../common/ubertooth.c **** 	/* turn off PLL0 */
 460:../common/ubertooth.c **** 	PLL0CON &= ~PLL0CON_PLLE0;
 4132              		.loc 1 460 2 view .LVU1862
 461:../common/ubertooth.c **** 	PLL0FEED_SEQUENCE;
 4133              		.loc 1 461 2 is_stmt 0 view .LVU1863
 4134 0030 AA24     		movs	r4, #170
 4135 0032 5520     		movs	r0, #85
 460:../common/ubertooth.c **** 	PLL0FEED_SEQUENCE;
 4136              		.loc 1 460 10 view .LVU1864
 4137 0034 D3F88010 		ldr	r1, [r3, #128]
 462:../common/ubertooth.c **** 	while (PLL0STAT & PLL0STAT_PLLE0_STAT);
 4138              		.loc 1 462 9 discriminator 1 view .LVU1865
 4139 0038 774A     		ldr	r2, .L283
 460:../common/ubertooth.c **** 	PLL0FEED_SEQUENCE;
 4140              		.loc 1 460 10 view .LVU1866
 4141 003a 21F00101 		bic	r1, r1, #1
 4142 003e C3F88010 		str	r1, [r3, #128]
 461:../common/ubertooth.c **** 	PLL0FEED_SEQUENCE;
 4143              		.loc 1 461 2 is_stmt 1 view .LVU1867
 4144 0042 C3F88C40 		str	r4, [r3, #140]
 461:../common/ubertooth.c **** 	PLL0FEED_SEQUENCE;
 4145              		.loc 1 461 2 view .LVU1868
 4146 0046 C3F88C00 		str	r0, [r3, #140]
 4147              		.loc 1 462 2 view .LVU1869
ARM GAS  /tmp/ccrAXmTj.s 			page 110


 4148              	.L248:
 4149              		.loc 1 462 9 discriminator 1 view .LVU1870
 4150 004a D2F88830 		ldr	r3, [r2, #136]
 4151 004e 13F08073 		ands	r3, r3, #16777216
 4152 0052 FAD1     		bne	.L248
 463:../common/ubertooth.c **** 
 464:../common/ubertooth.c **** 	/* temporarily set CPU clock divider to 1 */
 465:../common/ubertooth.c **** 	CCLKCFG = 0;
 4153              		.loc 1 465 2 view .LVU1871
 4154              		.loc 1 465 10 is_stmt 0 view .LVU1872
 4155 0054 C2F80431 		str	r3, [r2, #260]
 466:../common/ubertooth.c **** 
 467:../common/ubertooth.c **** 	/* configure CC2400 oscillator, output carrier sense on GIO6 */
 468:../common/ubertooth.c **** 	cc2400_reset();
 4156              		.loc 1 468 2 is_stmt 1 view .LVU1873
 4157              	.LBB219:
 4158              	.LBB220:
 4159              	.LBB221:
 4160              	.LBB222:
 277:../common/ubertooth.c **** 
 4161              		.loc 1 277 2 is_stmt 0 view .LVU1874
 4162 0058 2025     		movs	r5, #32
 4163              	.LBE222:
 4164              	.LBE221:
 4165              	.LBE220:
 4166              	.LBE219:
 4167              		.loc 1 468 2 view .LVU1875
 4168 005a FFF7FEFF 		bl	cc2400_reset
 4169              	.LVL255:
 469:../common/ubertooth.c **** 	cc2400_set(IOCFG, (GIO_CARRIER_SENSE_N << 9) | (GIO_CLK_16M << 3));
 4170              		.loc 1 469 2 is_stmt 1 view .LVU1876
 4171              	.LBB229:
 4172              	.LBI219:
 309:../common/ubertooth.c **** {
 4173              		.loc 1 309 6 view .LVU1877
 4174              	.LBB227:
 311:../common/ubertooth.c **** 	cc2400_spi(24, out);
 4175              		.loc 1 311 2 view .LVU1878
 312:../common/ubertooth.c **** }
 4176              		.loc 1 312 2 view .LVU1879
 4177              	.LBB225:
 4178              	.LBI221:
 272:../common/ubertooth.c **** {
 4179              		.loc 1 272 5 view .LVU1880
 4180              	.LBB223:
 274:../common/ubertooth.c **** 
 4181              		.loc 1 274 2 view .LVU1881
 277:../common/ubertooth.c **** 
 4182              		.loc 1 277 2 view .LVU1882
 283:../common/ubertooth.c **** 		data <<= 1;
 4183              		.loc 1 283 4 is_stmt 0 view .LVU1883
 4184 005e 0124     		movs	r4, #1
 277:../common/ubertooth.c **** 
 4185              		.loc 1 277 2 view .LVU1884
 4186 0060 1823     		movs	r3, #24
 286:../common/ubertooth.c **** 		/* Save a few cycles by avoiding the compare/branch */
 4187              		.loc 1 286 3 view .LVU1885
ARM GAS  /tmp/ccrAXmTj.s 			page 111


 4188 0062 1020     		movs	r0, #16
 277:../common/ubertooth.c **** 
 4189              		.loc 1 277 2 view .LVU1886
 4190 0064 6D4A     		ldr	r2, .L283+4
 4191 0066 6E49     		ldr	r1, .L283+8
 4192 0068 D565     		str	r5, [r2, #92]
 279:../common/ubertooth.c **** 		if (data & msb)
 4193              		.loc 1 279 2 is_stmt 1 view .LVU1887
 279:../common/ubertooth.c **** 		if (data & msb)
 4194              		.loc 1 279 9 view .LVU1888
 4195              	.LVL256:
 4196              	.L252:
 280:../common/ubertooth.c **** 			MOSI_SET;
 4197              		.loc 1 280 3 view .LVU1889
 281:../common/ubertooth.c **** 		else
 4198              		.loc 1 281 4 view .LVU1890
 283:../common/ubertooth.c **** 		data <<= 1;
 4199              		.loc 1 283 4 view .LVU1891
 280:../common/ubertooth.c **** 			MOSI_SET;
 4200              		.loc 1 280 6 is_stmt 0 view .LVU1892
 4201 006a 0D02     		lsls	r5, r1, #8
 279:../common/ubertooth.c **** 		if (data & msb)
 4202              		.loc 1 279 9 view .LVU1893
 4203 006c 03F1FF3C 		add	ip, r3, #-1
 280:../common/ubertooth.c **** 			MOSI_SET;
 4204              		.loc 1 280 6 view .LVU1894
 4205 0070 0ED5     		bpl	.L249
 4206              	.L282:
 281:../common/ubertooth.c **** 		else
 4207              		.loc 1 281 4 view .LVU1895
 4208 0072 9465     		str	r4, [r2, #88]
 284:../common/ubertooth.c **** 
 4209              		.loc 1 284 3 is_stmt 1 view .LVU1896
 4210              	.LVL257:
 286:../common/ubertooth.c **** 		/* Save a few cycles by avoiding the compare/branch */
 4211              		.loc 1 286 3 view .LVU1897
 4212 0074 9065     		str	r0, [r2, #88]
 288:../common/ubertooth.c **** 		SCLK_CLR;
 4213              		.loc 1 288 3 view .LVU1898
 288:../common/ubertooth.c **** 		SCLK_CLR;
 4214              		.loc 1 288 13 is_stmt 0 view .LVU1899
 4215 0076 556D     		ldr	r5, [r2, #84]
 4216              	.LVL258:
 289:../common/ubertooth.c **** 	}
 4217              		.loc 1 289 3 is_stmt 1 view .LVU1900
 279:../common/ubertooth.c **** 		if (data & msb)
 4218              		.loc 1 279 9 is_stmt 0 view .LVU1901
 4219 0078 1CF0FF03 		ands	r3, ip, #255
 289:../common/ubertooth.c **** 	}
 4220              		.loc 1 289 3 view .LVU1902
 4221 007c D065     		str	r0, [r2, #92]
 279:../common/ubertooth.c **** 		if (data & msb)
 4222              		.loc 1 279 9 is_stmt 1 view .LVU1903
 288:../common/ubertooth.c **** 		SCLK_CLR;
 4223              		.loc 1 288 11 is_stmt 0 view .LVU1904
 4224 007e C5F3400E 		ubfx	lr, r5, #1, #1
 279:../common/ubertooth.c **** 		if (data & msb)
ARM GAS  /tmp/ccrAXmTj.s 			page 112


 4225              		.loc 1 279 9 view .LVU1905
 4226 0082 11D0     		beq	.L250
 288:../common/ubertooth.c **** 		SCLK_CLR;
 4227              		.loc 1 288 8 view .LVU1906
 4228 0084 4EEA4101 		orr	r1, lr, r1, lsl #1
 4229              	.LVL259:
 280:../common/ubertooth.c **** 			MOSI_SET;
 4230              		.loc 1 280 3 is_stmt 1 view .LVU1907
 281:../common/ubertooth.c **** 		else
 4231              		.loc 1 281 4 view .LVU1908
 283:../common/ubertooth.c **** 		data <<= 1;
 4232              		.loc 1 283 4 view .LVU1909
 280:../common/ubertooth.c **** 			MOSI_SET;
 4233              		.loc 1 280 6 is_stmt 0 view .LVU1910
 4234 0088 0D02     		lsls	r5, r1, #8
 279:../common/ubertooth.c **** 		if (data & msb)
 4235              		.loc 1 279 9 view .LVU1911
 4236 008a 03F1FF3C 		add	ip, r3, #-1
 280:../common/ubertooth.c **** 			MOSI_SET;
 4237              		.loc 1 280 6 view .LVU1912
 4238 008e F0D4     		bmi	.L282
 4239              	.L249:
 283:../common/ubertooth.c **** 		data <<= 1;
 4240              		.loc 1 283 4 view .LVU1913
 4241 0090 D465     		str	r4, [r2, #92]
 284:../common/ubertooth.c **** 
 4242              		.loc 1 284 3 is_stmt 1 view .LVU1914
 4243              	.LVL260:
 286:../common/ubertooth.c **** 		/* Save a few cycles by avoiding the compare/branch */
 4244              		.loc 1 286 3 view .LVU1915
 4245 0092 9065     		str	r0, [r2, #88]
 288:../common/ubertooth.c **** 		SCLK_CLR;
 4246              		.loc 1 288 3 view .LVU1916
 288:../common/ubertooth.c **** 		SCLK_CLR;
 4247              		.loc 1 288 13 is_stmt 0 view .LVU1917
 4248 0094 556D     		ldr	r5, [r2, #84]
 4249              	.LVL261:
 289:../common/ubertooth.c **** 	}
 4250              		.loc 1 289 3 is_stmt 1 view .LVU1918
 279:../common/ubertooth.c **** 		if (data & msb)
 4251              		.loc 1 279 9 is_stmt 0 view .LVU1919
 4252 0096 1CF0FF03 		ands	r3, ip, #255
 289:../common/ubertooth.c **** 	}
 4253              		.loc 1 289 3 view .LVU1920
 4254 009a D065     		str	r0, [r2, #92]
 279:../common/ubertooth.c **** 		if (data & msb)
 4255              		.loc 1 279 9 is_stmt 1 view .LVU1921
 288:../common/ubertooth.c **** 		SCLK_CLR;
 4256              		.loc 1 288 11 is_stmt 0 view .LVU1922
 4257 009c C5F3400C 		ubfx	ip, r5, #1, #1
 279:../common/ubertooth.c **** 		if (data & msb)
 4258              		.loc 1 279 9 view .LVU1923
 4259 00a0 02D0     		beq	.L250
 288:../common/ubertooth.c **** 		SCLK_CLR;
 4260              		.loc 1 288 8 view .LVU1924
 4261 00a2 4CEA4101 		orr	r1, ip, r1, lsl #1
 4262              	.LVL262:
ARM GAS  /tmp/ccrAXmTj.s 			page 113


 288:../common/ubertooth.c **** 		SCLK_CLR;
 4263              		.loc 1 288 8 view .LVU1925
 4264 00a6 E0E7     		b	.L252
 4265              	.LVL263:
 4266              	.L250:
 293:../common/ubertooth.c **** 
 4267              		.loc 1 293 2 is_stmt 1 view .LVU1926
 4268              	.LBE223:
 4269              	.LBE225:
 4270              	.LBE227:
 4271              	.LBE229:
 4272              	.LBB230:
 4273              	.LBB231:
 4274              	.LBB232:
 4275              	.LBB233:
 286:../common/ubertooth.c **** 		/* Save a few cycles by avoiding the compare/branch */
 4276              		.loc 1 286 3 is_stmt 0 view .LVU1927
 4277 00a8 1022     		movs	r2, #16
 283:../common/ubertooth.c **** 		data <<= 1;
 4278              		.loc 1 283 4 view .LVU1928
 4279 00aa 0121     		movs	r1, #1
 4280              	.LBE233:
 4281              	.LBE232:
 4282              	.LBE231:
 4283              	.LBE230:
 4284              	.LBB237:
 4285              	.LBB228:
 4286              	.LBB226:
 4287              	.LBB224:
 293:../common/ubertooth.c **** 
 4288              		.loc 1 293 2 view .LVU1929
 4289 00ac 2020     		movs	r0, #32
 4290 00ae 5B4B     		ldr	r3, .L283+4
 4291 00b0 9865     		str	r0, [r3, #88]
 295:../common/ubertooth.c **** }
 4292              		.loc 1 295 2 is_stmt 1 view .LVU1930
 4293              	.LVL264:
 295:../common/ubertooth.c **** }
 4294              		.loc 1 295 2 is_stmt 0 view .LVU1931
 4295              	.LBE224:
 4296              	.LBE226:
 4297              	.LBE228:
 4298              	.LBE237:
 470:../common/ubertooth.c **** 	cc2400_strobe(SXOSCON);
 4299              		.loc 1 470 2 is_stmt 1 view .LVU1932
 4300              	.LBB238:
 4301              	.LBI230:
 428:../common/ubertooth.c **** {
 4302              		.loc 1 428 4 view .LVU1933
 4303              	.LBB236:
 430:../common/ubertooth.c **** }
 4304              		.loc 1 430 2 view .LVU1934
 4305              	.LBB235:
 4306              	.LBI232:
 272:../common/ubertooth.c **** {
 4307              		.loc 1 272 5 view .LVU1935
 4308              	.LBB234:
ARM GAS  /tmp/ccrAXmTj.s 			page 114


 274:../common/ubertooth.c **** 
 4309              		.loc 1 274 2 view .LVU1936
 277:../common/ubertooth.c **** 
 4310              		.loc 1 277 2 view .LVU1937
 4311 00b2 D865     		str	r0, [r3, #92]
 279:../common/ubertooth.c **** 		if (data & msb)
 4312              		.loc 1 279 2 view .LVU1938
 279:../common/ubertooth.c **** 		if (data & msb)
 4313              		.loc 1 279 9 view .LVU1939
 280:../common/ubertooth.c **** 			MOSI_SET;
 4314              		.loc 1 280 3 view .LVU1940
 4315              	.LVL265:
 283:../common/ubertooth.c **** 		data <<= 1;
 4316              		.loc 1 283 4 view .LVU1941
 4317 00b4 D965     		str	r1, [r3, #92]
 284:../common/ubertooth.c **** 
 4318              		.loc 1 284 3 view .LVU1942
 4319              	.LVL266:
 286:../common/ubertooth.c **** 		/* Save a few cycles by avoiding the compare/branch */
 4320              		.loc 1 286 3 view .LVU1943
 4321 00b6 9A65     		str	r2, [r3, #88]
 288:../common/ubertooth.c **** 		SCLK_CLR;
 4322              		.loc 1 288 3 view .LVU1944
 288:../common/ubertooth.c **** 		SCLK_CLR;
 4323              		.loc 1 288 13 is_stmt 0 view .LVU1945
 4324 00b8 5C6D     		ldr	r4, [r3, #84]
 4325              	.LVL267:
 289:../common/ubertooth.c **** 	}
 4326              		.loc 1 289 3 is_stmt 1 view .LVU1946
 4327 00ba DA65     		str	r2, [r3, #92]
 279:../common/ubertooth.c **** 		if (data & msb)
 4328              		.loc 1 279 9 view .LVU1947
 280:../common/ubertooth.c **** 			MOSI_SET;
 4329              		.loc 1 280 3 view .LVU1948
 281:../common/ubertooth.c **** 		else
 4330              		.loc 1 281 4 view .LVU1949
 4331 00bc 9965     		str	r1, [r3, #88]
 284:../common/ubertooth.c **** 
 4332              		.loc 1 284 3 view .LVU1950
 286:../common/ubertooth.c **** 		/* Save a few cycles by avoiding the compare/branch */
 4333              		.loc 1 286 3 view .LVU1951
 4334 00be 9A65     		str	r2, [r3, #88]
 288:../common/ubertooth.c **** 		SCLK_CLR;
 4335              		.loc 1 288 3 view .LVU1952
 288:../common/ubertooth.c **** 		SCLK_CLR;
 4336              		.loc 1 288 13 is_stmt 0 view .LVU1953
 4337 00c0 5C6D     		ldr	r4, [r3, #84]
 289:../common/ubertooth.c **** 	}
 4338              		.loc 1 289 3 is_stmt 1 view .LVU1954
 4339 00c2 DA65     		str	r2, [r3, #92]
 279:../common/ubertooth.c **** 		if (data & msb)
 4340              		.loc 1 279 9 view .LVU1955
 280:../common/ubertooth.c **** 			MOSI_SET;
 4341              		.loc 1 280 3 view .LVU1956
 281:../common/ubertooth.c **** 		else
 4342              		.loc 1 281 4 view .LVU1957
 4343 00c4 9965     		str	r1, [r3, #88]
ARM GAS  /tmp/ccrAXmTj.s 			page 115


 284:../common/ubertooth.c **** 
 4344              		.loc 1 284 3 view .LVU1958
 286:../common/ubertooth.c **** 		/* Save a few cycles by avoiding the compare/branch */
 4345              		.loc 1 286 3 view .LVU1959
 4346 00c6 9A65     		str	r2, [r3, #88]
 288:../common/ubertooth.c **** 		SCLK_CLR;
 4347              		.loc 1 288 3 view .LVU1960
 288:../common/ubertooth.c **** 		SCLK_CLR;
 4348              		.loc 1 288 13 is_stmt 0 view .LVU1961
 4349 00c8 5C6D     		ldr	r4, [r3, #84]
 289:../common/ubertooth.c **** 	}
 4350              		.loc 1 289 3 is_stmt 1 view .LVU1962
 4351 00ca DA65     		str	r2, [r3, #92]
 279:../common/ubertooth.c **** 		if (data & msb)
 4352              		.loc 1 279 9 view .LVU1963
 280:../common/ubertooth.c **** 			MOSI_SET;
 4353              		.loc 1 280 3 view .LVU1964
 283:../common/ubertooth.c **** 		data <<= 1;
 4354              		.loc 1 283 4 view .LVU1965
 4355 00cc D965     		str	r1, [r3, #92]
 284:../common/ubertooth.c **** 
 4356              		.loc 1 284 3 view .LVU1966
 286:../common/ubertooth.c **** 		/* Save a few cycles by avoiding the compare/branch */
 4357              		.loc 1 286 3 view .LVU1967
 4358 00ce 9A65     		str	r2, [r3, #88]
 288:../common/ubertooth.c **** 		SCLK_CLR;
 4359              		.loc 1 288 3 view .LVU1968
 288:../common/ubertooth.c **** 		SCLK_CLR;
 4360              		.loc 1 288 13 is_stmt 0 view .LVU1969
 4361 00d0 5C6D     		ldr	r4, [r3, #84]
 289:../common/ubertooth.c **** 	}
 4362              		.loc 1 289 3 is_stmt 1 view .LVU1970
 4363 00d2 DA65     		str	r2, [r3, #92]
 279:../common/ubertooth.c **** 		if (data & msb)
 4364              		.loc 1 279 9 view .LVU1971
 280:../common/ubertooth.c **** 			MOSI_SET;
 4365              		.loc 1 280 3 view .LVU1972
 283:../common/ubertooth.c **** 		data <<= 1;
 4366              		.loc 1 283 4 view .LVU1973
 4367 00d4 D965     		str	r1, [r3, #92]
 284:../common/ubertooth.c **** 
 4368              		.loc 1 284 3 view .LVU1974
 286:../common/ubertooth.c **** 		/* Save a few cycles by avoiding the compare/branch */
 4369              		.loc 1 286 3 view .LVU1975
 4370 00d6 9A65     		str	r2, [r3, #88]
 288:../common/ubertooth.c **** 		SCLK_CLR;
 4371              		.loc 1 288 3 view .LVU1976
 288:../common/ubertooth.c **** 		SCLK_CLR;
 4372              		.loc 1 288 13 is_stmt 0 view .LVU1977
 4373 00d8 5C6D     		ldr	r4, [r3, #84]
 289:../common/ubertooth.c **** 	}
 4374              		.loc 1 289 3 is_stmt 1 view .LVU1978
 4375 00da DA65     		str	r2, [r3, #92]
 279:../common/ubertooth.c **** 		if (data & msb)
 4376              		.loc 1 279 9 view .LVU1979
 280:../common/ubertooth.c **** 			MOSI_SET;
 4377              		.loc 1 280 3 view .LVU1980
ARM GAS  /tmp/ccrAXmTj.s 			page 116


 283:../common/ubertooth.c **** 		data <<= 1;
 4378              		.loc 1 283 4 view .LVU1981
 4379 00dc D965     		str	r1, [r3, #92]
 284:../common/ubertooth.c **** 
 4380              		.loc 1 284 3 view .LVU1982
 286:../common/ubertooth.c **** 		/* Save a few cycles by avoiding the compare/branch */
 4381              		.loc 1 286 3 view .LVU1983
 4382 00de 9A65     		str	r2, [r3, #88]
 288:../common/ubertooth.c **** 		SCLK_CLR;
 4383              		.loc 1 288 3 view .LVU1984
 288:../common/ubertooth.c **** 		SCLK_CLR;
 4384              		.loc 1 288 13 is_stmt 0 view .LVU1985
 4385 00e0 5C6D     		ldr	r4, [r3, #84]
 289:../common/ubertooth.c **** 	}
 4386              		.loc 1 289 3 is_stmt 1 view .LVU1986
 4387 00e2 DA65     		str	r2, [r3, #92]
 279:../common/ubertooth.c **** 		if (data & msb)
 4388              		.loc 1 279 9 view .LVU1987
 280:../common/ubertooth.c **** 			MOSI_SET;
 4389              		.loc 1 280 3 view .LVU1988
 283:../common/ubertooth.c **** 		data <<= 1;
 4390              		.loc 1 283 4 view .LVU1989
 4391 00e4 D965     		str	r1, [r3, #92]
 284:../common/ubertooth.c **** 
 4392              		.loc 1 284 3 view .LVU1990
 286:../common/ubertooth.c **** 		/* Save a few cycles by avoiding the compare/branch */
 4393              		.loc 1 286 3 view .LVU1991
 4394 00e6 9A65     		str	r2, [r3, #88]
 288:../common/ubertooth.c **** 		SCLK_CLR;
 4395              		.loc 1 288 3 view .LVU1992
 288:../common/ubertooth.c **** 		SCLK_CLR;
 4396              		.loc 1 288 13 is_stmt 0 view .LVU1993
 4397 00e8 5C6D     		ldr	r4, [r3, #84]
 289:../common/ubertooth.c **** 	}
 4398              		.loc 1 289 3 is_stmt 1 view .LVU1994
 4399 00ea DA65     		str	r2, [r3, #92]
 279:../common/ubertooth.c **** 		if (data & msb)
 4400              		.loc 1 279 9 view .LVU1995
 280:../common/ubertooth.c **** 			MOSI_SET;
 4401              		.loc 1 280 3 view .LVU1996
 283:../common/ubertooth.c **** 		data <<= 1;
 4402              		.loc 1 283 4 view .LVU1997
 4403 00ec D965     		str	r1, [r3, #92]
 284:../common/ubertooth.c **** 
 4404              		.loc 1 284 3 view .LVU1998
 286:../common/ubertooth.c **** 		/* Save a few cycles by avoiding the compare/branch */
 4405              		.loc 1 286 3 view .LVU1999
 4406 00ee 9A65     		str	r2, [r3, #88]
 288:../common/ubertooth.c **** 		SCLK_CLR;
 4407              		.loc 1 288 3 view .LVU2000
 288:../common/ubertooth.c **** 		SCLK_CLR;
 4408              		.loc 1 288 13 is_stmt 0 view .LVU2001
 4409 00f0 5C6D     		ldr	r4, [r3, #84]
 289:../common/ubertooth.c **** 	}
 4410              		.loc 1 289 3 is_stmt 1 view .LVU2002
 4411 00f2 DA65     		str	r2, [r3, #92]
 279:../common/ubertooth.c **** 		if (data & msb)
ARM GAS  /tmp/ccrAXmTj.s 			page 117


 4412              		.loc 1 279 9 view .LVU2003
 293:../common/ubertooth.c **** 
 4413              		.loc 1 293 2 view .LVU2004
 4414 00f4 9865     		str	r0, [r3, #88]
 295:../common/ubertooth.c **** }
 4415              		.loc 1 295 2 view .LVU2005
 4416              	.LVL268:
 295:../common/ubertooth.c **** }
 4417              		.loc 1 295 2 is_stmt 0 view .LVU2006
 4418              	.LBE234:
 4419              	.LBE235:
 4420              	.LBE236:
 4421              	.LBE238:
 471:../common/ubertooth.c **** 	while (!(cc2400_status() & XOSC16M_STABLE));
 4422              		.loc 1 471 2 is_stmt 1 view .LVU2007
 4423              	.L253:
 4424              		.loc 1 471 9 discriminator 2 view .LVU2008
 4425              	.LBB239:
 4426              	.LBI239:
 422:../common/ubertooth.c **** {
 4427              		.loc 1 422 4 view .LVU2009
 4428              	.LBB240:
 424:../common/ubertooth.c **** }
 4429              		.loc 1 424 2 view .LVU2010
 4430              	.LBB241:
 4431              	.LBI241:
 272:../common/ubertooth.c **** {
 4432              		.loc 1 272 5 view .LVU2011
 4433              	.LBB242:
 274:../common/ubertooth.c **** 
 4434              		.loc 1 274 2 view .LVU2012
 277:../common/ubertooth.c **** 
 4435              		.loc 1 277 2 view .LVU2013
 4436 00f6 D865     		str	r0, [r3, #92]
 279:../common/ubertooth.c **** 		if (data & msb)
 4437              		.loc 1 279 2 view .LVU2014
 279:../common/ubertooth.c **** 		if (data & msb)
 4438              		.loc 1 279 9 view .LVU2015
 4439              	.LVL269:
 280:../common/ubertooth.c **** 			MOSI_SET;
 4440              		.loc 1 280 3 view .LVU2016
 283:../common/ubertooth.c **** 		data <<= 1;
 4441              		.loc 1 283 4 view .LVU2017
 4442 00f8 D965     		str	r1, [r3, #92]
 284:../common/ubertooth.c **** 
 4443              		.loc 1 284 3 view .LVU2018
 286:../common/ubertooth.c **** 		/* Save a few cycles by avoiding the compare/branch */
 4444              		.loc 1 286 3 view .LVU2019
 4445 00fa 9A65     		str	r2, [r3, #88]
 288:../common/ubertooth.c **** 		SCLK_CLR;
 4446              		.loc 1 288 3 view .LVU2020
 288:../common/ubertooth.c **** 		SCLK_CLR;
 4447              		.loc 1 288 13 is_stmt 0 view .LVU2021
 4448 00fc 5C6D     		ldr	r4, [r3, #84]
 4449              	.LVL270:
 289:../common/ubertooth.c **** 	}
 4450              		.loc 1 289 3 is_stmt 1 view .LVU2022
ARM GAS  /tmp/ccrAXmTj.s 			page 118


 4451 00fe DA65     		str	r2, [r3, #92]
 279:../common/ubertooth.c **** 		if (data & msb)
 4452              		.loc 1 279 9 view .LVU2023
 4453              	.LVL271:
 280:../common/ubertooth.c **** 			MOSI_SET;
 4454              		.loc 1 280 3 view .LVU2024
 283:../common/ubertooth.c **** 		data <<= 1;
 4455              		.loc 1 283 4 view .LVU2025
 4456 0100 D965     		str	r1, [r3, #92]
 284:../common/ubertooth.c **** 
 4457              		.loc 1 284 3 view .LVU2026
 286:../common/ubertooth.c **** 		/* Save a few cycles by avoiding the compare/branch */
 4458              		.loc 1 286 3 view .LVU2027
 4459 0102 9A65     		str	r2, [r3, #88]
 288:../common/ubertooth.c **** 		SCLK_CLR;
 4460              		.loc 1 288 3 view .LVU2028
 289:../common/ubertooth.c **** 	}
 4461              		.loc 1 289 3 view .LVU2029
 288:../common/ubertooth.c **** 		SCLK_CLR;
 4462              		.loc 1 288 13 is_stmt 0 view .LVU2030
 4463 0104 5D6D     		ldr	r5, [r3, #84]
 289:../common/ubertooth.c **** 	}
 4464              		.loc 1 289 3 view .LVU2031
 4465 0106 DA65     		str	r2, [r3, #92]
 279:../common/ubertooth.c **** 		if (data & msb)
 4466              		.loc 1 279 9 is_stmt 1 view .LVU2032
 4467              	.LVL272:
 280:../common/ubertooth.c **** 			MOSI_SET;
 4468              		.loc 1 280 3 view .LVU2033
 283:../common/ubertooth.c **** 		data <<= 1;
 4469              		.loc 1 283 4 view .LVU2034
 4470 0108 D965     		str	r1, [r3, #92]
 284:../common/ubertooth.c **** 
 4471              		.loc 1 284 3 view .LVU2035
 286:../common/ubertooth.c **** 		/* Save a few cycles by avoiding the compare/branch */
 4472              		.loc 1 286 3 view .LVU2036
 4473 010a 9A65     		str	r2, [r3, #88]
 288:../common/ubertooth.c **** 		SCLK_CLR;
 4474              		.loc 1 288 3 view .LVU2037
 289:../common/ubertooth.c **** 	}
 4475              		.loc 1 289 3 view .LVU2038
 288:../common/ubertooth.c **** 		SCLK_CLR;
 4476              		.loc 1 288 13 is_stmt 0 view .LVU2039
 4477 010c 5C6D     		ldr	r4, [r3, #84]
 289:../common/ubertooth.c **** 	}
 4478              		.loc 1 289 3 view .LVU2040
 4479 010e DA65     		str	r2, [r3, #92]
 279:../common/ubertooth.c **** 		if (data & msb)
 4480              		.loc 1 279 9 is_stmt 1 view .LVU2041
 4481              	.LVL273:
 280:../common/ubertooth.c **** 			MOSI_SET;
 4482              		.loc 1 280 3 view .LVU2042
 283:../common/ubertooth.c **** 		data <<= 1;
 4483              		.loc 1 283 4 view .LVU2043
 4484 0110 D965     		str	r1, [r3, #92]
 284:../common/ubertooth.c **** 
 4485              		.loc 1 284 3 view .LVU2044
ARM GAS  /tmp/ccrAXmTj.s 			page 119


 286:../common/ubertooth.c **** 		/* Save a few cycles by avoiding the compare/branch */
 4486              		.loc 1 286 3 view .LVU2045
 4487 0112 9A65     		str	r2, [r3, #88]
 288:../common/ubertooth.c **** 		SCLK_CLR;
 4488              		.loc 1 288 3 view .LVU2046
 288:../common/ubertooth.c **** 		SCLK_CLR;
 4489              		.loc 1 288 13 is_stmt 0 view .LVU2047
 4490 0114 5C6D     		ldr	r4, [r3, #84]
 289:../common/ubertooth.c **** 	}
 4491              		.loc 1 289 3 is_stmt 1 view .LVU2048
 4492 0116 DA65     		str	r2, [r3, #92]
 279:../common/ubertooth.c **** 		if (data & msb)
 4493              		.loc 1 279 9 view .LVU2049
 4494              	.LVL274:
 280:../common/ubertooth.c **** 			MOSI_SET;
 4495              		.loc 1 280 3 view .LVU2050
 283:../common/ubertooth.c **** 		data <<= 1;
 4496              		.loc 1 283 4 view .LVU2051
 4497 0118 D965     		str	r1, [r3, #92]
 284:../common/ubertooth.c **** 
 4498              		.loc 1 284 3 view .LVU2052
 286:../common/ubertooth.c **** 		/* Save a few cycles by avoiding the compare/branch */
 4499              		.loc 1 286 3 view .LVU2053
 4500 011a 9A65     		str	r2, [r3, #88]
 288:../common/ubertooth.c **** 		SCLK_CLR;
 4501              		.loc 1 288 3 view .LVU2054
 288:../common/ubertooth.c **** 		SCLK_CLR;
 4502              		.loc 1 288 13 is_stmt 0 view .LVU2055
 4503 011c 5C6D     		ldr	r4, [r3, #84]
 289:../common/ubertooth.c **** 	}
 4504              		.loc 1 289 3 is_stmt 1 view .LVU2056
 4505 011e DA65     		str	r2, [r3, #92]
 279:../common/ubertooth.c **** 		if (data & msb)
 4506              		.loc 1 279 9 view .LVU2057
 4507              	.LVL275:
 280:../common/ubertooth.c **** 			MOSI_SET;
 4508              		.loc 1 280 3 view .LVU2058
 283:../common/ubertooth.c **** 		data <<= 1;
 4509              		.loc 1 283 4 view .LVU2059
 4510 0120 D965     		str	r1, [r3, #92]
 284:../common/ubertooth.c **** 
 4511              		.loc 1 284 3 view .LVU2060
 286:../common/ubertooth.c **** 		/* Save a few cycles by avoiding the compare/branch */
 4512              		.loc 1 286 3 view .LVU2061
 4513 0122 9A65     		str	r2, [r3, #88]
 288:../common/ubertooth.c **** 		SCLK_CLR;
 4514              		.loc 1 288 3 view .LVU2062
 288:../common/ubertooth.c **** 		SCLK_CLR;
 4515              		.loc 1 288 13 is_stmt 0 view .LVU2063
 4516 0124 5C6D     		ldr	r4, [r3, #84]
 289:../common/ubertooth.c **** 	}
 4517              		.loc 1 289 3 is_stmt 1 view .LVU2064
 4518 0126 DA65     		str	r2, [r3, #92]
 279:../common/ubertooth.c **** 		if (data & msb)
 4519              		.loc 1 279 9 view .LVU2065
 4520              	.LVL276:
 280:../common/ubertooth.c **** 			MOSI_SET;
ARM GAS  /tmp/ccrAXmTj.s 			page 120


 4521              		.loc 1 280 3 view .LVU2066
 283:../common/ubertooth.c **** 		data <<= 1;
 4522              		.loc 1 283 4 view .LVU2067
 4523 0128 D965     		str	r1, [r3, #92]
 284:../common/ubertooth.c **** 
 4524              		.loc 1 284 3 view .LVU2068
 286:../common/ubertooth.c **** 		/* Save a few cycles by avoiding the compare/branch */
 4525              		.loc 1 286 3 view .LVU2069
 4526 012a 9A65     		str	r2, [r3, #88]
 288:../common/ubertooth.c **** 		SCLK_CLR;
 4527              		.loc 1 288 3 view .LVU2070
 288:../common/ubertooth.c **** 		SCLK_CLR;
 4528              		.loc 1 288 13 is_stmt 0 view .LVU2071
 4529 012c 5C6D     		ldr	r4, [r3, #84]
 289:../common/ubertooth.c **** 	}
 4530              		.loc 1 289 3 is_stmt 1 view .LVU2072
 4531 012e DA65     		str	r2, [r3, #92]
 279:../common/ubertooth.c **** 		if (data & msb)
 4532              		.loc 1 279 9 view .LVU2073
 4533              	.LVL277:
 280:../common/ubertooth.c **** 			MOSI_SET;
 4534              		.loc 1 280 3 view .LVU2074
 283:../common/ubertooth.c **** 		data <<= 1;
 4535              		.loc 1 283 4 view .LVU2075
 4536 0130 D965     		str	r1, [r3, #92]
 284:../common/ubertooth.c **** 
 4537              		.loc 1 284 3 view .LVU2076
 286:../common/ubertooth.c **** 		/* Save a few cycles by avoiding the compare/branch */
 4538              		.loc 1 286 3 view .LVU2077
 4539 0132 9A65     		str	r2, [r3, #88]
 288:../common/ubertooth.c **** 		SCLK_CLR;
 4540              		.loc 1 288 3 view .LVU2078
 288:../common/ubertooth.c **** 		SCLK_CLR;
 4541              		.loc 1 288 13 is_stmt 0 view .LVU2079
 4542 0134 5C6D     		ldr	r4, [r3, #84]
 289:../common/ubertooth.c **** 	}
 4543              		.loc 1 289 3 is_stmt 1 view .LVU2080
 4544              	.LBE242:
 4545              	.LBE241:
 4546              	.LBE240:
 4547              	.LBE239:
 4548              		.loc 1 471 9 is_stmt 0 discriminator 2 view .LVU2081
 4549 0136 AC07     		lsls	r4, r5, #30
 4550              	.LBB246:
 4551              	.LBB245:
 4552              	.LBB244:
 4553              	.LBB243:
 289:../common/ubertooth.c **** 	}
 4554              		.loc 1 289 3 view .LVU2082
 4555 0138 DA65     		str	r2, [r3, #92]
 279:../common/ubertooth.c **** 		if (data & msb)
 4556              		.loc 1 279 9 is_stmt 1 view .LVU2083
 4557              	.LVL278:
 293:../common/ubertooth.c **** 
 4558              		.loc 1 293 2 view .LVU2084
 4559 013a 9865     		str	r0, [r3, #88]
 295:../common/ubertooth.c **** }
ARM GAS  /tmp/ccrAXmTj.s 			page 121


 4560              		.loc 1 295 2 view .LVU2085
 4561              	.LVL279:
 295:../common/ubertooth.c **** }
 4562              		.loc 1 295 2 is_stmt 0 view .LVU2086
 4563              	.LBE243:
 4564              	.LBE244:
 4565              	.LBE245:
 4566              	.LBE246:
 4567              		.loc 1 471 9 discriminator 2 view .LVU2087
 4568 013c DBD5     		bpl	.L253
 472:../common/ubertooth.c **** 
 473:../common/ubertooth.c **** 	/* activate main oscillator */
 474:../common/ubertooth.c **** 	SCS = SCS_OSCEN;
 4569              		.loc 1 474 2 is_stmt 1 view .LVU2088
 4570              		.loc 1 474 6 is_stmt 0 view .LVU2089
 4571 013e 364B     		ldr	r3, .L283
 4572 0140 C3F8A001 		str	r0, [r3, #416]
 475:../common/ubertooth.c **** 	while (!(SCS & SCS_OSCSTAT));
 4573              		.loc 1 475 2 is_stmt 1 view .LVU2090
 4574              	.L254:
 4575              		.loc 1 475 9 discriminator 1 view .LVU2091
 4576              		.loc 1 475 11 is_stmt 0 discriminator 1 view .LVU2092
 4577 0144 D3F8A021 		ldr	r2, [r3, #416]
 4578              		.loc 1 475 9 discriminator 1 view .LVU2093
 4579 0148 5206     		lsls	r2, r2, #25
 4580 014a FBD5     		bpl	.L254
 476:../common/ubertooth.c **** 
 477:../common/ubertooth.c **** 	/*
 478:../common/ubertooth.c **** 	 * errata sheet says we must select peripheral clock before enabling and
 479:../common/ubertooth.c **** 	 * connecting PLL0
 480:../common/ubertooth.c ****  	 */
 481:../common/ubertooth.c **** #ifdef TC13BADGE
 482:../common/ubertooth.c **** 	PCLKSEL0  = (1 << 2); /* TIMER0 at cclk (30 MHz) */
 483:../common/ubertooth.c **** 	PCLKSEL1  = 0;
 484:../common/ubertooth.c **** #else
 485:../common/ubertooth.c ****         // XXX here
 486:../common/ubertooth.c **** 	PCLKSEL0  = (2 << 2) | (2 << 4); /* TIMER0 and TIMER1 at cclk/2 (50 MHz) */
 4581              		.loc 1 486 2 is_stmt 1 view .LVU2094
 487:../common/ubertooth.c **** 	PCLKSEL1  = (2 << 12); /* TIMER2 at cclk/2 (50 MHz) */
 488:../common/ubertooth.c **** #endif
 489:../common/ubertooth.c **** 
 490:../common/ubertooth.c **** 	/* switch to main oscillator */
 491:../common/ubertooth.c **** 	CLKSRCSEL = 1;
 492:../common/ubertooth.c **** 
 493:../common/ubertooth.c **** 	/* configure PLL0 */
 494:../common/ubertooth.c **** 	PLL0CFG = (MSEL0 << 0) | (NSEL0 << 16);
 495:../common/ubertooth.c **** 	PLL0FEED_SEQUENCE;
 4582              		.loc 1 495 2 is_stmt 0 view .LVU2095
 4583 014c AA24     		movs	r4, #170
 4584 014e 5520     		movs	r0, #85
 491:../common/ubertooth.c **** 
 4585              		.loc 1 491 12 view .LVU2096
 4586 0150 4FF0010C 		mov	ip, #1
 486:../common/ubertooth.c **** 	PCLKSEL1  = (2 << 12); /* TIMER2 at cclk/2 (50 MHz) */
 4587              		.loc 1 486 12 view .LVU2097
 4588 0154 2825     		movs	r5, #40
 487:../common/ubertooth.c **** 	PCLKSEL1  = (2 << 12); /* TIMER2 at cclk/2 (50 MHz) */
ARM GAS  /tmp/ccrAXmTj.s 			page 122


 4589              		.loc 1 487 12 view .LVU2098
 4590 0156 4FF4005E 		mov	lr, #8192
 494:../common/ubertooth.c **** 	PLL0FEED_SEQUENCE;
 4591              		.loc 1 494 10 view .LVU2099
 4592 015a 324A     		ldr	r2, .L283+12
 486:../common/ubertooth.c **** 	PCLKSEL1  = (2 << 12); /* TIMER2 at cclk/2 (50 MHz) */
 4593              		.loc 1 486 12 view .LVU2100
 4594 015c C3F8A851 		str	r5, [r3, #424]
 487:../common/ubertooth.c **** #endif
 4595              		.loc 1 487 2 is_stmt 1 view .LVU2101
 487:../common/ubertooth.c **** #endif
 4596              		.loc 1 487 12 is_stmt 0 view .LVU2102
 4597 0160 C3F8ACE1 		str	lr, [r3, #428]
 491:../common/ubertooth.c **** 
 4598              		.loc 1 491 2 is_stmt 1 view .LVU2103
 491:../common/ubertooth.c **** 
 4599              		.loc 1 491 12 is_stmt 0 view .LVU2104
 4600 0164 C3F80CC1 		str	ip, [r3, #268]
 494:../common/ubertooth.c **** 	PLL0FEED_SEQUENCE;
 4601              		.loc 1 494 2 is_stmt 1 view .LVU2105
 494:../common/ubertooth.c **** 	PLL0FEED_SEQUENCE;
 4602              		.loc 1 494 10 is_stmt 0 view .LVU2106
 4603 0168 C3F88420 		str	r2, [r3, #132]
 4604              		.loc 1 495 2 is_stmt 1 view .LVU2107
 4605 016c C3F88C40 		str	r4, [r3, #140]
 4606              		.loc 1 495 2 view .LVU2108
 4607 0170 C3F88C00 		str	r0, [r3, #140]
 496:../common/ubertooth.c **** 
 497:../common/ubertooth.c **** 	/* turn on PLL0 */
 498:../common/ubertooth.c **** 	PLL0CON |= PLL0CON_PLLE0;
 4608              		.loc 1 498 2 view .LVU2109
 4609 0174 D3F88020 		ldr	r2, [r3, #128]
 499:../common/ubertooth.c **** 	PLL0FEED_SEQUENCE;
 500:../common/ubertooth.c **** 	while (!(PLL0STAT & PLL0STAT_PLLE0_STAT));
 4610              		.loc 1 500 11 is_stmt 0 discriminator 1 view .LVU2110
 4611 0178 2749     		ldr	r1, .L283
 498:../common/ubertooth.c **** 	PLL0FEED_SEQUENCE;
 4612              		.loc 1 498 10 view .LVU2111
 4613 017a 42EA0C02 		orr	r2, r2, ip
 4614 017e C3F88020 		str	r2, [r3, #128]
 499:../common/ubertooth.c **** 	PLL0FEED_SEQUENCE;
 4615              		.loc 1 499 2 is_stmt 1 view .LVU2112
 4616 0182 C3F88C40 		str	r4, [r3, #140]
 499:../common/ubertooth.c **** 	PLL0FEED_SEQUENCE;
 4617              		.loc 1 499 2 view .LVU2113
 4618 0186 C3F88C00 		str	r0, [r3, #140]
 4619              		.loc 1 500 2 view .LVU2114
 4620              	.L255:
 4621              		.loc 1 500 9 discriminator 1 view .LVU2115
 4622              		.loc 1 500 11 is_stmt 0 discriminator 1 view .LVU2116
 4623 018a D1F88830 		ldr	r3, [r1, #136]
 4624              		.loc 1 500 9 discriminator 1 view .LVU2117
 4625 018e DD01     		lsls	r5, r3, #7
 4626 0190 FBD5     		bpl	.L255
 501:../common/ubertooth.c **** 
 502:../common/ubertooth.c **** 	/* set CPU clock divider */
 503:../common/ubertooth.c **** 	CCLKCFG = CCLKSEL;
ARM GAS  /tmp/ccrAXmTj.s 			page 123


 4627              		.loc 1 503 2 is_stmt 1 view .LVU2118
 4628              		.loc 1 503 10 is_stmt 0 view .LVU2119
 4629 0192 0323     		movs	r3, #3
 504:../common/ubertooth.c **** 
 505:../common/ubertooth.c **** 	/* connect PLL0 */
 506:../common/ubertooth.c **** 	PLL0CON |= PLL0CON_PLLC0;
 507:../common/ubertooth.c **** 	PLL0FEED_SEQUENCE;
 4630              		.loc 1 507 2 view .LVU2120
 4631 0194 AA24     		movs	r4, #170
 4632 0196 5520     		movs	r0, #85
 503:../common/ubertooth.c **** 
 4633              		.loc 1 503 10 view .LVU2121
 4634 0198 C1F80431 		str	r3, [r1, #260]
 506:../common/ubertooth.c **** 	PLL0FEED_SEQUENCE;
 4635              		.loc 1 506 2 is_stmt 1 view .LVU2122
 4636 019c D1F88030 		ldr	r3, [r1, #128]
 508:../common/ubertooth.c **** 	while (!(PLL0STAT & PLL0STAT_PLLC0_STAT));
 4637              		.loc 1 508 11 is_stmt 0 discriminator 1 view .LVU2123
 4638 01a0 1D4A     		ldr	r2, .L283
 506:../common/ubertooth.c **** 	PLL0FEED_SEQUENCE;
 4639              		.loc 1 506 10 view .LVU2124
 4640 01a2 43F00203 		orr	r3, r3, #2
 4641 01a6 C1F88030 		str	r3, [r1, #128]
 507:../common/ubertooth.c **** 	while (!(PLL0STAT & PLL0STAT_PLLC0_STAT));
 4642              		.loc 1 507 2 is_stmt 1 view .LVU2125
 4643 01aa C1F88C40 		str	r4, [r1, #140]
 507:../common/ubertooth.c **** 	while (!(PLL0STAT & PLL0STAT_PLLC0_STAT));
 4644              		.loc 1 507 2 view .LVU2126
 4645 01ae C1F88C00 		str	r0, [r1, #140]
 4646              		.loc 1 508 2 view .LVU2127
 4647              	.L256:
 4648              		.loc 1 508 9 discriminator 1 view .LVU2128
 4649              		.loc 1 508 11 is_stmt 0 discriminator 1 view .LVU2129
 4650 01b2 D2F88830 		ldr	r3, [r2, #136]
 4651              		.loc 1 508 9 discriminator 1 view .LVU2130
 4652 01b6 9C01     		lsls	r4, r3, #6
 4653 01b8 FBD5     		bpl	.L256
 509:../common/ubertooth.c **** 
 510:../common/ubertooth.c **** 	/* configure PLL1 */
 511:../common/ubertooth.c **** 	PLL1CFG = (MSEL1 << 0) | (PSEL1 << 5);
 4654              		.loc 1 511 2 is_stmt 1 view .LVU2131
 512:../common/ubertooth.c **** 	PLL1FEED_SEQUENCE;
 4655              		.loc 1 512 2 is_stmt 0 view .LVU2132
 4656 01ba AA24     		movs	r4, #170
 4657 01bc 5520     		movs	r0, #85
 511:../common/ubertooth.c **** 	PLL1FEED_SEQUENCE;
 4658              		.loc 1 511 10 view .LVU2133
 4659 01be 2223     		movs	r3, #34
 4660 01c0 C2F8A430 		str	r3, [r2, #164]
 4661              		.loc 1 512 2 is_stmt 1 view .LVU2134
 4662 01c4 C2F8AC40 		str	r4, [r2, #172]
 4663              		.loc 1 512 2 view .LVU2135
 4664 01c8 C2F8AC00 		str	r0, [r2, #172]
 513:../common/ubertooth.c **** 
 514:../common/ubertooth.c **** 	/* turn on PLL1 */
 515:../common/ubertooth.c **** 	PLL1CON |= PLL1CON_PLLE1;
 4665              		.loc 1 515 2 view .LVU2136
ARM GAS  /tmp/ccrAXmTj.s 			page 124


 4666 01cc D2F8A030 		ldr	r3, [r2, #160]
 516:../common/ubertooth.c **** 	PLL1FEED_SEQUENCE;
 517:../common/ubertooth.c **** 	while (!(PLL1STAT & PLL1STAT_PLLE1_STAT));
 4667              		.loc 1 517 11 is_stmt 0 discriminator 1 view .LVU2137
 4668 01d0 1149     		ldr	r1, .L283
 515:../common/ubertooth.c **** 	PLL1FEED_SEQUENCE;
 4669              		.loc 1 515 10 view .LVU2138
 4670 01d2 43F00103 		orr	r3, r3, #1
 4671 01d6 C2F8A030 		str	r3, [r2, #160]
 516:../common/ubertooth.c **** 	PLL1FEED_SEQUENCE;
 4672              		.loc 1 516 2 is_stmt 1 view .LVU2139
 4673 01da C2F8AC40 		str	r4, [r2, #172]
 516:../common/ubertooth.c **** 	PLL1FEED_SEQUENCE;
 4674              		.loc 1 516 2 view .LVU2140
 4675 01de C2F8AC00 		str	r0, [r2, #172]
 4676              		.loc 1 517 2 view .LVU2141
 4677              	.L257:
 4678              		.loc 1 517 9 discriminator 1 view .LVU2142
 4679              		.loc 1 517 11 is_stmt 0 discriminator 1 view .LVU2143
 4680 01e2 D1F8A830 		ldr	r3, [r1, #168]
 4681              		.loc 1 517 9 discriminator 1 view .LVU2144
 4682 01e6 D805     		lsls	r0, r3, #23
 4683 01e8 FBD5     		bpl	.L257
 518:../common/ubertooth.c **** 	while (!(PLL1STAT & PLL1STAT_PLOCK1));
 4684              		.loc 1 518 11 discriminator 1 view .LVU2145
 4685 01ea 0B4A     		ldr	r2, .L283
 4686              	.L258:
 4687              		.loc 1 518 9 is_stmt 1 discriminator 1 view .LVU2146
 4688              		.loc 1 518 11 is_stmt 0 discriminator 1 view .LVU2147
 4689 01ec D2F8A830 		ldr	r3, [r2, #168]
 4690              		.loc 1 518 9 discriminator 1 view .LVU2148
 4691 01f0 5905     		lsls	r1, r3, #21
 4692 01f2 FBD5     		bpl	.L258
 519:../common/ubertooth.c **** 
 520:../common/ubertooth.c **** 	/* connect PLL1 */
 521:../common/ubertooth.c **** 	PLL1CON |= PLL1CON_PLLC1;
 4693              		.loc 1 521 2 is_stmt 1 view .LVU2149
 522:../common/ubertooth.c **** 	PLL1FEED_SEQUENCE;
 4694              		.loc 1 522 2 is_stmt 0 view .LVU2150
 4695 01f4 AA24     		movs	r4, #170
 4696 01f6 5520     		movs	r0, #85
 521:../common/ubertooth.c **** 	PLL1FEED_SEQUENCE;
 4697              		.loc 1 521 2 view .LVU2151
 4698 01f8 D2F8A030 		ldr	r3, [r2, #160]
 523:../common/ubertooth.c **** 	while (!(PLL1STAT & PLL1STAT_PLLC1_STAT));
 4699              		.loc 1 523 11 discriminator 1 view .LVU2152
 4700 01fc 0649     		ldr	r1, .L283
 521:../common/ubertooth.c **** 	PLL1FEED_SEQUENCE;
 4701              		.loc 1 521 10 view .LVU2153
 4702 01fe 43F00203 		orr	r3, r3, #2
 4703 0202 C2F8A030 		str	r3, [r2, #160]
 522:../common/ubertooth.c **** 	PLL1FEED_SEQUENCE;
 4704              		.loc 1 522 2 is_stmt 1 view .LVU2154
 4705 0206 C2F8AC40 		str	r4, [r2, #172]
 522:../common/ubertooth.c **** 	PLL1FEED_SEQUENCE;
 4706              		.loc 1 522 2 view .LVU2155
 4707 020a C2F8AC00 		str	r0, [r2, #172]
ARM GAS  /tmp/ccrAXmTj.s 			page 125


 4708              		.loc 1 523 2 view .LVU2156
 4709              	.L259:
 4710              		.loc 1 523 9 discriminator 1 view .LVU2157
 4711              		.loc 1 523 11 is_stmt 0 discriminator 1 view .LVU2158
 4712 020e D1F8A830 		ldr	r3, [r1, #168]
 4713              		.loc 1 523 9 discriminator 1 view .LVU2159
 4714 0212 9B05     		lsls	r3, r3, #22
 4715 0214 FBD5     		bpl	.L259
 524:../common/ubertooth.c **** }
 4716              		.loc 1 524 1 view .LVU2160
 4717 0216 38BD     		pop	{r3, r4, r5, pc}
 4718              	.L284:
 4719              		.align	2
 4720              	.L283:
 4721 0218 00C00F40 		.word	1074774016
 4722 021c 00C00920 		.word	537509888
 4723 0220 70150800 		.word	529776
 4724 0224 18000100 		.word	65560
 4725              		.cfi_endproc
 4726              	.LFE21:
 4728              		.section	.text.ubertooth_init,"ax",%progbits
 4729              		.align	1
 4730              		.p2align 2,,3
 4731              		.global	ubertooth_init
 4732              		.syntax unified
 4733              		.thumb
 4734              		.thumb_func
 4736              	ubertooth_init:
 4737              	.LFB6:
 156:../common/ubertooth.c **** 	gpio_init();
 4738              		.loc 1 156 1 is_stmt 1 view -0
 4739              		.cfi_startproc
 4740              		@ args = 0, pretend = 0, frame = 0
 4741              		@ frame_needed = 0, uses_anonymous_args = 0
 4742 0000 08B5     		push	{r3, lr}
 4743              		.cfi_def_cfa_offset 8
 4744              		.cfi_offset 3, -8
 4745              		.cfi_offset 14, -4
 157:../common/ubertooth.c **** 	cc2400_init();
 4746              		.loc 1 157 2 view .LVU2162
 4747              	.LBB251:
 4748              	.LBI251:
  65:../common/ubertooth.c **** {
 4749              		.loc 1 65 6 view .LVU2163
 4750              	.LBB252:
  71:../common/ubertooth.c **** 
 4751              		.loc 1 71 2 view .LVU2164
 4752              	.LBB253:
 4753              	.LBI253:
 115:../common/ubertooth.c **** {
 4754              		.loc 1 115 6 view .LVU2165
 4755              	.LBB254:
 118:../common/ubertooth.c **** 	PINSEL1 = 0;
 4756              		.loc 1 118 2 view .LVU2166
 118:../common/ubertooth.c **** 	PINSEL1 = 0;
 4757              		.loc 1 118 10 is_stmt 0 view .LVU2167
 4758 0002 0023     		movs	r3, #0
ARM GAS  /tmp/ccrAXmTj.s 			page 126


 4759              	.LBE254:
 4760              	.LBE253:
  84:../common/ubertooth.c **** 			PIN_RX | PIN_CC1V8 | PIN_BTGR);
 4761              		.loc 1 84 10 view .LVU2168
 4762 0004 4CF2127E 		movw	lr, #50962
  86:../common/ubertooth.c **** 	FIO3DIR = 0;
 4763              		.loc 1 86 10 view .LVU2169
 4764 0008 40F2B11C 		movw	ip, #433
  88:../common/ubertooth.c **** #endif
 4765              		.loc 1 88 10 view .LVU2170
 4766 000c 4FF04050 		mov	r0, #805306368
 4767              	.LBB256:
 4768              	.LBB255:
 128:../common/ubertooth.c **** 	FIO1DIR = 0;
 4769              		.loc 1 128 10 view .LVU2171
 4770 0010 184A     		ldr	r2, .L286
 118:../common/ubertooth.c **** 	PINSEL1 = 0;
 4771              		.loc 1 118 10 view .LVU2172
 4772 0012 1949     		ldr	r1, .L286+4
 4773 0014 0B60     		str	r3, [r1]
 119:../common/ubertooth.c **** 	PINSEL2 = 0;
 4774              		.loc 1 119 2 is_stmt 1 view .LVU2173
 119:../common/ubertooth.c **** 	PINSEL2 = 0;
 4775              		.loc 1 119 10 is_stmt 0 view .LVU2174
 4776 0016 4B60     		str	r3, [r1, #4]
 120:../common/ubertooth.c **** 	PINSEL3 = 0;
 4777              		.loc 1 120 2 is_stmt 1 view .LVU2175
 120:../common/ubertooth.c **** 	PINSEL3 = 0;
 4778              		.loc 1 120 10 is_stmt 0 view .LVU2176
 4779 0018 8B60     		str	r3, [r1, #8]
 121:../common/ubertooth.c **** 	PINSEL4 = 0;
 4780              		.loc 1 121 2 is_stmt 1 view .LVU2177
 121:../common/ubertooth.c **** 	PINSEL4 = 0;
 4781              		.loc 1 121 10 is_stmt 0 view .LVU2178
 4782 001a CB60     		str	r3, [r1, #12]
 122:../common/ubertooth.c **** 	PINSEL7 = 0;
 4783              		.loc 1 122 2 is_stmt 1 view .LVU2179
 122:../common/ubertooth.c **** 	PINSEL7 = 0;
 4784              		.loc 1 122 10 is_stmt 0 view .LVU2180
 4785 001c 0B61     		str	r3, [r1, #16]
 123:../common/ubertooth.c **** 	PINSEL9 = 0;
 4786              		.loc 1 123 2 is_stmt 1 view .LVU2181
 123:../common/ubertooth.c **** 	PINSEL9 = 0;
 4787              		.loc 1 123 10 is_stmt 0 view .LVU2182
 4788 001e CB61     		str	r3, [r1, #28]
 124:../common/ubertooth.c **** 	PINSEL10 = 0;
 4789              		.loc 1 124 2 is_stmt 1 view .LVU2183
 124:../common/ubertooth.c **** 	PINSEL10 = 0;
 4790              		.loc 1 124 10 is_stmt 0 view .LVU2184
 4791 0020 4B62     		str	r3, [r1, #36]
 125:../common/ubertooth.c **** 
 4792              		.loc 1 125 2 is_stmt 1 view .LVU2185
 125:../common/ubertooth.c **** 
 4793              		.loc 1 125 11 is_stmt 0 view .LVU2186
 4794 0022 8B62     		str	r3, [r1, #40]
 128:../common/ubertooth.c **** 	FIO1DIR = 0;
 4795              		.loc 1 128 2 is_stmt 1 view .LVU2187
ARM GAS  /tmp/ccrAXmTj.s 			page 127


 128:../common/ubertooth.c **** 	FIO1DIR = 0;
 4796              		.loc 1 128 10 is_stmt 0 view .LVU2188
 4797 0024 1360     		str	r3, [r2]
 129:../common/ubertooth.c **** 	FIO2DIR = 0;
 4798              		.loc 1 129 2 is_stmt 1 view .LVU2189
 129:../common/ubertooth.c **** 	FIO2DIR = 0;
 4799              		.loc 1 129 10 is_stmt 0 view .LVU2190
 4800 0026 1362     		str	r3, [r2, #32]
 130:../common/ubertooth.c **** 	FIO3DIR = 0;
 4801              		.loc 1 130 2 is_stmt 1 view .LVU2191
 130:../common/ubertooth.c **** 	FIO3DIR = 0;
 4802              		.loc 1 130 10 is_stmt 0 view .LVU2192
 4803 0028 1364     		str	r3, [r2, #64]
 131:../common/ubertooth.c **** 	FIO4DIR = 0;
 4804              		.loc 1 131 2 is_stmt 1 view .LVU2193
 131:../common/ubertooth.c **** 	FIO4DIR = 0;
 4805              		.loc 1 131 10 is_stmt 0 view .LVU2194
 4806 002a 1366     		str	r3, [r2, #96]
 132:../common/ubertooth.c **** 
 4807              		.loc 1 132 2 is_stmt 1 view .LVU2195
 132:../common/ubertooth.c **** 
 4808              		.loc 1 132 10 is_stmt 0 view .LVU2196
 4809 002c C2F88030 		str	r3, [r2, #128]
 135:../common/ubertooth.c **** 	PINMODE1 = 0;
 4810              		.loc 1 135 2 is_stmt 1 view .LVU2197
 135:../common/ubertooth.c **** 	PINMODE1 = 0;
 4811              		.loc 1 135 11 is_stmt 0 view .LVU2198
 4812 0030 0B64     		str	r3, [r1, #64]
 136:../common/ubertooth.c **** 	PINMODE2 = 0;
 4813              		.loc 1 136 2 is_stmt 1 view .LVU2199
 136:../common/ubertooth.c **** 	PINMODE2 = 0;
 4814              		.loc 1 136 11 is_stmt 0 view .LVU2200
 4815 0032 4B64     		str	r3, [r1, #68]
 137:../common/ubertooth.c **** 	PINMODE3 = 0;
 4816              		.loc 1 137 2 is_stmt 1 view .LVU2201
 137:../common/ubertooth.c **** 	PINMODE3 = 0;
 4817              		.loc 1 137 11 is_stmt 0 view .LVU2202
 4818 0034 8B64     		str	r3, [r1, #72]
 138:../common/ubertooth.c **** 	PINMODE4 = 0;
 4819              		.loc 1 138 2 is_stmt 1 view .LVU2203
 138:../common/ubertooth.c **** 	PINMODE4 = 0;
 4820              		.loc 1 138 11 is_stmt 0 view .LVU2204
 4821 0036 CB64     		str	r3, [r1, #76]
 139:../common/ubertooth.c **** 	PINMODE7 = 0;
 4822              		.loc 1 139 2 is_stmt 1 view .LVU2205
 139:../common/ubertooth.c **** 	PINMODE7 = 0;
 4823              		.loc 1 139 11 is_stmt 0 view .LVU2206
 4824 0038 0B65     		str	r3, [r1, #80]
 140:../common/ubertooth.c **** 	PINMODE9 = 0;
 4825              		.loc 1 140 2 is_stmt 1 view .LVU2207
 140:../common/ubertooth.c **** 	PINMODE9 = 0;
 4826              		.loc 1 140 11 is_stmt 0 view .LVU2208
 4827 003a CB65     		str	r3, [r1, #92]
 141:../common/ubertooth.c **** 
 4828              		.loc 1 141 2 is_stmt 1 view .LVU2209
 141:../common/ubertooth.c **** 
 4829              		.loc 1 141 11 is_stmt 0 view .LVU2210
ARM GAS  /tmp/ccrAXmTj.s 			page 128


 4830 003c 4B66     		str	r3, [r1, #100]
 144:../common/ubertooth.c **** 	FIO1PIN = 0;
 4831              		.loc 1 144 2 is_stmt 1 view .LVU2211
 144:../common/ubertooth.c **** 	FIO1PIN = 0;
 4832              		.loc 1 144 10 is_stmt 0 view .LVU2212
 4833 003e 5361     		str	r3, [r2, #20]
 145:../common/ubertooth.c **** 	FIO2PIN = 0;
 4834              		.loc 1 145 2 is_stmt 1 view .LVU2213
 145:../common/ubertooth.c **** 	FIO2PIN = 0;
 4835              		.loc 1 145 10 is_stmt 0 view .LVU2214
 4836 0040 5363     		str	r3, [r2, #52]
 146:../common/ubertooth.c **** 	FIO3PIN = 0;
 4837              		.loc 1 146 2 is_stmt 1 view .LVU2215
 146:../common/ubertooth.c **** 	FIO3PIN = 0;
 4838              		.loc 1 146 10 is_stmt 0 view .LVU2216
 4839 0042 5365     		str	r3, [r2, #84]
 147:../common/ubertooth.c **** 	FIO4PIN = 0;
 4840              		.loc 1 147 2 is_stmt 1 view .LVU2217
 147:../common/ubertooth.c **** 	FIO4PIN = 0;
 4841              		.loc 1 147 10 is_stmt 0 view .LVU2218
 4842 0044 5367     		str	r3, [r2, #116]
 148:../common/ubertooth.c **** }
 4843              		.loc 1 148 2 is_stmt 1 view .LVU2219
 148:../common/ubertooth.c **** }
 4844              		.loc 1 148 10 is_stmt 0 view .LVU2220
 4845 0046 C2F89430 		str	r3, [r2, #148]
 4846              	.LBE255:
 4847              	.LBE256:
  83:../common/ubertooth.c **** 	FIO1DIR = (PIN_USRLED | PIN_RXLED | PIN_TXLED | PIN_CC3V3 |
 4848              		.loc 1 83 2 is_stmt 1 view .LVU2221
  83:../common/ubertooth.c **** 	FIO1DIR = (PIN_USRLED | PIN_RXLED | PIN_TXLED | PIN_CC3V3 |
 4849              		.loc 1 83 10 is_stmt 0 view .LVU2222
 4850 004a 1360     		str	r3, [r2]
  84:../common/ubertooth.c **** 			PIN_RX | PIN_CC1V8 | PIN_BTGR);
 4851              		.loc 1 84 2 is_stmt 1 view .LVU2223
  84:../common/ubertooth.c **** 			PIN_RX | PIN_CC1V8 | PIN_BTGR);
 4852              		.loc 1 84 10 is_stmt 0 view .LVU2224
 4853 004c C2F820E0 		str	lr, [r2, #32]
  86:../common/ubertooth.c **** 	FIO3DIR = 0;
 4854              		.loc 1 86 2 is_stmt 1 view .LVU2225
  86:../common/ubertooth.c **** 	FIO3DIR = 0;
 4855              		.loc 1 86 10 is_stmt 0 view .LVU2226
 4856 0050 C2F840C0 		str	ip, [r2, #64]
  87:../common/ubertooth.c **** 	FIO4DIR = (PIN_TX | PIN_SSEL1);
 4857              		.loc 1 87 2 is_stmt 1 view .LVU2227
  87:../common/ubertooth.c **** 	FIO4DIR = (PIN_TX | PIN_SSEL1);
 4858              		.loc 1 87 10 is_stmt 0 view .LVU2228
 4859 0054 1366     		str	r3, [r2, #96]
  88:../common/ubertooth.c **** #endif
 4860              		.loc 1 88 2 is_stmt 1 view .LVU2229
  88:../common/ubertooth.c **** #endif
 4861              		.loc 1 88 10 is_stmt 0 view .LVU2230
 4862 0056 C2F88000 		str	r0, [r2, #128]
 103:../common/ubertooth.c **** 	FIO1PIN = 0;
 4863              		.loc 1 103 2 is_stmt 1 view .LVU2231
 103:../common/ubertooth.c **** 	FIO1PIN = 0;
 4864              		.loc 1 103 10 is_stmt 0 view .LVU2232
ARM GAS  /tmp/ccrAXmTj.s 			page 129


 4865 005a 5361     		str	r3, [r2, #20]
 104:../common/ubertooth.c **** 	FIO2PIN = 0;
 4866              		.loc 1 104 2 is_stmt 1 view .LVU2233
 104:../common/ubertooth.c **** 	FIO2PIN = 0;
 4867              		.loc 1 104 10 is_stmt 0 view .LVU2234
 4868 005c 5363     		str	r3, [r2, #52]
 105:../common/ubertooth.c **** 	FIO3PIN = 0;
 4869              		.loc 1 105 2 is_stmt 1 view .LVU2235
 105:../common/ubertooth.c **** 	FIO3PIN = 0;
 4870              		.loc 1 105 10 is_stmt 0 view .LVU2236
 4871 005e 5365     		str	r3, [r2, #84]
 106:../common/ubertooth.c **** 	FIO4PIN = 0;
 4872              		.loc 1 106 2 is_stmt 1 view .LVU2237
 106:../common/ubertooth.c **** 	FIO4PIN = 0;
 4873              		.loc 1 106 10 is_stmt 0 view .LVU2238
 4874 0060 5367     		str	r3, [r2, #116]
 107:../common/ubertooth.c **** 
 4875              		.loc 1 107 2 is_stmt 1 view .LVU2239
 107:../common/ubertooth.c **** 
 4876              		.loc 1 107 10 is_stmt 0 view .LVU2240
 4877 0062 C2F89430 		str	r3, [r2, #148]
 4878              	.LBE252:
 4879              	.LBE251:
 158:../common/ubertooth.c **** 	clock_start();
 4880              		.loc 1 158 2 is_stmt 1 view .LVU2241
 4881 0066 FFF7FEFF 		bl	cc2400_init
 4882              	.LVL280:
 159:../common/ubertooth.c **** }
 4883              		.loc 1 159 2 view .LVU2242
 160:../common/ubertooth.c **** 
 4884              		.loc 1 160 1 is_stmt 0 view .LVU2243
 4885 006a BDE80840 		pop	{r3, lr}
 4886              		.cfi_restore 14
 4887              		.cfi_restore 3
 4888              		.cfi_def_cfa_offset 0
 159:../common/ubertooth.c **** }
 4889              		.loc 1 159 2 view .LVU2244
 4890 006e FFF7FEBF 		b	clock_start
 4891              	.LVL281:
 4892              	.L287:
 4893 0072 00BF     		.align	2
 4894              	.L286:
 4895 0074 00C00920 		.word	537509888
 4896 0078 00C00240 		.word	1073922048
 4897              		.cfi_endproc
 4898              	.LFE6:
 4900              		.section	.text.reset,"ax",%progbits
 4901              		.align	1
 4902              		.p2align 2,,3
 4903              		.global	reset
 4904              		.syntax unified
 4905              		.thumb
 4906              		.thumb_func
 4908              	reset:
 4909              	.LFB22:
 525:../common/ubertooth.c **** 
 526:../common/ubertooth.c **** /* reset the LPC17xx, the cc2400 will be handled by the boot code */
ARM GAS  /tmp/ccrAXmTj.s 			page 130


 527:../common/ubertooth.c **** void reset()
 528:../common/ubertooth.c **** {
 4910              		.loc 1 528 1 is_stmt 1 view -0
 4911              		.cfi_startproc
 4912              		@ args = 0, pretend = 0, frame = 0
 4913              		@ frame_needed = 0, uses_anonymous_args = 0
 4914 0000 70B5     		push	{r4, r5, r6, lr}
 4915              		.cfi_def_cfa_offset 16
 4916              		.cfi_offset 4, -16
 4917              		.cfi_offset 5, -12
 4918              		.cfi_offset 6, -8
 4919              		.cfi_offset 14, -4
 529:../common/ubertooth.c **** 	all_pins_off();
 4920              		.loc 1 529 2 view .LVU2246
 4921              	.LBB263:
 4922              	.LBI263:
 115:../common/ubertooth.c **** {
 4923              		.loc 1 115 6 view .LVU2247
 4924              	.LBB264:
 118:../common/ubertooth.c **** 	PINSEL1 = 0;
 4925              		.loc 1 118 2 view .LVU2248
 118:../common/ubertooth.c **** 	PINSEL1 = 0;
 4926              		.loc 1 118 10 is_stmt 0 view .LVU2249
 4927 0002 0023     		movs	r3, #0
 4928              	.LBE264:
 4929              	.LBE263:
 530:../common/ubertooth.c **** 
 531:../common/ubertooth.c **** 	/* Enable the watchdog with reset enabled */
 532:../common/ubertooth.c **** 	USRLED_CLR;
 4930              		.loc 1 532 2 view .LVU2250
 4931 0004 0226     		movs	r6, #2
 533:../common/ubertooth.c **** 	WDMOD |= WDMOD_WDEN | WDMOD_WDRESET;
 4932              		.loc 1 533 2 view .LVU2251
 4933 0006 4FF0804C 		mov	ip, #1073741824
 534:../common/ubertooth.c **** 	WDFEED_SEQUENCE;
 4934              		.loc 1 534 2 view .LVU2252
 4935 000a AA25     		movs	r5, #170
 4936 000c 5524     		movs	r4, #85
 4937              	.LBB266:
 4938              	.LBB265:
 118:../common/ubertooth.c **** 	PINSEL1 = 0;
 4939              		.loc 1 118 10 view .LVU2253
 4940 000e 1949     		ldr	r1, .L291
 128:../common/ubertooth.c **** 	FIO1DIR = 0;
 4941              		.loc 1 128 10 view .LVU2254
 4942 0010 1948     		ldr	r0, .L291+4
 118:../common/ubertooth.c **** 	PINSEL1 = 0;
 4943              		.loc 1 118 10 view .LVU2255
 4944 0012 0B60     		str	r3, [r1]
 119:../common/ubertooth.c **** 	PINSEL2 = 0;
 4945              		.loc 1 119 2 is_stmt 1 view .LVU2256
 119:../common/ubertooth.c **** 	PINSEL2 = 0;
 4946              		.loc 1 119 10 is_stmt 0 view .LVU2257
 4947 0014 4B60     		str	r3, [r1, #4]
 120:../common/ubertooth.c **** 	PINSEL3 = 0;
 4948              		.loc 1 120 2 is_stmt 1 view .LVU2258
 120:../common/ubertooth.c **** 	PINSEL3 = 0;
ARM GAS  /tmp/ccrAXmTj.s 			page 131


 4949              		.loc 1 120 10 is_stmt 0 view .LVU2259
 4950 0016 8B60     		str	r3, [r1, #8]
 121:../common/ubertooth.c **** 	PINSEL4 = 0;
 4951              		.loc 1 121 2 is_stmt 1 view .LVU2260
 121:../common/ubertooth.c **** 	PINSEL4 = 0;
 4952              		.loc 1 121 10 is_stmt 0 view .LVU2261
 4953 0018 CB60     		str	r3, [r1, #12]
 122:../common/ubertooth.c **** 	PINSEL7 = 0;
 4954              		.loc 1 122 2 is_stmt 1 view .LVU2262
 122:../common/ubertooth.c **** 	PINSEL7 = 0;
 4955              		.loc 1 122 10 is_stmt 0 view .LVU2263
 4956 001a 0B61     		str	r3, [r1, #16]
 123:../common/ubertooth.c **** 	PINSEL9 = 0;
 4957              		.loc 1 123 2 is_stmt 1 view .LVU2264
 123:../common/ubertooth.c **** 	PINSEL9 = 0;
 4958              		.loc 1 123 10 is_stmt 0 view .LVU2265
 4959 001c CB61     		str	r3, [r1, #28]
 124:../common/ubertooth.c **** 	PINSEL10 = 0;
 4960              		.loc 1 124 2 is_stmt 1 view .LVU2266
 124:../common/ubertooth.c **** 	PINSEL10 = 0;
 4961              		.loc 1 124 10 is_stmt 0 view .LVU2267
 4962 001e 4B62     		str	r3, [r1, #36]
 125:../common/ubertooth.c **** 
 4963              		.loc 1 125 2 is_stmt 1 view .LVU2268
 125:../common/ubertooth.c **** 
 4964              		.loc 1 125 11 is_stmt 0 view .LVU2269
 4965 0020 8B62     		str	r3, [r1, #40]
 128:../common/ubertooth.c **** 	FIO1DIR = 0;
 4966              		.loc 1 128 2 is_stmt 1 view .LVU2270
 128:../common/ubertooth.c **** 	FIO1DIR = 0;
 4967              		.loc 1 128 10 is_stmt 0 view .LVU2271
 4968 0022 0360     		str	r3, [r0]
 129:../common/ubertooth.c **** 	FIO2DIR = 0;
 4969              		.loc 1 129 2 is_stmt 1 view .LVU2272
 129:../common/ubertooth.c **** 	FIO2DIR = 0;
 4970              		.loc 1 129 10 is_stmt 0 view .LVU2273
 4971 0024 0362     		str	r3, [r0, #32]
 130:../common/ubertooth.c **** 	FIO3DIR = 0;
 4972              		.loc 1 130 2 is_stmt 1 view .LVU2274
 130:../common/ubertooth.c **** 	FIO3DIR = 0;
 4973              		.loc 1 130 10 is_stmt 0 view .LVU2275
 4974 0026 0364     		str	r3, [r0, #64]
 131:../common/ubertooth.c **** 	FIO4DIR = 0;
 4975              		.loc 1 131 2 is_stmt 1 view .LVU2276
 131:../common/ubertooth.c **** 	FIO4DIR = 0;
 4976              		.loc 1 131 10 is_stmt 0 view .LVU2277
 4977 0028 0366     		str	r3, [r0, #96]
 132:../common/ubertooth.c **** 
 4978              		.loc 1 132 2 is_stmt 1 view .LVU2278
 132:../common/ubertooth.c **** 
 4979              		.loc 1 132 10 is_stmt 0 view .LVU2279
 4980 002a C0F88030 		str	r3, [r0, #128]
 135:../common/ubertooth.c **** 	PINMODE1 = 0;
 4981              		.loc 1 135 2 is_stmt 1 view .LVU2280
 135:../common/ubertooth.c **** 	PINMODE1 = 0;
 4982              		.loc 1 135 11 is_stmt 0 view .LVU2281
 4983 002e 0B64     		str	r3, [r1, #64]
ARM GAS  /tmp/ccrAXmTj.s 			page 132


 136:../common/ubertooth.c **** 	PINMODE2 = 0;
 4984              		.loc 1 136 2 is_stmt 1 view .LVU2282
 136:../common/ubertooth.c **** 	PINMODE2 = 0;
 4985              		.loc 1 136 11 is_stmt 0 view .LVU2283
 4986 0030 4B64     		str	r3, [r1, #68]
 137:../common/ubertooth.c **** 	PINMODE3 = 0;
 4987              		.loc 1 137 2 is_stmt 1 view .LVU2284
 137:../common/ubertooth.c **** 	PINMODE3 = 0;
 4988              		.loc 1 137 11 is_stmt 0 view .LVU2285
 4989 0032 8B64     		str	r3, [r1, #72]
 138:../common/ubertooth.c **** 	PINMODE4 = 0;
 4990              		.loc 1 138 2 is_stmt 1 view .LVU2286
 138:../common/ubertooth.c **** 	PINMODE4 = 0;
 4991              		.loc 1 138 11 is_stmt 0 view .LVU2287
 4992 0034 CB64     		str	r3, [r1, #76]
 139:../common/ubertooth.c **** 	PINMODE7 = 0;
 4993              		.loc 1 139 2 is_stmt 1 view .LVU2288
 139:../common/ubertooth.c **** 	PINMODE7 = 0;
 4994              		.loc 1 139 11 is_stmt 0 view .LVU2289
 4995 0036 0B65     		str	r3, [r1, #80]
 140:../common/ubertooth.c **** 	PINMODE9 = 0;
 4996              		.loc 1 140 2 is_stmt 1 view .LVU2290
 140:../common/ubertooth.c **** 	PINMODE9 = 0;
 4997              		.loc 1 140 11 is_stmt 0 view .LVU2291
 4998 0038 CB65     		str	r3, [r1, #92]
 141:../common/ubertooth.c **** 
 4999              		.loc 1 141 2 is_stmt 1 view .LVU2292
 141:../common/ubertooth.c **** 
 5000              		.loc 1 141 11 is_stmt 0 view .LVU2293
 5001 003a 4B66     		str	r3, [r1, #100]
 144:../common/ubertooth.c **** 	FIO1PIN = 0;
 5002              		.loc 1 144 2 is_stmt 1 view .LVU2294
 144:../common/ubertooth.c **** 	FIO1PIN = 0;
 5003              		.loc 1 144 10 is_stmt 0 view .LVU2295
 5004 003c 4361     		str	r3, [r0, #20]
 145:../common/ubertooth.c **** 	FIO2PIN = 0;
 5005              		.loc 1 145 2 is_stmt 1 view .LVU2296
 145:../common/ubertooth.c **** 	FIO2PIN = 0;
 5006              		.loc 1 145 10 is_stmt 0 view .LVU2297
 5007 003e 4363     		str	r3, [r0, #52]
 146:../common/ubertooth.c **** 	FIO3PIN = 0;
 5008              		.loc 1 146 2 is_stmt 1 view .LVU2298
 146:../common/ubertooth.c **** 	FIO3PIN = 0;
 5009              		.loc 1 146 10 is_stmt 0 view .LVU2299
 5010 0040 4365     		str	r3, [r0, #84]
 147:../common/ubertooth.c **** 	FIO4PIN = 0;
 5011              		.loc 1 147 2 is_stmt 1 view .LVU2300
 147:../common/ubertooth.c **** 	FIO4PIN = 0;
 5012              		.loc 1 147 10 is_stmt 0 view .LVU2301
 5013 0042 4367     		str	r3, [r0, #116]
 148:../common/ubertooth.c **** }
 5014              		.loc 1 148 2 is_stmt 1 view .LVU2302
 148:../common/ubertooth.c **** }
 5015              		.loc 1 148 10 is_stmt 0 view .LVU2303
 5016 0044 C0F89430 		str	r3, [r0, #148]
 5017              	.LBE265:
 5018              	.LBE266:
ARM GAS  /tmp/ccrAXmTj.s 			page 133


 532:../common/ubertooth.c **** 	WDMOD |= WDMOD_WDEN | WDMOD_WDRESET;
 5019              		.loc 1 532 2 is_stmt 1 view .LVU2304
 5020 0048 C663     		str	r6, [r0, #60]
 533:../common/ubertooth.c **** 	WDFEED_SEQUENCE;
 5021              		.loc 1 533 2 view .LVU2305
 5022 004a DCF80030 		ldr	r3, [ip]
 5023              	.LBB267:
 5024              	.LBB268:
 5025              	.LBB269:
  55:../common/ubertooth.c **** 		(us>>2) + (us>>3) + (us>>6) + (us>>7) + (us>>10) + (us>>11);
 5026              		.loc 1 55 18 is_stmt 0 view .LVU2306
 5027 004e 0B4A     		ldr	r2, .L291+8
 5028 0050 DFF82CE0 		ldr	lr, .L291+12
 5029              	.LBE269:
 5030              	.LBE268:
 5031              	.LBE267:
 533:../common/ubertooth.c **** 	WDFEED_SEQUENCE;
 5032              		.loc 1 533 8 view .LVU2307
 5033 0054 43F00303 		orr	r3, r3, #3
 5034 0058 CCF80030 		str	r3, [ip]
 5035              		.loc 1 534 2 is_stmt 1 view .LVU2308
 5036 005c CCF80850 		str	r5, [ip, #8]
 5037              		.loc 1 534 2 view .LVU2309
 5038 0060 CCF80840 		str	r4, [ip, #8]
 535:../common/ubertooth.c **** 	
 536:../common/ubertooth.c **** 	/* Set watchdog timeout to 256us (minimum) */
 537:../common/ubertooth.c **** 	
 538:../common/ubertooth.c **** 	/* sleep for 1s (minimum) */
 539:../common/ubertooth.c **** 	wait(1);
 5039              		.loc 1 539 2 view .LVU2310
 5040              	.LVL282:
 5041              	.LBB272:
 5042              	.LBI267:
  28:../common/ubertooth.c **** {
 5043              		.loc 1 28 6 view .LVU2311
  30:../common/ubertooth.c **** }
 5044              		.loc 1 30 2 view .LVU2312
 5045              	.LBB271:
 5046              	.LBI268:
  49:../common/ubertooth.c **** {
 5047              		.loc 1 49 6 view .LVU2313
 5048              	.LBB270:
  55:../common/ubertooth.c **** 		(us>>2) + (us>>3) + (us>>6) + (us>>7) + (us>>10) + (us>>11);
 5049              		.loc 1 55 2 view .LVU2314
  55:../common/ubertooth.c **** 		(us>>2) + (us>>3) + (us>>6) + (us>>7) + (us>>10) + (us>>11);
 5050              		.loc 1 55 18 is_stmt 0 view .LVU2315
 5051 0064 C2F800E0 		str	lr, [r2]
  57:../common/ubertooth.c **** }
 5052              		.loc 1 57 2 is_stmt 1 view .LVU2316
 5053              	.L289:
  57:../common/ubertooth.c **** }
 5054              		.loc 1 57 8 discriminator 1 view .LVU2317
 5055 0068 1368     		ldr	r3, [r2]
 5056 006a 013B     		subs	r3, r3, #1
 5057 006c 1360     		str	r3, [r2]
 5058 006e 002B     		cmp	r3, #0
 5059 0070 FAD1     		bne	.L289
ARM GAS  /tmp/ccrAXmTj.s 			page 134


 5060              	.LBE270:
 5061              	.LBE271:
 5062              	.LBE272:
 540:../common/ubertooth.c **** }
 5063              		.loc 1 540 1 is_stmt 0 view .LVU2318
 5064 0072 70BD     		pop	{r4, r5, r6, pc}
 5065              	.L292:
 5066              		.align	2
 5067              	.L291:
 5068 0074 00C00240 		.word	1073922048
 5069 0078 00C00920 		.word	537509888
 5070 007c 00000000 		.word	.LANCHOR0
 5071 0080 1D1A0600 		.word	399901
 5072              		.cfi_endproc
 5073              	.LFE22:
 5075              		.section	.text.cc2400_tune_rx,"ax",%progbits
 5076              		.align	1
 5077              		.p2align 2,,3
 5078              		.global	cc2400_tune_rx
 5079              		.syntax unified
 5080              		.thumb
 5081              		.thumb_func
 5083              	cc2400_tune_rx:
 5084              	.LVL283:
 5085              	.LFB23:
 541:../common/ubertooth.c **** 
 542:../common/ubertooth.c **** /* take control of R8C microcontroller and CC2400 on the ToorCon 13 badge */
 543:../common/ubertooth.c **** #ifdef TC13BADGE
 544:../common/ubertooth.c **** void r8c_takeover(void)
 545:../common/ubertooth.c **** {
 546:../common/ubertooth.c **** 	/* wait until user presses SW1 while USB is connected */
 547:../common/ubertooth.c **** 	while (SW1 || !VBUS) {
 548:../common/ubertooth.c **** 		/* turn off power to all peripherals except GPIO */
 549:../common/ubertooth.c **** 		PCONP = PCONP_PCGPIO;
 550:../common/ubertooth.c **** 
 551:../common/ubertooth.c **** 		/* enable interrupt on falling edge of P2.8 (SW1) */
 552:../common/ubertooth.c **** 		IO2IntEnF |= (0x1 << 8);
 553:../common/ubertooth.c **** 		ISER0 |= ISER0_ISE_EINT3;
 554:../common/ubertooth.c **** 
 555:../common/ubertooth.c **** 		/* go into power-down mode and wait for interrupt */
 556:../common/ubertooth.c **** 		SCB_SCR = SCB_SCR_SLEEPDEEP;
 557:../common/ubertooth.c **** 		PCON = (PCON_PM0 | PCON_BOGD);
 558:../common/ubertooth.c **** 		asm("WFI");
 559:../common/ubertooth.c **** 
 560:../common/ubertooth.c **** 		/* disable interrupt */
 561:../common/ubertooth.c **** 		IO2IntEnF &= ~(0x1 << 8);
 562:../common/ubertooth.c **** 		ICER0 |= ICER0_ICE_EINT3;
 563:../common/ubertooth.c **** 
 564:../common/ubertooth.c **** 		/* turn power back on for peripherals we use */
 565:../common/ubertooth.c **** 		PCONP = (PCONP_PCTIM0 | PCONP_PCSSP1 | PCONP_PCGPIO | PCONP_PCSSP0);
 566:../common/ubertooth.c **** 	}
 567:../common/ubertooth.c **** 
 568:../common/ubertooth.c **** 	/* drop R8C_CTL to let the R8C know we are taking over */
 569:../common/ubertooth.c **** 	R8C_CTL_CLR;
 570:../common/ubertooth.c **** 
 571:../common/ubertooth.c **** 	/* wait for the R8C to acknowledge the takeover */
 572:../common/ubertooth.c **** 	while (R8C_ACK);
ARM GAS  /tmp/ccrAXmTj.s 			page 135


 573:../common/ubertooth.c **** }
 574:../common/ubertooth.c **** 
 575:../common/ubertooth.c **** /* interrupt handler for SW1 */
 576:../common/ubertooth.c **** void EINT3_IRQHandler(void)
 577:../common/ubertooth.c **** {
 578:../common/ubertooth.c **** 	/* clear interrupt */
 579:../common/ubertooth.c **** 	IO2IntClr |= (0x1 << 8);
 580:../common/ubertooth.c **** }
 581:../common/ubertooth.c **** #endif
 582:../common/ubertooth.c **** 
 583:../common/ubertooth.c **** /*
 584:../common/ubertooth.c ****  * Tune the CC2400 to a frequency in MHz for RX.  The calling function should
 585:../common/ubertooth.c ****  * ensure that the CC2400 is in the IDLE state.
 586:../common/ubertooth.c ****  */
 587:../common/ubertooth.c **** void cc2400_tune_rx(uint16_t channel)
 588:../common/ubertooth.c **** {
 5086              		.loc 1 588 1 is_stmt 1 view -0
 5087              		.cfi_startproc
 5088              		@ args = 0, pretend = 0, frame = 0
 5089              		@ frame_needed = 0, uses_anonymous_args = 0
 5090              		.loc 1 588 1 is_stmt 0 view .LVU2320
 5091 0000 10B5     		push	{r4, lr}
 5092              		.cfi_def_cfa_offset 8
 5093              		.cfi_offset 4, -8
 5094              		.cfi_offset 14, -4
 589:../common/ubertooth.c **** 	cc2400_set(FSDIV, channel - 1);
 5095              		.loc 1 589 2 is_stmt 1 view .LVU2321
 5096              	.LVL284:
 5097              	.LBB277:
 5098              	.LBI277:
 309:../common/ubertooth.c **** {
 5099              		.loc 1 309 6 view .LVU2322
 5100              	.LBB278:
 311:../common/ubertooth.c **** 	cc2400_spi(24, out);
 5101              		.loc 1 311 2 view .LVU2323
 5102              	.LBB279:
 5103              	.LBB280:
 277:../common/ubertooth.c **** 
 5104              		.loc 1 277 2 is_stmt 0 view .LVU2324
 5105 0002 2021     		movs	r1, #32
 5106 0004 1823     		movs	r3, #24
 283:../common/ubertooth.c **** 		data <<= 1;
 5107              		.loc 1 283 4 view .LVU2325
 5108 0006 4FF0010E 		mov	lr, #1
 286:../common/ubertooth.c **** 		/* Save a few cycles by avoiding the compare/branch */
 5109              		.loc 1 286 3 view .LVU2326
 5110 000a 1024     		movs	r4, #16
 277:../common/ubertooth.c **** 
 5111              		.loc 1 277 2 view .LVU2327
 5112 000c 144A     		ldr	r2, .L305
 5113 000e D165     		str	r1, [r2, #92]
 5114              	.LBE280:
 5115              	.LBE279:
 5116              	.LBE278:
 5117              	.LBE277:
 5118              		.loc 1 589 2 view .LVU2328
 5119 0010 411E     		subs	r1, r0, #1
ARM GAS  /tmp/ccrAXmTj.s 			page 136


 5120              	.LBB284:
 5121              	.LBB283:
 311:../common/ubertooth.c **** 	cc2400_spi(24, out);
 5122              		.loc 1 311 24 view .LVU2329
 5123 0012 89B2     		uxth	r1, r1
 5124 0014 41F40031 		orr	r1, r1, #131072
 5125              	.LVL285:
 312:../common/ubertooth.c **** }
 5126              		.loc 1 312 2 is_stmt 1 view .LVU2330
 5127              	.LBB282:
 5128              	.LBI279:
 272:../common/ubertooth.c **** {
 5129              		.loc 1 272 5 view .LVU2331
 5130              	.LBB281:
 274:../common/ubertooth.c **** 
 5131              		.loc 1 274 2 view .LVU2332
 277:../common/ubertooth.c **** 
 5132              		.loc 1 277 2 view .LVU2333
 279:../common/ubertooth.c **** 		if (data & msb)
 5133              		.loc 1 279 2 view .LVU2334
 279:../common/ubertooth.c **** 		if (data & msb)
 5134              		.loc 1 279 9 view .LVU2335
 5135              	.L297:
 280:../common/ubertooth.c **** 			MOSI_SET;
 5136              		.loc 1 280 3 view .LVU2336
 281:../common/ubertooth.c **** 		else
 5137              		.loc 1 281 4 view .LVU2337
 283:../common/ubertooth.c **** 		data <<= 1;
 5138              		.loc 1 283 4 view .LVU2338
 279:../common/ubertooth.c **** 		if (data & msb)
 5139              		.loc 1 279 9 is_stmt 0 view .LVU2339
 5140 0018 581E     		subs	r0, r3, #1
 280:../common/ubertooth.c **** 			MOSI_SET;
 5141              		.loc 1 280 6 view .LVU2340
 5142 001a 0B02     		lsls	r3, r1, #8
 5143 001c 0FD5     		bpl	.L294
 5144              	.L304:
 281:../common/ubertooth.c **** 		else
 5145              		.loc 1 281 4 view .LVU2341
 5146 001e C2F858E0 		str	lr, [r2, #88]
 284:../common/ubertooth.c **** 
 5147              		.loc 1 284 3 is_stmt 1 view .LVU2342
 5148              	.LVL286:
 286:../common/ubertooth.c **** 		/* Save a few cycles by avoiding the compare/branch */
 5149              		.loc 1 286 3 view .LVU2343
 5150 0022 9465     		str	r4, [r2, #88]
 288:../common/ubertooth.c **** 		SCLK_CLR;
 5151              		.loc 1 288 3 view .LVU2344
 288:../common/ubertooth.c **** 		SCLK_CLR;
 5152              		.loc 1 288 13 is_stmt 0 view .LVU2345
 5153 0024 D2F854C0 		ldr	ip, [r2, #84]
 5154              	.LVL287:
 289:../common/ubertooth.c **** 	}
 5155              		.loc 1 289 3 is_stmt 1 view .LVU2346
 279:../common/ubertooth.c **** 		if (data & msb)
 5156              		.loc 1 279 9 is_stmt 0 view .LVU2347
 5157 0028 10F0FF03 		ands	r3, r0, #255
ARM GAS  /tmp/ccrAXmTj.s 			page 137


 289:../common/ubertooth.c **** 	}
 5158              		.loc 1 289 3 view .LVU2348
 5159 002c D465     		str	r4, [r2, #92]
 279:../common/ubertooth.c **** 		if (data & msb)
 5160              		.loc 1 279 9 is_stmt 1 view .LVU2349
 288:../common/ubertooth.c **** 		SCLK_CLR;
 5161              		.loc 1 288 11 is_stmt 0 view .LVU2350
 5162 002e CCF3400C 		ubfx	ip, ip, #1, #1
 5163              	.LVL288:
 279:../common/ubertooth.c **** 		if (data & msb)
 5164              		.loc 1 279 9 view .LVU2351
 5165 0032 11D0     		beq	.L295
 288:../common/ubertooth.c **** 		SCLK_CLR;
 5166              		.loc 1 288 8 view .LVU2352
 5167 0034 4CEA4101 		orr	r1, ip, r1, lsl #1
 5168              	.LVL289:
 280:../common/ubertooth.c **** 			MOSI_SET;
 5169              		.loc 1 280 3 is_stmt 1 view .LVU2353
 281:../common/ubertooth.c **** 		else
 5170              		.loc 1 281 4 view .LVU2354
 283:../common/ubertooth.c **** 		data <<= 1;
 5171              		.loc 1 283 4 view .LVU2355
 279:../common/ubertooth.c **** 		if (data & msb)
 5172              		.loc 1 279 9 is_stmt 0 view .LVU2356
 5173 0038 581E     		subs	r0, r3, #1
 280:../common/ubertooth.c **** 			MOSI_SET;
 5174              		.loc 1 280 6 view .LVU2357
 5175 003a 0B02     		lsls	r3, r1, #8
 5176 003c EFD4     		bmi	.L304
 5177              	.L294:
 283:../common/ubertooth.c **** 		data <<= 1;
 5178              		.loc 1 283 4 view .LVU2358
 5179 003e C2F85CE0 		str	lr, [r2, #92]
 284:../common/ubertooth.c **** 
 5180              		.loc 1 284 3 is_stmt 1 view .LVU2359
 5181              	.LVL290:
 286:../common/ubertooth.c **** 		/* Save a few cycles by avoiding the compare/branch */
 5182              		.loc 1 286 3 view .LVU2360
 5183 0042 9465     		str	r4, [r2, #88]
 279:../common/ubertooth.c **** 		if (data & msb)
 5184              		.loc 1 279 9 is_stmt 0 view .LVU2361
 5185 0044 10F0FF03 		ands	r3, r0, #255
 288:../common/ubertooth.c **** 		SCLK_CLR;
 5186              		.loc 1 288 3 is_stmt 1 view .LVU2362
 288:../common/ubertooth.c **** 		SCLK_CLR;
 5187              		.loc 1 288 13 is_stmt 0 view .LVU2363
 5188 0048 506D     		ldr	r0, [r2, #84]
 5189              	.LVL291:
 289:../common/ubertooth.c **** 	}
 5190              		.loc 1 289 3 is_stmt 1 view .LVU2364
 5191 004a D465     		str	r4, [r2, #92]
 279:../common/ubertooth.c **** 		if (data & msb)
 5192              		.loc 1 279 9 view .LVU2365
 288:../common/ubertooth.c **** 		SCLK_CLR;
 5193              		.loc 1 288 11 is_stmt 0 view .LVU2366
 5194 004c C0F34000 		ubfx	r0, r0, #1, #1
 5195              	.LVL292:
ARM GAS  /tmp/ccrAXmTj.s 			page 138


 279:../common/ubertooth.c **** 		if (data & msb)
 5196              		.loc 1 279 9 view .LVU2367
 5197 0050 02D0     		beq	.L295
 288:../common/ubertooth.c **** 		SCLK_CLR;
 5198              		.loc 1 288 8 view .LVU2368
 5199 0052 40EA4101 		orr	r1, r0, r1, lsl #1
 288:../common/ubertooth.c **** 		SCLK_CLR;
 5200              		.loc 1 288 8 view .LVU2369
 5201 0056 DFE7     		b	.L297
 5202              	.LVL293:
 5203              	.L295:
 293:../common/ubertooth.c **** 
 5204              		.loc 1 293 2 is_stmt 1 view .LVU2370
 5205 0058 2022     		movs	r2, #32
 5206 005a 014B     		ldr	r3, .L305
 5207 005c 9A65     		str	r2, [r3, #88]
 295:../common/ubertooth.c **** }
 5208              		.loc 1 295 2 view .LVU2371
 5209              	.LVL294:
 295:../common/ubertooth.c **** }
 5210              		.loc 1 295 2 is_stmt 0 view .LVU2372
 5211              	.LBE281:
 5212              	.LBE282:
 5213              	.LBE283:
 5214              	.LBE284:
 590:../common/ubertooth.c **** }
 5215              		.loc 1 590 1 view .LVU2373
 5216 005e 10BD     		pop	{r4, pc}
 5217              	.L306:
 5218              		.align	2
 5219              	.L305:
 5220 0060 00C00920 		.word	537509888
 5221              		.cfi_endproc
 5222              	.LFE23:
 5224              		.section	.text.cc2400_tune_tx,"ax",%progbits
 5225              		.align	1
 5226              		.p2align 2,,3
 5227              		.global	cc2400_tune_tx
 5228              		.syntax unified
 5229              		.thumb
 5230              		.thumb_func
 5232              	cc2400_tune_tx:
 5233              	.LVL295:
 5234              	.LFB24:
 591:../common/ubertooth.c **** 
 592:../common/ubertooth.c **** /*
 593:../common/ubertooth.c ****  * Tune the CC2400 to a frequency in MHz for TX.  The calling function should
 594:../common/ubertooth.c ****  * ensure that the CC2400 is in the IDLE state.
 595:../common/ubertooth.c ****  */
 596:../common/ubertooth.c **** void cc2400_tune_tx(uint16_t channel)
 597:../common/ubertooth.c **** {
 5235              		.loc 1 597 1 is_stmt 1 view -0
 5236              		.cfi_startproc
 5237              		@ args = 0, pretend = 0, frame = 0
 5238              		@ frame_needed = 0, uses_anonymous_args = 0
 5239              		.loc 1 597 1 is_stmt 0 view .LVU2375
 5240 0000 10B5     		push	{r4, lr}
ARM GAS  /tmp/ccrAXmTj.s 			page 139


 5241              		.cfi_def_cfa_offset 8
 5242              		.cfi_offset 4, -8
 5243              		.cfi_offset 14, -4
 598:../common/ubertooth.c **** 	cc2400_set(FSDIV, channel);
 5244              		.loc 1 598 2 is_stmt 1 view .LVU2376
 5245              	.LVL296:
 5246              	.LBB289:
 5247              	.LBI289:
 309:../common/ubertooth.c **** {
 5248              		.loc 1 309 6 view .LVU2377
 5249              	.LBB290:
 311:../common/ubertooth.c **** 	cc2400_spi(24, out);
 5250              		.loc 1 311 2 view .LVU2378
 5251              	.LBB291:
 5252              	.LBB292:
 277:../common/ubertooth.c **** 
 5253              		.loc 1 277 2 is_stmt 0 view .LVU2379
 5254 0002 4FF0200C 		mov	ip, #32
 5255 0006 1823     		movs	r3, #24
 283:../common/ubertooth.c **** 		data <<= 1;
 5256              		.loc 1 283 4 view .LVU2380
 5257 0008 0124     		movs	r4, #1
 286:../common/ubertooth.c **** 		/* Save a few cycles by avoiding the compare/branch */
 5258              		.loc 1 286 3 view .LVU2381
 5259 000a 1021     		movs	r1, #16
 277:../common/ubertooth.c **** 
 5260              		.loc 1 277 2 view .LVU2382
 5261 000c 144A     		ldr	r2, .L319
 5262              	.LBE292:
 5263              	.LBE291:
 311:../common/ubertooth.c **** 	cc2400_spi(24, out);
 5264              		.loc 1 311 24 view .LVU2383
 5265 000e 40F40030 		orr	r0, r0, #131072
 5266              	.LVL297:
 312:../common/ubertooth.c **** }
 5267              		.loc 1 312 2 is_stmt 1 view .LVU2384
 5268              	.LBB294:
 5269              	.LBI291:
 272:../common/ubertooth.c **** {
 5270              		.loc 1 272 5 view .LVU2385
 5271              	.LBB293:
 274:../common/ubertooth.c **** 
 5272              		.loc 1 274 2 view .LVU2386
 277:../common/ubertooth.c **** 
 5273              		.loc 1 277 2 view .LVU2387
 279:../common/ubertooth.c **** 		if (data & msb)
 5274              		.loc 1 279 2 view .LVU2388
 279:../common/ubertooth.c **** 		if (data & msb)
 5275              		.loc 1 279 9 view .LVU2389
 277:../common/ubertooth.c **** 
 5276              		.loc 1 277 2 is_stmt 0 view .LVU2390
 5277 0012 C2F85CC0 		str	ip, [r2, #92]
 5278              	.LVL298:
 5279              	.L311:
 280:../common/ubertooth.c **** 			MOSI_SET;
 5280              		.loc 1 280 3 is_stmt 1 view .LVU2391
 281:../common/ubertooth.c **** 		else
ARM GAS  /tmp/ccrAXmTj.s 			page 140


 5281              		.loc 1 281 4 view .LVU2392
 283:../common/ubertooth.c **** 		data <<= 1;
 5282              		.loc 1 283 4 view .LVU2393
 279:../common/ubertooth.c **** 		if (data & msb)
 5283              		.loc 1 279 9 is_stmt 0 view .LVU2394
 5284 0016 03F1FF3C 		add	ip, r3, #-1
 280:../common/ubertooth.c **** 			MOSI_SET;
 5285              		.loc 1 280 6 view .LVU2395
 5286 001a 0302     		lsls	r3, r0, #8
 5287 001c 0FD5     		bpl	.L308
 5288              	.L318:
 281:../common/ubertooth.c **** 		else
 5289              		.loc 1 281 4 view .LVU2396
 5290 001e 9465     		str	r4, [r2, #88]
 284:../common/ubertooth.c **** 
 5291              		.loc 1 284 3 is_stmt 1 view .LVU2397
 5292              	.LVL299:
 286:../common/ubertooth.c **** 		/* Save a few cycles by avoiding the compare/branch */
 5293              		.loc 1 286 3 view .LVU2398
 5294 0020 9165     		str	r1, [r2, #88]
 288:../common/ubertooth.c **** 		SCLK_CLR;
 5295              		.loc 1 288 3 view .LVU2399
 288:../common/ubertooth.c **** 		SCLK_CLR;
 5296              		.loc 1 288 13 is_stmt 0 view .LVU2400
 5297 0022 D2F854E0 		ldr	lr, [r2, #84]
 5298              	.LVL300:
 289:../common/ubertooth.c **** 	}
 5299              		.loc 1 289 3 is_stmt 1 view .LVU2401
 279:../common/ubertooth.c **** 		if (data & msb)
 5300              		.loc 1 279 9 is_stmt 0 view .LVU2402
 5301 0026 1CF0FF03 		ands	r3, ip, #255
 289:../common/ubertooth.c **** 	}
 5302              		.loc 1 289 3 view .LVU2403
 5303 002a D165     		str	r1, [r2, #92]
 279:../common/ubertooth.c **** 		if (data & msb)
 5304              		.loc 1 279 9 is_stmt 1 view .LVU2404
 288:../common/ubertooth.c **** 		SCLK_CLR;
 5305              		.loc 1 288 11 is_stmt 0 view .LVU2405
 5306 002c CEF3400E 		ubfx	lr, lr, #1, #1
 5307              	.LVL301:
 279:../common/ubertooth.c **** 		if (data & msb)
 5308              		.loc 1 279 9 view .LVU2406
 5309 0030 12D0     		beq	.L309
 288:../common/ubertooth.c **** 		SCLK_CLR;
 5310              		.loc 1 288 8 view .LVU2407
 5311 0032 4EEA4000 		orr	r0, lr, r0, lsl #1
 5312              	.LVL302:
 280:../common/ubertooth.c **** 			MOSI_SET;
 5313              		.loc 1 280 3 is_stmt 1 view .LVU2408
 281:../common/ubertooth.c **** 		else
 5314              		.loc 1 281 4 view .LVU2409
 283:../common/ubertooth.c **** 		data <<= 1;
 5315              		.loc 1 283 4 view .LVU2410
 279:../common/ubertooth.c **** 		if (data & msb)
 5316              		.loc 1 279 9 is_stmt 0 view .LVU2411
 5317 0036 03F1FF3C 		add	ip, r3, #-1
 280:../common/ubertooth.c **** 			MOSI_SET;
ARM GAS  /tmp/ccrAXmTj.s 			page 141


 5318              		.loc 1 280 6 view .LVU2412
 5319 003a 0302     		lsls	r3, r0, #8
 5320 003c EFD4     		bmi	.L318
 5321              	.L308:
 283:../common/ubertooth.c **** 		data <<= 1;
 5322              		.loc 1 283 4 view .LVU2413
 5323 003e D465     		str	r4, [r2, #92]
 284:../common/ubertooth.c **** 
 5324              		.loc 1 284 3 is_stmt 1 view .LVU2414
 5325              	.LVL303:
 286:../common/ubertooth.c **** 		/* Save a few cycles by avoiding the compare/branch */
 5326              		.loc 1 286 3 view .LVU2415
 5327 0040 9165     		str	r1, [r2, #88]
 279:../common/ubertooth.c **** 		if (data & msb)
 5328              		.loc 1 279 9 is_stmt 0 view .LVU2416
 5329 0042 1CF0FF03 		ands	r3, ip, #255
 288:../common/ubertooth.c **** 		SCLK_CLR;
 5330              		.loc 1 288 3 is_stmt 1 view .LVU2417
 288:../common/ubertooth.c **** 		SCLK_CLR;
 5331              		.loc 1 288 13 is_stmt 0 view .LVU2418
 5332 0046 D2F854C0 		ldr	ip, [r2, #84]
 5333              	.LVL304:
 289:../common/ubertooth.c **** 	}
 5334              		.loc 1 289 3 is_stmt 1 view .LVU2419
 5335 004a D165     		str	r1, [r2, #92]
 279:../common/ubertooth.c **** 		if (data & msb)
 5336              		.loc 1 279 9 view .LVU2420
 288:../common/ubertooth.c **** 		SCLK_CLR;
 5337              		.loc 1 288 11 is_stmt 0 view .LVU2421
 5338 004c CCF3400C 		ubfx	ip, ip, #1, #1
 5339              	.LVL305:
 279:../common/ubertooth.c **** 		if (data & msb)
 5340              		.loc 1 279 9 view .LVU2422
 5341 0050 02D0     		beq	.L309
 288:../common/ubertooth.c **** 		SCLK_CLR;
 5342              		.loc 1 288 8 view .LVU2423
 5343 0052 4CEA4000 		orr	r0, ip, r0, lsl #1
 288:../common/ubertooth.c **** 		SCLK_CLR;
 5344              		.loc 1 288 8 view .LVU2424
 5345 0056 DEE7     		b	.L311
 5346              	.LVL306:
 5347              	.L309:
 293:../common/ubertooth.c **** 
 5348              		.loc 1 293 2 is_stmt 1 view .LVU2425
 5349 0058 2022     		movs	r2, #32
 5350 005a 014B     		ldr	r3, .L319
 5351 005c 9A65     		str	r2, [r3, #88]
 295:../common/ubertooth.c **** }
 5352              		.loc 1 295 2 view .LVU2426
 5353              	.LVL307:
 295:../common/ubertooth.c **** }
 5354              		.loc 1 295 2 is_stmt 0 view .LVU2427
 5355              	.LBE293:
 5356              	.LBE294:
 5357              	.LBE290:
 5358              	.LBE289:
 599:../common/ubertooth.c **** }
ARM GAS  /tmp/ccrAXmTj.s 			page 142


 5359              		.loc 1 599 1 view .LVU2428
 5360 005e 10BD     		pop	{r4, pc}
 5361              	.L320:
 5362              		.align	2
 5363              	.L319:
 5364 0060 00C00920 		.word	537509888
 5365              		.cfi_endproc
 5366              	.LFE24:
 5368              		.section	.text.cc2400_hop_rx,"ax",%progbits
 5369              		.align	1
 5370              		.p2align 2,,3
 5371              		.global	cc2400_hop_rx
 5372              		.syntax unified
 5373              		.thumb
 5374              		.thumb_func
 5376              	cc2400_hop_rx:
 5377              	.LVL308:
 5378              	.LFB25:
 600:../common/ubertooth.c **** 
 601:../common/ubertooth.c **** /* Hop to a new RX frequency in MHz.  Assumes starting from RX or TX state. */
 602:../common/ubertooth.c **** void cc2400_hop_rx(uint16_t channel)
 603:../common/ubertooth.c **** {
 5379              		.loc 1 603 1 is_stmt 1 view -0
 5380              		.cfi_startproc
 5381              		@ args = 0, pretend = 0, frame = 0
 5382              		@ frame_needed = 0, uses_anonymous_args = 0
 5383              		.loc 1 603 1 is_stmt 0 view .LVU2430
 5384 0000 10B5     		push	{r4, lr}
 5385              		.cfi_def_cfa_offset 8
 5386              		.cfi_offset 4, -8
 5387              		.cfi_offset 14, -4
 604:../common/ubertooth.c **** 	cc2400_strobe(SRFOFF);
 5388              		.loc 1 604 2 is_stmt 1 view .LVU2431
 5389              	.LVL309:
 5390              	.LBB325:
 5391              	.LBI325:
 428:../common/ubertooth.c **** {
 5392              		.loc 1 428 4 view .LVU2432
 5393              	.LBB326:
 430:../common/ubertooth.c **** }
 5394              		.loc 1 430 2 view .LVU2433
 5395              	.LBB327:
 5396              	.LBI327:
 272:../common/ubertooth.c **** {
 5397              		.loc 1 272 5 view .LVU2434
 5398              	.LBB328:
 274:../common/ubertooth.c **** 
 5399              		.loc 1 274 2 view .LVU2435
 277:../common/ubertooth.c **** 
 5400              		.loc 1 277 2 view .LVU2436
 286:../common/ubertooth.c **** 		/* Save a few cycles by avoiding the compare/branch */
 5401              		.loc 1 286 3 is_stmt 0 view .LVU2437
 5402 0002 1022     		movs	r2, #16
 283:../common/ubertooth.c **** 		data <<= 1;
 5403              		.loc 1 283 4 view .LVU2438
 5404 0004 0121     		movs	r1, #1
 277:../common/ubertooth.c **** 
ARM GAS  /tmp/ccrAXmTj.s 			page 143


 5405              		.loc 1 277 2 view .LVU2439
 5406 0006 2024     		movs	r4, #32
 5407 0008 8F4B     		ldr	r3, .L341
 5408 000a DC65     		str	r4, [r3, #92]
 279:../common/ubertooth.c **** 		if (data & msb)
 5409              		.loc 1 279 2 is_stmt 1 view .LVU2440
 279:../common/ubertooth.c **** 		if (data & msb)
 5410              		.loc 1 279 9 view .LVU2441
 280:../common/ubertooth.c **** 			MOSI_SET;
 5411              		.loc 1 280 3 view .LVU2442
 5412              	.LVL310:
 283:../common/ubertooth.c **** 		data <<= 1;
 5413              		.loc 1 283 4 view .LVU2443
 5414 000c D965     		str	r1, [r3, #92]
 284:../common/ubertooth.c **** 
 5415              		.loc 1 284 3 view .LVU2444
 5416              	.LVL311:
 286:../common/ubertooth.c **** 		/* Save a few cycles by avoiding the compare/branch */
 5417              		.loc 1 286 3 view .LVU2445
 5418 000e 9A65     		str	r2, [r3, #88]
 288:../common/ubertooth.c **** 		SCLK_CLR;
 5419              		.loc 1 288 3 view .LVU2446
 288:../common/ubertooth.c **** 		SCLK_CLR;
 5420              		.loc 1 288 13 is_stmt 0 view .LVU2447
 5421 0010 D3F854C0 		ldr	ip, [r3, #84]
 5422              	.LVL312:
 289:../common/ubertooth.c **** 	}
 5423              		.loc 1 289 3 is_stmt 1 view .LVU2448
 5424 0014 DA65     		str	r2, [r3, #92]
 279:../common/ubertooth.c **** 		if (data & msb)
 5425              		.loc 1 279 9 view .LVU2449
 280:../common/ubertooth.c **** 			MOSI_SET;
 5426              		.loc 1 280 3 view .LVU2450
 281:../common/ubertooth.c **** 		else
 5427              		.loc 1 281 4 view .LVU2451
 5428 0016 9965     		str	r1, [r3, #88]
 284:../common/ubertooth.c **** 
 5429              		.loc 1 284 3 view .LVU2452
 286:../common/ubertooth.c **** 		/* Save a few cycles by avoiding the compare/branch */
 5430              		.loc 1 286 3 view .LVU2453
 5431 0018 9A65     		str	r2, [r3, #88]
 288:../common/ubertooth.c **** 		SCLK_CLR;
 5432              		.loc 1 288 3 view .LVU2454
 288:../common/ubertooth.c **** 		SCLK_CLR;
 5433              		.loc 1 288 13 is_stmt 0 view .LVU2455
 5434 001a D3F854C0 		ldr	ip, [r3, #84]
 289:../common/ubertooth.c **** 	}
 5435              		.loc 1 289 3 is_stmt 1 view .LVU2456
 5436 001e DA65     		str	r2, [r3, #92]
 279:../common/ubertooth.c **** 		if (data & msb)
 5437              		.loc 1 279 9 view .LVU2457
 280:../common/ubertooth.c **** 			MOSI_SET;
 5438              		.loc 1 280 3 view .LVU2458
 281:../common/ubertooth.c **** 		else
 5439              		.loc 1 281 4 view .LVU2459
 5440 0020 9965     		str	r1, [r3, #88]
 284:../common/ubertooth.c **** 
ARM GAS  /tmp/ccrAXmTj.s 			page 144


 5441              		.loc 1 284 3 view .LVU2460
 286:../common/ubertooth.c **** 		/* Save a few cycles by avoiding the compare/branch */
 5442              		.loc 1 286 3 view .LVU2461
 5443 0022 9A65     		str	r2, [r3, #88]
 288:../common/ubertooth.c **** 		SCLK_CLR;
 5444              		.loc 1 288 3 view .LVU2462
 288:../common/ubertooth.c **** 		SCLK_CLR;
 5445              		.loc 1 288 13 is_stmt 0 view .LVU2463
 5446 0024 D3F854C0 		ldr	ip, [r3, #84]
 289:../common/ubertooth.c **** 	}
 5447              		.loc 1 289 3 is_stmt 1 view .LVU2464
 5448 0028 DA65     		str	r2, [r3, #92]
 279:../common/ubertooth.c **** 		if (data & msb)
 5449              		.loc 1 279 9 view .LVU2465
 280:../common/ubertooth.c **** 			MOSI_SET;
 5450              		.loc 1 280 3 view .LVU2466
 283:../common/ubertooth.c **** 		data <<= 1;
 5451              		.loc 1 283 4 view .LVU2467
 5452 002a D965     		str	r1, [r3, #92]
 284:../common/ubertooth.c **** 
 5453              		.loc 1 284 3 view .LVU2468
 286:../common/ubertooth.c **** 		/* Save a few cycles by avoiding the compare/branch */
 5454              		.loc 1 286 3 view .LVU2469
 5455 002c 9A65     		str	r2, [r3, #88]
 288:../common/ubertooth.c **** 		SCLK_CLR;
 5456              		.loc 1 288 3 view .LVU2470
 288:../common/ubertooth.c **** 		SCLK_CLR;
 5457              		.loc 1 288 13 is_stmt 0 view .LVU2471
 5458 002e D3F854C0 		ldr	ip, [r3, #84]
 289:../common/ubertooth.c **** 	}
 5459              		.loc 1 289 3 is_stmt 1 view .LVU2472
 5460 0032 DA65     		str	r2, [r3, #92]
 279:../common/ubertooth.c **** 		if (data & msb)
 5461              		.loc 1 279 9 view .LVU2473
 280:../common/ubertooth.c **** 			MOSI_SET;
 5462              		.loc 1 280 3 view .LVU2474
 283:../common/ubertooth.c **** 		data <<= 1;
 5463              		.loc 1 283 4 view .LVU2475
 5464 0034 D965     		str	r1, [r3, #92]
 284:../common/ubertooth.c **** 
 5465              		.loc 1 284 3 view .LVU2476
 286:../common/ubertooth.c **** 		/* Save a few cycles by avoiding the compare/branch */
 5466              		.loc 1 286 3 view .LVU2477
 5467 0036 9A65     		str	r2, [r3, #88]
 288:../common/ubertooth.c **** 		SCLK_CLR;
 5468              		.loc 1 288 3 view .LVU2478
 288:../common/ubertooth.c **** 		SCLK_CLR;
 5469              		.loc 1 288 13 is_stmt 0 view .LVU2479
 5470 0038 D3F854C0 		ldr	ip, [r3, #84]
 289:../common/ubertooth.c **** 	}
 5471              		.loc 1 289 3 is_stmt 1 view .LVU2480
 5472 003c DA65     		str	r2, [r3, #92]
 279:../common/ubertooth.c **** 		if (data & msb)
 5473              		.loc 1 279 9 view .LVU2481
 280:../common/ubertooth.c **** 			MOSI_SET;
 5474              		.loc 1 280 3 view .LVU2482
 281:../common/ubertooth.c **** 		else
ARM GAS  /tmp/ccrAXmTj.s 			page 145


 5475              		.loc 1 281 4 view .LVU2483
 5476 003e 9965     		str	r1, [r3, #88]
 284:../common/ubertooth.c **** 
 5477              		.loc 1 284 3 view .LVU2484
 286:../common/ubertooth.c **** 		/* Save a few cycles by avoiding the compare/branch */
 5478              		.loc 1 286 3 view .LVU2485
 5479 0040 9A65     		str	r2, [r3, #88]
 288:../common/ubertooth.c **** 		SCLK_CLR;
 5480              		.loc 1 288 3 view .LVU2486
 288:../common/ubertooth.c **** 		SCLK_CLR;
 5481              		.loc 1 288 13 is_stmt 0 view .LVU2487
 5482 0042 D3F854C0 		ldr	ip, [r3, #84]
 289:../common/ubertooth.c **** 	}
 5483              		.loc 1 289 3 is_stmt 1 view .LVU2488
 5484 0046 DA65     		str	r2, [r3, #92]
 279:../common/ubertooth.c **** 		if (data & msb)
 5485              		.loc 1 279 9 view .LVU2489
 280:../common/ubertooth.c **** 			MOSI_SET;
 5486              		.loc 1 280 3 view .LVU2490
 283:../common/ubertooth.c **** 		data <<= 1;
 5487              		.loc 1 283 4 view .LVU2491
 5488 0048 D965     		str	r1, [r3, #92]
 284:../common/ubertooth.c **** 
 5489              		.loc 1 284 3 view .LVU2492
 286:../common/ubertooth.c **** 		/* Save a few cycles by avoiding the compare/branch */
 5490              		.loc 1 286 3 view .LVU2493
 5491 004a 9A65     		str	r2, [r3, #88]
 288:../common/ubertooth.c **** 		SCLK_CLR;
 5492              		.loc 1 288 3 view .LVU2494
 288:../common/ubertooth.c **** 		SCLK_CLR;
 5493              		.loc 1 288 13 is_stmt 0 view .LVU2495
 5494 004c D3F854C0 		ldr	ip, [r3, #84]
 289:../common/ubertooth.c **** 	}
 5495              		.loc 1 289 3 is_stmt 1 view .LVU2496
 5496 0050 DA65     		str	r2, [r3, #92]
 279:../common/ubertooth.c **** 		if (data & msb)
 5497              		.loc 1 279 9 view .LVU2497
 280:../common/ubertooth.c **** 			MOSI_SET;
 5498              		.loc 1 280 3 view .LVU2498
 283:../common/ubertooth.c **** 		data <<= 1;
 5499              		.loc 1 283 4 view .LVU2499
 5500 0052 D965     		str	r1, [r3, #92]
 284:../common/ubertooth.c **** 
 5501              		.loc 1 284 3 view .LVU2500
 286:../common/ubertooth.c **** 		/* Save a few cycles by avoiding the compare/branch */
 5502              		.loc 1 286 3 view .LVU2501
 5503 0054 9A65     		str	r2, [r3, #88]
 288:../common/ubertooth.c **** 		SCLK_CLR;
 5504              		.loc 1 288 3 view .LVU2502
 288:../common/ubertooth.c **** 		SCLK_CLR;
 5505              		.loc 1 288 13 is_stmt 0 view .LVU2503
 5506 0056 D3F854C0 		ldr	ip, [r3, #84]
 289:../common/ubertooth.c **** 	}
 5507              		.loc 1 289 3 is_stmt 1 view .LVU2504
 5508 005a DA65     		str	r2, [r3, #92]
 279:../common/ubertooth.c **** 		if (data & msb)
 5509              		.loc 1 279 9 view .LVU2505
ARM GAS  /tmp/ccrAXmTj.s 			page 146


 293:../common/ubertooth.c **** 
 5510              		.loc 1 293 2 view .LVU2506
 5511 005c 9C65     		str	r4, [r3, #88]
 295:../common/ubertooth.c **** }
 5512              		.loc 1 295 2 view .LVU2507
 5513              	.LVL313:
 295:../common/ubertooth.c **** }
 5514              		.loc 1 295 2 is_stmt 0 view .LVU2508
 5515              	.LBE328:
 5516              	.LBE327:
 5517              	.LBE326:
 5518              	.LBE325:
 605:../common/ubertooth.c **** 	while ((cc2400_status() & FS_LOCK));
 5519              		.loc 1 605 2 is_stmt 1 view .LVU2509
 5520              	.L322:
 5521              		.loc 1 605 9 discriminator 2 view .LVU2510
 5522              	.LBB329:
 5523              	.LBI329:
 422:../common/ubertooth.c **** {
 5524              		.loc 1 422 4 view .LVU2511
 5525              	.LBB330:
 424:../common/ubertooth.c **** }
 5526              		.loc 1 424 2 view .LVU2512
 5527              	.LBB331:
 5528              	.LBI331:
 272:../common/ubertooth.c **** {
 5529              		.loc 1 272 5 view .LVU2513
 5530              	.LBB332:
 274:../common/ubertooth.c **** 
 5531              		.loc 1 274 2 view .LVU2514
 277:../common/ubertooth.c **** 
 5532              		.loc 1 277 2 view .LVU2515
 5533 005e DC65     		str	r4, [r3, #92]
 279:../common/ubertooth.c **** 		if (data & msb)
 5534              		.loc 1 279 2 view .LVU2516
 279:../common/ubertooth.c **** 		if (data & msb)
 5535              		.loc 1 279 9 view .LVU2517
 5536              	.LVL314:
 280:../common/ubertooth.c **** 			MOSI_SET;
 5537              		.loc 1 280 3 view .LVU2518
 283:../common/ubertooth.c **** 		data <<= 1;
 5538              		.loc 1 283 4 view .LVU2519
 5539 0060 D965     		str	r1, [r3, #92]
 284:../common/ubertooth.c **** 
 5540              		.loc 1 284 3 view .LVU2520
 286:../common/ubertooth.c **** 		/* Save a few cycles by avoiding the compare/branch */
 5541              		.loc 1 286 3 view .LVU2521
 5542 0062 9A65     		str	r2, [r3, #88]
 288:../common/ubertooth.c **** 		SCLK_CLR;
 5543              		.loc 1 288 3 view .LVU2522
 288:../common/ubertooth.c **** 		SCLK_CLR;
 5544              		.loc 1 288 13 is_stmt 0 view .LVU2523
 5545 0064 D3F854C0 		ldr	ip, [r3, #84]
 5546              	.LVL315:
 289:../common/ubertooth.c **** 	}
 5547              		.loc 1 289 3 is_stmt 1 view .LVU2524
 5548 0068 DA65     		str	r2, [r3, #92]
ARM GAS  /tmp/ccrAXmTj.s 			page 147


 279:../common/ubertooth.c **** 		if (data & msb)
 5549              		.loc 1 279 9 view .LVU2525
 5550              	.LVL316:
 280:../common/ubertooth.c **** 			MOSI_SET;
 5551              		.loc 1 280 3 view .LVU2526
 283:../common/ubertooth.c **** 		data <<= 1;
 5552              		.loc 1 283 4 view .LVU2527
 5553 006a D965     		str	r1, [r3, #92]
 284:../common/ubertooth.c **** 
 5554              		.loc 1 284 3 view .LVU2528
 286:../common/ubertooth.c **** 		/* Save a few cycles by avoiding the compare/branch */
 5555              		.loc 1 286 3 view .LVU2529
 5556 006c 9A65     		str	r2, [r3, #88]
 288:../common/ubertooth.c **** 		SCLK_CLR;
 5557              		.loc 1 288 3 view .LVU2530
 289:../common/ubertooth.c **** 	}
 5558              		.loc 1 289 3 view .LVU2531
 288:../common/ubertooth.c **** 		SCLK_CLR;
 5559              		.loc 1 288 13 is_stmt 0 view .LVU2532
 5560 006e D3F854C0 		ldr	ip, [r3, #84]
 289:../common/ubertooth.c **** 	}
 5561              		.loc 1 289 3 view .LVU2533
 5562 0072 DA65     		str	r2, [r3, #92]
 5563              	.LVL317:
 279:../common/ubertooth.c **** 		if (data & msb)
 5564              		.loc 1 279 9 is_stmt 1 view .LVU2534
 280:../common/ubertooth.c **** 			MOSI_SET;
 5565              		.loc 1 280 3 view .LVU2535
 283:../common/ubertooth.c **** 		data <<= 1;
 5566              		.loc 1 283 4 view .LVU2536
 5567 0074 D965     		str	r1, [r3, #92]
 284:../common/ubertooth.c **** 
 5568              		.loc 1 284 3 view .LVU2537
 286:../common/ubertooth.c **** 		/* Save a few cycles by avoiding the compare/branch */
 5569              		.loc 1 286 3 view .LVU2538
 5570 0076 9A65     		str	r2, [r3, #88]
 288:../common/ubertooth.c **** 		SCLK_CLR;
 5571              		.loc 1 288 3 view .LVU2539
 5572              	.LVL318:
 289:../common/ubertooth.c **** 	}
 5573              		.loc 1 289 3 view .LVU2540
 288:../common/ubertooth.c **** 		SCLK_CLR;
 5574              		.loc 1 288 13 is_stmt 0 view .LVU2541
 5575 0078 D3F854C0 		ldr	ip, [r3, #84]
 289:../common/ubertooth.c **** 	}
 5576              		.loc 1 289 3 view .LVU2542
 5577 007c DA65     		str	r2, [r3, #92]
 5578              	.LVL319:
 279:../common/ubertooth.c **** 		if (data & msb)
 5579              		.loc 1 279 9 is_stmt 1 view .LVU2543
 280:../common/ubertooth.c **** 			MOSI_SET;
 5580              		.loc 1 280 3 view .LVU2544
 283:../common/ubertooth.c **** 		data <<= 1;
 5581              		.loc 1 283 4 view .LVU2545
 5582 007e D965     		str	r1, [r3, #92]
 284:../common/ubertooth.c **** 
 5583              		.loc 1 284 3 view .LVU2546
ARM GAS  /tmp/ccrAXmTj.s 			page 148


 286:../common/ubertooth.c **** 		/* Save a few cycles by avoiding the compare/branch */
 5584              		.loc 1 286 3 view .LVU2547
 5585 0080 9A65     		str	r2, [r3, #88]
 288:../common/ubertooth.c **** 		SCLK_CLR;
 5586              		.loc 1 288 3 view .LVU2548
 5587              	.LVL320:
 289:../common/ubertooth.c **** 	}
 5588              		.loc 1 289 3 view .LVU2549
 288:../common/ubertooth.c **** 		SCLK_CLR;
 5589              		.loc 1 288 13 is_stmt 0 view .LVU2550
 5590 0082 D3F854C0 		ldr	ip, [r3, #84]
 289:../common/ubertooth.c **** 	}
 5591              		.loc 1 289 3 view .LVU2551
 5592 0086 DA65     		str	r2, [r3, #92]
 5593              	.LVL321:
 279:../common/ubertooth.c **** 		if (data & msb)
 5594              		.loc 1 279 9 is_stmt 1 view .LVU2552
 280:../common/ubertooth.c **** 			MOSI_SET;
 5595              		.loc 1 280 3 view .LVU2553
 283:../common/ubertooth.c **** 		data <<= 1;
 5596              		.loc 1 283 4 view .LVU2554
 5597 0088 D965     		str	r1, [r3, #92]
 284:../common/ubertooth.c **** 
 5598              		.loc 1 284 3 view .LVU2555
 286:../common/ubertooth.c **** 		/* Save a few cycles by avoiding the compare/branch */
 5599              		.loc 1 286 3 view .LVU2556
 5600 008a 9A65     		str	r2, [r3, #88]
 288:../common/ubertooth.c **** 		SCLK_CLR;
 5601              		.loc 1 288 3 view .LVU2557
 5602              	.LVL322:
 289:../common/ubertooth.c **** 	}
 5603              		.loc 1 289 3 view .LVU2558
 288:../common/ubertooth.c **** 		SCLK_CLR;
 5604              		.loc 1 288 13 is_stmt 0 view .LVU2559
 5605 008c D3F854C0 		ldr	ip, [r3, #84]
 289:../common/ubertooth.c **** 	}
 5606              		.loc 1 289 3 view .LVU2560
 5607 0090 DA65     		str	r2, [r3, #92]
 5608              	.LVL323:
 279:../common/ubertooth.c **** 		if (data & msb)
 5609              		.loc 1 279 9 is_stmt 1 view .LVU2561
 280:../common/ubertooth.c **** 			MOSI_SET;
 5610              		.loc 1 280 3 view .LVU2562
 283:../common/ubertooth.c **** 		data <<= 1;
 5611              		.loc 1 283 4 view .LVU2563
 5612 0092 D965     		str	r1, [r3, #92]
 284:../common/ubertooth.c **** 
 5613              		.loc 1 284 3 view .LVU2564
 286:../common/ubertooth.c **** 		/* Save a few cycles by avoiding the compare/branch */
 5614              		.loc 1 286 3 view .LVU2565
 5615 0094 9A65     		str	r2, [r3, #88]
 288:../common/ubertooth.c **** 		SCLK_CLR;
 5616              		.loc 1 288 3 view .LVU2566
 5617              	.LVL324:
 289:../common/ubertooth.c **** 	}
 5618              		.loc 1 289 3 view .LVU2567
 288:../common/ubertooth.c **** 		SCLK_CLR;
ARM GAS  /tmp/ccrAXmTj.s 			page 149


 5619              		.loc 1 288 13 is_stmt 0 view .LVU2568
 5620 0096 D3F854C0 		ldr	ip, [r3, #84]
 289:../common/ubertooth.c **** 	}
 5621              		.loc 1 289 3 view .LVU2569
 5622 009a DA65     		str	r2, [r3, #92]
 279:../common/ubertooth.c **** 		if (data & msb)
 5623              		.loc 1 279 9 is_stmt 1 view .LVU2570
 5624              	.LVL325:
 280:../common/ubertooth.c **** 			MOSI_SET;
 5625              		.loc 1 280 3 view .LVU2571
 283:../common/ubertooth.c **** 		data <<= 1;
 5626              		.loc 1 283 4 view .LVU2572
 5627 009c D965     		str	r1, [r3, #92]
 284:../common/ubertooth.c **** 
 5628              		.loc 1 284 3 view .LVU2573
 286:../common/ubertooth.c **** 		/* Save a few cycles by avoiding the compare/branch */
 5629              		.loc 1 286 3 view .LVU2574
 5630 009e 9A65     		str	r2, [r3, #88]
 288:../common/ubertooth.c **** 		SCLK_CLR;
 5631              		.loc 1 288 3 view .LVU2575
 289:../common/ubertooth.c **** 	}
 5632              		.loc 1 289 3 view .LVU2576
 288:../common/ubertooth.c **** 		SCLK_CLR;
 5633              		.loc 1 288 13 is_stmt 0 view .LVU2577
 5634 00a0 D3F854E0 		ldr	lr, [r3, #84]
 5635              	.LBE332:
 5636              	.LBE331:
 5637              	.LBE330:
 5638              	.LBE329:
 5639              		.loc 1 605 9 discriminator 2 view .LVU2578
 5640 00a4 1CF0020F 		tst	ip, #2
 5641              	.LBB336:
 5642              	.LBB335:
 5643              	.LBB334:
 5644              	.LBB333:
 289:../common/ubertooth.c **** 	}
 5645              		.loc 1 289 3 view .LVU2579
 5646 00a8 DA65     		str	r2, [r3, #92]
 279:../common/ubertooth.c **** 		if (data & msb)
 5647              		.loc 1 279 9 is_stmt 1 view .LVU2580
 5648              	.LVL326:
 280:../common/ubertooth.c **** 			MOSI_SET;
 5649              		.loc 1 280 3 view .LVU2581
 283:../common/ubertooth.c **** 		data <<= 1;
 5650              		.loc 1 283 4 view .LVU2582
 5651 00aa D965     		str	r1, [r3, #92]
 284:../common/ubertooth.c **** 
 5652              		.loc 1 284 3 view .LVU2583
 286:../common/ubertooth.c **** 		/* Save a few cycles by avoiding the compare/branch */
 5653              		.loc 1 286 3 view .LVU2584
 5654 00ac 9A65     		str	r2, [r3, #88]
 288:../common/ubertooth.c **** 		SCLK_CLR;
 5655              		.loc 1 288 3 view .LVU2585
 288:../common/ubertooth.c **** 		SCLK_CLR;
 5656              		.loc 1 288 13 is_stmt 0 view .LVU2586
 5657 00ae D3F854E0 		ldr	lr, [r3, #84]
 289:../common/ubertooth.c **** 	}
ARM GAS  /tmp/ccrAXmTj.s 			page 150


 5658              		.loc 1 289 3 is_stmt 1 view .LVU2587
 5659 00b2 DA65     		str	r2, [r3, #92]
 279:../common/ubertooth.c **** 		if (data & msb)
 5660              		.loc 1 279 9 view .LVU2588
 5661              	.LVL327:
 293:../common/ubertooth.c **** 
 5662              		.loc 1 293 2 view .LVU2589
 5663 00b4 9C65     		str	r4, [r3, #88]
 295:../common/ubertooth.c **** }
 5664              		.loc 1 295 2 view .LVU2590
 5665              	.LVL328:
 295:../common/ubertooth.c **** }
 5666              		.loc 1 295 2 is_stmt 0 view .LVU2591
 5667              	.LBE333:
 5668              	.LBE334:
 5669              	.LBE335:
 5670              	.LBE336:
 5671              		.loc 1 605 9 discriminator 2 view .LVU2592
 5672 00b6 D2D1     		bne	.L322
 606:../common/ubertooth.c **** 	cc2400_tune_rx(channel);
 5673              		.loc 1 606 2 is_stmt 1 view .LVU2593
 5674              	.LVL329:
 5675              	.LBB337:
 5676              	.LBI337:
 587:../common/ubertooth.c **** {
 5677              		.loc 1 587 6 view .LVU2594
 5678              	.LBB338:
 589:../common/ubertooth.c **** }
 5679              		.loc 1 589 2 view .LVU2595
 5680              	.LBB339:
 5681              	.LBI339:
 309:../common/ubertooth.c **** {
 5682              		.loc 1 309 6 view .LVU2596
 5683              	.LBB340:
 311:../common/ubertooth.c **** 	cc2400_spi(24, out);
 5684              		.loc 1 311 2 view .LVU2597
 5685              	.LBB341:
 5686              	.LBB342:
 277:../common/ubertooth.c **** 
 5687              		.loc 1 277 2 is_stmt 0 view .LVU2598
 5688 00b8 DC65     		str	r4, [r3, #92]
 5689 00ba 1822     		movs	r2, #24
 283:../common/ubertooth.c **** 		data <<= 1;
 5690              		.loc 1 283 4 view .LVU2599
 5691 00bc 4FF0010E 		mov	lr, #1
 286:../common/ubertooth.c **** 		/* Save a few cycles by avoiding the compare/branch */
 5692              		.loc 1 286 3 view .LVU2600
 5693 00c0 1023     		movs	r3, #16
 5694              	.LBE342:
 5695              	.LBE341:
 5696              	.LBE340:
 5697              	.LBE339:
 589:../common/ubertooth.c **** }
 5698              		.loc 1 589 2 view .LVU2601
 5699 00c2 0138     		subs	r0, r0, #1
 5700              	.LVL330:
 5701              	.LBB351:
ARM GAS  /tmp/ccrAXmTj.s 			page 151


 5702              	.LBB349:
 311:../common/ubertooth.c **** 	cc2400_spi(24, out);
 5703              		.loc 1 311 24 view .LVU2602
 5704 00c4 80B2     		uxth	r0, r0
 5705              	.LVL331:
 5706              	.LBB346:
 5707              	.LBB343:
 283:../common/ubertooth.c **** 		data <<= 1;
 5708              		.loc 1 283 4 view .LVU2603
 5709 00c6 6049     		ldr	r1, .L341
 5710              	.LBE343:
 5711              	.LBE346:
 311:../common/ubertooth.c **** 	cc2400_spi(24, out);
 5712              		.loc 1 311 24 view .LVU2604
 5713 00c8 40F40030 		orr	r0, r0, #131072
 5714              	.LVL332:
 312:../common/ubertooth.c **** }
 5715              		.loc 1 312 2 is_stmt 1 view .LVU2605
 5716              	.LBB347:
 5717              	.LBI341:
 272:../common/ubertooth.c **** {
 5718              		.loc 1 272 5 view .LVU2606
 5719              	.LBB344:
 274:../common/ubertooth.c **** 
 5720              		.loc 1 274 2 view .LVU2607
 277:../common/ubertooth.c **** 
 5721              		.loc 1 277 2 view .LVU2608
 279:../common/ubertooth.c **** 		if (data & msb)
 5722              		.loc 1 279 2 view .LVU2609
 279:../common/ubertooth.c **** 		if (data & msb)
 5723              		.loc 1 279 9 view .LVU2610
 5724              	.L326:
 280:../common/ubertooth.c **** 			MOSI_SET;
 5725              		.loc 1 280 3 view .LVU2611
 281:../common/ubertooth.c **** 		else
 5726              		.loc 1 281 4 view .LVU2612
 283:../common/ubertooth.c **** 		data <<= 1;
 5727              		.loc 1 283 4 view .LVU2613
 279:../common/ubertooth.c **** 		if (data & msb)
 5728              		.loc 1 279 9 is_stmt 0 view .LVU2614
 5729 00cc 541E     		subs	r4, r2, #1
 280:../common/ubertooth.c **** 			MOSI_SET;
 5730              		.loc 1 280 6 view .LVU2615
 5731 00ce 0202     		lsls	r2, r0, #8
 5732 00d0 0FD5     		bpl	.L323
 5733              	.L340:
 281:../common/ubertooth.c **** 		else
 5734              		.loc 1 281 4 view .LVU2616
 5735 00d2 C1F858E0 		str	lr, [r1, #88]
 284:../common/ubertooth.c **** 
 5736              		.loc 1 284 3 is_stmt 1 view .LVU2617
 5737              	.LVL333:
 286:../common/ubertooth.c **** 		/* Save a few cycles by avoiding the compare/branch */
 5738              		.loc 1 286 3 view .LVU2618
 5739 00d6 8B65     		str	r3, [r1, #88]
 288:../common/ubertooth.c **** 		SCLK_CLR;
 5740              		.loc 1 288 3 view .LVU2619
ARM GAS  /tmp/ccrAXmTj.s 			page 152


 288:../common/ubertooth.c **** 		SCLK_CLR;
 5741              		.loc 1 288 13 is_stmt 0 view .LVU2620
 5742 00d8 D1F854C0 		ldr	ip, [r1, #84]
 5743              	.LVL334:
 289:../common/ubertooth.c **** 	}
 5744              		.loc 1 289 3 is_stmt 1 view .LVU2621
 279:../common/ubertooth.c **** 		if (data & msb)
 5745              		.loc 1 279 9 is_stmt 0 view .LVU2622
 5746 00dc 14F0FF02 		ands	r2, r4, #255
 289:../common/ubertooth.c **** 	}
 5747              		.loc 1 289 3 view .LVU2623
 5748 00e0 CB65     		str	r3, [r1, #92]
 279:../common/ubertooth.c **** 		if (data & msb)
 5749              		.loc 1 279 9 is_stmt 1 view .LVU2624
 288:../common/ubertooth.c **** 		SCLK_CLR;
 5750              		.loc 1 288 11 is_stmt 0 view .LVU2625
 5751 00e2 CCF3400C 		ubfx	ip, ip, #1, #1
 5752              	.LVL335:
 279:../common/ubertooth.c **** 		if (data & msb)
 5753              		.loc 1 279 9 view .LVU2626
 5754 00e6 11D0     		beq	.L324
 288:../common/ubertooth.c **** 		SCLK_CLR;
 5755              		.loc 1 288 8 view .LVU2627
 5756 00e8 4CEA4000 		orr	r0, ip, r0, lsl #1
 5757              	.LVL336:
 280:../common/ubertooth.c **** 			MOSI_SET;
 5758              		.loc 1 280 3 is_stmt 1 view .LVU2628
 281:../common/ubertooth.c **** 		else
 5759              		.loc 1 281 4 view .LVU2629
 283:../common/ubertooth.c **** 		data <<= 1;
 5760              		.loc 1 283 4 view .LVU2630
 279:../common/ubertooth.c **** 		if (data & msb)
 5761              		.loc 1 279 9 is_stmt 0 view .LVU2631
 5762 00ec 541E     		subs	r4, r2, #1
 280:../common/ubertooth.c **** 			MOSI_SET;
 5763              		.loc 1 280 6 view .LVU2632
 5764 00ee 0202     		lsls	r2, r0, #8
 5765 00f0 EFD4     		bmi	.L340
 5766              	.L323:
 283:../common/ubertooth.c **** 		data <<= 1;
 5767              		.loc 1 283 4 view .LVU2633
 5768 00f2 C1F85CE0 		str	lr, [r1, #92]
 284:../common/ubertooth.c **** 
 5769              		.loc 1 284 3 is_stmt 1 view .LVU2634
 5770              	.LVL337:
 286:../common/ubertooth.c **** 		/* Save a few cycles by avoiding the compare/branch */
 5771              		.loc 1 286 3 view .LVU2635
 5772 00f6 8B65     		str	r3, [r1, #88]
 279:../common/ubertooth.c **** 		if (data & msb)
 5773              		.loc 1 279 9 is_stmt 0 view .LVU2636
 5774 00f8 14F0FF02 		ands	r2, r4, #255
 288:../common/ubertooth.c **** 		SCLK_CLR;
 5775              		.loc 1 288 3 is_stmt 1 view .LVU2637
 288:../common/ubertooth.c **** 		SCLK_CLR;
 5776              		.loc 1 288 13 is_stmt 0 view .LVU2638
 5777 00fc 4C6D     		ldr	r4, [r1, #84]
 5778              	.LVL338:
ARM GAS  /tmp/ccrAXmTj.s 			page 153


 289:../common/ubertooth.c **** 	}
 5779              		.loc 1 289 3 is_stmt 1 view .LVU2639
 5780 00fe CB65     		str	r3, [r1, #92]
 279:../common/ubertooth.c **** 		if (data & msb)
 5781              		.loc 1 279 9 view .LVU2640
 288:../common/ubertooth.c **** 		SCLK_CLR;
 5782              		.loc 1 288 11 is_stmt 0 view .LVU2641
 5783 0100 C4F34004 		ubfx	r4, r4, #1, #1
 5784              	.LVL339:
 279:../common/ubertooth.c **** 		if (data & msb)
 5785              		.loc 1 279 9 view .LVU2642
 5786 0104 02D0     		beq	.L324
 288:../common/ubertooth.c **** 		SCLK_CLR;
 5787              		.loc 1 288 8 view .LVU2643
 5788 0106 44EA4000 		orr	r0, r4, r0, lsl #1
 288:../common/ubertooth.c **** 		SCLK_CLR;
 5789              		.loc 1 288 8 view .LVU2644
 5790 010a DFE7     		b	.L326
 5791              	.LVL340:
 5792              	.L324:
 293:../common/ubertooth.c **** 
 5793              		.loc 1 293 2 is_stmt 1 view .LVU2645
 5794 010c 2024     		movs	r4, #32
 5795              	.LBE344:
 5796              	.LBE347:
 5797              	.LBE349:
 5798              	.LBE351:
 5799              	.LBE338:
 5800              	.LBE337:
 5801              	.LBB354:
 5802              	.LBB355:
 5803              	.LBB356:
 5804              	.LBB357:
 283:../common/ubertooth.c **** 		data <<= 1;
 5805              		.loc 1 283 4 is_stmt 0 view .LVU2646
 5806 010e 0120     		movs	r0, #1
 286:../common/ubertooth.c **** 		/* Save a few cycles by avoiding the compare/branch */
 5807              		.loc 1 286 3 view .LVU2647
 5808 0110 1021     		movs	r1, #16
 5809              	.LBE357:
 5810              	.LBE356:
 5811              	.LBE355:
 5812              	.LBE354:
 5813              	.LBB364:
 5814              	.LBB353:
 5815              	.LBB352:
 5816              	.LBB350:
 5817              	.LBB348:
 5818              	.LBB345:
 293:../common/ubertooth.c **** 
 5819              		.loc 1 293 2 view .LVU2648
 5820 0112 4D4B     		ldr	r3, .L341
 5821 0114 9C65     		str	r4, [r3, #88]
 295:../common/ubertooth.c **** }
 5822              		.loc 1 295 2 is_stmt 1 view .LVU2649
 5823              	.LVL341:
 295:../common/ubertooth.c **** }
ARM GAS  /tmp/ccrAXmTj.s 			page 154


 5824              		.loc 1 295 2 is_stmt 0 view .LVU2650
 5825              	.LBE345:
 5826              	.LBE348:
 5827              	.LBE350:
 5828              	.LBE352:
 5829              	.LBE353:
 5830              	.LBE364:
 607:../common/ubertooth.c **** 	while (!(cc2400_status() & XOSC16M_STABLE));
 5831              		.loc 1 607 2 is_stmt 1 view .LVU2651
 5832              	.L327:
 5833              		.loc 1 607 9 discriminator 2 view .LVU2652
 5834              	.LBB365:
 5835              	.LBI354:
 422:../common/ubertooth.c **** {
 5836              		.loc 1 422 4 view .LVU2653
 5837              	.LBB362:
 424:../common/ubertooth.c **** }
 5838              		.loc 1 424 2 view .LVU2654
 5839              	.LBB360:
 5840              	.LBI356:
 272:../common/ubertooth.c **** {
 5841              		.loc 1 272 5 view .LVU2655
 5842              	.LBB358:
 274:../common/ubertooth.c **** 
 5843              		.loc 1 274 2 view .LVU2656
 277:../common/ubertooth.c **** 
 5844              		.loc 1 277 2 view .LVU2657
 5845 0116 DC65     		str	r4, [r3, #92]
 279:../common/ubertooth.c **** 		if (data & msb)
 5846              		.loc 1 279 2 view .LVU2658
 279:../common/ubertooth.c **** 		if (data & msb)
 5847              		.loc 1 279 9 view .LVU2659
 5848              	.LVL342:
 280:../common/ubertooth.c **** 			MOSI_SET;
 5849              		.loc 1 280 3 view .LVU2660
 283:../common/ubertooth.c **** 		data <<= 1;
 5850              		.loc 1 283 4 view .LVU2661
 5851 0118 D865     		str	r0, [r3, #92]
 284:../common/ubertooth.c **** 
 5852              		.loc 1 284 3 view .LVU2662
 286:../common/ubertooth.c **** 		/* Save a few cycles by avoiding the compare/branch */
 5853              		.loc 1 286 3 view .LVU2663
 5854 011a 9965     		str	r1, [r3, #88]
 288:../common/ubertooth.c **** 		SCLK_CLR;
 5855              		.loc 1 288 3 view .LVU2664
 288:../common/ubertooth.c **** 		SCLK_CLR;
 5856              		.loc 1 288 13 is_stmt 0 view .LVU2665
 5857 011c 5A6D     		ldr	r2, [r3, #84]
 5858              	.LVL343:
 289:../common/ubertooth.c **** 	}
 5859              		.loc 1 289 3 is_stmt 1 view .LVU2666
 5860 011e D965     		str	r1, [r3, #92]
 279:../common/ubertooth.c **** 		if (data & msb)
 5861              		.loc 1 279 9 view .LVU2667
 5862              	.LVL344:
 280:../common/ubertooth.c **** 			MOSI_SET;
 5863              		.loc 1 280 3 view .LVU2668
ARM GAS  /tmp/ccrAXmTj.s 			page 155


 283:../common/ubertooth.c **** 		data <<= 1;
 5864              		.loc 1 283 4 view .LVU2669
 5865 0120 D865     		str	r0, [r3, #92]
 284:../common/ubertooth.c **** 
 5866              		.loc 1 284 3 view .LVU2670
 286:../common/ubertooth.c **** 		/* Save a few cycles by avoiding the compare/branch */
 5867              		.loc 1 286 3 view .LVU2671
 5868 0122 9965     		str	r1, [r3, #88]
 288:../common/ubertooth.c **** 		SCLK_CLR;
 5869              		.loc 1 288 3 view .LVU2672
 289:../common/ubertooth.c **** 	}
 5870              		.loc 1 289 3 view .LVU2673
 288:../common/ubertooth.c **** 		SCLK_CLR;
 5871              		.loc 1 288 13 is_stmt 0 view .LVU2674
 5872 0124 5A6D     		ldr	r2, [r3, #84]
 289:../common/ubertooth.c **** 	}
 5873              		.loc 1 289 3 view .LVU2675
 5874 0126 D965     		str	r1, [r3, #92]
 279:../common/ubertooth.c **** 		if (data & msb)
 5875              		.loc 1 279 9 is_stmt 1 view .LVU2676
 5876              	.LVL345:
 280:../common/ubertooth.c **** 			MOSI_SET;
 5877              		.loc 1 280 3 view .LVU2677
 283:../common/ubertooth.c **** 		data <<= 1;
 5878              		.loc 1 283 4 view .LVU2678
 5879 0128 D865     		str	r0, [r3, #92]
 284:../common/ubertooth.c **** 
 5880              		.loc 1 284 3 view .LVU2679
 286:../common/ubertooth.c **** 		/* Save a few cycles by avoiding the compare/branch */
 5881              		.loc 1 286 3 view .LVU2680
 5882 012a 9965     		str	r1, [r3, #88]
 288:../common/ubertooth.c **** 		SCLK_CLR;
 5883              		.loc 1 288 3 view .LVU2681
 289:../common/ubertooth.c **** 	}
 5884              		.loc 1 289 3 view .LVU2682
 288:../common/ubertooth.c **** 		SCLK_CLR;
 5885              		.loc 1 288 13 is_stmt 0 view .LVU2683
 5886 012c D3F854C0 		ldr	ip, [r3, #84]
 289:../common/ubertooth.c **** 	}
 5887              		.loc 1 289 3 view .LVU2684
 5888 0130 D965     		str	r1, [r3, #92]
 279:../common/ubertooth.c **** 		if (data & msb)
 5889              		.loc 1 279 9 is_stmt 1 view .LVU2685
 5890              	.LVL346:
 280:../common/ubertooth.c **** 			MOSI_SET;
 5891              		.loc 1 280 3 view .LVU2686
 283:../common/ubertooth.c **** 		data <<= 1;
 5892              		.loc 1 283 4 view .LVU2687
 5893 0132 D865     		str	r0, [r3, #92]
 284:../common/ubertooth.c **** 
 5894              		.loc 1 284 3 view .LVU2688
 286:../common/ubertooth.c **** 		/* Save a few cycles by avoiding the compare/branch */
 5895              		.loc 1 286 3 view .LVU2689
 5896 0134 9965     		str	r1, [r3, #88]
 288:../common/ubertooth.c **** 		SCLK_CLR;
 5897              		.loc 1 288 3 view .LVU2690
 288:../common/ubertooth.c **** 		SCLK_CLR;
ARM GAS  /tmp/ccrAXmTj.s 			page 156


 5898              		.loc 1 288 13 is_stmt 0 view .LVU2691
 5899 0136 D3F854C0 		ldr	ip, [r3, #84]
 289:../common/ubertooth.c **** 	}
 5900              		.loc 1 289 3 is_stmt 1 view .LVU2692
 5901 013a D965     		str	r1, [r3, #92]
 279:../common/ubertooth.c **** 		if (data & msb)
 5902              		.loc 1 279 9 view .LVU2693
 5903              	.LVL347:
 280:../common/ubertooth.c **** 			MOSI_SET;
 5904              		.loc 1 280 3 view .LVU2694
 283:../common/ubertooth.c **** 		data <<= 1;
 5905              		.loc 1 283 4 view .LVU2695
 5906 013c D865     		str	r0, [r3, #92]
 284:../common/ubertooth.c **** 
 5907              		.loc 1 284 3 view .LVU2696
 286:../common/ubertooth.c **** 		/* Save a few cycles by avoiding the compare/branch */
 5908              		.loc 1 286 3 view .LVU2697
 5909 013e 9965     		str	r1, [r3, #88]
 288:../common/ubertooth.c **** 		SCLK_CLR;
 5910              		.loc 1 288 3 view .LVU2698
 288:../common/ubertooth.c **** 		SCLK_CLR;
 5911              		.loc 1 288 13 is_stmt 0 view .LVU2699
 5912 0140 D3F854C0 		ldr	ip, [r3, #84]
 289:../common/ubertooth.c **** 	}
 5913              		.loc 1 289 3 is_stmt 1 view .LVU2700
 5914 0144 D965     		str	r1, [r3, #92]
 279:../common/ubertooth.c **** 		if (data & msb)
 5915              		.loc 1 279 9 view .LVU2701
 5916              	.LVL348:
 280:../common/ubertooth.c **** 			MOSI_SET;
 5917              		.loc 1 280 3 view .LVU2702
 283:../common/ubertooth.c **** 		data <<= 1;
 5918              		.loc 1 283 4 view .LVU2703
 5919 0146 D865     		str	r0, [r3, #92]
 284:../common/ubertooth.c **** 
 5920              		.loc 1 284 3 view .LVU2704
 286:../common/ubertooth.c **** 		/* Save a few cycles by avoiding the compare/branch */
 5921              		.loc 1 286 3 view .LVU2705
 5922 0148 9965     		str	r1, [r3, #88]
 288:../common/ubertooth.c **** 		SCLK_CLR;
 5923              		.loc 1 288 3 view .LVU2706
 288:../common/ubertooth.c **** 		SCLK_CLR;
 5924              		.loc 1 288 13 is_stmt 0 view .LVU2707
 5925 014a D3F854C0 		ldr	ip, [r3, #84]
 289:../common/ubertooth.c **** 	}
 5926              		.loc 1 289 3 is_stmt 1 view .LVU2708
 5927 014e D965     		str	r1, [r3, #92]
 279:../common/ubertooth.c **** 		if (data & msb)
 5928              		.loc 1 279 9 view .LVU2709
 5929              	.LVL349:
 280:../common/ubertooth.c **** 			MOSI_SET;
 5930              		.loc 1 280 3 view .LVU2710
 283:../common/ubertooth.c **** 		data <<= 1;
 5931              		.loc 1 283 4 view .LVU2711
 5932 0150 D865     		str	r0, [r3, #92]
 284:../common/ubertooth.c **** 
 5933              		.loc 1 284 3 view .LVU2712
ARM GAS  /tmp/ccrAXmTj.s 			page 157


 286:../common/ubertooth.c **** 		/* Save a few cycles by avoiding the compare/branch */
 5934              		.loc 1 286 3 view .LVU2713
 5935 0152 9965     		str	r1, [r3, #88]
 288:../common/ubertooth.c **** 		SCLK_CLR;
 5936              		.loc 1 288 3 view .LVU2714
 288:../common/ubertooth.c **** 		SCLK_CLR;
 5937              		.loc 1 288 13 is_stmt 0 view .LVU2715
 5938 0154 D3F854C0 		ldr	ip, [r3, #84]
 289:../common/ubertooth.c **** 	}
 5939              		.loc 1 289 3 is_stmt 1 view .LVU2716
 5940              	.LBE358:
 5941              	.LBE360:
 5942              	.LBE362:
 5943              	.LBE365:
 5944              		.loc 1 607 9 is_stmt 0 discriminator 2 view .LVU2717
 5945 0158 9207     		lsls	r2, r2, #30
 5946              	.LBB366:
 5947              	.LBB363:
 5948              	.LBB361:
 5949              	.LBB359:
 289:../common/ubertooth.c **** 	}
 5950              		.loc 1 289 3 view .LVU2718
 5951 015a D965     		str	r1, [r3, #92]
 279:../common/ubertooth.c **** 		if (data & msb)
 5952              		.loc 1 279 9 is_stmt 1 view .LVU2719
 5953              	.LVL350:
 280:../common/ubertooth.c **** 			MOSI_SET;
 5954              		.loc 1 280 3 view .LVU2720
 283:../common/ubertooth.c **** 		data <<= 1;
 5955              		.loc 1 283 4 view .LVU2721
 5956 015c D865     		str	r0, [r3, #92]
 284:../common/ubertooth.c **** 
 5957              		.loc 1 284 3 view .LVU2722
 286:../common/ubertooth.c **** 		/* Save a few cycles by avoiding the compare/branch */
 5958              		.loc 1 286 3 view .LVU2723
 5959 015e 9965     		str	r1, [r3, #88]
 288:../common/ubertooth.c **** 		SCLK_CLR;
 5960              		.loc 1 288 3 view .LVU2724
 288:../common/ubertooth.c **** 		SCLK_CLR;
 5961              		.loc 1 288 13 is_stmt 0 view .LVU2725
 5962 0160 D3F854C0 		ldr	ip, [r3, #84]
 289:../common/ubertooth.c **** 	}
 5963              		.loc 1 289 3 is_stmt 1 view .LVU2726
 5964 0164 D965     		str	r1, [r3, #92]
 279:../common/ubertooth.c **** 		if (data & msb)
 5965              		.loc 1 279 9 view .LVU2727
 5966              	.LVL351:
 293:../common/ubertooth.c **** 
 5967              		.loc 1 293 2 view .LVU2728
 5968 0166 9C65     		str	r4, [r3, #88]
 295:../common/ubertooth.c **** }
 5969              		.loc 1 295 2 view .LVU2729
 5970              	.LVL352:
 295:../common/ubertooth.c **** }
 5971              		.loc 1 295 2 is_stmt 0 view .LVU2730
 5972              	.LBE359:
 5973              	.LBE361:
ARM GAS  /tmp/ccrAXmTj.s 			page 158


 5974              	.LBE363:
 5975              	.LBE366:
 5976              		.loc 1 607 9 discriminator 2 view .LVU2731
 5977 0168 D5D5     		bpl	.L327
 608:../common/ubertooth.c **** 	cc2400_strobe(SFSON);
 5978              		.loc 1 608 2 is_stmt 1 view .LVU2732
 5979              	.LVL353:
 5980              	.LBB367:
 5981              	.LBI367:
 428:../common/ubertooth.c **** {
 5982              		.loc 1 428 4 view .LVU2733
 5983              	.LBB368:
 430:../common/ubertooth.c **** }
 5984              		.loc 1 430 2 view .LVU2734
 5985              	.LBB369:
 5986              	.LBI369:
 272:../common/ubertooth.c **** {
 5987              		.loc 1 272 5 view .LVU2735
 5988              	.LBB370:
 274:../common/ubertooth.c **** 
 5989              		.loc 1 274 2 view .LVU2736
 277:../common/ubertooth.c **** 
 5990              		.loc 1 277 2 view .LVU2737
 5991 016a DC65     		str	r4, [r3, #92]
 279:../common/ubertooth.c **** 		if (data & msb)
 5992              		.loc 1 279 2 view .LVU2738
 279:../common/ubertooth.c **** 		if (data & msb)
 5993              		.loc 1 279 9 view .LVU2739
 280:../common/ubertooth.c **** 			MOSI_SET;
 5994              		.loc 1 280 3 view .LVU2740
 5995              	.LVL354:
 283:../common/ubertooth.c **** 		data <<= 1;
 5996              		.loc 1 283 4 view .LVU2741
 5997 016c D865     		str	r0, [r3, #92]
 284:../common/ubertooth.c **** 
 5998              		.loc 1 284 3 view .LVU2742
 5999              	.LVL355:
 286:../common/ubertooth.c **** 		/* Save a few cycles by avoiding the compare/branch */
 6000              		.loc 1 286 3 view .LVU2743
 6001 016e 9965     		str	r1, [r3, #88]
 288:../common/ubertooth.c **** 		SCLK_CLR;
 6002              		.loc 1 288 3 view .LVU2744
 288:../common/ubertooth.c **** 		SCLK_CLR;
 6003              		.loc 1 288 13 is_stmt 0 view .LVU2745
 6004 0170 5A6D     		ldr	r2, [r3, #84]
 6005              	.LVL356:
 289:../common/ubertooth.c **** 	}
 6006              		.loc 1 289 3 is_stmt 1 view .LVU2746
 6007 0172 D965     		str	r1, [r3, #92]
 279:../common/ubertooth.c **** 		if (data & msb)
 6008              		.loc 1 279 9 view .LVU2747
 280:../common/ubertooth.c **** 			MOSI_SET;
 6009              		.loc 1 280 3 view .LVU2748
 281:../common/ubertooth.c **** 		else
 6010              		.loc 1 281 4 view .LVU2749
 6011 0174 9865     		str	r0, [r3, #88]
 284:../common/ubertooth.c **** 
ARM GAS  /tmp/ccrAXmTj.s 			page 159


 6012              		.loc 1 284 3 view .LVU2750
 286:../common/ubertooth.c **** 		/* Save a few cycles by avoiding the compare/branch */
 6013              		.loc 1 286 3 view .LVU2751
 6014 0176 9965     		str	r1, [r3, #88]
 288:../common/ubertooth.c **** 		SCLK_CLR;
 6015              		.loc 1 288 3 view .LVU2752
 288:../common/ubertooth.c **** 		SCLK_CLR;
 6016              		.loc 1 288 13 is_stmt 0 view .LVU2753
 6017 0178 5A6D     		ldr	r2, [r3, #84]
 289:../common/ubertooth.c **** 	}
 6018              		.loc 1 289 3 is_stmt 1 view .LVU2754
 6019 017a D965     		str	r1, [r3, #92]
 279:../common/ubertooth.c **** 		if (data & msb)
 6020              		.loc 1 279 9 view .LVU2755
 280:../common/ubertooth.c **** 			MOSI_SET;
 6021              		.loc 1 280 3 view .LVU2756
 281:../common/ubertooth.c **** 		else
 6022              		.loc 1 281 4 view .LVU2757
 6023 017c 9865     		str	r0, [r3, #88]
 284:../common/ubertooth.c **** 
 6024              		.loc 1 284 3 view .LVU2758
 286:../common/ubertooth.c **** 		/* Save a few cycles by avoiding the compare/branch */
 6025              		.loc 1 286 3 view .LVU2759
 6026 017e 9965     		str	r1, [r3, #88]
 288:../common/ubertooth.c **** 		SCLK_CLR;
 6027              		.loc 1 288 3 view .LVU2760
 288:../common/ubertooth.c **** 		SCLK_CLR;
 6028              		.loc 1 288 13 is_stmt 0 view .LVU2761
 6029 0180 5A6D     		ldr	r2, [r3, #84]
 289:../common/ubertooth.c **** 	}
 6030              		.loc 1 289 3 is_stmt 1 view .LVU2762
 6031 0182 D965     		str	r1, [r3, #92]
 279:../common/ubertooth.c **** 		if (data & msb)
 6032              		.loc 1 279 9 view .LVU2763
 280:../common/ubertooth.c **** 			MOSI_SET;
 6033              		.loc 1 280 3 view .LVU2764
 283:../common/ubertooth.c **** 		data <<= 1;
 6034              		.loc 1 283 4 view .LVU2765
 6035 0184 D865     		str	r0, [r3, #92]
 284:../common/ubertooth.c **** 
 6036              		.loc 1 284 3 view .LVU2766
 286:../common/ubertooth.c **** 		/* Save a few cycles by avoiding the compare/branch */
 6037              		.loc 1 286 3 view .LVU2767
 6038 0186 9965     		str	r1, [r3, #88]
 288:../common/ubertooth.c **** 		SCLK_CLR;
 6039              		.loc 1 288 3 view .LVU2768
 288:../common/ubertooth.c **** 		SCLK_CLR;
 6040              		.loc 1 288 13 is_stmt 0 view .LVU2769
 6041 0188 5A6D     		ldr	r2, [r3, #84]
 289:../common/ubertooth.c **** 	}
 6042              		.loc 1 289 3 is_stmt 1 view .LVU2770
 6043 018a D965     		str	r1, [r3, #92]
 279:../common/ubertooth.c **** 		if (data & msb)
 6044              		.loc 1 279 9 view .LVU2771
 280:../common/ubertooth.c **** 			MOSI_SET;
 6045              		.loc 1 280 3 view .LVU2772
 283:../common/ubertooth.c **** 		data <<= 1;
ARM GAS  /tmp/ccrAXmTj.s 			page 160


 6046              		.loc 1 283 4 view .LVU2773
 6047 018c D865     		str	r0, [r3, #92]
 284:../common/ubertooth.c **** 
 6048              		.loc 1 284 3 view .LVU2774
 286:../common/ubertooth.c **** 		/* Save a few cycles by avoiding the compare/branch */
 6049              		.loc 1 286 3 view .LVU2775
 6050 018e 9965     		str	r1, [r3, #88]
 288:../common/ubertooth.c **** 		SCLK_CLR;
 6051              		.loc 1 288 3 view .LVU2776
 288:../common/ubertooth.c **** 		SCLK_CLR;
 6052              		.loc 1 288 13 is_stmt 0 view .LVU2777
 6053 0190 5A6D     		ldr	r2, [r3, #84]
 289:../common/ubertooth.c **** 	}
 6054              		.loc 1 289 3 is_stmt 1 view .LVU2778
 6055 0192 D965     		str	r1, [r3, #92]
 279:../common/ubertooth.c **** 		if (data & msb)
 6056              		.loc 1 279 9 view .LVU2779
 280:../common/ubertooth.c **** 			MOSI_SET;
 6057              		.loc 1 280 3 view .LVU2780
 283:../common/ubertooth.c **** 		data <<= 1;
 6058              		.loc 1 283 4 view .LVU2781
 6059 0194 D865     		str	r0, [r3, #92]
 284:../common/ubertooth.c **** 
 6060              		.loc 1 284 3 view .LVU2782
 286:../common/ubertooth.c **** 		/* Save a few cycles by avoiding the compare/branch */
 6061              		.loc 1 286 3 view .LVU2783
 6062 0196 9965     		str	r1, [r3, #88]
 288:../common/ubertooth.c **** 		SCLK_CLR;
 6063              		.loc 1 288 3 view .LVU2784
 288:../common/ubertooth.c **** 		SCLK_CLR;
 6064              		.loc 1 288 13 is_stmt 0 view .LVU2785
 6065 0198 5A6D     		ldr	r2, [r3, #84]
 289:../common/ubertooth.c **** 	}
 6066              		.loc 1 289 3 is_stmt 1 view .LVU2786
 6067 019a D965     		str	r1, [r3, #92]
 279:../common/ubertooth.c **** 		if (data & msb)
 6068              		.loc 1 279 9 view .LVU2787
 280:../common/ubertooth.c **** 			MOSI_SET;
 6069              		.loc 1 280 3 view .LVU2788
 283:../common/ubertooth.c **** 		data <<= 1;
 6070              		.loc 1 283 4 view .LVU2789
 6071 019c D865     		str	r0, [r3, #92]
 284:../common/ubertooth.c **** 
 6072              		.loc 1 284 3 view .LVU2790
 286:../common/ubertooth.c **** 		/* Save a few cycles by avoiding the compare/branch */
 6073              		.loc 1 286 3 view .LVU2791
 6074 019e 9965     		str	r1, [r3, #88]
 288:../common/ubertooth.c **** 		SCLK_CLR;
 6075              		.loc 1 288 3 view .LVU2792
 288:../common/ubertooth.c **** 		SCLK_CLR;
 6076              		.loc 1 288 13 is_stmt 0 view .LVU2793
 6077 01a0 5A6D     		ldr	r2, [r3, #84]
 289:../common/ubertooth.c **** 	}
 6078              		.loc 1 289 3 is_stmt 1 view .LVU2794
 6079 01a2 D965     		str	r1, [r3, #92]
 279:../common/ubertooth.c **** 		if (data & msb)
 6080              		.loc 1 279 9 view .LVU2795
ARM GAS  /tmp/ccrAXmTj.s 			page 161


 280:../common/ubertooth.c **** 			MOSI_SET;
 6081              		.loc 1 280 3 view .LVU2796
 281:../common/ubertooth.c **** 		else
 6082              		.loc 1 281 4 view .LVU2797
 6083 01a4 9865     		str	r0, [r3, #88]
 284:../common/ubertooth.c **** 
 6084              		.loc 1 284 3 view .LVU2798
 286:../common/ubertooth.c **** 		/* Save a few cycles by avoiding the compare/branch */
 6085              		.loc 1 286 3 view .LVU2799
 6086 01a6 9965     		str	r1, [r3, #88]
 288:../common/ubertooth.c **** 		SCLK_CLR;
 6087              		.loc 1 288 3 view .LVU2800
 288:../common/ubertooth.c **** 		SCLK_CLR;
 6088              		.loc 1 288 13 is_stmt 0 view .LVU2801
 6089 01a8 586D     		ldr	r0, [r3, #84]
 289:../common/ubertooth.c **** 	}
 6090              		.loc 1 289 3 is_stmt 1 view .LVU2802
 6091 01aa D965     		str	r1, [r3, #92]
 279:../common/ubertooth.c **** 		if (data & msb)
 6092              		.loc 1 279 9 view .LVU2803
 293:../common/ubertooth.c **** 
 6093              		.loc 1 293 2 view .LVU2804
 6094              	.LBE370:
 6095              	.LBE369:
 6096              	.LBE368:
 6097              	.LBE367:
 6098              	.LBB374:
 6099              	.LBB375:
 6100              	.LBB376:
 6101              	.LBB377:
 277:../common/ubertooth.c **** 
 6102              		.loc 1 277 2 is_stmt 0 view .LVU2805
 6103 01ac 2020     		movs	r0, #32
 6104              	.LBE377:
 6105              	.LBE376:
 6106              	.LBE375:
 6107              	.LBE374:
 6108              	.LBB387:
 6109              	.LBB373:
 6110              	.LBB372:
 6111              	.LBB371:
 293:../common/ubertooth.c **** 
 6112              		.loc 1 293 2 view .LVU2806
 6113 01ae 9C65     		str	r4, [r3, #88]
 295:../common/ubertooth.c **** }
 6114              		.loc 1 295 2 is_stmt 1 view .LVU2807
 6115              	.LVL357:
 295:../common/ubertooth.c **** }
 6116              		.loc 1 295 2 is_stmt 0 view .LVU2808
 6117              	.LBE371:
 6118              	.LBE372:
 6119              	.LBE373:
 6120              	.LBE387:
 609:../common/ubertooth.c **** 	while (!(cc2400_status() & FS_LOCK));
 6121              		.loc 1 609 2 is_stmt 1 view .LVU2809
 6122              	.LBB388:
 6123              	.LBB384:
ARM GAS  /tmp/ccrAXmTj.s 			page 162


 6124              	.LBB381:
 6125              	.LBB378:
 283:../common/ubertooth.c **** 		data <<= 1;
 6126              		.loc 1 283 4 is_stmt 0 view .LVU2810
 6127 01b0 0121     		movs	r1, #1
 286:../common/ubertooth.c **** 		/* Save a few cycles by avoiding the compare/branch */
 6128              		.loc 1 286 3 view .LVU2811
 6129 01b2 1023     		movs	r3, #16
 277:../common/ubertooth.c **** 
 6130              		.loc 1 277 2 view .LVU2812
 6131 01b4 244A     		ldr	r2, .L341
 6132              	.L328:
 6133              	.LBE378:
 6134              	.LBE381:
 6135              	.LBE384:
 6136              	.LBE388:
 6137              		.loc 1 609 9 is_stmt 1 discriminator 2 view .LVU2813
 6138              	.LBB389:
 6139              	.LBI374:
 422:../common/ubertooth.c **** {
 6140              		.loc 1 422 4 view .LVU2814
 6141              	.LBB385:
 424:../common/ubertooth.c **** }
 6142              		.loc 1 424 2 view .LVU2815
 6143              	.LVL358:
 6144              	.LBB382:
 6145              	.LBI376:
 272:../common/ubertooth.c **** {
 6146              		.loc 1 272 5 view .LVU2816
 6147              	.LBB379:
 274:../common/ubertooth.c **** 
 6148              		.loc 1 274 2 view .LVU2817
 277:../common/ubertooth.c **** 
 6149              		.loc 1 277 2 view .LVU2818
 6150 01b6 D065     		str	r0, [r2, #92]
 279:../common/ubertooth.c **** 		if (data & msb)
 6151              		.loc 1 279 2 view .LVU2819
 279:../common/ubertooth.c **** 		if (data & msb)
 6152              		.loc 1 279 9 view .LVU2820
 6153              	.LVL359:
 280:../common/ubertooth.c **** 			MOSI_SET;
 6154              		.loc 1 280 3 view .LVU2821
 283:../common/ubertooth.c **** 		data <<= 1;
 6155              		.loc 1 283 4 view .LVU2822
 6156 01b8 D165     		str	r1, [r2, #92]
 284:../common/ubertooth.c **** 
 6157              		.loc 1 284 3 view .LVU2823
 286:../common/ubertooth.c **** 		/* Save a few cycles by avoiding the compare/branch */
 6158              		.loc 1 286 3 view .LVU2824
 6159 01ba 9365     		str	r3, [r2, #88]
 288:../common/ubertooth.c **** 		SCLK_CLR;
 6160              		.loc 1 288 3 view .LVU2825
 288:../common/ubertooth.c **** 		SCLK_CLR;
 6161              		.loc 1 288 13 is_stmt 0 view .LVU2826
 6162 01bc 546D     		ldr	r4, [r2, #84]
 6163              	.LVL360:
 289:../common/ubertooth.c **** 	}
ARM GAS  /tmp/ccrAXmTj.s 			page 163


 6164              		.loc 1 289 3 is_stmt 1 view .LVU2827
 6165 01be D365     		str	r3, [r2, #92]
 279:../common/ubertooth.c **** 		if (data & msb)
 6166              		.loc 1 279 9 view .LVU2828
 6167              	.LVL361:
 280:../common/ubertooth.c **** 			MOSI_SET;
 6168              		.loc 1 280 3 view .LVU2829
 283:../common/ubertooth.c **** 		data <<= 1;
 6169              		.loc 1 283 4 view .LVU2830
 6170 01c0 D165     		str	r1, [r2, #92]
 284:../common/ubertooth.c **** 
 6171              		.loc 1 284 3 view .LVU2831
 286:../common/ubertooth.c **** 		/* Save a few cycles by avoiding the compare/branch */
 6172              		.loc 1 286 3 view .LVU2832
 6173 01c2 9365     		str	r3, [r2, #88]
 288:../common/ubertooth.c **** 		SCLK_CLR;
 6174              		.loc 1 288 3 view .LVU2833
 289:../common/ubertooth.c **** 	}
 6175              		.loc 1 289 3 view .LVU2834
 288:../common/ubertooth.c **** 		SCLK_CLR;
 6176              		.loc 1 288 13 is_stmt 0 view .LVU2835
 6177 01c4 546D     		ldr	r4, [r2, #84]
 289:../common/ubertooth.c **** 	}
 6178              		.loc 1 289 3 view .LVU2836
 6179 01c6 D365     		str	r3, [r2, #92]
 6180              	.LVL362:
 279:../common/ubertooth.c **** 		if (data & msb)
 6181              		.loc 1 279 9 is_stmt 1 view .LVU2837
 280:../common/ubertooth.c **** 			MOSI_SET;
 6182              		.loc 1 280 3 view .LVU2838
 283:../common/ubertooth.c **** 		data <<= 1;
 6183              		.loc 1 283 4 view .LVU2839
 6184 01c8 D165     		str	r1, [r2, #92]
 284:../common/ubertooth.c **** 
 6185              		.loc 1 284 3 view .LVU2840
 286:../common/ubertooth.c **** 		/* Save a few cycles by avoiding the compare/branch */
 6186              		.loc 1 286 3 view .LVU2841
 6187 01ca 9365     		str	r3, [r2, #88]
 288:../common/ubertooth.c **** 		SCLK_CLR;
 6188              		.loc 1 288 3 view .LVU2842
 6189              	.LVL363:
 289:../common/ubertooth.c **** 	}
 6190              		.loc 1 289 3 view .LVU2843
 288:../common/ubertooth.c **** 		SCLK_CLR;
 6191              		.loc 1 288 13 is_stmt 0 view .LVU2844
 6192 01cc 546D     		ldr	r4, [r2, #84]
 289:../common/ubertooth.c **** 	}
 6193              		.loc 1 289 3 view .LVU2845
 6194 01ce D365     		str	r3, [r2, #92]
 6195              	.LVL364:
 279:../common/ubertooth.c **** 		if (data & msb)
 6196              		.loc 1 279 9 is_stmt 1 view .LVU2846
 280:../common/ubertooth.c **** 			MOSI_SET;
 6197              		.loc 1 280 3 view .LVU2847
 283:../common/ubertooth.c **** 		data <<= 1;
 6198              		.loc 1 283 4 view .LVU2848
 6199 01d0 D165     		str	r1, [r2, #92]
ARM GAS  /tmp/ccrAXmTj.s 			page 164


 284:../common/ubertooth.c **** 
 6200              		.loc 1 284 3 view .LVU2849
 286:../common/ubertooth.c **** 		/* Save a few cycles by avoiding the compare/branch */
 6201              		.loc 1 286 3 view .LVU2850
 6202 01d2 9365     		str	r3, [r2, #88]
 288:../common/ubertooth.c **** 		SCLK_CLR;
 6203              		.loc 1 288 3 view .LVU2851
 6204              	.LVL365:
 289:../common/ubertooth.c **** 	}
 6205              		.loc 1 289 3 view .LVU2852
 288:../common/ubertooth.c **** 		SCLK_CLR;
 6206              		.loc 1 288 13 is_stmt 0 view .LVU2853
 6207 01d4 546D     		ldr	r4, [r2, #84]
 289:../common/ubertooth.c **** 	}
 6208              		.loc 1 289 3 view .LVU2854
 6209 01d6 D365     		str	r3, [r2, #92]
 6210              	.LVL366:
 279:../common/ubertooth.c **** 		if (data & msb)
 6211              		.loc 1 279 9 is_stmt 1 view .LVU2855
 280:../common/ubertooth.c **** 			MOSI_SET;
 6212              		.loc 1 280 3 view .LVU2856
 283:../common/ubertooth.c **** 		data <<= 1;
 6213              		.loc 1 283 4 view .LVU2857
 6214 01d8 D165     		str	r1, [r2, #92]
 284:../common/ubertooth.c **** 
 6215              		.loc 1 284 3 view .LVU2858
 286:../common/ubertooth.c **** 		/* Save a few cycles by avoiding the compare/branch */
 6216              		.loc 1 286 3 view .LVU2859
 6217 01da 9365     		str	r3, [r2, #88]
 288:../common/ubertooth.c **** 		SCLK_CLR;
 6218              		.loc 1 288 3 view .LVU2860
 6219              	.LVL367:
 289:../common/ubertooth.c **** 	}
 6220              		.loc 1 289 3 view .LVU2861
 288:../common/ubertooth.c **** 		SCLK_CLR;
 6221              		.loc 1 288 13 is_stmt 0 view .LVU2862
 6222 01dc 546D     		ldr	r4, [r2, #84]
 289:../common/ubertooth.c **** 	}
 6223              		.loc 1 289 3 view .LVU2863
 6224 01de D365     		str	r3, [r2, #92]
 6225              	.LVL368:
 279:../common/ubertooth.c **** 		if (data & msb)
 6226              		.loc 1 279 9 is_stmt 1 view .LVU2864
 280:../common/ubertooth.c **** 			MOSI_SET;
 6227              		.loc 1 280 3 view .LVU2865
 283:../common/ubertooth.c **** 		data <<= 1;
 6228              		.loc 1 283 4 view .LVU2866
 6229 01e0 D165     		str	r1, [r2, #92]
 284:../common/ubertooth.c **** 
 6230              		.loc 1 284 3 view .LVU2867
 286:../common/ubertooth.c **** 		/* Save a few cycles by avoiding the compare/branch */
 6231              		.loc 1 286 3 view .LVU2868
 6232 01e2 9365     		str	r3, [r2, #88]
 288:../common/ubertooth.c **** 		SCLK_CLR;
 6233              		.loc 1 288 3 view .LVU2869
 6234              	.LVL369:
 289:../common/ubertooth.c **** 	}
ARM GAS  /tmp/ccrAXmTj.s 			page 165


 6235              		.loc 1 289 3 view .LVU2870
 288:../common/ubertooth.c **** 		SCLK_CLR;
 6236              		.loc 1 288 13 is_stmt 0 view .LVU2871
 6237 01e4 546D     		ldr	r4, [r2, #84]
 289:../common/ubertooth.c **** 	}
 6238              		.loc 1 289 3 view .LVU2872
 6239 01e6 D365     		str	r3, [r2, #92]
 279:../common/ubertooth.c **** 		if (data & msb)
 6240              		.loc 1 279 9 is_stmt 1 view .LVU2873
 6241              	.LVL370:
 280:../common/ubertooth.c **** 			MOSI_SET;
 6242              		.loc 1 280 3 view .LVU2874
 283:../common/ubertooth.c **** 		data <<= 1;
 6243              		.loc 1 283 4 view .LVU2875
 6244 01e8 D165     		str	r1, [r2, #92]
 284:../common/ubertooth.c **** 
 6245              		.loc 1 284 3 view .LVU2876
 286:../common/ubertooth.c **** 		/* Save a few cycles by avoiding the compare/branch */
 6246              		.loc 1 286 3 view .LVU2877
 6247 01ea 9365     		str	r3, [r2, #88]
 288:../common/ubertooth.c **** 		SCLK_CLR;
 6248              		.loc 1 288 3 view .LVU2878
 289:../common/ubertooth.c **** 	}
 6249              		.loc 1 289 3 view .LVU2879
 288:../common/ubertooth.c **** 		SCLK_CLR;
 6250              		.loc 1 288 13 is_stmt 0 view .LVU2880
 6251 01ec D2F854C0 		ldr	ip, [r2, #84]
 6252              	.LBE379:
 6253              	.LBE382:
 6254              	.LBE385:
 6255              	.LBE389:
 6256              		.loc 1 609 9 discriminator 2 view .LVU2881
 6257 01f0 A407     		lsls	r4, r4, #30
 6258              	.LBB390:
 6259              	.LBB386:
 6260              	.LBB383:
 6261              	.LBB380:
 289:../common/ubertooth.c **** 	}
 6262              		.loc 1 289 3 view .LVU2882
 6263 01f2 D365     		str	r3, [r2, #92]
 279:../common/ubertooth.c **** 		if (data & msb)
 6264              		.loc 1 279 9 is_stmt 1 view .LVU2883
 6265              	.LVL371:
 280:../common/ubertooth.c **** 			MOSI_SET;
 6266              		.loc 1 280 3 view .LVU2884
 283:../common/ubertooth.c **** 		data <<= 1;
 6267              		.loc 1 283 4 view .LVU2885
 6268 01f4 D165     		str	r1, [r2, #92]
 284:../common/ubertooth.c **** 
 6269              		.loc 1 284 3 view .LVU2886
 286:../common/ubertooth.c **** 		/* Save a few cycles by avoiding the compare/branch */
 6270              		.loc 1 286 3 view .LVU2887
 6271 01f6 9365     		str	r3, [r2, #88]
 288:../common/ubertooth.c **** 		SCLK_CLR;
 6272              		.loc 1 288 3 view .LVU2888
 288:../common/ubertooth.c **** 		SCLK_CLR;
 6273              		.loc 1 288 13 is_stmt 0 view .LVU2889
ARM GAS  /tmp/ccrAXmTj.s 			page 166


 6274 01f8 D2F854C0 		ldr	ip, [r2, #84]
 289:../common/ubertooth.c **** 	}
 6275              		.loc 1 289 3 is_stmt 1 view .LVU2890
 6276 01fc D365     		str	r3, [r2, #92]
 279:../common/ubertooth.c **** 		if (data & msb)
 6277              		.loc 1 279 9 view .LVU2891
 6278              	.LVL372:
 293:../common/ubertooth.c **** 
 6279              		.loc 1 293 2 view .LVU2892
 6280 01fe 9065     		str	r0, [r2, #88]
 295:../common/ubertooth.c **** }
 6281              		.loc 1 295 2 view .LVU2893
 6282              	.LVL373:
 295:../common/ubertooth.c **** }
 6283              		.loc 1 295 2 is_stmt 0 view .LVU2894
 6284              	.LBE380:
 6285              	.LBE383:
 6286              	.LBE386:
 6287              	.LBE390:
 6288              		.loc 1 609 9 discriminator 2 view .LVU2895
 6289 0200 D9D5     		bpl	.L328
 610:../common/ubertooth.c **** 	cc2400_strobe(SRX);
 6290              		.loc 1 610 2 is_stmt 1 view .LVU2896
 6291              	.LVL374:
 6292              	.LBB391:
 6293              	.LBI391:
 428:../common/ubertooth.c **** {
 6294              		.loc 1 428 4 view .LVU2897
 430:../common/ubertooth.c **** }
 6295              		.loc 1 430 2 view .LVU2898
 6296              	.LBB392:
 6297              	.LBI392:
 272:../common/ubertooth.c **** {
 6298              		.loc 1 272 5 view .LVU2899
 6299              	.LBB393:
 274:../common/ubertooth.c **** 
 6300              		.loc 1 274 2 view .LVU2900
 277:../common/ubertooth.c **** 
 6301              		.loc 1 277 2 view .LVU2901
 6302 0202 D065     		str	r0, [r2, #92]
 279:../common/ubertooth.c **** 		if (data & msb)
 6303              		.loc 1 279 2 view .LVU2902
 279:../common/ubertooth.c **** 		if (data & msb)
 6304              		.loc 1 279 9 view .LVU2903
 280:../common/ubertooth.c **** 			MOSI_SET;
 6305              		.loc 1 280 3 view .LVU2904
 6306              	.LVL375:
 283:../common/ubertooth.c **** 		data <<= 1;
 6307              		.loc 1 283 4 view .LVU2905
 6308 0204 D165     		str	r1, [r2, #92]
 284:../common/ubertooth.c **** 
 6309              		.loc 1 284 3 view .LVU2906
 6310              	.LVL376:
 286:../common/ubertooth.c **** 		/* Save a few cycles by avoiding the compare/branch */
 6311              		.loc 1 286 3 view .LVU2907
 6312 0206 9365     		str	r3, [r2, #88]
 288:../common/ubertooth.c **** 		SCLK_CLR;
ARM GAS  /tmp/ccrAXmTj.s 			page 167


 6313              		.loc 1 288 3 view .LVU2908
 288:../common/ubertooth.c **** 		SCLK_CLR;
 6314              		.loc 1 288 13 is_stmt 0 view .LVU2909
 6315 0208 546D     		ldr	r4, [r2, #84]
 6316              	.LVL377:
 289:../common/ubertooth.c **** 	}
 6317              		.loc 1 289 3 is_stmt 1 view .LVU2910
 6318 020a D365     		str	r3, [r2, #92]
 279:../common/ubertooth.c **** 		if (data & msb)
 6319              		.loc 1 279 9 view .LVU2911
 280:../common/ubertooth.c **** 			MOSI_SET;
 6320              		.loc 1 280 3 view .LVU2912
 281:../common/ubertooth.c **** 		else
 6321              		.loc 1 281 4 view .LVU2913
 6322 020c 9165     		str	r1, [r2, #88]
 284:../common/ubertooth.c **** 
 6323              		.loc 1 284 3 view .LVU2914
 286:../common/ubertooth.c **** 		/* Save a few cycles by avoiding the compare/branch */
 6324              		.loc 1 286 3 view .LVU2915
 6325 020e 9365     		str	r3, [r2, #88]
 288:../common/ubertooth.c **** 		SCLK_CLR;
 6326              		.loc 1 288 3 view .LVU2916
 288:../common/ubertooth.c **** 		SCLK_CLR;
 6327              		.loc 1 288 13 is_stmt 0 view .LVU2917
 6328 0210 546D     		ldr	r4, [r2, #84]
 289:../common/ubertooth.c **** 	}
 6329              		.loc 1 289 3 is_stmt 1 view .LVU2918
 6330 0212 D365     		str	r3, [r2, #92]
 279:../common/ubertooth.c **** 		if (data & msb)
 6331              		.loc 1 279 9 view .LVU2919
 280:../common/ubertooth.c **** 			MOSI_SET;
 6332              		.loc 1 280 3 view .LVU2920
 281:../common/ubertooth.c **** 		else
 6333              		.loc 1 281 4 view .LVU2921
 6334 0214 9165     		str	r1, [r2, #88]
 284:../common/ubertooth.c **** 
 6335              		.loc 1 284 3 view .LVU2922
 286:../common/ubertooth.c **** 		/* Save a few cycles by avoiding the compare/branch */
 6336              		.loc 1 286 3 view .LVU2923
 6337 0216 9365     		str	r3, [r2, #88]
 288:../common/ubertooth.c **** 		SCLK_CLR;
 6338              		.loc 1 288 3 view .LVU2924
 288:../common/ubertooth.c **** 		SCLK_CLR;
 6339              		.loc 1 288 13 is_stmt 0 view .LVU2925
 6340 0218 546D     		ldr	r4, [r2, #84]
 289:../common/ubertooth.c **** 	}
 6341              		.loc 1 289 3 is_stmt 1 view .LVU2926
 6342 021a D365     		str	r3, [r2, #92]
 279:../common/ubertooth.c **** 		if (data & msb)
 6343              		.loc 1 279 9 view .LVU2927
 280:../common/ubertooth.c **** 			MOSI_SET;
 6344              		.loc 1 280 3 view .LVU2928
 283:../common/ubertooth.c **** 		data <<= 1;
 6345              		.loc 1 283 4 view .LVU2929
 6346 021c D165     		str	r1, [r2, #92]
 284:../common/ubertooth.c **** 
 6347              		.loc 1 284 3 view .LVU2930
ARM GAS  /tmp/ccrAXmTj.s 			page 168


 286:../common/ubertooth.c **** 		/* Save a few cycles by avoiding the compare/branch */
 6348              		.loc 1 286 3 view .LVU2931
 6349 021e 9365     		str	r3, [r2, #88]
 288:../common/ubertooth.c **** 		SCLK_CLR;
 6350              		.loc 1 288 3 view .LVU2932
 288:../common/ubertooth.c **** 		SCLK_CLR;
 6351              		.loc 1 288 13 is_stmt 0 view .LVU2933
 6352 0220 546D     		ldr	r4, [r2, #84]
 289:../common/ubertooth.c **** 	}
 6353              		.loc 1 289 3 is_stmt 1 view .LVU2934
 6354 0222 D365     		str	r3, [r2, #92]
 279:../common/ubertooth.c **** 		if (data & msb)
 6355              		.loc 1 279 9 view .LVU2935
 280:../common/ubertooth.c **** 			MOSI_SET;
 6356              		.loc 1 280 3 view .LVU2936
 283:../common/ubertooth.c **** 		data <<= 1;
 6357              		.loc 1 283 4 view .LVU2937
 6358 0224 D165     		str	r1, [r2, #92]
 284:../common/ubertooth.c **** 
 6359              		.loc 1 284 3 view .LVU2938
 286:../common/ubertooth.c **** 		/* Save a few cycles by avoiding the compare/branch */
 6360              		.loc 1 286 3 view .LVU2939
 6361 0226 9365     		str	r3, [r2, #88]
 288:../common/ubertooth.c **** 		SCLK_CLR;
 6362              		.loc 1 288 3 view .LVU2940
 288:../common/ubertooth.c **** 		SCLK_CLR;
 6363              		.loc 1 288 13 is_stmt 0 view .LVU2941
 6364 0228 546D     		ldr	r4, [r2, #84]
 289:../common/ubertooth.c **** 	}
 6365              		.loc 1 289 3 is_stmt 1 view .LVU2942
 6366 022a D365     		str	r3, [r2, #92]
 279:../common/ubertooth.c **** 		if (data & msb)
 6367              		.loc 1 279 9 view .LVU2943
 280:../common/ubertooth.c **** 			MOSI_SET;
 6368              		.loc 1 280 3 view .LVU2944
 283:../common/ubertooth.c **** 		data <<= 1;
 6369              		.loc 1 283 4 view .LVU2945
 6370 022c D165     		str	r1, [r2, #92]
 284:../common/ubertooth.c **** 
 6371              		.loc 1 284 3 view .LVU2946
 286:../common/ubertooth.c **** 		/* Save a few cycles by avoiding the compare/branch */
 6372              		.loc 1 286 3 view .LVU2947
 6373 022e 9365     		str	r3, [r2, #88]
 288:../common/ubertooth.c **** 		SCLK_CLR;
 6374              		.loc 1 288 3 view .LVU2948
 288:../common/ubertooth.c **** 		SCLK_CLR;
 6375              		.loc 1 288 13 is_stmt 0 view .LVU2949
 6376 0230 546D     		ldr	r4, [r2, #84]
 289:../common/ubertooth.c **** 	}
 6377              		.loc 1 289 3 is_stmt 1 view .LVU2950
 6378 0232 D365     		str	r3, [r2, #92]
 279:../common/ubertooth.c **** 		if (data & msb)
 6379              		.loc 1 279 9 view .LVU2951
 280:../common/ubertooth.c **** 			MOSI_SET;
 6380              		.loc 1 280 3 view .LVU2952
 281:../common/ubertooth.c **** 		else
 6381              		.loc 1 281 4 view .LVU2953
ARM GAS  /tmp/ccrAXmTj.s 			page 169


 6382 0234 9165     		str	r1, [r2, #88]
 284:../common/ubertooth.c **** 
 6383              		.loc 1 284 3 view .LVU2954
 286:../common/ubertooth.c **** 		/* Save a few cycles by avoiding the compare/branch */
 6384              		.loc 1 286 3 view .LVU2955
 6385 0236 9365     		str	r3, [r2, #88]
 288:../common/ubertooth.c **** 		SCLK_CLR;
 6386              		.loc 1 288 3 view .LVU2956
 288:../common/ubertooth.c **** 		SCLK_CLR;
 6387              		.loc 1 288 13 is_stmt 0 view .LVU2957
 6388 0238 546D     		ldr	r4, [r2, #84]
 289:../common/ubertooth.c **** 	}
 6389              		.loc 1 289 3 is_stmt 1 view .LVU2958
 6390 023a D365     		str	r3, [r2, #92]
 279:../common/ubertooth.c **** 		if (data & msb)
 6391              		.loc 1 279 9 view .LVU2959
 280:../common/ubertooth.c **** 			MOSI_SET;
 6392              		.loc 1 280 3 view .LVU2960
 283:../common/ubertooth.c **** 		data <<= 1;
 6393              		.loc 1 283 4 view .LVU2961
 6394 023c D165     		str	r1, [r2, #92]
 284:../common/ubertooth.c **** 
 6395              		.loc 1 284 3 view .LVU2962
 286:../common/ubertooth.c **** 		/* Save a few cycles by avoiding the compare/branch */
 6396              		.loc 1 286 3 view .LVU2963
 6397 023e 9365     		str	r3, [r2, #88]
 288:../common/ubertooth.c **** 		SCLK_CLR;
 6398              		.loc 1 288 3 view .LVU2964
 288:../common/ubertooth.c **** 		SCLK_CLR;
 6399              		.loc 1 288 13 is_stmt 0 view .LVU2965
 6400 0240 516D     		ldr	r1, [r2, #84]
 289:../common/ubertooth.c **** 	}
 6401              		.loc 1 289 3 is_stmt 1 view .LVU2966
 6402 0242 D365     		str	r3, [r2, #92]
 279:../common/ubertooth.c **** 		if (data & msb)
 6403              		.loc 1 279 9 view .LVU2967
 293:../common/ubertooth.c **** 
 6404              		.loc 1 293 2 view .LVU2968
 6405 0244 9065     		str	r0, [r2, #88]
 295:../common/ubertooth.c **** }
 6406              		.loc 1 295 2 view .LVU2969
 6407              	.LVL378:
 295:../common/ubertooth.c **** }
 6408              		.loc 1 295 2 is_stmt 0 view .LVU2970
 6409              	.LBE393:
 6410              	.LBE392:
 6411              	.LBE391:
 611:../common/ubertooth.c **** }
 6412              		.loc 1 611 1 view .LVU2971
 6413 0246 10BD     		pop	{r4, pc}
 6414              	.L342:
 6415              		.align	2
 6416              	.L341:
 6417 0248 00C00920 		.word	537509888
 6418              		.cfi_endproc
 6419              	.LFE25:
 6421              		.section	.text.cc2400_hop_tx,"ax",%progbits
ARM GAS  /tmp/ccrAXmTj.s 			page 170


 6422              		.align	1
 6423              		.p2align 2,,3
 6424              		.global	cc2400_hop_tx
 6425              		.syntax unified
 6426              		.thumb
 6427              		.thumb_func
 6429              	cc2400_hop_tx:
 6430              	.LFB31:
 6431              		.cfi_startproc
 612:../common/ubertooth.c **** 
 613:../common/ubertooth.c **** /* Hop to a new TX frequency in MHz.  Assumes starting from RX or TX state. */
 614:../common/ubertooth.c **** void cc2400_hop_tx(uint16_t channel)
 6432              		.loc 1 614 6 is_stmt 1 view -0
 6433              		@ args = 0, pretend = 0, frame = 0
 6434              		@ frame_needed = 0, uses_anonymous_args = 0
 6435              		@ link register save eliminated.
 6436 0000 FFF7FEBF 		b	cc2400_hop_rx
 6437              		.cfi_endproc
 6438              	.LFE31:
 6440              		.section	.text.get_part_num,"ax",%progbits
 6441              		.align	1
 6442              		.p2align 2,,3
 6443              		.global	get_part_num
 6444              		.syntax unified
 6445              		.thumb
 6446              		.thumb_func
 6448              	get_part_num:
 6449              	.LVL379:
 6450              	.LFB27:
 615:../common/ubertooth.c **** {
 616:../common/ubertooth.c **** 	cc2400_strobe(SRFOFF);
 617:../common/ubertooth.c **** 	while ((cc2400_status() & FS_LOCK));
 618:../common/ubertooth.c **** 	cc2400_tune_rx(channel);
 619:../common/ubertooth.c **** 	while (!(cc2400_status() & XOSC16M_STABLE));
 620:../common/ubertooth.c **** 	cc2400_strobe(SFSON);
 621:../common/ubertooth.c **** 	while (!(cc2400_status() & FS_LOCK));
 622:../common/ubertooth.c **** 	cc2400_strobe(SRX);
 623:../common/ubertooth.c **** }
 624:../common/ubertooth.c **** 
 625:../common/ubertooth.c **** void get_part_num(uint8_t *buffer, int *len)
 626:../common/ubertooth.c **** {
 6451              		.loc 1 626 1 view -0
 6452              		.cfi_startproc
 6453              		@ args = 0, pretend = 0, frame = 40
 6454              		@ frame_needed = 0, uses_anonymous_args = 0
 6455              		.loc 1 626 1 is_stmt 0 view .LVU2974
 6456 0000 30B5     		push	{r4, r5, lr}
 6457              		.cfi_def_cfa_offset 12
 6458              		.cfi_offset 4, -12
 6459              		.cfi_offset 5, -8
 6460              		.cfi_offset 14, -4
 6461 0002 8BB0     		sub	sp, sp, #44
 6462              		.cfi_def_cfa_offset 56
 627:../common/ubertooth.c **** 	u32 command[5];
 6463              		.loc 1 627 2 is_stmt 1 view .LVU2975
 628:../common/ubertooth.c **** 	u32 result[5];
 6464              		.loc 1 628 2 view .LVU2976
ARM GAS  /tmp/ccrAXmTj.s 			page 171


 629:../common/ubertooth.c **** 	command[0] = 54; /* read part number */
 6465              		.loc 1 629 2 view .LVU2977
 6466              		.loc 1 629 13 is_stmt 0 view .LVU2978
 6467 0004 3622     		movs	r2, #54
 626:../common/ubertooth.c **** 	u32 command[5];
 6468              		.loc 1 626 1 view .LVU2979
 6469 0006 0446     		mov	r4, r0
 6470 0008 0D46     		mov	r5, r1
 630:../common/ubertooth.c **** 	iap_entry(command, result);
 6471              		.loc 1 630 2 view .LVU2980
 6472 000a 6846     		mov	r0, sp
 6473              	.LVL380:
 6474              		.loc 1 630 2 view .LVU2981
 6475 000c 05A9     		add	r1, sp, #20
 6476              	.LVL381:
 629:../common/ubertooth.c **** 	command[0] = 54; /* read part number */
 6477              		.loc 1 629 13 view .LVU2982
 6478 000e 0092     		str	r2, [sp]
 6479              		.loc 1 630 2 is_stmt 1 view .LVU2983
 6480 0010 0A4B     		ldr	r3, .L345
 6481 0012 9847     		blx	r3
 6482              	.LVL382:
 631:../common/ubertooth.c **** 	buffer[0] = result[0] & 0xFF; /* status */
 6483              		.loc 1 631 2 view .LVU2984
 632:../common/ubertooth.c **** 	buffer[1] = result[1] & 0xFF;
 6484              		.loc 1 632 2 view .LVU2985
 6485              		.loc 1 632 20 is_stmt 0 view .LVU2986
 6486 0014 DDE90503 		ldrd	r0, r3, [sp, #20]
 633:../common/ubertooth.c **** 	buffer[2] = (result[1] >> 8) & 0xFF;
 6487              		.loc 1 633 2 is_stmt 1 view .LVU2987
 634:../common/ubertooth.c **** 	buffer[3] = (result[1] >> 16) & 0xFF;
 6488              		.loc 1 634 2 view .LVU2988
 631:../common/ubertooth.c **** 	buffer[1] = result[1] & 0xFF;
 6489              		.loc 1 631 12 is_stmt 0 view .LVU2989
 6490 0018 0022     		movs	r2, #0
 635:../common/ubertooth.c **** 	buffer[4] = (result[1] >> 24) & 0xFF;
 636:../common/ubertooth.c **** 	*len = 5;
 6491              		.loc 1 636 7 view .LVU2990
 6492 001a 0521     		movs	r1, #5
 631:../common/ubertooth.c **** 	buffer[1] = result[1] & 0xFF;
 6493              		.loc 1 631 12 view .LVU2991
 6494 001c 60F30702 		bfi	r2, r0, #0, #8
 6495 0020 63F30F22 		bfi	r2, r3, #8, #8
 633:../common/ubertooth.c **** 	buffer[3] = (result[1] >> 16) & 0xFF;
 6496              		.loc 1 633 25 view .LVU2992
 6497 0024 180A     		lsrs	r0, r3, #8
 631:../common/ubertooth.c **** 	buffer[1] = result[1] & 0xFF;
 6498              		.loc 1 631 12 view .LVU2993
 6499 0026 60F31742 		bfi	r2, r0, #16, #8
 634:../common/ubertooth.c **** 	buffer[4] = (result[1] >> 24) & 0xFF;
 6500              		.loc 1 634 25 view .LVU2994
 6501 002a 180C     		lsrs	r0, r3, #16
 631:../common/ubertooth.c **** 	buffer[1] = result[1] & 0xFF;
 6502              		.loc 1 631 12 view .LVU2995
 6503 002c 60F31F62 		bfi	r2, r0, #24, #8
 635:../common/ubertooth.c **** 	*len = 5;
 6504              		.loc 1 635 25 view .LVU2996
ARM GAS  /tmp/ccrAXmTj.s 			page 172


 6505 0030 1B0E     		lsrs	r3, r3, #24
 631:../common/ubertooth.c **** 	buffer[1] = result[1] & 0xFF;
 6506              		.loc 1 631 12 view .LVU2997
 6507 0032 2260     		str	r2, [r4]	@ unaligned
 635:../common/ubertooth.c **** 	*len = 5;
 6508              		.loc 1 635 2 is_stmt 1 view .LVU2998
 635:../common/ubertooth.c **** 	*len = 5;
 6509              		.loc 1 635 12 is_stmt 0 view .LVU2999
 6510 0034 2371     		strb	r3, [r4, #4]
 6511              		.loc 1 636 2 is_stmt 1 view .LVU3000
 6512              		.loc 1 636 7 is_stmt 0 view .LVU3001
 6513 0036 2960     		str	r1, [r5]
 637:../common/ubertooth.c **** 	
 638:../common/ubertooth.c **** }
 6514              		.loc 1 638 1 view .LVU3002
 6515 0038 0BB0     		add	sp, sp, #44
 6516              		.cfi_def_cfa_offset 12
 6517              		@ sp needed
 6518 003a 30BD     		pop	{r4, r5, pc}
 6519              	.LVL383:
 6520              	.L346:
 6521              		.loc 1 638 1 view .LVU3003
 6522              		.align	2
 6523              	.L345:
 6524 003c F11FFF1F 		.word	536813553
 6525              		.cfi_endproc
 6526              	.LFE27:
 6528              		.section	.text.get_device_serial,"ax",%progbits
 6529              		.align	1
 6530              		.p2align 2,,3
 6531              		.global	get_device_serial
 6532              		.syntax unified
 6533              		.thumb
 6534              		.thumb_func
 6536              	get_device_serial:
 6537              	.LVL384:
 6538              	.LFB28:
 639:../common/ubertooth.c **** 
 640:../common/ubertooth.c **** void get_device_serial(uint8_t *buffer, int *len)
 641:../common/ubertooth.c **** {
 6539              		.loc 1 641 1 is_stmt 1 view -0
 6540              		.cfi_startproc
 6541              		@ args = 0, pretend = 0, frame = 40
 6542              		@ frame_needed = 0, uses_anonymous_args = 0
 6543              		.loc 1 641 1 is_stmt 0 view .LVU3005
 6544 0000 2DE9F043 		push	{r4, r5, r6, r7, r8, r9, lr}
 6545              		.cfi_def_cfa_offset 28
 6546              		.cfi_offset 4, -28
 6547              		.cfi_offset 5, -24
 6548              		.cfi_offset 6, -20
 6549              		.cfi_offset 7, -16
 6550              		.cfi_offset 8, -12
 6551              		.cfi_offset 9, -8
 6552              		.cfi_offset 14, -4
 6553 0004 8BB0     		sub	sp, sp, #44
 6554              		.cfi_def_cfa_offset 72
 642:../common/ubertooth.c **** 	u32 command[5];
ARM GAS  /tmp/ccrAXmTj.s 			page 173


 6555              		.loc 1 642 2 is_stmt 1 view .LVU3006
 643:../common/ubertooth.c **** 	u32 result[5];
 6556              		.loc 1 643 2 view .LVU3007
 644:../common/ubertooth.c **** 	command[0] = 58; /* read device serial number */
 6557              		.loc 1 644 2 view .LVU3008
 645:../common/ubertooth.c **** 	iap_entry(command, result);
 646:../common/ubertooth.c **** 	buffer[0] = result[0] & 0xFF; /* status */
 6558              		.loc 1 646 12 is_stmt 0 view .LVU3009
 6559 0006 0027     		movs	r7, #0
 644:../common/ubertooth.c **** 	command[0] = 58; /* read device serial number */
 6560              		.loc 1 644 13 view .LVU3010
 6561 0008 3A22     		movs	r2, #58
 641:../common/ubertooth.c **** 	u32 command[5];
 6562              		.loc 1 641 1 view .LVU3011
 6563 000a 0446     		mov	r4, r0
 6564 000c 8946     		mov	r9, r1
 645:../common/ubertooth.c **** 	iap_entry(command, result);
 6565              		.loc 1 645 2 view .LVU3012
 6566 000e 6846     		mov	r0, sp
 6567              	.LVL385:
 645:../common/ubertooth.c **** 	iap_entry(command, result);
 6568              		.loc 1 645 2 view .LVU3013
 6569 0010 05A9     		add	r1, sp, #20
 6570              	.LVL386:
 644:../common/ubertooth.c **** 	command[0] = 58; /* read device serial number */
 6571              		.loc 1 644 13 view .LVU3014
 6572 0012 0092     		str	r2, [sp]
 645:../common/ubertooth.c **** 	iap_entry(command, result);
 6573              		.loc 1 645 2 is_stmt 1 view .LVU3015
 6574              		.loc 1 646 12 is_stmt 0 view .LVU3016
 6575 0014 3E46     		mov	r6, r7
 645:../common/ubertooth.c **** 	iap_entry(command, result);
 6576              		.loc 1 645 2 view .LVU3017
 6577 0016 234B     		ldr	r3, .L348
 6578 0018 9847     		blx	r3
 6579              	.LVL387:
 6580              		.loc 1 646 2 is_stmt 1 view .LVU3018
 647:../common/ubertooth.c **** 	buffer[1] = result[1] & 0xFF;
 6581              		.loc 1 647 2 view .LVU3019
 648:../common/ubertooth.c **** 	buffer[2] = (result[1] >> 8) & 0xFF;
 649:../common/ubertooth.c **** 	buffer[3] = (result[1] >> 16) & 0xFF;
 650:../common/ubertooth.c **** 	buffer[4] = (result[1] >> 24) & 0xFF;
 651:../common/ubertooth.c **** 	buffer[5] = result[2] & 0xFF;
 6582              		.loc 1 651 20 is_stmt 0 view .LVU3020
 6583 001a DDE90601 		ldrd	r0, r1, [sp, #24]
 652:../common/ubertooth.c **** 	buffer[6] = (result[2] >> 8) & 0xFF;
 6584              		.loc 1 652 2 is_stmt 1 view .LVU3021
 653:../common/ubertooth.c **** 	buffer[7] = (result[2] >> 16) & 0xFF;
 6585              		.loc 1 653 2 view .LVU3022
 654:../common/ubertooth.c **** 	buffer[8] = (result[2] >> 24) & 0xFF;
 6586              		.loc 1 654 2 view .LVU3023
 655:../common/ubertooth.c **** 	buffer[9] = result[3] & 0xFF;
 6587              		.loc 1 655 2 view .LVU3024
 646:../common/ubertooth.c **** 	buffer[1] = result[1] & 0xFF;
 6588              		.loc 1 646 12 is_stmt 0 view .LVU3025
 6589 001e BE46     		mov	lr, r7
 6590 0020 BC46     		mov	ip, r7
ARM GAS  /tmp/ccrAXmTj.s 			page 174


 656:../common/ubertooth.c **** 	buffer[10] = (result[3] >> 8) & 0xFF;
 657:../common/ubertooth.c **** 	buffer[11] = (result[3] >> 16) & 0xFF;
 658:../common/ubertooth.c **** 	buffer[12] = (result[3] >> 24) & 0xFF;
 659:../common/ubertooth.c **** 	buffer[13] = result[4] & 0xFF;
 660:../common/ubertooth.c **** 	buffer[14] = (result[4] >> 8) & 0xFF;
 661:../common/ubertooth.c **** 	buffer[15] = (result[4] >> 16) & 0xFF;
 662:../common/ubertooth.c **** 	buffer[16] = (result[4] >> 24) & 0xFF;
 663:../common/ubertooth.c **** 	*len = 17;
 6591              		.loc 1 663 7 view .LVU3026
 6592 0022 1125     		movs	r5, #17
 655:../common/ubertooth.c **** 	buffer[10] = (result[3] >> 8) & 0xFF;
 6593              		.loc 1 655 20 view .LVU3027
 6594 0024 089A     		ldr	r2, [sp, #32]
 656:../common/ubertooth.c **** 	buffer[10] = (result[3] >> 8) & 0xFF;
 6595              		.loc 1 656 2 is_stmt 1 view .LVU3028
 657:../common/ubertooth.c **** 	buffer[12] = (result[3] >> 24) & 0xFF;
 6596              		.loc 1 657 2 view .LVU3029
 658:../common/ubertooth.c **** 	buffer[13] = result[4] & 0xFF;
 6597              		.loc 1 658 2 view .LVU3030
 659:../common/ubertooth.c **** 	buffer[14] = (result[4] >> 8) & 0xFF;
 6598              		.loc 1 659 2 view .LVU3031
 646:../common/ubertooth.c **** 	buffer[1] = result[1] & 0xFF;
 6599              		.loc 1 646 12 is_stmt 0 view .LVU3032
 6600 0026 059B     		ldr	r3, [sp, #20]
 650:../common/ubertooth.c **** 	buffer[5] = result[2] & 0xFF;
 6601              		.loc 1 650 25 view .LVU3033
 6602 0028 4FEA1068 		lsr	r8, r0, #24
 646:../common/ubertooth.c **** 	buffer[1] = result[1] & 0xFF;
 6603              		.loc 1 646 12 view .LVU3034
 6604 002c 68F30706 		bfi	r6, r8, #0, #8
 654:../common/ubertooth.c **** 	buffer[9] = result[3] & 0xFF;
 6605              		.loc 1 654 25 view .LVU3035
 6606 0030 4FEA1168 		lsr	r8, r1, #24
 646:../common/ubertooth.c **** 	buffer[1] = result[1] & 0xFF;
 6607              		.loc 1 646 12 view .LVU3036
 6608 0034 63F30707 		bfi	r7, r3, #0, #8
 6609 0038 68F3070E 		bfi	lr, r8, #0, #8
 658:../common/ubertooth.c **** 	buffer[13] = result[4] & 0xFF;
 6610              		.loc 1 658 26 view .LVU3037
 6611 003c 4FEA1268 		lsr	r8, r2, #24
 646:../common/ubertooth.c **** 	buffer[1] = result[1] & 0xFF;
 6612              		.loc 1 646 12 view .LVU3038
 6613 0040 60F30F27 		bfi	r7, r0, #8, #8
 6614 0044 68F3070C 		bfi	ip, r8, #0, #8
 648:../common/ubertooth.c **** 	buffer[3] = (result[1] >> 16) & 0xFF;
 6615              		.loc 1 648 25 view .LVU3039
 6616 0048 4FEA1028 		lsr	r8, r0, #8
 646:../common/ubertooth.c **** 	buffer[1] = result[1] & 0xFF;
 6617              		.loc 1 646 12 view .LVU3040
 6618 004c 68F31747 		bfi	r7, r8, #16, #8
 649:../common/ubertooth.c **** 	buffer[4] = (result[1] >> 24) & 0xFF;
 6619              		.loc 1 649 25 view .LVU3041
 6620 0050 000C     		lsrs	r0, r0, #16
 646:../common/ubertooth.c **** 	buffer[1] = result[1] & 0xFF;
 6621              		.loc 1 646 12 view .LVU3042
 6622 0052 60F31F67 		bfi	r7, r0, #24, #8
 6623 0056 61F30F26 		bfi	r6, r1, #8, #8
ARM GAS  /tmp/ccrAXmTj.s 			page 175


 652:../common/ubertooth.c **** 	buffer[7] = (result[2] >> 16) & 0xFF;
 6624              		.loc 1 652 25 view .LVU3043
 6625 005a 080A     		lsrs	r0, r1, #8
 646:../common/ubertooth.c **** 	buffer[1] = result[1] & 0xFF;
 6626              		.loc 1 646 12 view .LVU3044
 6627 005c 60F31746 		bfi	r6, r0, #16, #8
 653:../common/ubertooth.c **** 	buffer[8] = (result[2] >> 24) & 0xFF;
 6628              		.loc 1 653 25 view .LVU3045
 6629 0060 090C     		lsrs	r1, r1, #16
 659:../common/ubertooth.c **** 	buffer[14] = (result[4] >> 8) & 0xFF;
 6630              		.loc 1 659 21 view .LVU3046
 6631 0062 099B     		ldr	r3, [sp, #36]
 660:../common/ubertooth.c **** 	buffer[15] = (result[4] >> 16) & 0xFF;
 6632              		.loc 1 660 2 is_stmt 1 view .LVU3047
 661:../common/ubertooth.c **** 	buffer[16] = (result[4] >> 24) & 0xFF;
 6633              		.loc 1 661 2 view .LVU3048
 646:../common/ubertooth.c **** 	buffer[1] = result[1] & 0xFF;
 6634              		.loc 1 646 12 is_stmt 0 view .LVU3049
 6635 0064 61F31F66 		bfi	r6, r1, #24, #8
 6636 0068 62F30F2E 		bfi	lr, r2, #8, #8
 656:../common/ubertooth.c **** 	buffer[11] = (result[3] >> 16) & 0xFF;
 6637              		.loc 1 656 26 view .LVU3050
 6638 006c 110A     		lsrs	r1, r2, #8
 646:../common/ubertooth.c **** 	buffer[1] = result[1] & 0xFF;
 6639              		.loc 1 646 12 view .LVU3051
 6640 006e 61F3174E 		bfi	lr, r1, #16, #8
 657:../common/ubertooth.c **** 	buffer[12] = (result[3] >> 24) & 0xFF;
 6641              		.loc 1 657 26 view .LVU3052
 6642 0072 120C     		lsrs	r2, r2, #16
 646:../common/ubertooth.c **** 	buffer[1] = result[1] & 0xFF;
 6643              		.loc 1 646 12 view .LVU3053
 6644 0074 62F31F6E 		bfi	lr, r2, #24, #8
 6645 0078 63F30F2C 		bfi	ip, r3, #8, #8
 660:../common/ubertooth.c **** 	buffer[15] = (result[4] >> 16) & 0xFF;
 6646              		.loc 1 660 26 view .LVU3054
 6647 007c 1A0A     		lsrs	r2, r3, #8
 646:../common/ubertooth.c **** 	buffer[1] = result[1] & 0xFF;
 6648              		.loc 1 646 12 view .LVU3055
 6649 007e 62F3174C 		bfi	ip, r2, #16, #8
 661:../common/ubertooth.c **** 	buffer[16] = (result[4] >> 24) & 0xFF;
 6650              		.loc 1 661 26 view .LVU3056
 6651 0082 1A0C     		lsrs	r2, r3, #16
 646:../common/ubertooth.c **** 	buffer[1] = result[1] & 0xFF;
 6652              		.loc 1 646 12 view .LVU3057
 6653 0084 62F31F6C 		bfi	ip, r2, #24, #8
 662:../common/ubertooth.c **** 	*len = 17;
 6654              		.loc 1 662 26 view .LVU3058
 6655 0088 1B0E     		lsrs	r3, r3, #24
 646:../common/ubertooth.c **** 	buffer[1] = result[1] & 0xFF;
 6656              		.loc 1 646 12 view .LVU3059
 6657 008a 2760     		str	r7, [r4]	@ unaligned
 6658 008c 6660     		str	r6, [r4, #4]	@ unaligned
 6659 008e C4F808E0 		str	lr, [r4, #8]	@ unaligned
 6660 0092 C4F80CC0 		str	ip, [r4, #12]	@ unaligned
 662:../common/ubertooth.c **** 	*len = 17;
 6661              		.loc 1 662 2 is_stmt 1 view .LVU3060
 662:../common/ubertooth.c **** 	*len = 17;
ARM GAS  /tmp/ccrAXmTj.s 			page 176


 6662              		.loc 1 662 13 is_stmt 0 view .LVU3061
 6663 0096 2374     		strb	r3, [r4, #16]
 6664              		.loc 1 663 2 is_stmt 1 view .LVU3062
 6665              		.loc 1 663 7 is_stmt 0 view .LVU3063
 6666 0098 C9F80050 		str	r5, [r9]
 664:../common/ubertooth.c **** }
 6667              		.loc 1 664 1 view .LVU3064
 6668 009c 0BB0     		add	sp, sp, #44
 6669              		.cfi_def_cfa_offset 28
 6670              		@ sp needed
 6671 009e BDE8F083 		pop	{r4, r5, r6, r7, r8, r9, pc}
 6672              	.LVL388:
 6673              	.L349:
 6674              		.loc 1 664 1 view .LVU3065
 6675 00a2 00BF     		.align	2
 6676              	.L348:
 6677 00a4 F11FFF1F 		.word	536813553
 6678              		.cfi_endproc
 6679              	.LFE28:
 6681              		.section	.text.set_isp,"ax",%progbits
 6682              		.align	1
 6683              		.p2align 2,,3
 6684              		.global	set_isp
 6685              		.syntax unified
 6686              		.thumb
 6687              		.thumb_func
 6689              	set_isp:
 6690              	.LFB29:
 665:../common/ubertooth.c **** 
 666:../common/ubertooth.c **** void set_isp(void)
 667:../common/ubertooth.c **** {
 6691              		.loc 1 667 1 is_stmt 1 view -0
 6692              		.cfi_startproc
 6693              		@ args = 0, pretend = 0, frame = 40
 6694              		@ frame_needed = 0, uses_anonymous_args = 0
 6695 0000 00B5     		push	{lr}
 6696              		.cfi_def_cfa_offset 4
 6697              		.cfi_offset 14, -4
 6698 0002 8BB0     		sub	sp, sp, #44
 6699              		.cfi_def_cfa_offset 48
 668:../common/ubertooth.c **** 	u32 command[5];
 6700              		.loc 1 668 2 view .LVU3067
 669:../common/ubertooth.c **** 	u32 result[5];
 6701              		.loc 1 669 2 view .LVU3068
 670:../common/ubertooth.c **** 	command[0] = 57;
 6702              		.loc 1 670 2 view .LVU3069
 6703              		.loc 1 670 13 is_stmt 0 view .LVU3070
 6704 0004 3922     		movs	r2, #57
 671:../common/ubertooth.c **** 	iap_entry(command, result);
 6705              		.loc 1 671 2 view .LVU3071
 6706 0006 6846     		mov	r0, sp
 6707 0008 024B     		ldr	r3, .L351
 6708 000a 05A9     		add	r1, sp, #20
 670:../common/ubertooth.c **** 	command[0] = 57;
 6709              		.loc 1 670 13 view .LVU3072
 6710 000c 0092     		str	r2, [sp]
 6711              		.loc 1 671 2 is_stmt 1 view .LVU3073
ARM GAS  /tmp/ccrAXmTj.s 			page 177


 6712 000e 9847     		blx	r3
 6713              	.LVL389:
 672:../common/ubertooth.c **** }
 6714              		.loc 1 672 1 is_stmt 0 view .LVU3074
 6715 0010 0BB0     		add	sp, sp, #44
 6716              		.cfi_def_cfa_offset 4
 6717              		@ sp needed
 6718 0012 00BD     		pop	{pc}
 6719              	.L352:
 6720              		.align	2
 6721              	.L351:
 6722 0014 F11FFF1F 		.word	536813553
 6723              		.cfi_endproc
 6724              	.LFE29:
 6726              		.global	iap_entry
 6727              		.section	.rodata
 6728              		.align	2
 6731              	iap_entry:
 6732 0000 F11FFF1F 		.word	536813553
 6733              		.bss
 6734              		.align	2
 6735              		.set	.LANCHOR0,. + 0
 6738              	wait_us_counter:
 6739 0000 00000000 		.space	4
 6742              	delay_counter:
 6743 0004 00000000 		.space	4
 6744              		.text
 6745              	.Letext0:
 6746              		.file 2 "/usr/arm-none-eabi/include/machine/_default_types.h"
 6747              		.file 3 "/usr/arm-none-eabi/include/sys/_stdint.h"
 6748              		.file 4 "../common/ubertooth.h"
ARM GAS  /tmp/ccrAXmTj.s 			page 178


DEFINED SYMBOLS
                            *ABS*:00000000 ubertooth.c
     /tmp/ccrAXmTj.s:19     .text.wait:00000000 $t
     /tmp/ccrAXmTj.s:26     .text.wait:00000000 wait
     /tmp/ccrAXmTj.s:81     .text.wait:0000002c $d
     /tmp/ccrAXmTj.s:87     .text.wait_ms:00000000 $t
     /tmp/ccrAXmTj.s:94     .text.wait_ms:00000000 wait_ms
     /tmp/ccrAXmTj.s:144    .text.wait_ms:00000030 $d
     /tmp/ccrAXmTj.s:149    .text.rbit:00000000 $t
     /tmp/ccrAXmTj.s:156    .text.rbit:00000000 rbit
     /tmp/ccrAXmTj.s:182    .text.wait_us:00000000 $t
     /tmp/ccrAXmTj.s:189    .text.wait_us:00000000 wait_us
     /tmp/ccrAXmTj.s:228    .text.wait_us:00000028 $d
     /tmp/ccrAXmTj.s:233    .text.gpio_init:00000000 $t
     /tmp/ccrAXmTj.s:240    .text.gpio_init:00000000 gpio_init
     /tmp/ccrAXmTj.s:381    .text.gpio_init:00000068 $d
     /tmp/ccrAXmTj.s:387    .text.all_pins_off:00000000 $t
     /tmp/ccrAXmTj.s:394    .text.all_pins_off:00000000 all_pins_off
     /tmp/ccrAXmTj.s:486    .text.all_pins_off:00000040 $d
     /tmp/ccrAXmTj.s:492    .text.dio_ssp_init:00000000 $t
     /tmp/ccrAXmTj.s:499    .text.dio_ssp_init:00000000 dio_ssp_init
     /tmp/ccrAXmTj.s:566    .text.dio_ssp_init:0000004c $d
     /tmp/ccrAXmTj.s:572    .text.atest_init:00000000 $t
     /tmp/ccrAXmTj.s:579    .text.atest_init:00000000 atest_init
     /tmp/ccrAXmTj.s:615    .text.atest_init:00000028 $d
     /tmp/ccrAXmTj.s:621    .text.cc2400_init:00000000 $t
     /tmp/ccrAXmTj.s:628    .text.cc2400_init:00000000 cc2400_init
     /tmp/ccrAXmTj.s:848    .text.cc2400_init:000000a4 $d
     /tmp/ccrAXmTj.s:856    .text.cc2400_spi:00000000 $t
     /tmp/ccrAXmTj.s:863    .text.cc2400_spi:00000000 cc2400_spi
     /tmp/ccrAXmTj.s:1000   .text.cc2400_spi:0000006c $d
     /tmp/ccrAXmTj.s:1005   .text.cc2400_get:00000000 $t
     /tmp/ccrAXmTj.s:1012   .text.cc2400_get:00000000 cc2400_get
     /tmp/ccrAXmTj.s:1140   .text.cc2400_get:00000060 $d
     /tmp/ccrAXmTj.s:1147   .text.cc2400_set:00000000 $t
     /tmp/ccrAXmTj.s:1154   .text.cc2400_set:00000000 cc2400_set
     /tmp/ccrAXmTj.s:1279   .text.cc2400_set:00000060 $d
     /tmp/ccrAXmTj.s:1284   .text.cc2400_get8:00000000 $t
     /tmp/ccrAXmTj.s:1291   .text.cc2400_get8:00000000 cc2400_get8
     /tmp/ccrAXmTj.s:1761   .text.cc2400_get8:00000178 $d
     /tmp/ccrAXmTj.s:1766   .text.cc2400_set8:00000000 $t
     /tmp/ccrAXmTj.s:1773   .text.cc2400_set8:00000000 cc2400_set8
     /tmp/ccrAXmTj.s:2316   .text.cc2400_set8:000001e0 $d
     /tmp/ccrAXmTj.s:2321   .text.cc2400_fifo_write:00000000 $t
     /tmp/ccrAXmTj.s:2328   .text.cc2400_fifo_write:00000000 cc2400_fifo_write
     /tmp/ccrAXmTj.s:2729   .text.cc2400_fifo_write:00000104 $d
     /tmp/ccrAXmTj.s:2735   .text.cc2400_fifo_read:00000000 $t
     /tmp/ccrAXmTj.s:2742   .text.cc2400_fifo_read:00000000 cc2400_fifo_read
     /tmp/ccrAXmTj.s:2983   .text.cc2400_fifo_read:000000dc $d
     /tmp/ccrAXmTj.s:2989   .text.cc2400_status:00000000 $t
     /tmp/ccrAXmTj.s:2996   .text.cc2400_status:00000000 cc2400_status
     /tmp/ccrAXmTj.s:3198   .text.cc2400_status:0000008c $d
     /tmp/ccrAXmTj.s:3203   .text.cc2400_strobe:00000000 $t
     /tmp/ccrAXmTj.s:3210   .text.cc2400_strobe:00000000 cc2400_strobe
     /tmp/ccrAXmTj.s:3507   .text.cc2400_strobe:00000100 $d
     /tmp/ccrAXmTj.s:3512   .text.cc2400_reset:00000000 $t
     /tmp/ccrAXmTj.s:3519   .text.cc2400_reset:00000000 cc2400_reset
ARM GAS  /tmp/ccrAXmTj.s 			page 179


     /tmp/ccrAXmTj.s:4079   .text.cc2400_reset:00000150 $d
     /tmp/ccrAXmTj.s:4084   .text.clock_start:00000000 $t
     /tmp/ccrAXmTj.s:4091   .text.clock_start:00000000 clock_start
     /tmp/ccrAXmTj.s:4721   .text.clock_start:00000218 $d
     /tmp/ccrAXmTj.s:4729   .text.ubertooth_init:00000000 $t
     /tmp/ccrAXmTj.s:4736   .text.ubertooth_init:00000000 ubertooth_init
     /tmp/ccrAXmTj.s:4895   .text.ubertooth_init:00000074 $d
     /tmp/ccrAXmTj.s:4901   .text.reset:00000000 $t
     /tmp/ccrAXmTj.s:4908   .text.reset:00000000 reset
     /tmp/ccrAXmTj.s:5068   .text.reset:00000074 $d
     /tmp/ccrAXmTj.s:5076   .text.cc2400_tune_rx:00000000 $t
     /tmp/ccrAXmTj.s:5083   .text.cc2400_tune_rx:00000000 cc2400_tune_rx
     /tmp/ccrAXmTj.s:5220   .text.cc2400_tune_rx:00000060 $d
     /tmp/ccrAXmTj.s:5225   .text.cc2400_tune_tx:00000000 $t
     /tmp/ccrAXmTj.s:5232   .text.cc2400_tune_tx:00000000 cc2400_tune_tx
     /tmp/ccrAXmTj.s:5364   .text.cc2400_tune_tx:00000060 $d
     /tmp/ccrAXmTj.s:5369   .text.cc2400_hop_rx:00000000 $t
     /tmp/ccrAXmTj.s:5376   .text.cc2400_hop_rx:00000000 cc2400_hop_rx
     /tmp/ccrAXmTj.s:6417   .text.cc2400_hop_rx:00000248 $d
     /tmp/ccrAXmTj.s:6422   .text.cc2400_hop_tx:00000000 $t
     /tmp/ccrAXmTj.s:6429   .text.cc2400_hop_tx:00000000 cc2400_hop_tx
     /tmp/ccrAXmTj.s:6441   .text.get_part_num:00000000 $t
     /tmp/ccrAXmTj.s:6448   .text.get_part_num:00000000 get_part_num
     /tmp/ccrAXmTj.s:6524   .text.get_part_num:0000003c $d
     /tmp/ccrAXmTj.s:6529   .text.get_device_serial:00000000 $t
     /tmp/ccrAXmTj.s:6536   .text.get_device_serial:00000000 get_device_serial
     /tmp/ccrAXmTj.s:6677   .text.get_device_serial:000000a4 $d
     /tmp/ccrAXmTj.s:6682   .text.set_isp:00000000 $t
     /tmp/ccrAXmTj.s:6689   .text.set_isp:00000000 set_isp
     /tmp/ccrAXmTj.s:6722   .text.set_isp:00000014 $d
     /tmp/ccrAXmTj.s:6731   .rodata:00000000 iap_entry
     /tmp/ccrAXmTj.s:6728   .rodata:00000000 $d
     /tmp/ccrAXmTj.s:6734   .bss:00000000 $d
     /tmp/ccrAXmTj.s:6738   .bss:00000000 wait_us_counter
     /tmp/ccrAXmTj.s:6742   .bss:00000004 delay_counter

NO UNDEFINED SYMBOLS
